canonical_url,source_url,archive_year,archive_month,category,listing_date,raw_title,scraped_at
https://www.rbi.org.in/scripts/bs_viewmasdirections.aspx?id=13276,https://www.rbi.org.in/Scripts/BS_ViewMasterDirections.aspx,2026,,Consumer Education and Protection,2026-01-14,"Reserve Bank of India (Credit Information Companies - Internal Ombudsman) Directions, 2026",2026-05-30T06:26:22.489539+00:00
https://www.rbi.org.in/scripts/bs_viewmasdirections.aspx?id=13275,https://www.rbi.org.in/Scripts/BS_ViewMasterDirections.aspx,2026,,Consumer Education and Protection,2026-01-14,"Reserve Bank of India (Non-Bank Prepaid Payment Instruments Issuers - Internal Ombudsman) Directions, 2026",2026-05-30T06:26:22.489539+00:00
https://www.rbi.org.in/scripts/bs_viewmasdirections.aspx?id=13274,https://www.rbi.org.in/Scripts/BS_ViewMasterDirections.aspx,2026,,Consumer Education and Protection,2026-01-14,"Reserve Bank of India (Non-Banking Financial Companies - Internal Ombudsman) Directions, 2026",2026-05-30T06:26:22.489539+00:00
https://www.rbi.org.in/scripts/bs_viewmasdirections.aspx?id=13273,https://www.rbi.org.in/Scripts/BS_ViewMasterDirections.aspx,2026,,Consumer Education and Protection,2026-01-14,"Reserve Bank of India (Payments Banks - Internal Ombudsman) Directions, 2026",2026-05-30T06:26:22.489539+00:00
https://www.rbi.org.in/scripts/bs_viewmasdirections.aspx?id=13272,https://www.rbi.org.in/Scripts/BS_ViewMasterDirections.aspx,2026,,Consumer Education and Protection,2026-01-14,"Reserve Bank of India (Small Finance Banks - Internal Ombudsman) Directions, 2026",2026-05-30T06:26:22.489539+00:00
https://www.rbi.org.in/scripts/bs_viewmasdirections.aspx?id=13271,https://www.rbi.org.in/Scripts/BS_ViewMasterDirections.aspx,2026,,Consumer Education and Protection,2026-01-14,"Reserve Bank of India (Commercial Banks - Internal Ombudsman) Directions, 2026",2026-05-30T06:26:22.489539+00:00
https://www.rbi.org.in/scripts/bs_viewmasdirections.aspx?id=13400,https://www.rbi.org.in/Scripts/BS_ViewMasterDirections.aspx,2026,,Commercial Banks,2026-04-27,"Reserve Bank of India (Commercial Banks - Asset Classification, Provisioning and Income Recognition) Directions, 2026",2026-05-30T06:26:22.489539+00:00
https://www.rbi.org.in/scripts/bs_viewmasdirections.aspx?id=13399,https://www.rbi.org.in/Scripts/BS_ViewMasterDirections.aspx,2026,,Commercial Banks,2026-04-27,"Reserve Bank of India (Commercial Banks - Capital Charge for Credit Risk – Standardised Approach) Directions, 2026 (Effective from April 1, 2027)",2026-05-30T06:26:22.489539+00:00
https://www.rbi.org.in/scripts/bs_viewmasdirections.aspx?id=13319,https://www.rbi.org.in/Scripts/BS_ViewMasterDirections.aspx,2026,,Commercial Banks,2026-03-10,"Reserve Bank of India (Commercial Banks – Prudential Norms on Declaration of Dividend and Remittances of Profits) Directions, 2026",2026-05-30T06:26:22.489539+00:00
https://www.rbi.org.in/scripts/bs_viewmasdirections.aspx?id=13324,https://www.rbi.org.in/Scripts/BS_ViewMasterDirections.aspx,2026,,Local Area Banks,2026-03-10,"Reserve Bank of India (Local Area Banks – Prudential Norms on Declaration of Dividend) Directions, 2026",2026-05-30T06:26:22.489539+00:00
https://www.rbi.org.in/scripts/bs_viewmasdirections.aspx?id=13321,https://www.rbi.org.in/Scripts/BS_ViewMasterDirections.aspx,2026,,Payments Banks,2026-03-10,"Reserve Bank of India (Payments Banks – Prudential Norms on Declaration of Dividend) Directions, 2026",2026-05-30T06:26:22.489539+00:00
https://www.rbi.org.in/scripts/bs_viewmasdirections.aspx?id=13327,https://www.rbi.org.in/Scripts/BS_ViewMasterDirections.aspx,2026,,Regional Rural Banks,2026-03-10,"Reserve Bank of India (Regional Rural Banks – Prudential Norms on Declaration of Dividend) Directions, 2026",2026-05-30T06:26:22.489539+00:00
https://www.rbi.org.in/scripts/bs_viewmasdirections.aspx?id=13328,https://www.rbi.org.in/Scripts/BS_ViewMasterDirections.aspx,2026,,Small Finance Banks,2026-03-10,"Reserve Bank of India (Small Finance Banks – Prudential Norms on Declaration of Dividend) Directions, 2026",2026-05-30T06:26:22.489539+00:00
https://www.rbi.org.in/scripts/bs_viewmasdirections.aspx?id=13343,https://www.rbi.org.in/Scripts/BS_ViewMasterDirections.aspx,2026,,Financial Market,2026-03-27,"Master Direction - Reserve Bank of India (Unique Identifiers in Financial Markets) Directions, 2026",2026-05-30T06:26:22.489539+00:00
https://www.rbi.org.in/scripts/bs_viewmasdirections.aspx?id=13362,https://www.rbi.org.in/Scripts/BS_ViewMasterDirections.aspx,2026,,Issuer of Currency,2026-04-01,Master Direction – Facility for Exchange of Notes and Coins,2026-05-30T06:26:22.489539+00:00
https://www.rbi.org.in/scripts/bs_viewmasdirections.aspx?id=13361,https://www.rbi.org.in/Scripts/BS_ViewMasterDirections.aspx,2026,,Issuer of Currency,2026-04-01,"Master Direction on Counterfeit Notes – Detection, Reporting and Monitoring",2026-05-30T06:26:22.489539+00:00
https://www.rbi.org.in/scripts/bs_viewmasdirections.aspx?id=13360,https://www.rbi.org.in/Scripts/BS_ViewMasterDirections.aspx,2026,,Issuer of Currency,2026-04-01,"Master Direction on Incentives for Currency Distribution and Exchange and Penalties / Penal Provisions for Bank Branches and Currency Chests for Deficiency in Rendering Customer Service and Reporting of Transactions / Balances ( Updated as on May 27, 2026 )",2026-05-30T06:26:22.489539+00:00
https://www.rbi.org.in/scripts/bs_viewmasdirections.aspx?id=13374,https://www.rbi.org.in/Scripts/BS_ViewMasterDirections.aspx,2026,,Payment and Settlement System,2026-04-21,"Digital Payments – E-mandate Framework, 2026",2026-05-30T06:26:22.489539+00:00
https://www.rbi.org.in/scripts/bs_viewmasdirections.aspx?id=12984,https://www.rbi.org.in/Scripts/BS_ViewMasterDirections.aspx,2025,,All India Financial Institutions,2025-11-28,"Reserve Bank of India (All India Financial Institutions – Undertaking of Financial Services) Directions, 2025 (Updated as on April 27, 2026)",2026-05-30T06:26:26.922537+00:00
https://www.rbi.org.in/scripts/bs_viewmasdirections.aspx?id=12983,https://www.rbi.org.in/Scripts/BS_ViewMasterDirections.aspx,2025,,All India Financial Institutions,2025-11-28,"Reserve Bank of India (All India Financial Institutions – Prudential Norms on Capital Adequacy) Directions, 2025 (Updated as on March 10, 2026)",2026-05-30T06:26:26.922537+00:00
https://www.rbi.org.in/scripts/bs_viewmasdirections.aspx?id=12982,https://www.rbi.org.in/Scripts/BS_ViewMasterDirections.aspx,2025,,All India Financial Institutions,2025-11-28,"Reserve Bank of India (All India Financial Institutions– Resource Raising Norms) Directions, 2025",2026-05-30T06:26:26.922537+00:00
https://www.rbi.org.in/scripts/bs_viewmasdirections.aspx?id=12981,https://www.rbi.org.in/Scripts/BS_ViewMasterDirections.aspx,2025,,All India Financial Institutions,2025-11-28,"Reserve Bank of India (All India Financial Institutions – Credit Facilities) Directions, 2025 (updated as on April 1, 2026)",2026-05-30T06:26:26.922537+00:00
https://www.rbi.org.in/scripts/bs_viewmasdirections.aspx?id=12980,https://www.rbi.org.in/Scripts/BS_ViewMasterDirections.aspx,2025,,All India Financial Institutions,2025-11-28,"Reserve Bank of India (All India Financial Institutions – Credit Information Reporting) Directions, 2025",2026-05-30T06:26:26.922537+00:00
https://www.rbi.org.in/scripts/bs_viewmasdirections.aspx?id=12979,https://www.rbi.org.in/Scripts/BS_ViewMasterDirections.aspx,2025,,All India Financial Institutions,2025-11-28,"Reserve Bank of India (All India Financial Institutions – Credit Risk Management) Directions, 2025 (Updated as on April 01, 2026)",2026-05-30T06:26:26.922537+00:00
https://www.rbi.org.in/scripts/bs_viewmasdirections.aspx?id=12978,https://www.rbi.org.in/Scripts/BS_ViewMasterDirections.aspx,2025,,All India Financial Institutions,2025-11-28,"Reserve Bank of India (All India Financial Institutions – Concentration Risk Management) Directions, 2025",2026-05-30T06:26:26.922537+00:00
https://www.rbi.org.in/scripts/bs_viewmasdirections.aspx?id=12977,https://www.rbi.org.in/Scripts/BS_ViewMasterDirections.aspx,2025,,All India Financial Institutions,2025-11-28,"Reserve Bank of India (All India Financial Institutions – Transfer and Distribution of Credit Risk) Directions, 2025",2026-05-30T06:26:26.922537+00:00
https://www.rbi.org.in/scripts/bs_viewmasdirections.aspx?id=12976,https://www.rbi.org.in/Scripts/BS_ViewMasterDirections.aspx,2025,,All India Financial Institutions,2025-11-28,"Reserve Bank of India (All India Financial Institutions – Securitisation Transactions) Directions, 2025",2026-05-30T06:26:26.922537+00:00
https://www.rbi.org.in/scripts/bs_viewmasdirections.aspx?id=12975,https://www.rbi.org.in/Scripts/BS_ViewMasterDirections.aspx,2025,,All India Financial Institutions,2025-11-28,"Reserve Bank of India (All India Financial Institutions – Classification, Valuation and Operation of Investment Portfolio) Directions, 2025",2026-05-30T06:26:26.922537+00:00
https://www.rbi.org.in/scripts/bs_viewmasdirections.aspx?id=12974,https://www.rbi.org.in/Scripts/BS_ViewMasterDirections.aspx,2025,,All India Financial Institutions,2025-11-28,"Reserve Bank of India (All India Financial Institutions – Asset Liability Management) Directions, 2025",2026-05-30T06:26:26.922537+00:00
https://www.rbi.org.in/scripts/bs_viewmasdirections.aspx?id=12973,https://www.rbi.org.in/Scripts/BS_ViewMasterDirections.aspx,2025,,All India Financial Institutions,2025-11-28,"Reserve Bank of India (All India Financial Institutions – Income Recognition, Asset Classification and Provisioning) Directions, 2025",2026-05-30T06:26:26.922537+00:00
https://www.rbi.org.in/scripts/bs_viewmasdirections.aspx?id=12972,https://www.rbi.org.in/Scripts/BS_ViewMasterDirections.aspx,2025,,All India Financial Institutions,2025-11-28,"Reserve Bank of India (All India Financial Institutions – Resolution of Stressed Assets) Directions, 2025",2026-05-30T06:26:26.922537+00:00
https://www.rbi.org.in/scripts/bs_viewmasdirections.aspx?id=12971,https://www.rbi.org.in/Scripts/BS_ViewMasterDirections.aspx,2025,,All India Financial Institutions,2025-11-28,"Reserve Bank of India (All India Financial Institutions – Treatment of Wilful Defaulters and Large Defaulters) Directions, 2025",2026-05-30T06:26:26.922537+00:00
https://www.rbi.org.in/scripts/bs_viewmasdirections.aspx?id=12970,https://www.rbi.org.in/Scripts/BS_ViewMasterDirections.aspx,2025,,All India Financial Institutions,2025-11-28,"Reserve Bank of India (All India Financial Institutions – Financial Statements: Presentation and Disclosures) Directions, 2025 (Updated as on April 1, 2026)",2026-05-30T06:26:26.922537+00:00
https://www.rbi.org.in/scripts/bs_viewmasdirections.aspx?id=12969,https://www.rbi.org.in/Scripts/BS_ViewMasterDirections.aspx,2025,,All India Financial Institutions,2025-11-28,"Reserve Bank of India (All India Financial Institutions – Know Your Customer) Directions, 2025 (Updated as on December 29, 2025)",2026-05-30T06:26:26.922537+00:00
https://www.rbi.org.in/scripts/bs_viewmasdirections.aspx?id=12968,https://www.rbi.org.in/Scripts/BS_ViewMasterDirections.aspx,2025,,All India Financial Institutions,2025-11-28,"Reserve Bank of India (All India Financial Institutions – Responsible Business Conduct) Directions, 2025",2026-05-30T06:26:26.922537+00:00
https://www.rbi.org.in/scripts/bs_viewmasdirections.aspx?id=12967,https://www.rbi.org.in/Scripts/BS_ViewMasterDirections.aspx,2025,,All India Financial Institutions,2025-11-28,"Reserve Bank of India (All India Financial Institutions – Managing Risks in Outsourcing) Directions, 2025",2026-05-30T06:26:26.922537+00:00
https://www.rbi.org.in/scripts/bs_viewmasdirections.aspx?id=12966,https://www.rbi.org.in/Scripts/BS_ViewMasterDirections.aspx,2025,,All India Financial Institutions,2025-11-28,"Reserve Bank of India (All India Financial Institutions – Miscellaneous) Directions, 2025",2026-05-30T06:26:26.922537+00:00
https://www.rbi.org.in/scripts/bs_viewmasdirections.aspx?id=12930,https://www.rbi.org.in/Scripts/BS_ViewMasterDirections.aspx,2025,,Asset Reconstruction Companies,2025-11-28,"Reserve Bank of India (Asset Reconstruction Companies) Directions, 2025 (Updated as on March 10, 2026)",2026-05-30T06:26:26.922537+00:00
https://www.rbi.org.in/scripts/bs_viewmasdirections.aspx?id=12929,https://www.rbi.org.in/Scripts/BS_ViewMasterDirections.aspx,2025,,Asset Reconstruction Companies,2025-11-28,"Reserve Bank of India (Asset Reconstruction Companies – Credit Information Reporting) Directions, 2025",2026-05-30T06:26:26.922537+00:00
https://www.rbi.org.in/scripts/bs_viewmasdirections.aspx?id=12928,https://www.rbi.org.in/Scripts/BS_ViewMasterDirections.aspx,2025,,Asset Reconstruction Companies,2025-11-28,"Reserve Bank of India (Asset Reconstruction Companies – Treatment of Wilful Defaulters and Large Defaulters) Directions, 2025",2026-05-30T06:26:26.922537+00:00
https://www.rbi.org.in/scripts/bs_viewmasdirections.aspx?id=12927,https://www.rbi.org.in/Scripts/BS_ViewMasterDirections.aspx,2025,,Asset Reconstruction Companies,2025-11-28,"Reserve Bank of India (Asset Reconstruction Companies – Know Your Customer) Directions, 2025 (Updated as on December 29, 2025)",2026-05-30T06:26:26.922537+00:00
https://www.rbi.org.in/scripts/bs_viewmasdirections.aspx?id=13168,https://www.rbi.org.in/Scripts/BS_ViewMasterDirections.aspx,2025,,Commercial Banks,2025-11-28,"Reserve Bank of India (Universal Banks – Licensing) Guidelines, 2025",2026-05-30T06:26:26.922537+00:00
https://www.rbi.org.in/scripts/bs_viewmasdirections.aspx?id=13167,https://www.rbi.org.in/Scripts/BS_ViewMasterDirections.aspx,2025,,Commercial Banks,2025-11-28,"Reserve Bank of India (Setting Up of Wholly Owned Subsidiaries by Foreign Banks) Guidelines, 2025 (Updated as on April 1, 2026)",2026-05-30T06:26:26.922537+00:00
https://www.rbi.org.in/scripts/bs_viewmasdirections.aspx?id=13166,https://www.rbi.org.in/Scripts/BS_ViewMasterDirections.aspx,2025,,Commercial Banks,2025-11-28,"Reserve Bank of India (Commercial Banks – Acquisition and Holding of Shares or Voting Rights) Directions, 2025",2026-05-30T06:26:26.922537+00:00
https://www.rbi.org.in/scripts/bs_viewmasdirections.aspx?id=13165,https://www.rbi.org.in/Scripts/BS_ViewMasterDirections.aspx,2025,,Commercial Banks,2025-11-28,"Reserve Bank of India (Commercial Banks – Voluntary Amalgamation) Directions, 2025",2026-05-30T06:26:26.922537+00:00
https://www.rbi.org.in/scripts/bs_viewmasdirections.aspx?id=13164,https://www.rbi.org.in/Scripts/BS_ViewMasterDirections.aspx,2025,,Commercial Banks,2025-11-28,"Reserve Bank of India (Commercial Banks - Branch Authorisation) Directions, 2025",2026-05-30T06:26:26.922537+00:00
https://www.rbi.org.in/scripts/bs_viewmasdirections.aspx?id=13163,https://www.rbi.org.in/Scripts/BS_ViewMasterDirections.aspx,2025,,Commercial Banks,2025-11-28,"Reserve Bank of India (Commercial Banks – Digital Banking Channels Authorisation) Directions, 2025",2026-05-30T06:26:26.922537+00:00
https://www.rbi.org.in/scripts/bs_viewmasdirections.aspx?id=13162,https://www.rbi.org.in/Scripts/BS_ViewMasterDirections.aspx,2025,,Commercial Banks,2025-11-28,"Reserve Bank of India (Commercial Banks – Undertaking of Financial Services) Directions, 2025 (Updated as on April 27, 2026)",2026-05-30T06:26:26.922537+00:00
https://www.rbi.org.in/scripts/bs_viewmasdirections.aspx?id=13161,https://www.rbi.org.in/Scripts/BS_ViewMasterDirections.aspx,2025,,Commercial Banks,2025-11-28,"Reserve Bank of India (Commercial Banks - Governance) Directions, 2025",2026-05-30T06:26:26.922537+00:00
https://www.rbi.org.in/scripts/bs_viewmasdirections.aspx?id=13160,https://www.rbi.org.in/Scripts/BS_ViewMasterDirections.aspx,2025,,Commercial Banks,2025-11-28,"Reserve Bank of India (Commercial Banks – Cash Reserve Ratio and Statutory Liquidity Ratio) Directions, 2025 (Updated as on January 22, 2026)",2026-05-30T06:26:26.922537+00:00
https://www.rbi.org.in/scripts/bs_viewmasdirections.aspx?id=13159,https://www.rbi.org.in/Scripts/BS_ViewMasterDirections.aspx,2025,,Commercial Banks,2025-11-28,"Reserve Bank of India (Commercial Banks - Prudential Norms on Capital Adequacy) Directions, 2025 (Updated as on May 18, 2026)",2026-05-30T06:26:26.922537+00:00
https://www.rbi.org.in/scripts/bs_viewmasdirections.aspx?id=13158,https://www.rbi.org.in/Scripts/BS_ViewMasterDirections.aspx,2025,,Commercial Banks,2025-11-28,"Reserve Bank of India (Commercial Banks – Resource Raising Norms) Directions, 2025",2026-05-30T06:26:26.922537+00:00
https://www.rbi.org.in/scripts/bs_viewmasdirections.aspx?id=13157,https://www.rbi.org.in/Scripts/BS_ViewMasterDirections.aspx,2025,,Commercial Banks,2025-11-28,"Reserve Bank of India (Commercial Banks – Interest Rate on Deposits) Directions, 2025",2026-05-30T06:26:26.922537+00:00
https://www.rbi.org.in/scripts/bs_viewmasdirections.aspx?id=13156,https://www.rbi.org.in/Scripts/BS_ViewMasterDirections.aspx,2025,,Commercial Banks,2025-11-28,"Reserve Bank of India (Commercial Banks – Credit Facilities) Directions, 2025 (Updated as on April 01, 2026)",2026-05-30T06:26:26.922537+00:00
https://www.rbi.org.in/scripts/bs_viewmasdirections.aspx?id=13155,https://www.rbi.org.in/Scripts/BS_ViewMasterDirections.aspx,2025,,Commercial Banks,2025-11-28,"Reserve Bank of India (Commercial Banks – Credit Cards and Debit Cards: Issuance and Conduct) Directions, 2025",2026-05-30T06:26:26.922537+00:00
https://www.rbi.org.in/scripts/bs_viewmasdirections.aspx?id=13154,https://www.rbi.org.in/Scripts/BS_ViewMasterDirections.aspx,2025,,Commercial Banks,2025-11-28,"Reserve Bank of India (Commercial Banks – Credit Information Reporting) Directions, 2025",2026-05-30T06:26:26.922537+00:00
https://www.rbi.org.in/scripts/bs_viewmasdirections.aspx?id=13153,https://www.rbi.org.in/Scripts/BS_ViewMasterDirections.aspx,2025,,Commercial Banks,2025-11-28,"Reserve Bank of India (Commercial Banks – Credit Risk Management) Directions, 2025 (Updated as on April 01, 2026)",2026-05-30T06:26:26.922537+00:00
https://www.rbi.org.in/scripts/bs_viewmasdirections.aspx?id=13152,https://www.rbi.org.in/Scripts/BS_ViewMasterDirections.aspx,2025,,Commercial Banks,2025-11-28,"Reserve Bank of India (Commercial Banks – Concentration Risk Management) Directions, 2025 (Updated as on April 01, 2026)",2026-05-30T06:26:26.922537+00:00
https://www.rbi.org.in/scripts/bs_viewmasdirections.aspx?id=13151,https://www.rbi.org.in/Scripts/BS_ViewMasterDirections.aspx,2025,,Commercial Banks,2025-11-28,"Reserve Bank of India (Commercial Banks - Transfer and Distribution of Credit Risk) Directions, 2025",2026-05-30T06:26:26.922537+00:00
https://www.rbi.org.in/scripts/bs_viewmasdirections.aspx?id=13150,https://www.rbi.org.in/Scripts/BS_ViewMasterDirections.aspx,2025,,Commercial Banks,2025-11-28,"Reserve Bank of India (Commercial Banks – Securitisation Transactions) Directions, 2025",2026-05-30T06:26:26.922537+00:00
https://www.rbi.org.in/scripts/bs_viewmasdirections.aspx?id=13149,https://www.rbi.org.in/Scripts/BS_ViewMasterDirections.aspx,2025,,Commercial Banks,2025-11-28,"Reserve Bank of India (Commercial Banks – Interest Rates on Advances) Directions, 2025",2026-05-30T06:26:26.922537+00:00
https://www.rbi.org.in/scripts/bs_viewmasdirections.aspx?id=13148,https://www.rbi.org.in/Scripts/BS_ViewMasterDirections.aspx,2025,,Commercial Banks,2025-11-28,"Reserve Bank of India (Commercial Banks – Classification, Valuation and Operation of Investment Portfolio) Directions, 2025 (Updated as on May 18, 2026)",2026-05-30T06:26:26.922537+00:00
https://www.rbi.org.in/scripts/bs_viewmasdirections.aspx?id=13147,https://www.rbi.org.in/Scripts/BS_ViewMasterDirections.aspx,2025,,Commercial Banks,2025-11-28,"Reserve Bank of India (Commercial Banks – Asset Liability Management) Directions, 2025",2026-05-30T06:26:26.922537+00:00
https://www.rbi.org.in/scripts/bs_viewmasdirections.aspx?id=13146,https://www.rbi.org.in/Scripts/BS_ViewMasterDirections.aspx,2025,,Commercial Banks,2025-11-28,"Reserve Bank of India (Commercial Banks – Income Recognition, Asset Classification and Provisioning) Directions, 2025 (Updated as on January 01, 2026)",2026-05-30T06:26:26.922537+00:00
https://www.rbi.org.in/scripts/bs_viewmasdirections.aspx?id=13145,https://www.rbi.org.in/Scripts/BS_ViewMasterDirections.aspx,2025,,Commercial Banks,2025-11-28,"Reserve Bank of India (Commercial Banks – Resolution of Stressed Assets) Directions, 2025",2026-05-30T06:26:26.922537+00:00
https://www.rbi.org.in/scripts/bs_viewmasdirections.aspx?id=13144,https://www.rbi.org.in/Scripts/BS_ViewMasterDirections.aspx,2025,,Commercial Banks,2025-11-28,"Reserve Bank of India (Commercial Banks – Treatment of Wilful Defaulters and Large Defaulters) Directions, 2025",2026-05-30T06:26:26.922537+00:00
https://www.rbi.org.in/scripts/bs_viewmasdirections.aspx?id=13143,https://www.rbi.org.in/Scripts/BS_ViewMasterDirections.aspx,2025,,Commercial Banks,2025-11-28,"Reserve Bank of India (Commercial Banks - Financial Statements: Presentation and Disclosures) Directions, 2025 (Updated as on May 18, 2026)",2026-05-30T06:26:26.922537+00:00
https://www.rbi.org.in/scripts/bs_viewmasdirections.aspx?id=13141,https://www.rbi.org.in/Scripts/BS_ViewMasterDirections.aspx,2025,,Commercial Banks,2025-11-28,"Reserve Bank of India (Commercial Banks – Know Your Customer) Directions, 2025 (Updated as on December 29, 2025)",2026-05-30T06:26:26.922537+00:00
https://www.rbi.org.in/scripts/bs_viewmasdirections.aspx?id=13140,https://www.rbi.org.in/Scripts/BS_ViewMasterDirections.aspx,2025,,Commercial Banks,2025-11-28,"Reserve Bank of India (Commercial Banks – Responsible Business Conduct) Directions, 2025 (Updated as on April 1, 2026)",2026-05-30T06:26:26.922537+00:00
https://www.rbi.org.in/scripts/bs_viewmasdirections.aspx?id=13139,https://www.rbi.org.in/Scripts/BS_ViewMasterDirections.aspx,2025,,Commercial Banks,2025-11-28,"Reserve Bank of India (Commercial Banks – Managing Risks in Outsourcing) Directions, 2025",2026-05-30T06:26:26.922537+00:00
https://www.rbi.org.in/scripts/bs_viewmasdirections.aspx?id=13138,https://www.rbi.org.in/Scripts/BS_ViewMasterDirections.aspx,2025,,Commercial Banks,2025-11-28,"Reserve Bank of India (Commercial Banks - Climate Finance and Management of Climate Change Risks) Directions, 2025",2026-05-30T06:26:26.922537+00:00
https://www.rbi.org.in/scripts/bs_viewmasdirections.aspx?id=13137,https://www.rbi.org.in/Scripts/BS_ViewMasterDirections.aspx,2025,,Commercial Banks,2025-11-28,"Reserve Bank of India (Commercial Banks – Forthcoming Instructions) Directions, 2025",2026-05-30T06:26:26.922537+00:00
https://www.rbi.org.in/scripts/bs_viewmasdirections.aspx?id=13136,https://www.rbi.org.in/Scripts/BS_ViewMasterDirections.aspx,2025,,Commercial Banks,2025-11-28,"Reserve Bank of India (Commercial Banks – Miscellaneous) Directions, 2025",2026-05-30T06:26:26.922537+00:00
https://www.rbi.org.in/scripts/bs_viewmasdirections.aspx?id=12926,https://www.rbi.org.in/Scripts/BS_ViewMasterDirections.aspx,2025,,Credit Information Companies,2025-11-28,"Reserve Bank of India (Credit Information Companies) Directions, 2025",2026-05-30T06:26:26.922537+00:00
https://www.rbi.org.in/scripts/bs_viewmasdirections.aspx?id=12925,https://www.rbi.org.in/Scripts/BS_ViewMasterDirections.aspx,2025,,Credit Information Companies,2025-11-28,"Reserve Bank of India (Credit Information Companies – Managing Risks in Outsourcing) Directions, 2025",2026-05-30T06:26:26.922537+00:00
https://www.rbi.org.in/scripts/bs_viewmasdirections.aspx?id=13086,https://www.rbi.org.in/Scripts/BS_ViewMasterDirections.aspx,2025,,Local Area Banks,2025-11-28,"Reserve Bank of India (Local Area Banks – Acquisition and Holding of Shares or Voting Rights) Directions, 2025",2026-05-30T06:26:26.922537+00:00
https://www.rbi.org.in/scripts/bs_viewmasdirections.aspx?id=13085,https://www.rbi.org.in/Scripts/BS_ViewMasterDirections.aspx,2025,,Local Area Banks,2025-11-28,"Reserve Bank of India (Local Area Banks – Voluntary Amalgamation) Directions, 2025",2026-05-30T06:26:26.922537+00:00
https://www.rbi.org.in/scripts/bs_viewmasdirections.aspx?id=13084,https://www.rbi.org.in/Scripts/BS_ViewMasterDirections.aspx,2025,,Local Area Banks,2025-11-28,"Reserve Bank of India (Local Area Banks – Branch Authorisation) Directions, 2025",2026-05-30T06:26:26.922537+00:00
https://www.rbi.org.in/scripts/bs_viewmasdirections.aspx?id=13083,https://www.rbi.org.in/Scripts/BS_ViewMasterDirections.aspx,2025,,Local Area Banks,2025-11-28,"Reserve Bank of India (Local Area Banks – Digital Banking Channels Authorisation) Directions, 2025",2026-05-30T06:26:26.922537+00:00
https://www.rbi.org.in/scripts/bs_viewmasdirections.aspx?id=13082,https://www.rbi.org.in/Scripts/BS_ViewMasterDirections.aspx,2025,,Local Area Banks,2025-11-28,"Reserve Bank of India (Local Area Banks – Governance) Directions, 2025",2026-05-30T06:26:26.922537+00:00
https://www.rbi.org.in/scripts/bs_viewmasdirections.aspx?id=13081,https://www.rbi.org.in/Scripts/BS_ViewMasterDirections.aspx,2025,,Local Area Banks,2025-11-28,"Reserve Bank of India (Local Area Banks – Cash Reserve Ratio and Statutory Liquidity Ratio) Directions, 2025 (Updated as on January 22, 2026)",2026-05-30T06:26:26.922537+00:00
https://www.rbi.org.in/scripts/bs_viewmasdirections.aspx?id=13080,https://www.rbi.org.in/Scripts/BS_ViewMasterDirections.aspx,2025,,Local Area Banks,2025-11-28,"Reserve Bank of India (Local Area Banks – Prudential Norms on Capital Adequacy) Directions, 2025",2026-05-30T06:26:26.922537+00:00
https://www.rbi.org.in/scripts/bs_viewmasdirections.aspx?id=13079,https://www.rbi.org.in/Scripts/BS_ViewMasterDirections.aspx,2025,,Local Area Banks,2025-11-28,"Reserve Bank of India (Local Area Banks – Interest Rate on Deposits) Directions, 2025",2026-05-30T06:26:26.922537+00:00
https://www.rbi.org.in/scripts/bs_viewmasdirections.aspx?id=13078,https://www.rbi.org.in/Scripts/BS_ViewMasterDirections.aspx,2025,,Local Area Banks,2025-11-28,"Reserve Bank of India (Local Area Banks – Credit Facilities) Directions, 2025 (Updated as on April 01, 2026)",2026-05-30T06:26:26.922537+00:00
https://www.rbi.org.in/scripts/bs_viewmasdirections.aspx?id=13077,https://www.rbi.org.in/Scripts/BS_ViewMasterDirections.aspx,2025,,Local Area Banks,2025-11-28,"Reserve Bank of India (Local Area Banks – Debit Cards: Issuance and Conduct) Directions, 2025",2026-05-30T06:26:26.922537+00:00
https://www.rbi.org.in/scripts/bs_viewmasdirections.aspx?id=13076,https://www.rbi.org.in/Scripts/BS_ViewMasterDirections.aspx,2025,,Local Area Banks,2025-11-28,"Reserve Bank of India (Local Area Banks – Credit Information Reporting) Directions, 2025",2026-05-30T06:26:26.922537+00:00
https://www.rbi.org.in/scripts/bs_viewmasdirections.aspx?id=13075,https://www.rbi.org.in/Scripts/BS_ViewMasterDirections.aspx,2025,,Local Area Banks,2025-11-28,"Reserve Bank of India (Local Area Banks – Credit Risk Management) Directions, 2025 (Updated as on April 01, 2026)",2026-05-30T06:26:26.922537+00:00
https://www.rbi.org.in/scripts/bs_viewmasdirections.aspx?id=13074,https://www.rbi.org.in/Scripts/BS_ViewMasterDirections.aspx,2025,,Local Area Banks,2025-11-28,"Reserve Bank of India (Local Area Banks – Concentration Risk Management) Directions, 2025",2026-05-30T06:26:26.922537+00:00
https://www.rbi.org.in/scripts/bs_viewmasdirections.aspx?id=13073,https://www.rbi.org.in/Scripts/BS_ViewMasterDirections.aspx,2025,,Local Area Banks,2025-11-28,"Reserve Bank of India (Local Area Banks – Transfer and Distribution of Credit Risk) Directions, 2025",2026-05-30T06:26:26.922537+00:00
https://www.rbi.org.in/scripts/bs_viewmasdirections.aspx?id=13072,https://www.rbi.org.in/Scripts/BS_ViewMasterDirections.aspx,2025,,Local Area Banks,2025-11-28,"Reserve Bank of India (Local Area Banks – Interest Rates on Advances) Directions, 2025",2026-05-30T06:26:26.922537+00:00
https://www.rbi.org.in/scripts/bs_viewmasdirections.aspx?id=13071,https://www.rbi.org.in/Scripts/BS_ViewMasterDirections.aspx,2025,,Local Area Banks,2025-11-28,"Reserve Bank of India (Local Area Banks – Classification, Valuation and Operation of Investment Portfolio) Directions, 2025 (Updated as on May 18, 2026)",2026-05-30T06:26:26.922537+00:00
https://www.rbi.org.in/scripts/bs_viewmasdirections.aspx?id=13070,https://www.rbi.org.in/Scripts/BS_ViewMasterDirections.aspx,2025,,Local Area Banks,2025-11-28,"Reserve Bank of India (Local Area Banks – Asset Liability Management) Directions, 2025",2026-05-30T06:26:26.922537+00:00
https://www.rbi.org.in/scripts/bs_viewmasdirections.aspx?id=13069,https://www.rbi.org.in/Scripts/BS_ViewMasterDirections.aspx,2025,,Local Area Banks,2025-11-28,"Reserve Bank of India (Local Area Banks – Income Recognition, Asset Classification and Provisioning) Directions, 2025",2026-05-30T06:26:26.922537+00:00
https://www.rbi.org.in/scripts/bs_viewmasdirections.aspx?id=13068,https://www.rbi.org.in/Scripts/BS_ViewMasterDirections.aspx,2025,,Local Area Banks,2025-11-28,"Reserve Bank of India (Local Area Banks – Resolution of Stressed Assets) Directions, 2025",2026-05-30T06:26:26.922537+00:00
https://www.rbi.org.in/scripts/bs_viewmasdirections.aspx?id=13067,https://www.rbi.org.in/Scripts/BS_ViewMasterDirections.aspx,2025,,Local Area Banks,2025-11-28,"Reserve Bank of India (Local Area Banks – Treatment of Wilful Defaulters and Large Defaulters) Directions, 2025",2026-05-30T06:26:26.922537+00:00
https://www.rbi.org.in/scripts/bs_viewmasdirections.aspx?id=13066,https://www.rbi.org.in/Scripts/BS_ViewMasterDirections.aspx,2025,,Local Area Banks,2025-11-28,"Reserve Bank of India (Local Area Banks – Financial Statements: Presentation and Disclosures) Directions, 2025 (Updated as on May 18, 2026)",2026-05-30T06:26:26.922537+00:00
https://www.rbi.org.in/scripts/bs_viewmasdirections.aspx?id=13064,https://www.rbi.org.in/Scripts/BS_ViewMasterDirections.aspx,2025,,Local Area Banks,2025-11-28,"Reserve Bank of India (Local Area Banks – Know Your Customer) Directions, 2025 (Updated as on December 29, 2025)",2026-05-30T06:26:26.922537+00:00
https://www.rbi.org.in/scripts/bs_viewmasdirections.aspx?id=13063,https://www.rbi.org.in/Scripts/BS_ViewMasterDirections.aspx,2025,,Local Area Banks,2025-11-28,"Reserve Bank of India (Local Area Banks – Responsible Business Conduct) Directions, 2025 (Updated as on April 1, 2026)",2026-05-30T06:26:26.922537+00:00
https://www.rbi.org.in/scripts/bs_viewmasdirections.aspx?id=13062,https://www.rbi.org.in/Scripts/BS_ViewMasterDirections.aspx,2025,,Local Area Banks,2025-11-28,"Reserve Bank of India (Local Area Banks – Managing Risks in Outsourcing) Directions, 2025",2026-05-30T06:26:26.922537+00:00
https://www.rbi.org.in/scripts/bs_viewmasdirections.aspx?id=13061,https://www.rbi.org.in/Scripts/BS_ViewMasterDirections.aspx,2025,,Local Area Banks,2025-11-28,"Reserve Bank of India (Local Area Banks – Miscellaneous) Directions, 2025 (Updated as on April 27, 2026)",2026-05-30T06:26:26.922537+00:00
https://www.rbi.org.in/scripts/bs_viewmasdirections.aspx?id=12965,https://www.rbi.org.in/Scripts/BS_ViewMasterDirections.aspx,2025,,Non-Banking Financial Companies,2025-11-28,"Reserve Bank of India (Non-Banking Financial Companies – Registration, Exemptions and Framework for Scale Based Regulation) Directions, 2025",2026-05-30T06:26:26.922537+00:00
https://www.rbi.org.in/scripts/bs_viewmasdirections.aspx?id=12964,https://www.rbi.org.in/Scripts/BS_ViewMasterDirections.aspx,2025,,Non-Banking Financial Companies,2025-11-28,"Reserve Bank of India (Non-Banking Financial Companies – Acquisition of Shareholding or Control) Directions, 2025",2026-05-30T06:26:26.922537+00:00
https://www.rbi.org.in/scripts/bs_viewmasdirections.aspx?id=12963,https://www.rbi.org.in/Scripts/BS_ViewMasterDirections.aspx,2025,,Non-Banking Financial Companies,2025-11-28,"Reserve Bank of India (Non-Banking Financial Companies – Voluntary Amalgamation) Directions, 2025",2026-05-30T06:26:26.922537+00:00
https://www.rbi.org.in/scripts/bs_viewmasdirections.aspx?id=12962,https://www.rbi.org.in/Scripts/BS_ViewMasterDirections.aspx,2025,,Non-Banking Financial Companies,2025-11-28,"Reserve Bank of India (Non-Banking Financial Companies – Branch Authorisation) Directions, 2025 (Updated as on April 15, 2026)",2026-05-30T06:26:26.922537+00:00
https://www.rbi.org.in/scripts/bs_viewmasdirections.aspx?id=12961,https://www.rbi.org.in/Scripts/BS_ViewMasterDirections.aspx,2025,,Non-Banking Financial Companies,2025-11-28,"Reserve Bank of India (Non-Banking Financial Companies – Undertaking of Financial Services) Directions, 2025 (Updated as on April 27, 2026)",2026-05-30T06:26:26.922537+00:00
https://www.rbi.org.in/scripts/bs_viewmasdirections.aspx?id=12960,https://www.rbi.org.in/Scripts/BS_ViewMasterDirections.aspx,2025,,Non-Banking Financial Companies,2025-11-28,"Reserve Bank of India (Non-Banking Financial Companies – Governance) Directions, 2025",2026-05-30T06:26:26.922537+00:00
https://www.rbi.org.in/scripts/bs_viewmasdirections.aspx?id=12959,https://www.rbi.org.in/Scripts/BS_ViewMasterDirections.aspx,2025,,Non-Banking Financial Companies,2025-11-28,"Reserve Bank of India (Non-Banking Financial Companies – Prudential Norms on Capital Adequacy) Directions, 2025 (Updated as on April 01, 2026)",2026-05-30T06:26:26.922537+00:00
https://www.rbi.org.in/scripts/bs_viewmasdirections.aspx?id=12958,https://www.rbi.org.in/Scripts/BS_ViewMasterDirections.aspx,2025,,Non-Banking Financial Companies,2025-11-28,"Reserve Bank of India (Non-Banking Financial Companies – Acceptance of Public Deposits) Directions, 2025 (Updated as on April 15, 2026)",2026-05-30T06:26:26.922537+00:00
https://www.rbi.org.in/scripts/bs_viewmasdirections.aspx?id=12957,https://www.rbi.org.in/Scripts/BS_ViewMasterDirections.aspx,2025,,Non-Banking Financial Companies,2025-11-28,"Reserve Bank of India (Non-Banking Financial Companies – Credit Facilities) Directions, 2025 (Updated as on April 1, 2026)",2026-05-30T06:26:26.922537+00:00
https://www.rbi.org.in/scripts/bs_viewmasdirections.aspx?id=12956,https://www.rbi.org.in/Scripts/BS_ViewMasterDirections.aspx,2025,,Non-Banking Financial Companies,2025-11-28,"Reserve Bank of India (Non-Banking Financial Companies – Credit Cards: Issuance and Conduct) Directions, 2025",2026-05-30T06:26:26.922537+00:00
https://www.rbi.org.in/scripts/bs_viewmasdirections.aspx?id=12955,https://www.rbi.org.in/Scripts/BS_ViewMasterDirections.aspx,2025,,Non-Banking Financial Companies,2025-11-28,"Reserve Bank of India (Non-Banking Financial Companies – Credit Information Reporting) Directions, 2025",2026-05-30T06:26:26.922537+00:00
https://www.rbi.org.in/scripts/bs_viewmasdirections.aspx?id=12954,https://www.rbi.org.in/Scripts/BS_ViewMasterDirections.aspx,2025,,Non-Banking Financial Companies,2025-11-28,"Reserve Bank of India (Non-Banking Financial Companies – Credit Risk Management) Directions, 2025 (Updated as on April 01, 2026)",2026-05-30T06:26:26.922537+00:00
https://www.rbi.org.in/scripts/bs_viewmasdirections.aspx?id=12953,https://www.rbi.org.in/Scripts/BS_ViewMasterDirections.aspx,2025,,Non-Banking Financial Companies,2025-11-28,"Reserve Bank of India (Non-Banking Financial Companies - Concentration Risk Management) Directions, 2025 (Updated as on April 01, 2026)",2026-05-30T06:26:26.922537+00:00
https://www.rbi.org.in/scripts/bs_viewmasdirections.aspx?id=12952,https://www.rbi.org.in/Scripts/BS_ViewMasterDirections.aspx,2025,,Non-Banking Financial Companies,2025-11-28,"Reserve Bank of India (Non-Banking Financial Companies - Transfer and Distribution of Credit Risk) Directions, 2025",2026-05-30T06:26:26.922537+00:00
https://www.rbi.org.in/scripts/bs_viewmasdirections.aspx?id=12951,https://www.rbi.org.in/Scripts/BS_ViewMasterDirections.aspx,2025,,Non-Banking Financial Companies,2025-11-28,"Reserve Bank of India (Non-Banking Financial Companies – Securitisation Transactions) Directions, 2025",2026-05-30T06:26:26.922537+00:00
https://www.rbi.org.in/scripts/bs_viewmasdirections.aspx?id=12950,https://www.rbi.org.in/Scripts/BS_ViewMasterDirections.aspx,2025,,Non-Banking Financial Companies,2025-11-28,"Reserve Bank of India (Non-Banking Financial Companies – Classification, Valuation and Operation of Investment Portfolio) Directions, 2025",2026-05-30T06:26:26.922537+00:00
https://www.rbi.org.in/scripts/bs_viewmasdirections.aspx?id=12949,https://www.rbi.org.in/Scripts/BS_ViewMasterDirections.aspx,2025,,Non-Banking Financial Companies,2025-11-28,"Reserve Bank of India (Non-Banking Financial Companies – Asset Liability Management) Directions, 2025",2026-05-30T06:26:26.922537+00:00
https://www.rbi.org.in/scripts/bs_viewmasdirections.aspx?id=12948,https://www.rbi.org.in/Scripts/BS_ViewMasterDirections.aspx,2025,,Non-Banking Financial Companies,2025-11-28,"Reserve Bank of India (Non-Banking Financial Companies – Income Recognition, Asset Classification and Provisioning) Directions, 2025 (Updated as on February 13, 2026)",2026-05-30T06:26:26.922537+00:00
https://www.rbi.org.in/scripts/bs_viewmasdirections.aspx?id=12947,https://www.rbi.org.in/Scripts/BS_ViewMasterDirections.aspx,2025,,Non-Banking Financial Companies,2025-11-28,"Reserve Bank of India (Non-Banking Financial Companies – Resolution of Stressed Assets) Directions, 2025",2026-05-30T06:26:26.922537+00:00
https://www.rbi.org.in/scripts/bs_viewmasdirections.aspx?id=12946,https://www.rbi.org.in/Scripts/BS_ViewMasterDirections.aspx,2025,,Non-Banking Financial Companies,2025-11-28,"Reserve Bank of India (Non-Banking Financial Companies – Treatment of Wilful Defaulters and Large Defaulters) Directions, 2025",2026-05-30T06:26:26.922537+00:00
https://www.rbi.org.in/scripts/bs_viewmasdirections.aspx?id=12945,https://www.rbi.org.in/Scripts/BS_ViewMasterDirections.aspx,2025,,Non-Banking Financial Companies,2025-11-28,"Reserve Bank of India (Non-Banking Financial Companies – Financial Statements: Presentation and Disclosures) Directions, 2025 (Updated as on April 1, 2026)",2026-05-30T06:26:26.922537+00:00
https://www.rbi.org.in/scripts/bs_viewmasdirections.aspx?id=12944,https://www.rbi.org.in/Scripts/BS_ViewMasterDirections.aspx,2025,,Non-Banking Financial Companies,2025-11-28,"Reserve Bank of India (Non-Banking Financial Companies – Prudential Norms on Declaration of Dividends) Directions, 2025",2026-05-30T06:26:26.922537+00:00
https://www.rbi.org.in/scripts/bs_viewmasdirections.aspx?id=12943,https://www.rbi.org.in/Scripts/BS_ViewMasterDirections.aspx,2025,,Non-Banking Financial Companies,2025-11-28,"Reserve Bank of India (Non-Banking Financial Companies – Know Your Customer) Directions, 2025 (Updated as on December 29, 2025)",2026-05-30T06:26:26.922537+00:00
https://www.rbi.org.in/scripts/bs_viewmasdirections.aspx?id=12942,https://www.rbi.org.in/Scripts/BS_ViewMasterDirections.aspx,2025,,Non-Banking Financial Companies,2025-11-28,"Reserve Bank of India (Non-Banking Financial Companies – Responsible Business Conduct) Directions, 2025 (Updated as on April 1, 2026)",2026-05-30T06:26:26.922537+00:00
https://www.rbi.org.in/scripts/bs_viewmasdirections.aspx?id=12941,https://www.rbi.org.in/Scripts/BS_ViewMasterDirections.aspx,2025,,Non-Banking Financial Companies,2025-11-28,"Reserve Bank of India (Non-Banking Financial Companies – Managing Risks in Outsourcing) Directions, 2025",2026-05-30T06:26:26.922537+00:00
https://www.rbi.org.in/scripts/bs_viewmasdirections.aspx?id=12940,https://www.rbi.org.in/Scripts/BS_ViewMasterDirections.aspx,2025,,Non-Banking Financial Companies,2025-11-28,"Reserve Bank of India (Non-Banking Financial Companies – Climate Finance and Management of Climate Change Risks) Directions, 2025",2026-05-30T06:26:26.922537+00:00
https://www.rbi.org.in/scripts/bs_viewmasdirections.aspx?id=12939,https://www.rbi.org.in/Scripts/BS_ViewMasterDirections.aspx,2025,,Non-Banking Financial Companies,2025-11-28,"Reserve Bank of India (Housing Finance Companies) Directions, 2025 (Updated as on April 15, 2026)",2026-05-30T06:26:26.922537+00:00
https://www.rbi.org.in/scripts/bs_viewmasdirections.aspx?id=12938,https://www.rbi.org.in/Scripts/BS_ViewMasterDirections.aspx,2025,,Non-Banking Financial Companies,2025-11-28,"Reserve Bank of India (Standalone Primary Dealers) Directions, 2025 (Updated as on March 10, 2026)",2026-05-30T06:26:26.922537+00:00
https://www.rbi.org.in/scripts/bs_viewmasdirections.aspx?id=12937,https://www.rbi.org.in/Scripts/BS_ViewMasterDirections.aspx,2025,,Non-Banking Financial Companies,2025-11-28,"Reserve Bank of India (Core Investment Companies) Directions, 2025 (Updated as on March 10, 2026)",2026-05-30T06:26:26.922537+00:00
https://www.rbi.org.in/scripts/bs_viewmasdirections.aspx?id=12936,https://www.rbi.org.in/Scripts/BS_ViewMasterDirections.aspx,2025,,Non-Banking Financial Companies,2025-11-28,"Reserve Bank of India (Non-Banking Financial Companies - Account Aggregator) Directions, 2025",2026-05-30T06:26:26.922537+00:00
https://www.rbi.org.in/scripts/bs_viewmasdirections.aspx?id=12935,https://www.rbi.org.in/Scripts/BS_ViewMasterDirections.aspx,2025,,Non-Banking Financial Companies,2025-11-28,"Reserve Bank of India (Mortgage Guarantee Companies) Directions, 2025 (Updated as on March 10, 2026)",2026-05-30T06:26:26.922537+00:00
https://www.rbi.org.in/scripts/bs_viewmasdirections.aspx?id=12934,https://www.rbi.org.in/Scripts/BS_ViewMasterDirections.aspx,2025,,Non-Banking Financial Companies,2025-11-28,"Reserve Bank of India (Non-Banking Financial Companies – Peer to Peer Lending Platform) Directions, 2025",2026-05-30T06:26:26.922537+00:00
https://www.rbi.org.in/scripts/bs_viewmasdirections.aspx?id=12933,https://www.rbi.org.in/Scripts/BS_ViewMasterDirections.aspx,2025,,Non-Banking Financial Companies,2025-11-28,"Reserve Bank of India (Non-Banking Financial Companies – Microfinance Institution) Directions, 2025",2026-05-30T06:26:26.922537+00:00
https://www.rbi.org.in/scripts/bs_viewmasdirections.aspx?id=12932,https://www.rbi.org.in/Scripts/BS_ViewMasterDirections.aspx,2025,,Non-Banking Financial Companies,2025-11-28,"Reserve Bank of India (Non-Operative Financial Holding Companies) Directions, 2025 (Updated as on December 05, 2025)",2026-05-30T06:26:26.922537+00:00
https://www.rbi.org.in/scripts/bs_viewmasdirections.aspx?id=12931,https://www.rbi.org.in/Scripts/BS_ViewMasterDirections.aspx,2025,,Non-Banking Financial Companies,2025-11-28,"Reserve Bank of India (Non-Banking Financial Companies – Miscellaneous) Directions, 2025 (Updated as on February 26, 2026)",2026-05-30T06:26:26.922537+00:00
https://www.rbi.org.in/scripts/bs_viewmasdirections.aspx?id=13104,https://www.rbi.org.in/Scripts/BS_ViewMasterDirections.aspx,2025,,Payments Banks,2025-11-28,"Reserve Bank of India (Payments Banks – Acquisition and Holding of Shares or Voting Rights) Directions, 2025",2026-05-30T06:26:26.922537+00:00
https://www.rbi.org.in/scripts/bs_viewmasdirections.aspx?id=13103,https://www.rbi.org.in/Scripts/BS_ViewMasterDirections.aspx,2025,,Payments Banks,2025-11-28,"Reserve Bank of India (Payments Banks – Voluntary Amalgamation) Directions, 2025",2026-05-30T06:26:26.922537+00:00
https://www.rbi.org.in/scripts/bs_viewmasdirections.aspx?id=13102,https://www.rbi.org.in/Scripts/BS_ViewMasterDirections.aspx,2025,,Payments Banks,2025-11-28,"Reserve Bank of India (Payments Banks – Branch Authorisation) Directions, 2025",2026-05-30T06:26:26.922537+00:00
https://www.rbi.org.in/scripts/bs_viewmasdirections.aspx?id=13101,https://www.rbi.org.in/Scripts/BS_ViewMasterDirections.aspx,2025,,Payments Banks,2025-11-28,"Reserve Bank of India (Payments Banks – Digital Banking Channels Authorisation) Directions, 2025",2026-05-30T06:26:26.922537+00:00
https://www.rbi.org.in/scripts/bs_viewmasdirections.aspx?id=13100,https://www.rbi.org.in/Scripts/BS_ViewMasterDirections.aspx,2025,,Payments Banks,2025-11-28,"Reserve Bank of India (Payments Banks – Undertaking of Financial Services) Directions, 2025 (Updated as on December 05, 2025)",2026-05-30T06:26:26.922537+00:00
https://www.rbi.org.in/scripts/bs_viewmasdirections.aspx?id=13099,https://www.rbi.org.in/Scripts/BS_ViewMasterDirections.aspx,2025,,Payments Banks,2025-11-28,"Reserve Bank of India (Payments Banks - Governance) Directions, 2025",2026-05-30T06:26:26.922537+00:00
https://www.rbi.org.in/scripts/bs_viewmasdirections.aspx?id=13098,https://www.rbi.org.in/Scripts/BS_ViewMasterDirections.aspx,2025,,Payments Banks,2025-11-28,"Reserve Bank of India (Payments Banks – Cash Reserve Ratio and Statutory Liquidity Ratio) Directions, 2025 (Updated as on January 22, 2026)",2026-05-30T06:26:26.922537+00:00
https://www.rbi.org.in/scripts/bs_viewmasdirections.aspx?id=13097,https://www.rbi.org.in/Scripts/BS_ViewMasterDirections.aspx,2025,,Payments Banks,2025-11-28,"Reserve Bank of India (Payments Banks – Prudential Norms on Capital Adequacy) Directions, 2025 (updated as on May 08, 2026)",2026-05-30T06:26:26.922537+00:00
https://www.rbi.org.in/scripts/bs_viewmasdirections.aspx?id=13096,https://www.rbi.org.in/Scripts/BS_ViewMasterDirections.aspx,2025,,Payments Banks,2025-11-28,"Reserve Bank of India (Payments Banks – Interest Rate on Deposits) Directions, 2025",2026-05-30T06:26:26.922537+00:00
https://www.rbi.org.in/scripts/bs_viewmasdirections.aspx?id=13095,https://www.rbi.org.in/Scripts/BS_ViewMasterDirections.aspx,2025,,Payments Banks,2025-11-28,"Reserve Bank of India (Payments Banks – Debit Cards: Issuance and Conduct) Directions, 2025",2026-05-30T06:26:26.922537+00:00
https://www.rbi.org.in/scripts/bs_viewmasdirections.aspx?id=13094,https://www.rbi.org.in/Scripts/BS_ViewMasterDirections.aspx,2025,,Payments Banks,2025-11-28,"Reserve Bank of India (Payments Banks – Classification, Valuation and Operation of Investment Portfolio) Directions, 2025 (Updated as on May 18, 2026)",2026-05-30T06:26:26.922537+00:00
https://www.rbi.org.in/scripts/bs_viewmasdirections.aspx?id=13093,https://www.rbi.org.in/Scripts/BS_ViewMasterDirections.aspx,2025,,Payments Banks,2025-11-28,"Reserve Bank of India (Payments Banks – Asset Liability Management) Directions, 2025",2026-05-30T06:26:26.922537+00:00
https://www.rbi.org.in/scripts/bs_viewmasdirections.aspx?id=13092,https://www.rbi.org.in/Scripts/BS_ViewMasterDirections.aspx,2025,,Payments Banks,2025-11-28,"Reserve Bank of India (Payments Banks – Financial Statements: Presentation and Disclosures) Directions, 2025 (Updated as on April 1, 2026)",2026-05-30T06:26:26.922537+00:00
https://www.rbi.org.in/scripts/bs_viewmasdirections.aspx?id=13090,https://www.rbi.org.in/Scripts/BS_ViewMasterDirections.aspx,2025,,Payments Banks,2025-11-28,"Reserve Bank of India (Payments Banks – Know Your Customer) Directions, 2025 (Updated as on December 29, 2025)",2026-05-30T06:26:26.922537+00:00
https://www.rbi.org.in/scripts/bs_viewmasdirections.aspx?id=13089,https://www.rbi.org.in/Scripts/BS_ViewMasterDirections.aspx,2025,,Payments Banks,2025-11-28,"Reserve Bank of India (Payments Banks – Responsible Business Conduct) Directions, 2025 (Updated as on April 1, 2026)",2026-05-30T06:26:26.922537+00:00
https://www.rbi.org.in/scripts/bs_viewmasdirections.aspx?id=13088,https://www.rbi.org.in/Scripts/BS_ViewMasterDirections.aspx,2025,,Payments Banks,2025-11-28,"Reserve Bank of India (Payments Banks – Managing Risks in Outsourcing) Directions, 2025",2026-05-30T06:26:26.922537+00:00
https://www.rbi.org.in/scripts/bs_viewmasdirections.aspx?id=13087,https://www.rbi.org.in/Scripts/BS_ViewMasterDirections.aspx,2025,,Payments Banks,2025-11-28,"Reserve Bank of India (Payments Banks – Miscellaneous) Directions, 2025 (Updated as on April 01, 2026)",2026-05-30T06:26:26.922537+00:00
https://www.rbi.org.in/scripts/bs_viewmasdirections.aspx?id=13060,https://www.rbi.org.in/Scripts/BS_ViewMasterDirections.aspx,2025,,Regional Rural Banks,2025-11-28,"Reserve Bank of India (Regional Rural Banks – Branch Authorisation) Directions, 2025",2026-05-30T06:26:26.922537+00:00
https://www.rbi.org.in/scripts/bs_viewmasdirections.aspx?id=13059,https://www.rbi.org.in/Scripts/BS_ViewMasterDirections.aspx,2025,,Regional Rural Banks,2025-11-28,"Reserve Bank of India (Regional Rural Banks – Digital Banking Channels Authorisation) Directions, 2025",2026-05-30T06:26:26.922537+00:00
https://www.rbi.org.in/scripts/bs_viewmasdirections.aspx?id=13058,https://www.rbi.org.in/Scripts/BS_ViewMasterDirections.aspx,2025,,Regional Rural Banks,2025-11-28,"Reserve Bank of India (Regional Rural Banks – Undertaking of Financial Services) Directions, 2025 (Updated as on April 27, 2026)",2026-05-30T06:26:26.922537+00:00
https://www.rbi.org.in/scripts/bs_viewmasdirections.aspx?id=13057,https://www.rbi.org.in/Scripts/BS_ViewMasterDirections.aspx,2025,,Regional Rural Banks,2025-11-28,"Reserve Bank of India (Regional Rural Banks – Governance) Directions, 2025",2026-05-30T06:26:26.922537+00:00
https://www.rbi.org.in/scripts/bs_viewmasdirections.aspx?id=13056,https://www.rbi.org.in/Scripts/BS_ViewMasterDirections.aspx,2025,,Regional Rural Banks,2025-11-28,"Reserve Bank of India (Regional Rural Banks – Cash Reserve Ratio and Statutory Liquidity Ratio) Directions, 2025 (Updated as on January 22, 2026)",2026-05-30T06:26:26.922537+00:00
https://www.rbi.org.in/scripts/bs_viewmasdirections.aspx?id=13055,https://www.rbi.org.in/Scripts/BS_ViewMasterDirections.aspx,2025,,Regional Rural Banks,2025-11-28,"Reserve Bank of India (Regional Rural Banks – Prudential Norms on Capital Adequacy) Directions, 2025",2026-05-30T06:26:26.922537+00:00
https://www.rbi.org.in/scripts/bs_viewmasdirections.aspx?id=13054,https://www.rbi.org.in/Scripts/BS_ViewMasterDirections.aspx,2025,,Regional Rural Banks,2025-11-28,"Reserve Bank of India (Regional Rural Banks – Interest Rate on Deposits) Directions, 2025",2026-05-30T06:26:26.922537+00:00
https://www.rbi.org.in/scripts/bs_viewmasdirections.aspx?id=13053,https://www.rbi.org.in/Scripts/BS_ViewMasterDirections.aspx,2025,,Regional Rural Banks,2025-11-28,"Reserve Bank of India (Regional Rural Banks – Credit Facilities) Directions, 2025 (Updated as on April 01, 2026)",2026-05-30T06:26:26.922537+00:00
https://www.rbi.org.in/scripts/bs_viewmasdirections.aspx?id=13052,https://www.rbi.org.in/Scripts/BS_ViewMasterDirections.aspx,2025,,Regional Rural Banks,2025-11-28,"Reserve Bank of India (Regional Rural Banks – Credit Cards and Debit Cards: Issuance and Conduct) Directions, 2025",2026-05-30T06:26:26.922537+00:00
https://www.rbi.org.in/scripts/bs_viewmasdirections.aspx?id=13051,https://www.rbi.org.in/Scripts/BS_ViewMasterDirections.aspx,2025,,Regional Rural Banks,2025-11-28,"Reserve Bank of India (Regional Rural Banks – Credit Information Reporting) Directions, 2025",2026-05-30T06:26:26.922537+00:00
https://www.rbi.org.in/scripts/bs_viewmasdirections.aspx?id=13050,https://www.rbi.org.in/Scripts/BS_ViewMasterDirections.aspx,2025,,Regional Rural Banks,2025-11-28,"Reserve Bank of India (Regional Rural Banks – Credit Risk Management) Directions, 2025 (updated as on April 01, 2026)",2026-05-30T06:26:26.922537+00:00
https://www.rbi.org.in/scripts/bs_viewmasdirections.aspx?id=13049,https://www.rbi.org.in/Scripts/BS_ViewMasterDirections.aspx,2025,,Regional Rural Banks,2025-11-28,"Reserve Bank of India (Regional Rural Banks – Concentration Risk Management) Directions, 2025",2026-05-30T06:26:26.922537+00:00
https://www.rbi.org.in/scripts/bs_viewmasdirections.aspx?id=13048,https://www.rbi.org.in/Scripts/BS_ViewMasterDirections.aspx,2025,,Regional Rural Banks,2025-11-28,"Reserve Bank of India (Regional Rural Banks – Transfer and Distribution of Credit Risk) Directions, 2025",2026-05-30T06:26:26.922537+00:00
https://www.rbi.org.in/scripts/bs_viewmasdirections.aspx?id=13047,https://www.rbi.org.in/Scripts/BS_ViewMasterDirections.aspx,2025,,Regional Rural Banks,2025-11-28,"Reserve Bank of India (Regional Rural Banks – Interest Rates on Advances) Directions, 2025",2026-05-30T06:26:26.922537+00:00
https://www.rbi.org.in/scripts/bs_viewmasdirections.aspx?id=13046,https://www.rbi.org.in/Scripts/BS_ViewMasterDirections.aspx,2025,,Regional Rural Banks,2025-11-28,"Reserve Bank of India (Regional Rural Banks – Classification, Valuation and Operation of Investment Portfolio) Directions, 2025 (Updated as on May 18, 2026)",2026-05-30T06:26:26.922537+00:00
https://www.rbi.org.in/scripts/bs_viewmasdirections.aspx?id=13045,https://www.rbi.org.in/Scripts/BS_ViewMasterDirections.aspx,2025,,Regional Rural Banks,2025-11-28,"Reserve Bank of India (Regional Rural Banks – Asset Liability Management) Directions, 2025",2026-05-30T06:26:26.922537+00:00
https://www.rbi.org.in/scripts/bs_viewmasdirections.aspx?id=13044,https://www.rbi.org.in/Scripts/BS_ViewMasterDirections.aspx,2025,,Regional Rural Banks,2025-11-28,"Reserve Bank of India (Regional Rural Banks – Income Recognition, Asset Classification and Provisioning) Directions, 2025",2026-05-30T06:26:26.922537+00:00
https://www.rbi.org.in/scripts/bs_viewmasdirections.aspx?id=13043,https://www.rbi.org.in/Scripts/BS_ViewMasterDirections.aspx,2025,,Regional Rural Banks,2025-11-28,"Reserve Bank of India (Regional Rural Banks – Resolution of Stressed Assets) Directions, 2025",2026-05-30T06:26:26.922537+00:00
https://www.rbi.org.in/scripts/bs_viewmasdirections.aspx?id=13042,https://www.rbi.org.in/Scripts/BS_ViewMasterDirections.aspx,2025,,Regional Rural Banks,2025-11-28,"Reserve Bank of India (Regional Rural Banks – Treatment of Wilful Defaulters and Large Defaulters) Directions, 2025",2026-05-30T06:26:26.922537+00:00
https://www.rbi.org.in/scripts/bs_viewmasdirections.aspx?id=13041,https://www.rbi.org.in/Scripts/BS_ViewMasterDirections.aspx,2025,,Regional Rural Banks,2025-11-28,"Reserve Bank of India (Regional Rural Banks – Financial Statements: Presentation and Disclosures) Directions, 2025 (Updated as on April 1, 2026)",2026-05-30T06:26:26.922537+00:00
https://www.rbi.org.in/scripts/bs_viewmasdirections.aspx?id=13040,https://www.rbi.org.in/Scripts/BS_ViewMasterDirections.aspx,2025,,Regional Rural Banks,2025-11-28,"Reserve Bank of India (Regional Rural Banks – Know Your Customer) Directions, 2025 (Updated as on December 29, 2025)",2026-05-30T06:26:26.922537+00:00
https://www.rbi.org.in/scripts/bs_viewmasdirections.aspx?id=13039,https://www.rbi.org.in/Scripts/BS_ViewMasterDirections.aspx,2025,,Regional Rural Banks,2025-11-28,"Reserve Bank of India (Regional Rural Banks – Responsible Business Conduct) Directions, 2025 (Updated as on April 1, 2026)",2026-05-30T06:26:26.922537+00:00
https://www.rbi.org.in/scripts/bs_viewmasdirections.aspx?id=13038,https://www.rbi.org.in/Scripts/BS_ViewMasterDirections.aspx,2025,,Regional Rural Banks,2025-11-28,"Reserve Bank of India (Regional Rural Banks – Miscellaneous) Directions, 2025",2026-05-30T06:26:26.922537+00:00
https://www.rbi.org.in/scripts/bs_viewmasdirections.aspx?id=13205,https://www.rbi.org.in/Scripts/BS_ViewMasterDirections.aspx,2025,,Rural Co-operative Banks,2025-11-28,"Reserve Bank of India (Rural Co-operative Banks - Branch Authorisation) Directions, 2025",2026-05-30T06:26:26.922537+00:00
https://www.rbi.org.in/scripts/bs_viewmasdirections.aspx?id=13202,https://www.rbi.org.in/Scripts/BS_ViewMasterDirections.aspx,2025,,Rural Co-operative Banks,2025-11-28,"Reserve Bank of India (Rural Co-operative Banks – Miscellaneous) Directions, 2025",2026-05-30T06:26:26.922537+00:00
https://www.rbi.org.in/scripts/bs_viewmasdirections.aspx?id=13010,https://www.rbi.org.in/Scripts/BS_ViewMasterDirections.aspx,2025,,Rural Co-operative Banks,2025-11-28,"Reserve Bank of India (Rural Co-operative Banks - Voluntary Amalgamation) Directions, 2025",2026-05-30T06:26:26.922537+00:00
https://www.rbi.org.in/scripts/bs_viewmasdirections.aspx?id=13008,https://www.rbi.org.in/Scripts/BS_ViewMasterDirections.aspx,2025,,Rural Co-operative Banks,2025-11-28,"Reserve Bank of India (Rural Co-operative Banks – Digital Banking Channels Authorisation) Directions, 2025",2026-05-30T06:26:26.922537+00:00
https://www.rbi.org.in/scripts/bs_viewmasdirections.aspx?id=13007,https://www.rbi.org.in/Scripts/BS_ViewMasterDirections.aspx,2025,,Rural Co-operative Banks,2025-11-28,"Reserve Bank of India (Rural Co-operative Banks – Undertaking of Financial Services) Directions, 2025 (Updated as on April 27, 2026)",2026-05-30T06:26:26.922537+00:00
https://www.rbi.org.in/scripts/bs_viewmasdirections.aspx?id=13006,https://www.rbi.org.in/Scripts/BS_ViewMasterDirections.aspx,2025,,Rural Co-operative Banks,2025-11-28,"Reserve Bank of India (Rural Co-operative Banks - Governance) Directions, 2025 (Updated as on May 25, 2026)",2026-05-30T06:26:26.922537+00:00
https://www.rbi.org.in/scripts/bs_viewmasdirections.aspx?id=13005,https://www.rbi.org.in/Scripts/BS_ViewMasterDirections.aspx,2025,,Rural Co-operative Banks,2025-11-28,"Reserve Bank of India (Rural Co-operative Banks – Cash Reserve Ratio and Statutory Liquidity Ratio) Directions, 2025 (Updated as on January 22, 2026)",2026-05-30T06:26:26.922537+00:00
https://www.rbi.org.in/scripts/bs_viewmasdirections.aspx?id=13004,https://www.rbi.org.in/Scripts/BS_ViewMasterDirections.aspx,2025,,Rural Co-operative Banks,2025-11-28,"Reserve Bank of India (Rural Co-operative Banks – Prudential Norms on Capital Adequacy) Directions, 2025 (Updated as on May 15, 2026)",2026-05-30T06:26:26.922537+00:00
https://www.rbi.org.in/scripts/bs_viewmasdirections.aspx?id=13003,https://www.rbi.org.in/Scripts/BS_ViewMasterDirections.aspx,2025,,Rural Co-operative Banks,2025-11-28,"Reserve Bank of India (Rural Co-operative Banks – Interest Rate on Deposits) Directions, 2025",2026-05-30T06:26:26.922537+00:00
https://www.rbi.org.in/scripts/bs_viewmasdirections.aspx?id=13002,https://www.rbi.org.in/Scripts/BS_ViewMasterDirections.aspx,2025,,Rural Co-operative Banks,2025-11-28,"Reserve Bank of India (Rural Co-operative Banks – Credit Facilities) Directions, 2025 (Updated as on April 01, 2026)",2026-05-30T06:26:26.922537+00:00
https://www.rbi.org.in/scripts/bs_viewmasdirections.aspx?id=13001,https://www.rbi.org.in/Scripts/BS_ViewMasterDirections.aspx,2025,,Rural Co-operative Banks,2025-11-28,"Reserve Bank of India (Rural Co-operative Banks – Debit Cards: Issuance and Conduct) Directions, 2025",2026-05-30T06:26:26.922537+00:00
https://www.rbi.org.in/scripts/bs_viewmasdirections.aspx?id=13000,https://www.rbi.org.in/Scripts/BS_ViewMasterDirections.aspx,2025,,Rural Co-operative Banks,2025-11-28,"Reserve Bank of India (Rural Co-operative Banks – Credit Information Reporting) Directions, 2025",2026-05-30T06:26:26.922537+00:00
https://www.rbi.org.in/scripts/bs_viewmasdirections.aspx?id=12999,https://www.rbi.org.in/Scripts/BS_ViewMasterDirections.aspx,2025,,Rural Co-operative Banks,2025-11-28,"Reserve Bank of India (Rural Co-operative Banks – Credit Risk Management) Directions, 2025 (Updated as on April 01, 2026)",2026-05-30T06:26:26.922537+00:00
https://www.rbi.org.in/scripts/bs_viewmasdirections.aspx?id=12998,https://www.rbi.org.in/Scripts/BS_ViewMasterDirections.aspx,2025,,Rural Co-operative Banks,2025-11-28,"Reserve Bank of India (Rural Co-operative Banks – Concentration Risk Management) Directions, 2025",2026-05-30T06:26:26.922537+00:00
https://www.rbi.org.in/scripts/bs_viewmasdirections.aspx?id=12997,https://www.rbi.org.in/Scripts/BS_ViewMasterDirections.aspx,2025,,Rural Co-operative Banks,2025-11-28,"Reserve Bank of India (Rural Co-operative Banks – Transfer and Distribution of Credit Risk) Directions, 2025",2026-05-30T06:26:26.922537+00:00
https://www.rbi.org.in/scripts/bs_viewmasdirections.aspx?id=12996,https://www.rbi.org.in/Scripts/BS_ViewMasterDirections.aspx,2025,,Rural Co-operative Banks,2025-11-28,"Reserve Bank of India (Rural Co-operative Banks – Interest Rates on Advances) Directions, 2025",2026-05-30T06:26:26.922537+00:00
https://www.rbi.org.in/scripts/bs_viewmasdirections.aspx?id=12995,https://www.rbi.org.in/Scripts/BS_ViewMasterDirections.aspx,2025,,Rural Co-operative Banks,2025-11-28,"Reserve Bank of India (Rural Co-operative Banks – Classification, Valuation and Operation of Investment Portfolio) Directions, 2025 (Updated as on May 18, 2026)",2026-05-30T06:26:26.922537+00:00
https://www.rbi.org.in/scripts/bs_viewmasdirections.aspx?id=12994,https://www.rbi.org.in/Scripts/BS_ViewMasterDirections.aspx,2025,,Rural Co-operative Banks,2025-11-28,"Reserve Bank of India (Rural Co-operative Banks – Asset Liability Management) Directions, 2025",2026-05-30T06:26:26.922537+00:00
https://www.rbi.org.in/scripts/bs_viewmasdirections.aspx?id=12993,https://www.rbi.org.in/Scripts/BS_ViewMasterDirections.aspx,2025,,Rural Co-operative Banks,2025-11-28,"Reserve Bank of India (Rural Co-operative Banks – Income Recognition, Asset Classification and Provisioning) Directions, 2025 (updated as on February 13, 2026)",2026-05-30T06:26:26.922537+00:00
https://www.rbi.org.in/scripts/bs_viewmasdirections.aspx?id=12992,https://www.rbi.org.in/Scripts/BS_ViewMasterDirections.aspx,2025,,Rural Co-operative Banks,2025-11-28,"Reserve Bank of India (Rural Co-operative Banks – Resolution of Stressed Assets) Directions, 2025",2026-05-30T06:26:26.922537+00:00
https://www.rbi.org.in/scripts/bs_viewmasdirections.aspx?id=12991,https://www.rbi.org.in/Scripts/BS_ViewMasterDirections.aspx,2025,,Rural Co-operative Banks,2025-11-28,"Reserve Bank of India (Rural Co-operative Banks – Treatment of Wilful Defaulters and Large Defaulters) Directions, 2025",2026-05-30T06:26:26.922537+00:00
https://www.rbi.org.in/scripts/bs_viewmasdirections.aspx?id=12990,https://www.rbi.org.in/Scripts/BS_ViewMasterDirections.aspx,2025,,Rural Co-operative Banks,2025-11-28,"Reserve Bank of India (Rural Co-operative Banks – Financial Statements: Presentation and Disclosures) Directions, 2025 (Updated as on April 1, 2026)",2026-05-30T06:26:26.922537+00:00
https://www.rbi.org.in/scripts/bs_viewmasdirections.aspx?id=12989,https://www.rbi.org.in/Scripts/BS_ViewMasterDirections.aspx,2025,,Rural Co-operative Banks,2025-11-28,"Reserve Bank of India (Rural Co-operative Banks – Prudential Norms on Declaration of Dividends) Directions, 2025",2026-05-30T06:26:26.922537+00:00
https://www.rbi.org.in/scripts/bs_viewmasdirections.aspx?id=12988,https://www.rbi.org.in/Scripts/BS_ViewMasterDirections.aspx,2025,,Rural Co-operative Banks,2025-11-28,"Reserve Bank of India (Rural Co-operative Banks – Know Your Customer) Directions, 2025 (Updated as on December 29, 2025)",2026-05-30T06:26:26.922537+00:00
https://www.rbi.org.in/scripts/bs_viewmasdirections.aspx?id=12987,https://www.rbi.org.in/Scripts/BS_ViewMasterDirections.aspx,2025,,Rural Co-operative Banks,2025-11-28,"Reserve Bank of India (Rural Co-operative Banks – Responsible Business Conduct) Directions, 2025 (Updated as on April 1, 2026)",2026-05-30T06:26:26.922537+00:00
https://www.rbi.org.in/scripts/bs_viewmasdirections.aspx?id=12986,https://www.rbi.org.in/Scripts/BS_ViewMasterDirections.aspx,2025,,Rural Co-operative Banks,2025-11-28,"Reserve Bank of India (Rural Co-operative Banks – Managing Risks in Outsourcing) Directions, 2025",2026-05-30T06:26:26.922537+00:00
https://www.rbi.org.in/scripts/bs_viewmasdirections.aspx?id=13135,https://www.rbi.org.in/Scripts/BS_ViewMasterDirections.aspx,2025,,Small Finance Banks,2025-11-28,"Reserve Bank of India (Small Finance Banks – Licensing) Guidelines, 2025",2026-05-30T06:26:26.922537+00:00
https://www.rbi.org.in/scripts/bs_viewmasdirections.aspx?id=13134,https://www.rbi.org.in/Scripts/BS_ViewMasterDirections.aspx,2025,,Small Finance Banks,2025-11-28,"Reserve Bank of India (Small Finance Banks – Acquisition and Holding of Shares or Voting Rights) Directions, 2025",2026-05-30T06:26:26.922537+00:00
https://www.rbi.org.in/scripts/bs_viewmasdirections.aspx?id=13133,https://www.rbi.org.in/Scripts/BS_ViewMasterDirections.aspx,2025,,Small Finance Banks,2025-11-28,"Reserve Bank of India (Small Finance Banks - Voluntary Amalgamation) Directions, 2025",2026-05-30T06:26:26.922537+00:00
https://www.rbi.org.in/scripts/bs_viewmasdirections.aspx?id=13132,https://www.rbi.org.in/Scripts/BS_ViewMasterDirections.aspx,2025,,Small Finance Banks,2025-11-28,"Reserve Bank of India (Small Finance Banks – Branch Authorisation) Directions, 2025",2026-05-30T06:26:26.922537+00:00
https://www.rbi.org.in/scripts/bs_viewmasdirections.aspx?id=13131,https://www.rbi.org.in/Scripts/BS_ViewMasterDirections.aspx,2025,,Small Finance Banks,2025-11-28,"Reserve Bank of India (Small Finance Banks – Digital Banking Channels Authorisation) Directions, 2025",2026-05-30T06:26:26.922537+00:00
https://www.rbi.org.in/scripts/bs_viewmasdirections.aspx?id=13130,https://www.rbi.org.in/Scripts/BS_ViewMasterDirections.aspx,2025,,Small Finance Banks,2025-11-28,"Reserve Bank of India (Small Finance Banks – Undertaking of Financial Services) Directions, 2025 (Updated as on April 27, 2026)",2026-05-30T06:26:26.922537+00:00
https://www.rbi.org.in/scripts/bs_viewmasdirections.aspx?id=13129,https://www.rbi.org.in/Scripts/BS_ViewMasterDirections.aspx,2025,,Small Finance Banks,2025-11-28,"Reserve Bank of India (Small Finance Banks – Governance) Directions, 2025",2026-05-30T06:26:26.922537+00:00
https://www.rbi.org.in/scripts/bs_viewmasdirections.aspx?id=13128,https://www.rbi.org.in/Scripts/BS_ViewMasterDirections.aspx,2025,,Small Finance Banks,2025-11-28,"Reserve Bank of India (Small Finance Banks – Cash Reserve Ratio and Statutory Liquidity Ratio) Directions, 2025 (Updated as on January 22, 2026)",2026-05-30T06:26:26.922537+00:00
https://www.rbi.org.in/scripts/bs_viewmasdirections.aspx?id=13127,https://www.rbi.org.in/Scripts/BS_ViewMasterDirections.aspx,2025,,Small Finance Banks,2025-11-28,"Reserve Bank of India (Small Finance Banks – Prudential Norms on Capital Adequacy) Directions, 2025 (Updated as on May 8, 2026)",2026-05-30T06:26:26.922537+00:00
https://www.rbi.org.in/scripts/bs_viewmasdirections.aspx?id=13126,https://www.rbi.org.in/Scripts/BS_ViewMasterDirections.aspx,2025,,Small Finance Banks,2025-11-28,"Reserve Bank of India (Small Finance Banks - Resource Raising Norms) Directions, 2025",2026-05-30T06:26:26.922537+00:00
https://www.rbi.org.in/scripts/bs_viewmasdirections.aspx?id=13125,https://www.rbi.org.in/Scripts/BS_ViewMasterDirections.aspx,2025,,Small Finance Banks,2025-11-28,"Reserve Bank of India (Small Finance Banks – Interest Rate on Deposits) Directions, 2025",2026-05-30T06:26:26.922537+00:00
https://www.rbi.org.in/scripts/bs_viewmasdirections.aspx?id=13124,https://www.rbi.org.in/Scripts/BS_ViewMasterDirections.aspx,2025,,Small Finance Banks,2025-11-28,"Reserve Bank of India (Small Finance Banks – Credit Facilities) Directions, 2025 (Updated as on April 01, 2026)",2026-05-30T06:26:26.922537+00:00
https://www.rbi.org.in/scripts/bs_viewmasdirections.aspx?id=13123,https://www.rbi.org.in/Scripts/BS_ViewMasterDirections.aspx,2025,,Small Finance Banks,2025-11-28,"Reserve Bank of India (Small Finance Banks – Credit Cards and Debit Cards: Issuance and Conduct) Directions, 2025",2026-05-30T06:26:26.922537+00:00
https://www.rbi.org.in/scripts/bs_viewmasdirections.aspx?id=13122,https://www.rbi.org.in/Scripts/BS_ViewMasterDirections.aspx,2025,,Small Finance Banks,2025-11-28,"Reserve Bank of India (Small Finance Banks – Credit Information Reporting) Directions, 2025",2026-05-30T06:26:26.922537+00:00
https://www.rbi.org.in/scripts/bs_viewmasdirections.aspx?id=13121,https://www.rbi.org.in/Scripts/BS_ViewMasterDirections.aspx,2025,,Small Finance Banks,2025-11-28,"Reserve Bank of India (Small Finance Banks – Credit Risk Management) Directions, 2025 (Updated as on April 01, 2026)",2026-05-30T06:26:26.922537+00:00
https://www.rbi.org.in/scripts/bs_viewmasdirections.aspx?id=13120,https://www.rbi.org.in/Scripts/BS_ViewMasterDirections.aspx,2025,,Small Finance Banks,2025-11-28,"Reserve Bank of India (Small Finance Banks – Concentration Risk Management) Directions, 2025 (Updated as on January 01, 2026)",2026-05-30T06:26:26.922537+00:00
https://www.rbi.org.in/scripts/bs_viewmasdirections.aspx?id=13119,https://www.rbi.org.in/Scripts/BS_ViewMasterDirections.aspx,2025,,Small Finance Banks,2025-11-28,"Reserve Bank of India (Small Finance Banks – Transfer and Distribution of Credit Risk) Directions, 2025",2026-05-30T06:26:26.922537+00:00
https://www.rbi.org.in/scripts/bs_viewmasdirections.aspx?id=13118,https://www.rbi.org.in/Scripts/BS_ViewMasterDirections.aspx,2025,,Small Finance Banks,2025-11-28,"Reserve Bank of India (Small Finance Banks – Securitisation Transactions) Directions, 2025",2026-05-30T06:26:26.922537+00:00
https://www.rbi.org.in/scripts/bs_viewmasdirections.aspx?id=13117,https://www.rbi.org.in/Scripts/BS_ViewMasterDirections.aspx,2025,,Small Finance Banks,2025-11-28,"Reserve Bank of India (Small Finance Banks – Interest Rates on Advances) Directions, 2025",2026-05-30T06:26:26.922537+00:00
https://www.rbi.org.in/scripts/bs_viewmasdirections.aspx?id=13116,https://www.rbi.org.in/Scripts/BS_ViewMasterDirections.aspx,2025,,Small Finance Banks,2025-11-28,"Reserve Bank of India (Small Finance Banks – Classification, Valuation and Operation of Investment Portfolio) Directions, 2025 (Updated as on May 18, 2026)",2026-05-30T06:26:26.922537+00:00
https://www.rbi.org.in/scripts/bs_viewmasdirections.aspx?id=13115,https://www.rbi.org.in/Scripts/BS_ViewMasterDirections.aspx,2025,,Small Finance Banks,2025-11-28,"Reserve Bank of India (Small Finance Banks – Asset Liability Management) Directions, 2025",2026-05-30T06:26:26.922537+00:00
https://www.rbi.org.in/scripts/bs_viewmasdirections.aspx?id=13114,https://www.rbi.org.in/Scripts/BS_ViewMasterDirections.aspx,2025,,Small Finance Banks,2025-11-28,"Reserve Bank of India (Small Finance Banks – Income Recognition, Asset Classification and Provisioning) Directions, 2025 (Updated as on January 01, 2026)",2026-05-30T06:26:26.922537+00:00
https://www.rbi.org.in/scripts/bs_viewmasdirections.aspx?id=13113,https://www.rbi.org.in/Scripts/BS_ViewMasterDirections.aspx,2025,,Small Finance Banks,2025-11-28,"Reserve Bank of India (Small Finance Banks – Resolution of Stressed Assets) Directions, 2025",2026-05-30T06:26:26.922537+00:00
https://www.rbi.org.in/scripts/bs_viewmasdirections.aspx?id=13112,https://www.rbi.org.in/Scripts/BS_ViewMasterDirections.aspx,2025,,Small Finance Banks,2025-11-28,"Reserve Bank of India (Small Finance Banks – Treatment of Wilful Defaulters and Large Defaulters) Directions, 2025",2026-05-30T06:26:26.922537+00:00
https://www.rbi.org.in/scripts/bs_viewmasdirections.aspx?id=13111,https://www.rbi.org.in/Scripts/BS_ViewMasterDirections.aspx,2025,,Small Finance Banks,2025-11-28,"Reserve Bank of India (Small Finance Banks - Financial Statements: Presentation and Disclosures) Directions, 2025 (Updated as on April 1, 2026)",2026-05-30T06:26:26.922537+00:00
https://www.rbi.org.in/scripts/bs_viewmasdirections.aspx?id=13109,https://www.rbi.org.in/Scripts/BS_ViewMasterDirections.aspx,2025,,Small Finance Banks,2025-11-28,"Reserve Bank of India (Small Finance Banks – Know Your Customer) Directions, 2025 (Updated as on December 29, 2025)",2026-05-30T06:26:26.922537+00:00
https://www.rbi.org.in/scripts/bs_viewmasdirections.aspx?id=13108,https://www.rbi.org.in/Scripts/BS_ViewMasterDirections.aspx,2025,,Small Finance Banks,2025-11-28,"Reserve Bank of India (Small Finance Banks – Responsible Business Conduct) Directions, 2025 (Updated as on April 1, 2026)",2026-05-30T06:26:26.922537+00:00
https://www.rbi.org.in/scripts/bs_viewmasdirections.aspx?id=13107,https://www.rbi.org.in/Scripts/BS_ViewMasterDirections.aspx,2025,,Small Finance Banks,2025-11-28,"Reserve Bank of India (Small Finance Banks – Managing Risks in Outsourcing) Directions, 2025",2026-05-30T06:26:26.922537+00:00
https://www.rbi.org.in/scripts/bs_viewmasdirections.aspx?id=13106,https://www.rbi.org.in/Scripts/BS_ViewMasterDirections.aspx,2025,,Small Finance Banks,2025-11-28,"Reserve Bank of India (Small Finance Banks – Climate Finance and Management of Climate Change Risks) Directions, 2025",2026-05-30T06:26:26.922537+00:00
https://www.rbi.org.in/scripts/bs_viewmasdirections.aspx?id=13105,https://www.rbi.org.in/Scripts/BS_ViewMasterDirections.aspx,2025,,Small Finance Banks,2025-11-28,"Reserve Bank of India (Small Finance Banks – Miscellaneous) Directions, 2025",2026-05-30T06:26:26.922537+00:00
https://www.rbi.org.in/scripts/bs_viewmasdirections.aspx?id=13204,https://www.rbi.org.in/Scripts/BS_ViewMasterDirections.aspx,2025,,Urban Co-operative Banks,2025-11-28,"Reserve Bank of India (Urban Co-operative Banks - Branch Authorisation) Directions, 2025",2026-05-30T06:26:26.922537+00:00
https://www.rbi.org.in/scripts/bs_viewmasdirections.aspx?id=13203,https://www.rbi.org.in/Scripts/BS_ViewMasterDirections.aspx,2025,,Urban Co-operative Banks,2025-11-28,"Reserve Bank of India (Urban Co-operative Banks – Licensing, Scheduling and Regulatory Classification) Guidelines, 2025",2026-05-30T06:26:26.922537+00:00
https://www.rbi.org.in/scripts/bs_viewmasdirections.aspx?id=13036,https://www.rbi.org.in/Scripts/BS_ViewMasterDirections.aspx,2025,,Urban Co-operative Banks,2025-11-28,"Reserve Bank of India (Urban Co-operative Banks – Voluntary Amalgamation) Directions, 2025",2026-05-30T06:26:26.922537+00:00
https://www.rbi.org.in/scripts/bs_viewmasdirections.aspx?id=13034,https://www.rbi.org.in/Scripts/BS_ViewMasterDirections.aspx,2025,,Urban Co-operative Banks,2025-11-28,"Reserve Bank of India (Urban Co-operative Banks – Digital Banking Channels Authorisation) Directions, 2025",2026-05-30T06:26:26.922537+00:00
https://www.rbi.org.in/scripts/bs_viewmasdirections.aspx?id=13033,https://www.rbi.org.in/Scripts/BS_ViewMasterDirections.aspx,2025,,Urban Co-operative Banks,2025-11-28,"Reserve Bank of India (Urban Co-operative Banks – Undertaking of Financial Services) Directions, 2025 (Updated as on April 27, 2026)",2026-05-30T06:26:26.922537+00:00
https://www.rbi.org.in/scripts/bs_viewmasdirections.aspx?id=13032,https://www.rbi.org.in/Scripts/BS_ViewMasterDirections.aspx,2025,,Urban Co-operative Banks,2025-11-28,"Reserve Bank of India (Urban Co-operative Banks - Governance) Directions, 2025 (Updated as on May 25, 2026)",2026-05-30T06:26:26.922537+00:00
https://www.rbi.org.in/scripts/bs_viewmasdirections.aspx?id=13031,https://www.rbi.org.in/Scripts/BS_ViewMasterDirections.aspx,2025,,Urban Co-operative Banks,2025-11-28,"Reserve Bank of India (Urban Co-operative Banks – Cash Reserve Ratio and Statutory Liquidity Ratio) Directions, 2025 (Updated as on January 22, 2026)",2026-05-30T06:26:26.922537+00:00
https://www.rbi.org.in/scripts/bs_viewmasdirections.aspx?id=13030,https://www.rbi.org.in/Scripts/BS_ViewMasterDirections.aspx,2025,,Urban Co-operative Banks,2025-11-28,"Reserve Bank of India (Urban Co-operative Banks – Prudential Norms on Capital Adequacy) Directions, 2025",2026-05-30T06:26:26.922537+00:00
https://www.rbi.org.in/scripts/bs_viewmasdirections.aspx?id=13029,https://www.rbi.org.in/Scripts/BS_ViewMasterDirections.aspx,2025,,Urban Co-operative Banks,2025-11-28,"Reserve Bank of India (Urban Co-operative Banks – Interest Rate on Deposits) Directions, 2025",2026-05-30T06:26:26.922537+00:00
https://www.rbi.org.in/scripts/bs_viewmasdirections.aspx?id=13028,https://www.rbi.org.in/Scripts/BS_ViewMasterDirections.aspx,2025,,Urban Co-operative Banks,2025-11-28,"Reserve Bank of India (Urban Co-operative Banks – Credit Facilities) Directions, 2025 (Updated as on April 01, 2026)",2026-05-30T06:26:26.922537+00:00
https://www.rbi.org.in/scripts/bs_viewmasdirections.aspx?id=13027,https://www.rbi.org.in/Scripts/BS_ViewMasterDirections.aspx,2025,,Urban Co-operative Banks,2025-11-28,"Reserve Bank of India (Urban Co-operative Banks – Credit Cards and Debit Cards: Issuance and Conduct) Directions, 2025",2026-05-30T06:26:26.922537+00:00
https://www.rbi.org.in/scripts/bs_viewmasdirections.aspx?id=13026,https://www.rbi.org.in/Scripts/BS_ViewMasterDirections.aspx,2025,,Urban Co-operative Banks,2025-11-28,"Reserve Bank of India (Urban Co-operative Banks – Credit Information Reporting) Directions, 2025",2026-05-30T06:26:26.922537+00:00
https://www.rbi.org.in/scripts/bs_viewmasdirections.aspx?id=13025,https://www.rbi.org.in/Scripts/BS_ViewMasterDirections.aspx,2025,,Urban Co-operative Banks,2025-11-28,"Reserve Bank of India (Urban Co-operative Banks – Credit Risk Management) Directions, 2025 (Updated as on April 01, 2026)",2026-05-30T06:26:26.922537+00:00
https://www.rbi.org.in/scripts/bs_viewmasdirections.aspx?id=13024,https://www.rbi.org.in/Scripts/BS_ViewMasterDirections.aspx,2025,,Urban Co-operative Banks,2025-11-28,"Reserve Bank of India (Urban Co-operative Banks – Concentration Risk Management) Directions, 2025",2026-05-30T06:26:26.922537+00:00
https://www.rbi.org.in/scripts/bs_viewmasdirections.aspx?id=13023,https://www.rbi.org.in/Scripts/BS_ViewMasterDirections.aspx,2025,,Urban Co-operative Banks,2025-11-28,"Reserve Bank of India (Urban Co-operative Banks – Transfer and Distribution of Credit Risk) Directions, 2025",2026-05-30T06:26:26.922537+00:00
https://www.rbi.org.in/scripts/bs_viewmasdirections.aspx?id=13022,https://www.rbi.org.in/Scripts/BS_ViewMasterDirections.aspx,2025,,Urban Co-operative Banks,2025-11-28,"Reserve Bank of India (Urban Co-operative Banks – Interest Rates on Advances) Directions, 2025",2026-05-30T06:26:26.922537+00:00
https://www.rbi.org.in/scripts/bs_viewmasdirections.aspx?id=13021,https://www.rbi.org.in/Scripts/BS_ViewMasterDirections.aspx,2025,,Urban Co-operative Banks,2025-11-28,"Reserve Bank of India (Urban Co-operative Banks – Classification, Valuation and Operation of Investment Portfolio) Directions, 2025 (Updated as on May 18, 2026)",2026-05-30T06:26:26.922537+00:00
https://www.rbi.org.in/scripts/bs_viewmasdirections.aspx?id=13020,https://www.rbi.org.in/Scripts/BS_ViewMasterDirections.aspx,2025,,Urban Co-operative Banks,2025-11-28,"Reserve Bank of India (Urban Co-operative Banks – Asset Liability Management) Directions, 2025",2026-05-30T06:26:26.922537+00:00
https://www.rbi.org.in/scripts/bs_viewmasdirections.aspx?id=13019,https://www.rbi.org.in/Scripts/BS_ViewMasterDirections.aspx,2025,,Urban Co-operative Banks,2025-11-28,"Reserve Bank of India (Urban Co-operative Banks – Income Recognition, Asset Classification and Provisioning) Directions, 2025",2026-05-30T06:26:26.922537+00:00
https://www.rbi.org.in/scripts/bs_viewmasdirections.aspx?id=13018,https://www.rbi.org.in/Scripts/BS_ViewMasterDirections.aspx,2025,,Urban Co-operative Banks,2025-11-28,"Reserve Bank of India (Urban Co-operative Banks – Resolution of Stressed Assets) Directions, 2025",2026-05-30T06:26:26.922537+00:00
https://www.rbi.org.in/scripts/bs_viewmasdirections.aspx?id=13017,https://www.rbi.org.in/Scripts/BS_ViewMasterDirections.aspx,2025,,Urban Co-operative Banks,2025-11-28,"Reserve Bank of India (Urban Co-operative Banks – Treatment of Wilful Defaulters and Large Defaulters) Directions, 2025",2026-05-30T06:26:26.922537+00:00
https://www.rbi.org.in/scripts/bs_viewmasdirections.aspx?id=13016,https://www.rbi.org.in/Scripts/BS_ViewMasterDirections.aspx,2025,,Urban Co-operative Banks,2025-11-28,"Reserve Bank of India (Urban Co-operative Banks – Financial Statements: Presentation and Disclosures) Directions, 2025 (Updated as on April 1, 2026)",2026-05-30T06:26:26.922537+00:00
https://www.rbi.org.in/scripts/bs_viewmasdirections.aspx?id=13015,https://www.rbi.org.in/Scripts/BS_ViewMasterDirections.aspx,2025,,Urban Co-operative Banks,2025-11-28,"Reserve Bank of India (Urban Co-operative Banks – Prudential Norms on Declaration of Dividends) Directions, 2025",2026-05-30T06:26:26.922537+00:00
https://www.rbi.org.in/scripts/bs_viewmasdirections.aspx?id=13014,https://www.rbi.org.in/Scripts/BS_ViewMasterDirections.aspx,2025,,Urban Co-operative Banks,2025-11-28,"Reserve Bank of India (Urban Co-operative Banks – Know Your Customer) Directions, 2025 (Updated as on December 29, 2025)",2026-05-30T06:26:26.922537+00:00
https://www.rbi.org.in/scripts/bs_viewmasdirections.aspx?id=13013,https://www.rbi.org.in/Scripts/BS_ViewMasterDirections.aspx,2025,,Urban Co-operative Banks,2025-11-28,"Reserve Bank of India (Urban Co-operative Banks – Responsible Business Conduct) Directions, 2025 (Updated as on April 1, 2026)",2026-05-30T06:26:26.922537+00:00
https://www.rbi.org.in/scripts/bs_viewmasdirections.aspx?id=13012,https://www.rbi.org.in/Scripts/BS_ViewMasterDirections.aspx,2025,,Urban Co-operative Banks,2025-11-28,"Reserve Bank of India (Urban Co-operative Banks – Managing Risks in Outsourcing) Directions, 2025",2026-05-30T06:26:26.922537+00:00
https://www.rbi.org.in/scripts/bs_viewmasdirections.aspx?id=13011,https://www.rbi.org.in/Scripts/BS_ViewMasterDirections.aspx,2025,,Urban Co-operative Banks,2025-11-28,"Reserve Bank of India (Urban Co-operative Banks – Miscellaneous) Directions, 2025",2026-05-30T06:26:26.922537+00:00
https://www.rbi.org.in/scripts/bs_viewmasdirections.aspx?id=12799,https://www.rbi.org.in/Scripts/BS_ViewMasterDirections.aspx,2025,,Financial Inclusion and Development,2025-03-24,"Master Directions - Reserve Bank of India (Priority Sector Lending – Targets and Classification) Directions, 2025 ( Updated as on January 19, 2026 )",2026-05-30T06:26:26.922537+00:00
https://www.rbi.org.in/scripts/bs_viewmasdirections.aspx?id=13214,https://www.rbi.org.in/Scripts/BS_ViewMasterDirections.aspx,2025,,Financial Market,2025-12-08,"Master Direction – Reserve Bank of India (Rupee Interest Rate Derivatives) Directions, 2025",2026-05-30T06:26:26.922537+00:00
https://www.rbi.org.in/scripts/bs_viewmasdirections.aspx?id=12920,https://www.rbi.org.in/Scripts/BS_ViewMasterDirections.aspx,2025,,Financial Market,2025-11-11,"Master Direction – Reserve Bank of India (Repurchase Transactions (Repo)) Directions, 2025",2026-05-30T06:26:26.922537+00:00
https://www.rbi.org.in/scripts/bs_viewmasdirections.aspx?id=12870,https://www.rbi.org.in/Scripts/BS_ViewMasterDirections.aspx,2025,,Financial Market,2025-06-16,"Master Direction – Reserve Bank of India (Electronic Trading Platforms) Directions, 2025",2026-05-30T06:26:26.922537+00:00
https://www.rbi.org.in/scripts/bs_viewmasdirections.aspx?id=13376,https://www.rbi.org.in/Scripts/BS_ViewMasterDirections.aspx,2025,,Financial Market,2025-02-07,"Master Direction - Reserve Bank of India (Access Criteria for NDS-OM) Directions, 2025 ( Updated as on April 27, 2026 )",2026-05-30T06:26:26.922537+00:00
https://www.rbi.org.in/scripts/bs_viewmasdirections.aspx?id=12765,https://www.rbi.org.in/Scripts/BS_ViewMasterDirections.aspx,2025,,Financial Market,2025-01-07,"Master Direction - Reserve Bank of India (Non-resident Investment in Debt Instruments) Directions, 2025 ( Updated as on April 10, 2026 )",2026-05-30T06:26:26.922537+00:00
https://www.rbi.org.in/scripts/bs_viewmasdirections.aspx?id=10190&fn=5&mode=0,https://www.rbi.org.in/Scripts/BS_ViewMasterDirections.aspx,2025,,Foreign Exchange Management,2025-04-22,"Master Direction- Compounding of Contraventions under FEMA, 1999, (Updated as on May 24, 2022)",2026-05-30T06:26:26.922537+00:00
https://www.rbi.org.in/scripts/bs_viewmasdirections.aspx?id=12843,https://www.rbi.org.in/Scripts/BS_ViewMasterDirections.aspx,2025,,Issuer of Currency,2025-04-25,"Master Direction on Framework of incentives for Currency Distribution & Exchange Scheme for bank branches including currency chests ( Updated as on September 29, 2025 )",2026-05-30T06:26:26.922537+00:00
https://www.rbi.org.in/scripts/bs_viewmasdirections.aspx?id=12818,https://www.rbi.org.in/Scripts/BS_ViewMasterDirections.aspx,2025,,Issuer of Currency,2025-04-01,Master Direction – Facility for Exchange of Notes and Coins,2026-05-30T06:26:26.922537+00:00
https://www.rbi.org.in/scripts/bs_viewmasdirections.aspx?id=12814,https://www.rbi.org.in/Scripts/BS_ViewMasterDirections.aspx,2025,,Issuer of Currency,2025-04-01,"Master Direction on Counterfeit Notes, 2025 – Detection, Reporting and Monitoring",2026-05-30T06:26:26.922537+00:00
https://www.rbi.org.in/scripts/bs_viewmasdirections.aspx?id=12810,https://www.rbi.org.in/Scripts/BS_ViewMasterDirections.aspx,2025,,Issuer of Currency,2025-04-01,Master Direction – Scheme of Penalties for bank branches and currency chests for deficiency in rendering customer service to the members of public,2026-05-30T06:26:26.922537+00:00
https://www.rbi.org.in/scripts/bs_viewmasdirections.aspx?id=12809,https://www.rbi.org.in/Scripts/BS_ViewMasterDirections.aspx,2025,,Issuer of Currency,2025-04-01,Master Direction on Penal Provisions in reporting of transactions / balances at Currency Chests,2026-05-30T06:26:26.922537+00:00
https://www.rbi.org.in/scripts/bs_viewmasdirections.aspx?id=12898,https://www.rbi.org.in/Scripts/BS_ViewMasterDirections.aspx,2025,,Payment and Settlement System,2025-09-25,"Reserve Bank of India (Authentication mechanisms for digital payment transactions) Directions, 2025",2026-05-30T06:26:26.922537+00:00
https://www.rbi.org.in/scripts/bs_viewmasdirections.aspx?id=12896,https://www.rbi.org.in/Scripts/BS_ViewMasterDirections.aspx,2025,,Payment and Settlement System,2025-09-15,Master Direction on Regulation of Payment Aggregator (PA),2026-05-30T06:26:26.922537+00:00
https://www.rbi.org.in/scripts/bs_viewmasdirections.aspx?id=12703,https://www.rbi.org.in/Scripts/BS_ViewMasterDirections.aspx,2024,,Co-operative Banking,2024-07-15,Master Directions on Fraud Risk Management in Urban Cooperative Banks (UCBs) / State Cooperative Banks (StCBs) / Central Cooperative Banks (CCBs),2026-05-30T06:26:30.039073+00:00
https://www.rbi.org.in/scripts/bs_viewmasdirections.aspx?id=12702,https://www.rbi.org.in/Scripts/BS_ViewMasterDirections.aspx,2024,,Commercial Banking,2024-07-15,Master Directions on Fraud Risk Management in Commercial Banks (including Regional Rural Banks) and All India Financial Institutions,2026-05-30T06:26:30.039073+00:00
https://www.rbi.org.in/scripts/bs_viewmasdirections.aspx?id=12613,https://www.rbi.org.in/Scripts/BS_ViewMasterDirections.aspx,2024,,Commercial Banking,2024-02-27,Master Direction – Reserve Bank of India (Filing of Supervisory Returns) Directions - 2024,2026-05-30T06:26:30.039073+00:00
https://www.rbi.org.in/scripts/bs_viewmasdirections.aspx?id=12704,https://www.rbi.org.in/Scripts/BS_ViewMasterDirections.aspx,2024,,Non-Banking,2024-07-15,Master Directions on Fraud Risk Management in Non-Banking Financial Companies (NBFCs) (including Housing Finance Companies),2026-05-30T06:26:30.039073+00:00
https://www.rbi.org.in/scripts/bs_viewmasdirections.aspx?id=12742,https://www.rbi.org.in/Scripts/BS_ViewMasterDirections.aspx,2024,,Financial Market,2024-10-18,"Reserve Bank of India (Access Criteria for NDS-OM) Directions, 2024",2026-05-30T06:26:30.039073+00:00
https://www.rbi.org.in/scripts/bs_viewmasdirections.aspx?id=12682,https://www.rbi.org.in/Scripts/BS_ViewMasterDirections.aspx,2024,,Financial Market,2024-05-08,"Master Direction – Reserve Bank of India (Margining for Non-Centrally Cleared OTC Derivatives) Directions, 2024 ( Updated as on February 21, 2025 )",2026-05-30T06:26:30.039073+00:00
https://www.rbi.org.in/scripts/bs_viewmasdirections.aspx?id=12592,https://www.rbi.org.in/Scripts/BS_ViewMasterDirections.aspx,2024,,Financial Market,2024-01-03,"Master Direction – Reserve Bank of India (Commercial Paper and Non-Convertible Debentures of original or initial maturity upto one year) Directions, 2024",2026-05-30T06:26:30.039073+00:00
https://www.rbi.org.in/scripts/bs_viewmasdirections.aspx?id=12710,https://www.rbi.org.in/Scripts/BS_ViewMasterDirections.aspx,2024,,Foreign Exchange Management,2024-07-24,"Master Direction - Overseas Investment ( Updated as on April 01, 2026 )",2026-05-30T06:26:30.039073+00:00
https://www.rbi.org.in/scripts/bs_viewmasdirections.aspx?id=12653,https://www.rbi.org.in/Scripts/BS_ViewMasterDirections.aspx,2024,,Issuer of Currency,2024-04-01,"Master Direction on Counterfeit Notes, 2024 – Detection, Reporting and Monitoring",2026-05-30T06:26:30.039073+00:00
https://www.rbi.org.in/scripts/bs_viewmasdirections.aspx?id=12648,https://www.rbi.org.in/Scripts/BS_ViewMasterDirections.aspx,2024,,Issuer of Currency,2024-04-01,Master Direction on Penal Provisions in reporting of transactions / balances at Currency Chests,2026-05-30T06:26:30.039073+00:00
https://www.rbi.org.in/scripts/bs_viewmasdirections.aspx?id=12646,https://www.rbi.org.in/Scripts/BS_ViewMasterDirections.aspx,2024,,Issuer of Currency,2024-04-01,Master Direction on Framework of incentives for Currency Distribution & Exchange Scheme for bank branches including currency chests,2026-05-30T06:26:30.039073+00:00
https://www.rbi.org.in/scripts/bs_viewmasdirections.aspx?id=12645,https://www.rbi.org.in/Scripts/BS_ViewMasterDirections.aspx,2024,,Issuer of Currency,2024-04-01,Master Direction – Scheme of Penalties for bank branches and Currency Chests for deficiency in rendering customer service to the members of public,2026-05-30T06:26:30.039073+00:00
https://www.rbi.org.in/scripts/bs_viewmasdirections.aspx?id=12715,https://www.rbi.org.in/Scripts/BS_ViewMasterDirections.aspx,2024,,Payment and Settlement System,2024-07-30,Master Directions on Cyber Resilience and Digital Payment Security Controls for non-bank Payment System Operators,2026-05-30T06:26:30.039073+00:00
https://www.rbi.org.in/scripts/bs_viewmasdirections.aspx?id=12616,https://www.rbi.org.in/Scripts/BS_ViewMasterDirections.aspx,2024,,Payment and Settlement System,2024-02-29,"Master Direction – Reserve Bank of India (Bharat Bill Payment System) Directions, 2024",2026-05-30T06:26:30.039073+00:00
https://www.rbi.org.in/scripts/bs_viewmasdirections.aspx?id=12586,https://www.rbi.org.in/Scripts/BS_ViewMasterDirections.aspx,2023,,Consumer Education and Protection,2023-12-29,"Master Direction - Reserve Bank of India (Internal Ombudsman for Regulated Entities) Directions, 2023",2026-05-30T06:26:33.918237+00:00
https://www.rbi.org.in/scripts/bs_viewmasdirections.aspx?id=12562,https://www.rbi.org.in/Scripts/BS_ViewMasterDirections.aspx,2023,,Commercial Banking,2023-11-07,"Master Direction on Information Technology Governance, Risk, Controls and Assurance Practices",2026-05-30T06:26:33.918237+00:00
https://www.rbi.org.in/scripts/bs_viewmasdirections.aspx?id=12483,https://www.rbi.org.in/Scripts/BS_ViewMasterDirections.aspx,2023,,Issuer of Currency,2023-04-03,Master Direction on Framework of Incentives for Currency Distribution & Exchange Scheme for bank branches including currency chests based on performance in rendering customer service to the members of public,2026-05-30T06:26:33.918237+00:00
https://www.rbi.org.in/scripts/bs_viewmasdirections.aspx?id=12482,https://www.rbi.org.in/Scripts/BS_ViewMasterDirections.aspx,2023,,Issuer of Currency,2023-04-03,Master Direction – Scheme of Penalties for bank branches and Currency Chests for deficiency in rendering customer service to the members of public,2026-05-30T06:26:33.918237+00:00
https://www.rbi.org.in/scripts/bs_viewmasdirections.aspx?id=12481,https://www.rbi.org.in/Scripts/BS_ViewMasterDirections.aspx,2023,,Issuer of Currency,2023-04-03,Master Direction on Penal Provisions in reporting of transactions/ balances at Currency Chests,2026-05-30T06:26:33.918237+00:00
https://www.rbi.org.in/scripts/bs_viewmasdirections.aspx?id=12480,https://www.rbi.org.in/Scripts/BS_ViewMasterDirections.aspx,2023,,Issuer of Currency,2023-04-03,"Master Direction on Counterfeit Notes, 2023 - Detection, Reporting and Monitoring",2026-05-30T06:26:33.918237+00:00
https://www.rbi.org.in/scripts/bs_viewmasdirections.aspx?id=12479,https://www.rbi.org.in/Scripts/BS_ViewMasterDirections.aspx,2023,,Issuer of Currency,2023-04-03,"Master Direction – Facility for Exchange of Notes and Coins (Updated as on May 15, 2023)",2026-05-30T06:26:33.918237+00:00
https://www.rbi.org.in/scripts/bs_viewmasdirections.aspx?id=12427,https://www.rbi.org.in/Scripts/BS_ViewMasterDirections.aspx,2022,,Financial Market,2022-12-12,"Master Direction – Foreign Exchange Management (Hedging of Commodity Price Risk and Freight Risk in Overseas Markets) Directions, 2022 (Updated as on April 15, 2024)",2026-05-30T06:26:37.171845+00:00
https://www.rbi.org.in/scripts/bs_viewmasdirections.aspx?id=12328,https://www.rbi.org.in/Scripts/BS_ViewMasterDirections.aspx,2022,,Financial Market,2022-06-01,"Master Direction – Reserve Bank of India (Variation Margin) Directions, 2022",2026-05-30T06:26:37.171845+00:00
https://www.rbi.org.in/scripts/bs_viewmasdirections.aspx?id=12226,https://www.rbi.org.in/Scripts/BS_ViewMasterDirections.aspx,2022,,Financial Market,2022-02-10,"Master Direction – Reserve Bank of India (Credit Derivatives) Directions, 2022 ( Updated as on January 01, 2025 )",2026-05-30T06:26:37.171845+00:00
https://www.rbi.org.in/scripts/bs_viewmasdirections.aspx?id=12270,https://www.rbi.org.in/Scripts/BS_ViewMasterDirections.aspx,2022,,Issuer of Currency,2022-04-01,Master Direction on Penal Provisions in deficiencies in reporting of transactions/ balances at Currency Chests,2026-05-30T06:26:37.171845+00:00
https://www.rbi.org.in/scripts/bs_viewmasdirections.aspx?id=12269,https://www.rbi.org.in/Scripts/BS_ViewMasterDirections.aspx,2022,,Issuer of Currency,2022-04-01,Master Direction on Framework of Incentives for Currency Distribution & Exchange Scheme for bank branches including currency chests based on performance in rendering customer service to the members of public,2026-05-30T06:26:37.171845+00:00
https://www.rbi.org.in/scripts/bs_viewmasdirections.aspx?id=12032,https://www.rbi.org.in/Scripts/BS_ViewMasterDirections.aspx,2021,,Commercial Banking,2021-02-18,Master Direction on Digital Payment Security Controls,2026-05-30T06:26:40.232739+00:00
https://www.rbi.org.in/scripts/bs_viewmasdirections.aspx?id=12163,https://www.rbi.org.in/Scripts/BS_ViewMasterDirections.aspx,2021,,Financial Market,2021-09-16,"Master Direction – Reserve Bank of India (Market-makers in OTC Derivatives) Directions, 2021 ( Updated as on February 21, 2025 )",2026-05-30T06:26:40.232739+00:00
https://www.rbi.org.in/scripts/bs_viewmasdirections.aspx?id=12108,https://www.rbi.org.in/Scripts/BS_ViewMasterDirections.aspx,2021,,Financial Market,2021-06-04,"Master Direction – Reserve Bank of India (Certificate of Deposit) Directions, 2021",2026-05-30T06:26:40.232739+00:00
https://www.rbi.org.in/scripts/bs_viewmasdirections.aspx?id=12061,https://www.rbi.org.in/Scripts/BS_ViewMasterDirections.aspx,2021,,Financial Market,2021-04-01,"Master Direction - Reserve Bank of India (Call, Notice and Term Money Markets) Directions, 2021 (Updated as on June 08, 2023)",2026-05-30T06:26:40.232739+00:00
https://www.rbi.org.in/scripts/bs_viewmasdirections.aspx?id=12056,https://www.rbi.org.in/Scripts/BS_ViewMasterDirections.aspx,2021,,Issuer of Currency,2021-04-01,Master Direction on Levy of Penal Interest for Delayed Reporting / Wrong Reporting / Non-Reporting of Currency Chest Transactions and Inclusion of Ineligible Amounts in Currency Chest Balances,2026-05-30T06:26:40.232739+00:00
https://www.rbi.org.in/scripts/bs_viewmasdirections.aspx?id=12055,https://www.rbi.org.in/Scripts/BS_ViewMasterDirections.aspx,2021,,Issuer of Currency,2021-04-01,Master Direction on “Currency Distribution & Exchange Scheme (CDES)” for bank branches including currency chests based on performance in rendering customer service to members of public,2026-05-30T06:26:40.232739+00:00
https://www.rbi.org.in/scripts/bs_viewmasdirections.aspx?id=12156,https://www.rbi.org.in/Scripts/BS_ViewMasterDirections.aspx,2021,,Payment and Settlement System,2021-08-27,"Master Directions on Prepaid Payment Instruments (PPIs) ( Updated as on December 27, 2024 )",2026-05-30T06:26:40.232739+00:00
https://www.rbi.org.in/scripts/bs_viewmasdirections.aspx?id=12799,https://www.rbi.org.in/Scripts/BS_ViewMasterDirections.aspx,2020,,Financial Inclusion and Development,2020-09-04,"Master Directions - Reserve Bank of India (Priority Sector Lending – Targets and Classification) Directions, 2025",2026-05-30T06:26:44.927154+00:00
https://www.rbi.org.in/scripts/bs_viewmasdirections.aspx?id=11644,https://www.rbi.org.in/Scripts/BS_ViewMasterDirections.aspx,2019,,Financial Inclusion and Development,2019-08-01,"Master Direction – Priority Sector Lending – Small Finance Banks – Targets and Classification (Updated as on March 12, 2020)",2026-05-30T06:26:48.083761+00:00
https://www.rbi.org.in/scripts/bs_viewmasdirections.aspx?id=11604,https://www.rbi.org.in/Scripts/BS_ViewMasterDirections.aspx,2019,,Financial Inclusion and Development,2019-06-27,"Master Direction - Regional Rural Banks - Priority Sector Lending – Targets and Classification (Updated as on June 18, 2019)",2026-05-30T06:26:48.083761+00:00
https://www.rbi.org.in/scripts/bs_viewmasdirections.aspx?id=10204,https://www.rbi.org.in/Scripts/BS_ViewMasterDirections.aspx,2019,,Foreign Exchange Management,2019-03-26,"Master Direction - External Commercial Borrowings, Trade Credit, Borrowing and Lending in Foreign Currency by Authorised Dealers and Persons other than Authorised Dealers (Updated as on November 22, 2018))",2026-05-30T06:26:48.083761+00:00
https://www.rbi.org.in/scripts/bs_viewmasdirections.aspx?id=11621,https://www.rbi.org.in/Scripts/BS_ViewMasterDirections.aspx,2019,,Issuer of Currency,2019-07-01,"Master Direction on Currency Distribution & Exchange Scheme (CDES) based on performance in rendering customer service to the members of public (Updated as on January 6, 2020)",2026-05-30T06:26:48.083761+00:00
https://www.rbi.org.in/scripts/bs_viewmasdirections.aspx?id=11620,https://www.rbi.org.in/Scripts/BS_ViewMasterDirections.aspx,2019,,Issuer of Currency,2019-07-01,"Master Direction on Levy of Penal Interest for Delayed Reporting / Wrong Reporting / Non-Reporting of Currency Chest Transactions and Inclusion of Ineligible Amounts in Currency Chest Balances (Updated as on October 03, 2019)",2026-05-30T06:26:48.083761+00:00
https://www.rbi.org.in/scripts/bs_viewmasdirections.aspx?id=11322,https://www.rbi.org.in/Scripts/BS_ViewMasterDirections.aspx,2018,,Banker and Debt Manager to Government,2018-07-03,Master Directions on Relief/Savings Bonds,2026-05-30T06:26:52.658447+00:00
https://www.rbi.org.in/scripts/bs_viewmasdirections.aspx?id=11395,https://www.rbi.org.in/Scripts/BS_ViewMasterDirections.aspx,2018,,Financial Inclusion and Development,2018-10-17,Master Direction – Reserve Bank of India (Relief Measures by Banks in Areas affected by Natural Calamities) Directions 2018 – RRBs,2026-05-30T06:26:52.658447+00:00
https://www.rbi.org.in/scripts/bs_viewmasdirections.aspx?id=11394,https://www.rbi.org.in/Scripts/BS_ViewMasterDirections.aspx,2018,,Financial Inclusion and Development,2018-10-17,Master Direction – Reserve Bank of India (Relief Measures by Banks in Areas affected by Natural Calamities) Directions 2018 – SCBs,2026-05-30T06:26:52.658447+00:00
https://www.rbi.org.in/scripts/bs_viewmasdirections.aspx?id=11200,https://www.rbi.org.in/Scripts/BS_ViewMasterDirections.aspx,2018,,Foreign Exchange Management,2018-01-04,"Master Direction – Foreign Investment in India ( Updated as on January 20, 2025 )",2026-05-30T06:26:52.658447+00:00
https://www.rbi.org.in/scripts/bs_viewmasdirections.aspx?id=11328,https://www.rbi.org.in/Scripts/BS_ViewMasterDirections.aspx,2018,,Issuer of Currency,2018-07-05,Master Direction on Currency Distribution & Exchange Scheme (CDES) based on performance in rendering customer service to the members of public,2026-05-30T06:26:52.658447+00:00
https://www.rbi.org.in/scripts/bs_viewmasdirections.aspx?id=11327,https://www.rbi.org.in/Scripts/BS_ViewMasterDirections.aspx,2018,,Issuer of Currency,2018-07-05,Master Direction on Levy of Penal Interest for Delayed Reporting / Wrong Reporting / Non-Reporting of Currency Chest Transactions and Inclusion of Ineligible Amounts in Currency Chest Balances,2026-05-30T06:26:52.658447+00:00
https://www.rbi.org.in/scripts/bs_viewmasdirections.aspx?id=10999,https://www.rbi.org.in/Scripts/BS_ViewMasterDirections.aspx,2017,,Non-Banking,2017-06-08,Master Direction - Information Technology Framework for the NBFC Sector,2026-05-30T06:26:56.059078+00:00
https://www.rbi.org.in/scripts/bs_viewmasdirections.aspx?id=11060,https://www.rbi.org.in/Scripts/BS_ViewMasterDirections.aspx,2017,,Financial Inclusion and Development,2017-07-24,"Master Direction - Lending to Micro, Small & Medium Enterprises (MSME) Sector ( Updated as on February 09, 2026 )",2026-05-30T06:26:56.059078+00:00
https://www.rbi.org.in/scripts/bs_viewmasdirections.aspx?id=11037,https://www.rbi.org.in/Scripts/BS_ViewMasterDirections.aspx,2017,,Financial Inclusion and Development,2017-07-05,Master Direction – Reserve Bank of India (Relief Measures by banks in areas affected by Natural Calamities) Directions 2017,2026-05-30T06:26:56.059078+00:00
https://www.rbi.org.in/scripts/bs_viewmasdirections.aspx?id=10868,https://www.rbi.org.in/Scripts/BS_ViewMasterDirections.aspx,2017,,Foreign Exchange Management,2017-02-23,"Master Direction – Money Transfer Service Scheme (MTSS) ( Updated as on November 28, 2025 )",2026-05-30T06:26:56.059078+00:00
https://www.rbi.org.in/scripts/bs_viewmasdirections.aspx?id=11148,https://www.rbi.org.in/Scripts/BS_ViewMasterDirections.aspx,2017,,Issuer of Currency,2017-10-12,Master Direction on Levy of Penal Interest for Delayed Reporting/Wrong Reporting/Non-Reporting of Currency Chest Transactions and Inclusion of Ineligible Amounts in Currency Chest Balances,2026-05-30T06:26:56.059078+00:00
https://www.rbi.org.in/scripts/bs_viewmasdirections.aspx?id=10833,https://www.rbi.org.in/Scripts/BS_ViewMasterDirections.aspx,2017,,Payment and Settlement System,2017-01-19,"Master Directions on Access Criteria for Payment Systems (Updated as on July 28, 2021)",2026-05-30T06:26:56.059078+00:00
https://www.rbi.org.in/scripts/bs_viewmasdirections.aspx?id=10479,https://www.rbi.org.in/Scripts/BS_ViewMasterDirections.aspx,2016,,Banker and Debt Manager to Government,2016-07-01,Master Directions on Relief/Savings Bonds,2026-05-30T06:27:00.511654+00:00
https://www.rbi.org.in/scripts/bs_viewmasdirections.aspx?id=10476,https://www.rbi.org.in/Scripts/BS_ViewMasterDirections.aspx,2016,,Banker and Debt Manager to Government,2016-07-01,"Master Direction – Operational Guidelines for Primary Dealers (Updated as on November 22, 2018)",2026-05-30T06:27:00.511654+00:00
https://www.rbi.org.in/scripts/bs_viewmasdirections.aspx?id=10477,https://www.rbi.org.in/Scripts/BS_ViewMasterDirections.aspx,2016,,Commercial Banking,2016-07-01,"Master Directions on Frauds – Classification and Reporting by commercial banks and select FIs (Updated as on July 03, 2017)",2026-05-30T06:27:00.511654+00:00
https://www.rbi.org.in/scripts/bs_viewmasdirections.aspx?id=10621,https://www.rbi.org.in/Scripts/BS_ViewMasterDirections.aspx,2016,,Non-Banking,2016-09-29,"Master Direction - Non-Banking Financial Companies Auditor’s Report (Reserve Bank) Directions, 2016",2026-05-30T06:27:00.511654+00:00
https://www.rbi.org.in/scripts/bs_viewmasdirections.aspx?id=10620,https://www.rbi.org.in/Scripts/BS_ViewMasterDirections.aspx,2016,,Non-Banking,2016-09-29,"Master Direction- Non-Banking Financial Company Returns (Reserve Bank) Directions, 2016",2026-05-30T06:27:00.511654+00:00
https://www.rbi.org.in/scripts/bs_viewmasdirections.aspx?id=10523,https://www.rbi.org.in/Scripts/BS_ViewMasterDirections.aspx,2016,,Financial Inclusion and Development,2016-07-21,"Master Direction - Lending to Micro, Small & Medium Enterprises (MSME) Sector",2026-05-30T06:27:00.511654+00:00
https://www.rbi.org.in/scripts/bs_viewmasdirections.aspx?id=10497,https://www.rbi.org.in/Scripts/BS_ViewMasterDirections.aspx,2016,,Financial Inclusion and Development,2016-07-07,"Master Direction - Priority Sector Lending – Targets and Classification (Updated as on December 05, 2019)",2026-05-30T06:27:00.511654+00:00
https://www.rbi.org.in/scripts/bs_viewmasdirections.aspx?id=10496,https://www.rbi.org.in/Scripts/BS_ViewMasterDirections.aspx,2016,,Financial Inclusion and Development,2016-07-07,Master Direction - Regional Rural Banks - Priority Sector Lending – Targets and Classification,2026-05-30T06:27:00.511654+00:00
https://www.rbi.org.in/scripts/bs_viewmasdirections.aspx?id=10478,https://www.rbi.org.in/Scripts/BS_ViewMasterDirections.aspx,2016,,Financial Inclusion and Development,2016-07-01,"Master Direction - Reserve Bank of India (Relief Measures by Banks in Areas Affected by Natural Calamities) Directions, 2016",2026-05-30T06:27:00.511654+00:00
https://www.rbi.org.in/scripts/bs_viewmasdirections.aspx?id=10495,https://www.rbi.org.in/Scripts/BS_ViewMasterDirections.aspx,2016,,Financial Market,2016-07-07,"Master Direction on Money Market Instruments: Call/Notice Money Market, Commercial Paper, Certificates of Deposit and Non-Convertible Debentures (original maturity up to one year) ( This Master Direction has been superseded )",2026-05-30T06:27:00.511654+00:00
https://www.rbi.org.in/scripts/bs_viewmasdirections.aspx?id=10485,https://www.rbi.org.in/Scripts/BS_ViewMasterDirections.aspx,2016,,Financial Market,2016-07-05,"Master Direction - Risk Management and Inter-Bank Dealings ( Updated as on September 22, 2025 )",2026-05-30T06:27:00.511654+00:00
https://www.rbi.org.in/scripts/bs_viewmasdirections.aspx?id=10738,https://www.rbi.org.in/Scripts/BS_ViewMasterDirections.aspx,2016,,Foreign Exchange Management,2016-11-17,"Master Direction - Insurance (Updated as on December 07, 2021)",2026-05-30T06:27:00.511654+00:00
https://www.rbi.org.in/scripts/bs_viewmasdirections.aspx?id=11518,https://www.rbi.org.in/Scripts/BS_ViewMasterDirections.aspx,2016,,Foreign Exchange Management,2016-01-04,"Master Direction - Money Changing Activities ( Updated as on May 06, 2026 )",2026-05-30T06:27:00.511654+00:00
https://www.rbi.org.in/scripts/bs_viewmasdirections.aspx?id=10637,https://www.rbi.org.in/Scripts/BS_ViewMasterDirections.aspx,2016,,Foreign Exchange Management,2016-01-04,"Master Direction – Direct Investment by Residents in Joint Venture (JV) / Wholly Owned Subsidiary (WOS) Abroad (Updated as on June 24, 2021)",2026-05-30T06:27:00.511654+00:00
https://www.rbi.org.in/scripts/bs_viewmasdirections.aspx?id=10404,https://www.rbi.org.in/Scripts/BS_ViewMasterDirections.aspx,2016,,Foreign Exchange Management,2016-01-04,"Master Direction - Establishment of Branch Office (BO)/ Liaison Office (LO)/ Project Office (PO) or any other place of business in India by foreign entities (Updated as on May 18, 2021)",2026-05-30T06:27:00.511654+00:00
https://www.rbi.org.in/scripts/bs_viewmasdirections.aspx?id=10395,https://www.rbi.org.in/Scripts/BS_ViewMasterDirections.aspx,2016,,Foreign Exchange Management,2016-01-04,"Master Direction – Export of Goods and Services ( Updated as on January 12, 2026 )",2026-05-30T06:27:00.511654+00:00
https://www.rbi.org.in/scripts/bs_viewmasdirections.aspx?id=10206,https://www.rbi.org.in/Scripts/BS_ViewMasterDirections.aspx,2016,,Foreign Exchange Management,2016-01-04,"Master Direction - Money Changing Activities (Updated as on December 8, 2017)",2026-05-30T06:27:00.511654+00:00
https://www.rbi.org.in/scripts/bs_viewmasdirections.aspx?id=10205,https://www.rbi.org.in/Scripts/BS_ViewMasterDirections.aspx,2016,,Foreign Exchange Management,2016-01-04,"Master Direction – Opening and Maintenance of Rupee/Foreign Currency Vostro Accounts of Non-resident Exchange Houses (Updated as on December 22, 2022)",2026-05-30T06:27:00.511654+00:00
https://www.rbi.org.in/scripts/bs_viewmasdirections.aspx?id=10204,https://www.rbi.org.in/Scripts/BS_ViewMasterDirections.aspx,2016,,Foreign Exchange Management,2016-01-04,"Master Direction - External Commercial Borrowings, Trade Credit, Borrowing and Lending in Foreign Currency by Authorised Dealers and Persons other than Authorised Dealers (Updated as on November 22, 2018)",2026-05-30T06:27:00.511654+00:00
https://www.rbi.org.in/scripts/bs_viewmasdirections.aspx?id=10203,https://www.rbi.org.in/Scripts/BS_ViewMasterDirections.aspx,2016,,Foreign Exchange Management,2016-01-04,"Master Direction - Miscellaneous ( Updated as on May 13, 2026 )",2026-05-30T06:27:00.511654+00:00
https://www.rbi.org.in/scripts/bs_viewmasdirections.aspx?id=10202,https://www.rbi.org.in/Scripts/BS_ViewMasterDirections.aspx,2016,,Foreign Exchange Management,2016-01-04,"Master Direction – Reporting under Foreign Exchange Management Act, 1999 ( Updated as on April 01, 2026 )",2026-05-30T06:27:00.511654+00:00
https://www.rbi.org.in/scripts/bs_viewmasdirections.aspx?id=10201,https://www.rbi.org.in/Scripts/BS_ViewMasterDirections.aspx,2016,,Foreign Exchange Management,2016-01-04,"Master Direction – Import of Goods and Services ( Updated as on January 12, 2026 )",2026-05-30T06:27:00.511654+00:00
https://www.rbi.org.in/scripts/bs_viewmasdirections.aspx?id=10200,https://www.rbi.org.in/Scripts/BS_ViewMasterDirections.aspx,2016,,Foreign Exchange Management,2016-01-04,"Master Direction – Export of Goods and Services (Updated as on March 23, 2016)",2026-05-30T06:27:00.511654+00:00
https://www.rbi.org.in/scripts/bs_viewmasdirections.aspx?id=10199,https://www.rbi.org.in/Scripts/BS_ViewMasterDirections.aspx,2016,,Foreign Exchange Management,2016-01-04,Master Direction – Direct Investment by Residents in Joint Venture (JV) / Wholly Owned Subsidiary (WOS) Abroad,2026-05-30T06:27:00.511654+00:00
https://www.rbi.org.in/scripts/bs_viewmasdirections.aspx?id=10198,https://www.rbi.org.in/Scripts/BS_ViewMasterDirections.aspx,2016,,Foreign Exchange Management,2016-01-04,"Master Direction - Deposits and Accounts ( Updated as on October 09, 2025 )",2026-05-30T06:27:00.511654+00:00
https://www.rbi.org.in/scripts/bs_viewmasdirections.aspx?id=10197,https://www.rbi.org.in/Scripts/BS_ViewMasterDirections.aspx,2016,,Foreign Exchange Management,2016-01-04,"Master Direction - Remittance of Assets (Updated as on April 28, 2016)",2026-05-30T06:27:00.511654+00:00
https://www.rbi.org.in/scripts/bs_viewmasdirections.aspx?id=10196,https://www.rbi.org.in/Scripts/BS_ViewMasterDirections.aspx,2016,,Foreign Exchange Management,2016-01-04,"Master Direction – Acquisition or Transfer of Immovable Property under Foreign Exchange Management Act, 1999 (Updated as on September 01, 2022)",2026-05-30T06:27:00.511654+00:00
https://www.rbi.org.in/scripts/bs_viewmasdirections.aspx?id=10195,https://www.rbi.org.in/Scripts/BS_ViewMasterDirections.aspx,2016,,Foreign Exchange Management,2016-01-04,Master Direction - Establishment of Liaison/ Branch/ Project Offices in India by Foreign Entities,2026-05-30T06:27:00.511654+00:00
https://www.rbi.org.in/scripts/bs_viewmasdirections.aspx?id=10194,https://www.rbi.org.in/Scripts/BS_ViewMasterDirections.aspx,2016,,Foreign Exchange Management,2016-01-04,Master Direction - Insurance,2026-05-30T06:27:00.511654+00:00
https://www.rbi.org.in/scripts/bs_viewmasdirections.aspx?id=10193,https://www.rbi.org.in/Scripts/BS_ViewMasterDirections.aspx,2016,,Foreign Exchange Management,2016-01-04,"Master Direction - Other Remittance Facilities ( Updated as on May 06, 2026 )",2026-05-30T06:27:00.511654+00:00
https://www.rbi.org.in/scripts/bs_viewmasdirections.aspx?id=10192,https://www.rbi.org.in/Scripts/BS_ViewMasterDirections.aspx,2016,,Foreign Exchange Management,2016-01-04,"Master Direction - Liberalised Remittance Scheme (LRS) ( Updated as on September 06, 2024 )",2026-05-30T06:27:00.511654+00:00
https://www.rbi.org.in/scripts/bs_viewmasdirections.aspx?id=10191,https://www.rbi.org.in/Scripts/BS_ViewMasterDirections.aspx,2016,,Foreign Exchange Management,2016-01-04,"Master Direction – Borrowing and Lending transactions in Indian Rupee between Persons Resident in India and Non-Resident Indians/ Persons of Indian Origin ( Updated as on February 16, 2026 )",2026-05-30T06:27:00.511654+00:00
https://www.rbi.org.in/scripts/bs_viewmasdirections.aspx?id=10190,https://www.rbi.org.in/Scripts/BS_ViewMasterDirections.aspx,2016,,Foreign Exchange Management,2016-01-04,"Directions - Compounding of Contraventions under FEMA, 1999 dated October 01, 2024 (Supersedes Master Direction- Compounding of Contraventions under FEMA, 1999, (Updated as on May 24, 2022 ))",2026-05-30T06:27:00.511654+00:00
https://www.rbi.org.in/scripts/bs_viewmasdirections.aspx?id=10520,https://www.rbi.org.in/Scripts/BS_ViewMasterDirections.aspx,2016,,Issuer of Currency,2016-07-20,Master Direction on Currency Distribution & Exchange Scheme (CDES) based on performance in rendering customer service to the members of public,2026-05-30T06:27:00.511654+00:00
https://www.rbi.org.in/scripts/bs_viewmasdirections.aspx?id=10519,https://www.rbi.org.in/Scripts/BS_ViewMasterDirections.aspx,2016,,Issuer of Currency,2016-07-20,Master Direction on Levy of Penal Interest for Delayed Reporting/Wrong Reporting/Non-Reporting of Currency Chest Transactions and Inclusion of Ineligible Amounts in Currency Chest Balances,2026-05-30T06:27:00.511654+00:00
