date,subject,circular_no,link,source_url,scraped_at
2009-07-31,"Auction for Sale (Re-issue ) of ‘7.40 per cent Government Stock, 2035'",,https://www.rbi.org.in/Scripts/NotificationUser.aspx?Id=5203&Mode=0,https://www.rbi.org.in/Scripts/NotificationUser.aspx,2026-05-30T08:45:09.042540+00:00
2009-07-31,"Auction for Sale (Re-issue ) of ‘6.90 per cent Government Stock, 2019’",,https://www.rbi.org.in/Scripts/NotificationUser.aspx?Id=5202&Mode=0,https://www.rbi.org.in/Scripts/NotificationUser.aspx,2026-05-30T08:45:09.042540+00:00
2009-07-31,"Auction for Sale (Re-issue ) of ‘6.49 per cent Government Stock, 2015’",,https://www.rbi.org.in/Scripts/NotificationUser.aspx?Id=5201&Mode=0,https://www.rbi.org.in/Scripts/NotificationUser.aspx,2026-05-30T08:45:09.042540+00:00
2009-07-31,Auction of Government of India Dated Securities,,https://www.rbi.org.in/Scripts/NotificationUser.aspx?Id=5200&Mode=0,https://www.rbi.org.in/Scripts/NotificationUser.aspx,2026-05-30T08:45:09.042540+00:00
2009-07-31,Rupee Export Credit Interest Rates,,https://www.rbi.org.in/Scripts/NotificationUser.aspx?Id=5193&Mode=0,https://www.rbi.org.in/Scripts/NotificationUser.aspx,2026-05-30T08:45:09.042540+00:00
2009-07-29,NEFT System – Business Continuity Plan,,https://www.rbi.org.in/Scripts/NotificationUser.aspx?Id=5191&Mode=0,https://www.rbi.org.in/Scripts/NotificationUser.aspx,2026-05-30T08:45:09.042540+00:00
2009-07-28,"Foreign Exchange Management (Transfer or Issue of Any Foreign Security) (Fourth Amendment) Regulations, 2009",,https://www.rbi.org.in/Scripts/NotificationUser.aspx?Id=5275&Mode=0,https://www.rbi.org.in/Scripts/NotificationUser.aspx,2026-05-30T08:45:09.042540+00:00
2009-07-28,First Quarter Review of Statement on Monetary Policy for the Year 2009-10,,https://www.rbi.org.in/Scripts/NotificationUser.aspx?Id=5190&Mode=0,https://www.rbi.org.in/Scripts/NotificationUser.aspx,2026-05-30T08:45:09.042540+00:00
2009-07-24,Auction of Government of India Dated Securities,,https://www.rbi.org.in/Scripts/NotificationUser.aspx?Id=5189&Mode=0,https://www.rbi.org.in/Scripts/NotificationUser.aspx,2026-05-30T08:45:09.042540+00:00
2009-07-24,"Auction for Sale (Re-issue ) of ‘6.07 per cent Government Stock, 2014’",,https://www.rbi.org.in/Scripts/NotificationUser.aspx?Id=5188&Mode=0,https://www.rbi.org.in/Scripts/NotificationUser.aspx,2026-05-30T08:45:09.042540+00:00
2009-07-24,"Auction for Sale (Re-issue ) of ‘7.94 per cent Government Stock, 2021’",,https://www.rbi.org.in/Scripts/NotificationUser.aspx?Id=5187&Mode=0,https://www.rbi.org.in/Scripts/NotificationUser.aspx,2026-05-30T08:45:09.042540+00:00
2009-07-24,"Auction for Sale (Re-issue ) of ‘8.24 per cent Government Stock, 2027'",,https://www.rbi.org.in/Scripts/NotificationUser.aspx?Id=5186&Mode=0,https://www.rbi.org.in/Scripts/NotificationUser.aspx,2026-05-30T08:45:09.042540+00:00
2009-07-22,Issue of Indian Depository Receipts (IDRs),,https://www.rbi.org.in/Scripts/NotificationUser.aspx?Id=5185&Mode=0,https://www.rbi.org.in/Scripts/NotificationUser.aspx,2026-05-30T08:45:09.042540+00:00
2009-07-22,Cash Withdrawal at Point-of-Sale,,https://www.rbi.org.in/Scripts/NotificationUser.aspx?Id=5184&Mode=0,https://www.rbi.org.in/Scripts/NotificationUser.aspx,2026-05-30T08:45:09.042540+00:00
2009-07-21,Exim Bank’s Line of Credit to Government of Republic of Sudan,,https://www.rbi.org.in/Scripts/NotificationUser.aspx?Id=5183&Mode=0,https://www.rbi.org.in/Scripts/NotificationUser.aspx,2026-05-30T08:45:09.042540+00:00
2009-07-21,Grievance Redressal Mechanism - Display of Contact Details of Officials,,https://www.rbi.org.in/Scripts/NotificationUser.aspx?Id=5182&Mode=0,https://www.rbi.org.in/Scripts/NotificationUser.aspx,2026-05-30T08:45:09.042540+00:00
2009-07-20,Ready Forward Contracts,,https://www.rbi.org.in/Scripts/NotificationUser.aspx?Id=5178&Mode=0,https://www.rbi.org.in/Scripts/NotificationUser.aspx,2026-05-30T08:45:09.042540+00:00
2009-07-17,Auction of Government of India Dated Securities,,https://www.rbi.org.in/Scripts/NotificationUser.aspx?Id=5181&Mode=0,https://www.rbi.org.in/Scripts/NotificationUser.aspx,2026-05-30T08:45:09.042540+00:00
2009-07-17,"Auction for Sale (Re-issue ) of ‘6.90 per cent Government Stock, 2019",,https://www.rbi.org.in/Scripts/NotificationUser.aspx?Id=5180&Mode=0,https://www.rbi.org.in/Scripts/NotificationUser.aspx,2026-05-30T08:45:09.042540+00:00
2009-07-17,"Auction for Sale (Re-issue ) of ‘6.49 per cent Government Stock, 2015’",,https://www.rbi.org.in/Scripts/NotificationUser.aspx?Id=5179&Mode=0,https://www.rbi.org.in/Scripts/NotificationUser.aspx,2026-05-30T08:45:09.042540+00:00
2009-07-17,Deferred Payment Protocols between GOI and erstwhile USSR,,https://www.rbi.org.in/Scripts/NotificationUser.aspx?Id=5176&Mode=0,https://www.rbi.org.in/Scripts/NotificationUser.aspx,2026-05-30T08:45:09.042540+00:00
2009-07-10,Auction of Government of India Dated Securities,,https://www.rbi.org.in/Scripts/NotificationUser.aspx?Id=5175&Mode=0,https://www.rbi.org.in/Scripts/NotificationUser.aspx,2026-05-30T08:45:09.042540+00:00
2009-07-10,"Auction for Sale (Re-issue ) of ‘6.07 per cent Government Stock, 2014’",,https://www.rbi.org.in/Scripts/NotificationUser.aspx?Id=5174&Mode=0,https://www.rbi.org.in/Scripts/NotificationUser.aspx,2026-05-30T08:45:09.042540+00:00
2009-07-10,"Auction for Sale (Re-issue ) of ‘7.40 per cent Government Stock, 2035'",,https://www.rbi.org.in/Scripts/NotificationUser.aspx?Id=5173&Mode=0,https://www.rbi.org.in/Scripts/NotificationUser.aspx,2026-05-30T08:45:09.042540+00:00
2009-07-10,"Auction for Sale (Re-issue ) of ‘7.94 per cent Government Stock, 2021’",,https://www.rbi.org.in/Scripts/NotificationUser.aspx?Id=5172&Mode=0,https://www.rbi.org.in/Scripts/NotificationUser.aspx,2026-05-30T08:45:09.042540+00:00
2009-07-07,"Foreign Exchange Management (Export and Import of Currency) (Amendment) Regulations, 2009",,https://www.rbi.org.in/Scripts/NotificationUser.aspx?Id=5485&Mode=0,https://www.rbi.org.in/Scripts/NotificationUser.aspx,2026-05-30T08:45:09.042540+00:00
2009-07-07,Revised draft guidelines on Commercial Real Estate (CRE) Exposures,,https://www.rbi.org.in/Scripts/NotificationUser.aspx?Id=5168&Mode=0,https://www.rbi.org.in/Scripts/NotificationUser.aspx,2026-05-30T08:45:09.042540+00:00
2009-07-06,Auction for Sale of a New Government Stock of 10 Years,,https://www.rbi.org.in/Scripts/NotificationUser.aspx?Id=5166&Mode=0,https://www.rbi.org.in/Scripts/NotificationUser.aspx,2026-05-30T08:45:09.042540+00:00
2009-07-06,"Auction for Sale (Re-issue ) of ‘7.50 per cent Government Stock, 2034'",,https://www.rbi.org.in/Scripts/NotificationUser.aspx?Id=5165&Mode=0,https://www.rbi.org.in/Scripts/NotificationUser.aspx,2026-05-30T08:45:09.042540+00:00
2009-07-06,"Auction for Sale (Re-issue ) of ‘7.35 per cent Government Stock, 2024’",,https://www.rbi.org.in/Scripts/NotificationUser.aspx?Id=5164&Mode=0,https://www.rbi.org.in/Scripts/NotificationUser.aspx,2026-05-30T08:45:09.042540+00:00
2009-07-06,"Auction for Sale (Re-issue ) of ‘6.49 per cent Government Stock, 2015’",,https://www.rbi.org.in/Scripts/NotificationUser.aspx?Id=5162&Mode=0,https://www.rbi.org.in/Scripts/NotificationUser.aspx,2026-05-30T08:45:09.042540+00:00
2009-07-06,Auction of Government of India Dated Securities,,https://www.rbi.org.in/Scripts/NotificationUser.aspx?Id=5161&Mode=0,https://www.rbi.org.in/Scripts/NotificationUser.aspx,2026-05-30T08:45:09.042540+00:00
2009-07-03,"Deferred Payment Protocols dated April 30, 1981 and December 23, 1985 between Government of India and erstwhile USSR",,https://www.rbi.org.in/Scripts/NotificationUser.aspx?Id=5160&Mode=0,https://www.rbi.org.in/Scripts/NotificationUser.aspx,2026-05-30T08:45:09.042540+00:00
2009-07-02,"Exim Bank's Line of Credit (LOC) of USD 20 million to Myanma Foreign Trade Bank, Myanmar",,https://www.rbi.org.in/Scripts/NotificationUser.aspx?Id=5158&Mode=0,https://www.rbi.org.in/Scripts/NotificationUser.aspx,2026-05-30T08:45:09.042540+00:00
2009-07-01,Master Circular on Conduct of Government Business by Agency Banks - Payment of Agency Commission,,https://www.rbi.org.in/Scripts/NotificationUser.aspx?Id=5152&Mode=0,https://www.rbi.org.in/Scripts/NotificationUser.aspx,2026-05-30T08:45:09.042540+00:00
2009-07-01,Master Circular- Disbursement of Pension by Agency Banks,,https://www.rbi.org.in/Scripts/NotificationUser.aspx?Id=5151&Mode=0,https://www.rbi.org.in/Scripts/NotificationUser.aspx,2026-05-30T08:45:09.042540+00:00
2009-07-01,Master Circular – Collection of Direct Taxes- OLTAS,,https://www.rbi.org.in/Scripts/NotificationUser.aspx?Id=5150&Mode=0,https://www.rbi.org.in/Scripts/NotificationUser.aspx,2026-05-30T08:45:09.042540+00:00
2009-07-01,Master Circular – Detection and Impounding of Counterfeit Notes,,https://www.rbi.org.in/Scripts/NotificationUser.aspx?Id=5149&Mode=0,https://www.rbi.org.in/Scripts/NotificationUser.aspx,2026-05-30T08:45:09.042540+00:00
2009-07-01,Master Circular – Facility for Exchange of Notes and Coins,,https://www.rbi.org.in/Scripts/NotificationUser.aspx?Id=5148&Mode=0,https://www.rbi.org.in/Scripts/NotificationUser.aspx,2026-05-30T08:45:09.042540+00:00
2009-07-01,Master Circular on New “Self Employment Scheme for Rehabilitation of Manual Scavengers” (SRMS) from the Ministry of Social Justice & Empowerment for rehabilitation of all the remaining scavengers and their dependents by September 2009,Social,https://www.rbi.org.in/Scripts/NotificationUser.aspx?Id=5138&Mode=0,https://www.rbi.org.in/Scripts/NotificationUser.aspx,2026-05-30T08:45:09.042540+00:00
2009-07-01,"Master Circular Lending to Micro, Small & Medium Enterprises (MSME) Sector",,https://www.rbi.org.in/Scripts/NotificationUser.aspx?Id=5137&Mode=0,https://www.rbi.org.in/Scripts/NotificationUser.aspx,2026-05-30T08:45:09.042540+00:00
2009-07-01,Master Circular - Guidelines for Issue of Commercial Paper,,https://www.rbi.org.in/Scripts/NotificationUser.aspx?Id=5128&Mode=0,https://www.rbi.org.in/Scripts/NotificationUser.aspx,2026-05-30T08:45:09.042540+00:00
2009-07-01,Master Circular – Levy of Penal Interest for Delayed Reporting/Wrong Reporting/Non-Reporting of Currency Chest Transactions and Penal Measures for Cases involving Shortages/Inclusion of Counterfeit Banknotes in Chest Balances/Chest remittances,,https://www.rbi.org.in/Scripts/NotificationUser.aspx?Id=5126&Mode=0,https://www.rbi.org.in/Scripts/NotificationUser.aspx,2026-05-30T08:45:09.042540+00:00
2009-07-01,Master Circular – Frauds – Classification and Reporting – UCBs,,https://www.rbi.org.in/Scripts/NotificationUser.aspx?Id=5125&Mode=0,https://www.rbi.org.in/Scripts/NotificationUser.aspx,2026-05-30T08:45:09.042540+00:00
2009-07-01,Master Circular on Non-Resident Ordinary Rupee (NRO) Account,,https://www.rbi.org.in/Scripts/NotificationUser.aspx?Id=5120&Mode=0,https://www.rbi.org.in/Scripts/NotificationUser.aspx,2026-05-30T08:45:09.042540+00:00
2009-07-01,Master Circular on Remittance Facilities for Non-Resident Indians /Persons of Indian Origin / Foreign Nationals,,https://www.rbi.org.in/Scripts/NotificationUser.aspx?Id=5119&Mode=0,https://www.rbi.org.in/Scripts/NotificationUser.aspx,2026-05-30T08:45:09.042540+00:00
2009-07-01,Master Circular on Miscellaneous Remittances from India – Facilities for Residents,,https://www.rbi.org.in/Scripts/NotificationUser.aspx?Id=5118&Mode=0,https://www.rbi.org.in/Scripts/NotificationUser.aspx,2026-05-30T08:45:09.042540+00:00
2009-07-01,Master Circular on Risk Management and Inter-Bank Dealings,,https://www.rbi.org.in/Scripts/NotificationUser.aspx?Id=5117&Mode=0,https://www.rbi.org.in/Scripts/NotificationUser.aspx,2026-05-30T08:45:09.042540+00:00
2009-07-01,Master Circular on External Commercial Borrowings and Trade Credits,,https://www.rbi.org.in/Scripts/NotificationUser.aspx?Id=5116&Mode=0,https://www.rbi.org.in/Scripts/NotificationUser.aspx,2026-05-30T08:45:09.042540+00:00
2009-07-01,Master Circular on Import of Goods and Services,,https://www.rbi.org.in/Scripts/NotificationUser.aspx?Id=5114&Mode=0,https://www.rbi.org.in/Scripts/NotificationUser.aspx,2026-05-30T08:45:09.042540+00:00
2009-07-01,Frauds – Classification and Reporting,,https://www.rbi.org.in/Scripts/NotificationUser.aspx?Id=5111&Mode=0,https://www.rbi.org.in/Scripts/NotificationUser.aspx,2026-05-30T08:45:09.042540+00:00
2009-07-01,Master Circular on Appointment & delisting of Brokers and Payment of Brokerage on Relief / Savings Bonds,,https://www.rbi.org.in/Scripts/NotificationUser.aspx?Id=5104&Mode=0,https://www.rbi.org.in/Scripts/NotificationUser.aspx,2026-05-30T08:45:09.042540+00:00
2009-07-01,Master Circular on Nomination facility in Relief / Savings Bonds,,https://www.rbi.org.in/Scripts/NotificationUser.aspx?Id=5103&Mode=0,https://www.rbi.org.in/Scripts/NotificationUser.aspx,2026-05-30T08:45:09.042540+00:00
2009-07-01,Master Circular - Guidelines for Issue of Certificates of Deposit,,https://www.rbi.org.in/Scripts/NotificationUser.aspx?Id=5102&Mode=0,https://www.rbi.org.in/Scripts/NotificationUser.aspx,2026-05-30T08:45:09.042540+00:00
2009-07-01,Master Circular on Call/Notice Money Market Operations,,https://www.rbi.org.in/Scripts/NotificationUser.aspx?Id=5101&Mode=0,https://www.rbi.org.in/Scripts/NotificationUser.aspx,2026-05-30T08:45:09.042540+00:00
2009-07-01,Master Circular on Capital Adequacy Standards and Risk Management Guidelines for standalone Primary Dealers,,https://www.rbi.org.in/Scripts/NotificationUser.aspx?Id=5100&Mode=0,https://www.rbi.org.in/Scripts/NotificationUser.aspx,2026-05-30T08:45:09.042540+00:00
2009-07-01,Master Circular – Operational Guidelines to Primary Dealers,,https://www.rbi.org.in/Scripts/NotificationUser.aspx?Id=5099&Mode=0,https://www.rbi.org.in/Scripts/NotificationUser.aspx,2026-05-30T08:45:09.042540+00:00
2009-07-01,Master Circular Priority Sector Lending- Special Programmes Swarna Jayanti Shahari Rozgar Yojana (SJSRY),,https://www.rbi.org.in/Scripts/NotificationUser.aspx?Id=5098&Mode=0,https://www.rbi.org.in/Scripts/NotificationUser.aspx,2026-05-30T08:45:09.042540+00:00
2009-07-01,Master Circular Priority Sector Lending-Credit facilities to Scheduled Castes (SCs) & Scheduled Tribes (STs),,https://www.rbi.org.in/Scripts/NotificationUser.aspx?Id=5097&Mode=0,https://www.rbi.org.in/Scripts/NotificationUser.aspx,2026-05-30T08:45:09.042540+00:00
2009-07-01,Master Circular- Priority Sector Lending - Credit Facilities to Minority Communities,,https://www.rbi.org.in/Scripts/NotificationUser.aspx?Id=5096&Mode=0,https://www.rbi.org.in/Scripts/NotificationUser.aspx,2026-05-30T08:45:09.042540+00:00
2009-07-01,Master Circular on Priority Sector Lending- Special Programmes- Swarnajayanti Gram Swarozgar Yojana (SGSY),,https://www.rbi.org.in/Scripts/NotificationUser.aspx?Id=5095&Mode=0,https://www.rbi.org.in/Scripts/NotificationUser.aspx,2026-05-30T08:45:09.042540+00:00
2009-07-01,Master Circular on Foreign Investment in India,,https://www.rbi.org.in/Scripts/NotificationUser.aspx?Id=5094&Mode=0,https://www.rbi.org.in/Scripts/NotificationUser.aspx,2026-05-30T08:45:09.042540+00:00
2009-07-01,Master Circular on Direct Investment by Residents in Joint Venture (JV)/Wholly Owned Subsidiary (WOS) Abroad,,https://www.rbi.org.in/Scripts/NotificationUser.aspx?Id=5093&Mode=0,https://www.rbi.org.in/Scripts/NotificationUser.aspx,2026-05-30T08:45:09.042540+00:00
2009-07-01,Master Circular - Lending to Priority Sector,,https://www.rbi.org.in/Scripts/NotificationUser.aspx?Id=5091&Mode=0,https://www.rbi.org.in/Scripts/NotificationUser.aspx,2026-05-30T08:45:09.042540+00:00
2009-07-01,Master Circular- Frauds – Future approach towards monitoring of frauds in NBFCs,,https://www.rbi.org.in/Scripts/NotificationUser.aspx?Id=5085&Mode=0,https://www.rbi.org.in/Scripts/NotificationUser.aspx,2026-05-30T08:45:09.042540+00:00
2009-07-01,Master Circular on Micro Credit,,https://www.rbi.org.in/Scripts/NotificationUser.aspx?Id=5067&Mode=0,https://www.rbi.org.in/Scripts/NotificationUser.aspx,2026-05-30T08:45:09.042540+00:00
2009-07-01,Master Circular on Export Credit Refinance Facility,,https://www.rbi.org.in/Scripts/NotificationUser.aspx?Id=5066&Mode=0,https://www.rbi.org.in/Scripts/NotificationUser.aspx,2026-05-30T08:45:09.042540+00:00
2009-07-01,Master Circular - Guidelines for Relief Measures by Banks in Areas affected by Natural Calamities,,https://www.rbi.org.in/Scripts/NotificationUser.aspx?Id=5062&Mode=0,https://www.rbi.org.in/Scripts/NotificationUser.aspx,2026-05-30T08:45:09.042540+00:00
2009-06-30,External Commercial Borrowings (ECB) Policy,,https://www.rbi.org.in/Scripts/NotificationUser.aspx?Id=5060&Mode=0,https://www.rbi.org.in/Scripts/NotificationUser.aspx,2026-05-30T08:45:11.368923+00:00
2009-06-30,Export of Goods and Software – Realisation and Repatriation of export Proceeds - Liberalisation,Software,https://www.rbi.org.in/Scripts/NotificationUser.aspx?Id=5059&Mode=0,https://www.rbi.org.in/Scripts/NotificationUser.aspx,2026-05-30T08:45:11.368923+00:00
2009-06-30,Continuation of Self Employment Scheme for Rehabilitation of Manual Scavengers(SRMS) beyond March 2009,,https://www.rbi.org.in/Scripts/NotificationUser.aspx?Id=5058&Mode=0,https://www.rbi.org.in/Scripts/NotificationUser.aspx,2026-05-30T08:45:11.368923+00:00
2009-06-24,Frauds in borrowal accounts having multiple banking arrangements,,https://www.rbi.org.in/Scripts/NotificationUser.aspx?Id=5051&Mode=0,https://www.rbi.org.in/Scripts/NotificationUser.aspx,2026-05-30T08:45:11.368923+00:00
2009-06-24,Access to own credit report,,https://www.rbi.org.in/Scripts/NotificationUser.aspx?Id=5050&Mode=0,https://www.rbi.org.in/Scripts/NotificationUser.aspx,2026-05-30T08:45:11.368923+00:00
2009-06-23,List of Terrorist Individuals/Organisations - under UNSCR 1267(1999) and 1822(2008) on Taliban/Al-Qaida Organsaition,,https://www.rbi.org.in/Scripts/NotificationUser.aspx?Id=5198&Mode=0,https://www.rbi.org.in/Scripts/NotificationUser.aspx,2026-05-30T08:45:11.368923+00:00
2009-06-19,Auction of Government of India Dated Securities,,https://www.rbi.org.in/Scripts/NotificationUser.aspx?Id=5048&Mode=0,https://www.rbi.org.in/Scripts/NotificationUser.aspx,2026-05-30T08:45:11.368923+00:00
2009-06-19,"Auction for Sale (Re-issue ) of ‘8.24 per cent Government Stock, 2027'",,https://www.rbi.org.in/Scripts/NotificationUser.aspx?Id=5047&Mode=0,https://www.rbi.org.in/Scripts/NotificationUser.aspx,2026-05-30T08:45:11.368923+00:00
2009-06-19,"Auction for Sale (Re-issue ) of ‘7.94 per cent Government Stock, 2021’",,https://www.rbi.org.in/Scripts/NotificationUser.aspx?Id=5046&Mode=0,https://www.rbi.org.in/Scripts/NotificationUser.aspx,2026-05-30T08:45:11.368923+00:00
2009-06-19,"Auction for Sale (Re-issue ) of ‘7.40 per cent Government Stock, 2035'",,https://www.rbi.org.in/Scripts/NotificationUser.aspx?Id=5045&Mode=0,https://www.rbi.org.in/Scripts/NotificationUser.aspx,2026-05-30T08:45:11.368923+00:00
2009-06-19,"Auction for Sale (Re-issue ) of ‘6.07 per cent Government Stock, 2014’",,https://www.rbi.org.in/Scripts/NotificationUser.aspx?Id=5044&Mode=0,https://www.rbi.org.in/Scripts/NotificationUser.aspx,2026-05-30T08:45:11.368923+00:00
2009-06-18,Exim Bank's Line of Credit to the Government of Federal Democratic Republic of Ethiopia,,https://www.rbi.org.in/Scripts/NotificationUser.aspx?Id=5040&Mode=0,https://www.rbi.org.in/Scripts/NotificationUser.aspx,2026-05-30T08:45:11.368923+00:00
2009-06-17,"Foreign Exchange Management (Borrowing or Lending in Foreign Exchange) (Second Amendment) Regulations, 2009",,https://www.rbi.org.in/Scripts/NotificationUser.aspx?Id=5306&Mode=0,https://www.rbi.org.in/Scripts/NotificationUser.aspx,2026-05-30T08:45:11.368923+00:00
2009-06-17,Exim Bank's Line of Credit to Government of the Republic of Cameroon,,https://www.rbi.org.in/Scripts/NotificationUser.aspx?Id=5037&Mode=0,https://www.rbi.org.in/Scripts/NotificationUser.aspx,2026-05-30T08:45:11.368923+00:00
2009-06-12,"Auction for Sale (Re-issue ) of ‘7.50 per cent Government Stock, 2034'",,https://www.rbi.org.in/Scripts/NotificationUser.aspx?Id=5033&Mode=0,https://www.rbi.org.in/Scripts/NotificationUser.aspx,2026-05-30T08:45:11.368923+00:00
2009-06-12,Auction for Sale of a New Government Stock of 15 Years,,https://www.rbi.org.in/Scripts/NotificationUser.aspx?Id=5032&Mode=0,https://www.rbi.org.in/Scripts/NotificationUser.aspx,2026-05-30T08:45:11.368923+00:00
2009-06-12,"Auction for Sale (Re-issue ) of ‘6.35 per cent Government Stock, 2020'",,https://www.rbi.org.in/Scripts/NotificationUser.aspx?Id=5031&Mode=0,https://www.rbi.org.in/Scripts/NotificationUser.aspx,2026-05-30T08:45:11.368923+00:00
2009-06-12,"Auction for Sale (Re-issue ) of ‘6.49 per cent Government Stock, 2015’",,https://www.rbi.org.in/Scripts/NotificationUser.aspx?Id=5030&Mode=0,https://www.rbi.org.in/Scripts/NotificationUser.aspx,2026-05-30T08:45:11.368923+00:00
2009-06-12,Auction of Government of India Dated Securities,,https://www.rbi.org.in/Scripts/NotificationUser.aspx?Id=5029&Mode=0,https://www.rbi.org.in/Scripts/NotificationUser.aspx,2026-05-30T08:45:11.368923+00:00
2009-06-11,Network based operations – RBI Supported Systems,,https://www.rbi.org.in/Scripts/NotificationUser.aspx?Id=5026&Mode=0,https://www.rbi.org.in/Scripts/NotificationUser.aspx,2026-05-30T08:45:11.368923+00:00
2009-06-10,IT based systems – Business Continuity and DR Operations,,https://www.rbi.org.in/Scripts/NotificationUser.aspx?Id=5027&Mode=0,https://www.rbi.org.in/Scripts/NotificationUser.aspx,2026-05-30T08:45:11.368923+00:00
2009-06-09,NBFCs - Treatment of Deferred Tax Assets/Deferred Tax Liabilities for Computaion of Capital,,https://www.rbi.org.in/Scripts/NotificationUser.aspx?Id=5025&Mode=0,https://www.rbi.org.in/Scripts/NotificationUser.aspx,2026-05-30T08:45:11.368923+00:00
2009-06-05,"Auction for Sale (Re-issue) of ‘8.24 per cent Government Stock, 2027'",,https://www.rbi.org.in/Scripts/NotificationUser.aspx?Id=5021&Mode=0,https://www.rbi.org.in/Scripts/NotificationUser.aspx,2026-05-30T08:45:11.368923+00:00
2009-06-05,"Auction for Sale (Re-issue ) of ‘7.94 per cent Government Stock, 2021’",,https://www.rbi.org.in/Scripts/NotificationUser.aspx?Id=5020&Mode=0,https://www.rbi.org.in/Scripts/NotificationUser.aspx,2026-05-30T08:45:11.368923+00:00
2009-06-05,"Auction for Sale (Re-issue ) of ‘7.40 per cent Government Stock, 2035'",,https://www.rbi.org.in/Scripts/NotificationUser.aspx?Id=5019&Mode=0,https://www.rbi.org.in/Scripts/NotificationUser.aspx,2026-05-30T08:45:11.368923+00:00
2009-06-05,"Auction for Sale (Re-issue ) of ‘6.07 per cent Government Stock, 2014’",,https://www.rbi.org.in/Scripts/NotificationUser.aspx?Id=5018&Mode=0,https://www.rbi.org.in/Scripts/NotificationUser.aspx,2026-05-30T08:45:11.368923+00:00
2009-06-05,Auction of Government of India Dated Securities,,https://www.rbi.org.in/Scripts/NotificationUser.aspx?Id=5017&Mode=0,https://www.rbi.org.in/Scripts/NotificationUser.aspx,2026-05-30T08:45:11.368923+00:00
2009-06-05,"Senior Citizens Savings Scheme, 2004 - Acceptance of Form 15-G from the Nominees",,https://www.rbi.org.in/Scripts/NotificationUser.aspx?Id=5016&Mode=0,https://www.rbi.org.in/Scripts/NotificationUser.aspx,2026-05-30T08:45:11.368923+00:00
2009-06-05,Closure of fraud cases - relaxation in the existing norms,,https://www.rbi.org.in/Scripts/NotificationUser.aspx?Id=5015&Mode=0,https://www.rbi.org.in/Scripts/NotificationUser.aspx,2026-05-30T08:45:11.368923+00:00
2009-06-04,Applicability of NBFCs-ND-SI regulations,,https://www.rbi.org.in/Scripts/NotificationUser.aspx?Id=5014&Mode=0,https://www.rbi.org.in/Scripts/NotificationUser.aspx,2026-05-30T08:45:11.368923+00:00
2009-06-02,"Foreign Exchange Management (Deposit) (Amendment) Regulations, 2009",,https://www.rbi.org.in/Scripts/NotificationUser.aspx?Id=5274&Mode=0,https://www.rbi.org.in/Scripts/NotificationUser.aspx,2026-05-30T08:45:11.368923+00:00
2009-06-02,Delays in Cheque Clearing - Case before National Consumer Disputes Redressal Commission,,https://www.rbi.org.in/Scripts/NotificationUser.aspx?Id=5008&Mode=0,https://www.rbi.org.in/Scripts/NotificationUser.aspx,2026-05-30T08:45:11.368923+00:00
2009-06-02,Sub-Committee of SLBC for Export Promotion,,https://www.rbi.org.in/Scripts/NotificationUser.aspx?Id=5007&Mode=0,https://www.rbi.org.in/Scripts/NotificationUser.aspx,2026-05-30T08:45:11.368923+00:00
2009-06-01,Auction for Sale of a New Government Stock of 6 Years,,https://www.rbi.org.in/Scripts/NotificationUser.aspx?Id=5012&Mode=0,https://www.rbi.org.in/Scripts/NotificationUser.aspx,2026-05-30T08:45:11.368923+00:00
2009-06-01,"Auction for Sale (Re-issue ) of ‘7.50 per cent Government Stock, 2034'",,https://www.rbi.org.in/Scripts/NotificationUser.aspx?Id=5011&Mode=0,https://www.rbi.org.in/Scripts/NotificationUser.aspx,2026-05-30T08:45:11.368923+00:00
2009-06-01,"Auction for Sale (Re-issue ) of ‘8.20 per cent Government Stock, 2022'",,https://www.rbi.org.in/Scripts/NotificationUser.aspx?Id=5010&Mode=0,https://www.rbi.org.in/Scripts/NotificationUser.aspx,2026-05-30T08:45:11.368923+00:00
2009-06-01,Auction of Government of India Dated Securities,,https://www.rbi.org.in/Scripts/NotificationUser.aspx?Id=5009&Mode=0,https://www.rbi.org.in/Scripts/NotificationUser.aspx,2026-05-30T08:45:11.368923+00:00
2009-05-25,Credit delivery to Micro and Small Enterprises,,https://www.rbi.org.in/Scripts/NotificationUser.aspx?Id=5000&Mode=0,https://www.rbi.org.in/Scripts/NotificationUser.aspx,2026-05-30T08:45:13.828816+00:00
2009-05-22,"Auction for Sale (Re-issue ) of ‘7.40 per cent Government Stock, 2035'",,https://www.rbi.org.in/Scripts/NotificationUser.aspx?Id=4998&Mode=0,https://www.rbi.org.in/Scripts/NotificationUser.aspx,2026-05-30T08:45:13.828816+00:00
2009-05-22,"Auction for Sale (Re-issue ) of ‘8.24 per cent Government Stock, 2027'",,https://www.rbi.org.in/Scripts/NotificationUser.aspx?Id=4997&Mode=0,https://www.rbi.org.in/Scripts/NotificationUser.aspx,2026-05-30T08:45:13.828816+00:00
2009-05-22,"Auction for Sale (Re-issue ) of ‘7.94 per cent Government Stock, 2021’",,https://www.rbi.org.in/Scripts/NotificationUser.aspx?Id=4996&Mode=0,https://www.rbi.org.in/Scripts/NotificationUser.aspx,2026-05-30T08:45:13.828816+00:00
2009-05-22,"Auction for Sale (Re-issue ) of ‘7.59 per cent Government Stock, 2016’",,https://www.rbi.org.in/Scripts/NotificationUser.aspx?Id=4995&Mode=0,https://www.rbi.org.in/Scripts/NotificationUser.aspx,2026-05-30T08:45:13.828816+00:00
2009-05-22,Auction of Government of India Dated Securities,,https://www.rbi.org.in/Scripts/NotificationUser.aspx?Id=4994&Mode=0,https://www.rbi.org.in/Scripts/NotificationUser.aspx,2026-05-30T08:45:13.828816+00:00
2009-05-22,RRBs - Unclaimed Deposits and Inoperative/Dormant Accounts,,https://www.rbi.org.in/Scripts/NotificationUser.aspx?Id=4993&Mode=0,https://www.rbi.org.in/Scripts/NotificationUser.aspx,2026-05-30T08:45:13.828816+00:00
2009-05-22,Formation of new district in Tamil Nadu – Assignment of Lead Bank Responsibility,,https://www.rbi.org.in/Scripts/NotificationUser.aspx?Id=4992&Mode=0,https://www.rbi.org.in/Scripts/NotificationUser.aspx,2026-05-30T08:45:13.828816+00:00
2009-05-22,Auction Process of Government of India Securities,,https://www.rbi.org.in/Scripts/NotificationUser.aspx?Id=4991&Mode=0,https://www.rbi.org.in/Scripts/NotificationUser.aspx,2026-05-30T08:45:13.828816+00:00
2009-05-20,"Foreign Exchange Management (Foreign Exchange Derivative Contracts) (Amendment) Regulations, 2009",,https://www.rbi.org.in/Scripts/NotificationUser.aspx?Id=5204&Mode=0,https://www.rbi.org.in/Scripts/NotificationUser.aspx,2026-05-30T08:45:13.828816+00:00
2009-05-18,Auction of Government of India Dated Securities,,https://www.rbi.org.in/Scripts/NotificationUser.aspx?Id=4989&Mode=0,https://www.rbi.org.in/Scripts/NotificationUser.aspx,2026-05-30T08:45:13.828816+00:00
2009-05-18,"Auction for Sale (Re-issue ) of ‘7.50 per cent Government Stock, 2034'",,https://www.rbi.org.in/Scripts/NotificationUser.aspx?Id=4988&Mode=0,https://www.rbi.org.in/Scripts/NotificationUser.aspx,2026-05-30T08:45:13.828816+00:00
2009-05-18,"Auction for Sale (Re-issue ) of ‘8.24 per cent Government Stock, 2027'",,https://www.rbi.org.in/Scripts/NotificationUser.aspx?Id=4987&Mode=0,https://www.rbi.org.in/Scripts/NotificationUser.aspx,2026-05-30T08:45:13.828816+00:00
2009-05-18,"Auction for Sale (Re-issue ) of ‘6.35 per cent Government Stock, 2020'",,https://www.rbi.org.in/Scripts/NotificationUser.aspx?Id=4986&Mode=0,https://www.rbi.org.in/Scripts/NotificationUser.aspx,2026-05-30T08:45:13.828816+00:00
2009-05-18,"Auction for Sale (Re-issue ) of ‘6.07 per cent Government Stock, 2014’",,https://www.rbi.org.in/Scripts/NotificationUser.aspx?Id=4985&Mode=0,https://www.rbi.org.in/Scripts/NotificationUser.aspx,2026-05-30T08:45:13.828816+00:00
2009-05-15,‘RRBs - Levy of service charges for electronic payment products and outstation cheque collection/standardisation of charges for transfer of surplus clearing funds’,,https://www.rbi.org.in/Scripts/NotificationUser.aspx?Id=4984&Mode=0,https://www.rbi.org.in/Scripts/NotificationUser.aspx,2026-05-30T08:45:13.828816+00:00
2009-05-11,Reconciliation of nostro account and treatment of outstanding entries,,https://www.rbi.org.in/Scripts/NotificationUser.aspx?Id=4981&Mode=0,https://www.rbi.org.in/Scripts/NotificationUser.aspx,2026-05-30T08:45:13.828816+00:00
2009-05-08,"Auction for Sale (Re-issue ) of ‘8.20 per cent Government Stock, 2022'",,https://www.rbi.org.in/Scripts/NotificationUser.aspx?Id=4980&Mode=0,https://www.rbi.org.in/Scripts/NotificationUser.aspx,2026-05-30T08:45:13.828816+00:00
2009-05-08,Auction for Sale of a New Government Stock of 5 Years,,https://www.rbi.org.in/Scripts/NotificationUser.aspx?Id=4979&Mode=0,https://www.rbi.org.in/Scripts/NotificationUser.aspx,2026-05-30T08:45:13.828816+00:00
2009-05-08,Auction of Government of India Dated Securities,,https://www.rbi.org.in/Scripts/NotificationUser.aspx?Id=4978&Mode=0,https://www.rbi.org.in/Scripts/NotificationUser.aspx,2026-05-30T08:45:13.828816+00:00
2009-05-08,Exim Bank's Line of Credit to the Government of the Republic of Mozambique,,https://www.rbi.org.in/Scripts/NotificationUser.aspx?Id=4977&Mode=0,https://www.rbi.org.in/Scripts/NotificationUser.aspx,2026-05-30T08:45:13.828816+00:00
2009-05-07,Payment of interest on ACU USD/EUR Accounts,,https://www.rbi.org.in/Scripts/NotificationUser.aspx?Id=4975&Mode=0,https://www.rbi.org.in/Scripts/NotificationUser.aspx,2026-05-30T08:45:13.828816+00:00
2009-05-06,UCBs - Extension of Area of Operation - Liberalisation,,https://www.rbi.org.in/Scripts/NotificationUser.aspx?Id=4970&Mode=0,https://www.rbi.org.in/Scripts/NotificationUser.aspx,2026-05-30T08:45:13.828816+00:00
2009-05-04,"Auction for Sale (Re-issue ) of ‘8.24 per cent Government Stock, 2027'",,https://www.rbi.org.in/Scripts/NotificationUser.aspx?Id=4969&Mode=0,https://www.rbi.org.in/Scripts/NotificationUser.aspx,2026-05-30T08:45:13.828816+00:00
2009-05-04,"Auction for Sale (Re-issue ) of ‘6.83 per cent Government Stock, 2039’",,https://www.rbi.org.in/Scripts/NotificationUser.aspx?Id=4968&Mode=0,https://www.rbi.org.in/Scripts/NotificationUser.aspx,2026-05-30T08:45:13.828816+00:00
2009-05-04,"Auction for Sale (Re-issue ) of ‘6.05 per cent Government Stock, 2019'",,https://www.rbi.org.in/Scripts/NotificationUser.aspx?Id=4967&Mode=0,https://www.rbi.org.in/Scripts/NotificationUser.aspx,2026-05-30T08:45:13.828816+00:00
2009-05-04,Auction of Government of India Dated Securities,,https://www.rbi.org.in/Scripts/NotificationUser.aspx?Id=4966&Mode=0,https://www.rbi.org.in/Scripts/NotificationUser.aspx,2026-05-30T08:45:13.828816+00:00
2009-05-04,Credit delivery to the Micro and Small Enterprises Sector,,https://www.rbi.org.in/Scripts/NotificationUser.aspx?Id=4964&Mode=0,https://www.rbi.org.in/Scripts/NotificationUser.aspx,2026-05-30T08:45:13.828816+00:00
2009-04-28,Recovery of Interest from Public Sector Banks on delayed remittances of Government Receipts into Government Account,,https://www.rbi.org.in/Scripts/NotificationUser.aspx?Id=4973&Mode=0,https://www.rbi.org.in/Scripts/NotificationUser.aspx,2026-05-30T08:45:16.224130+00:00
2009-04-28,Loans to Non Residents / third party against security of Non Resident (External) Rupee Accounts [NR (E) RA / Foreign Currency Non Resident (Bank) Accounts [FCNR(B)] -Deposits,,https://www.rbi.org.in/Scripts/NotificationUser.aspx?Id=4960&Mode=0,https://www.rbi.org.in/Scripts/NotificationUser.aspx,2026-05-30T08:45:16.224130+00:00
2009-04-28,Buyback / Prepayment of Foreign Currency Convertible Bonds (FCCBs),,https://www.rbi.org.in/Scripts/NotificationUser.aspx?Id=4959&Mode=0,https://www.rbi.org.in/Scripts/NotificationUser.aspx,2026-05-30T08:45:16.224130+00:00
2009-04-28,External Commercial Borrowings (ECB) Policy - Liberalisation,,https://www.rbi.org.in/Scripts/NotificationUser.aspx?Id=4958&Mode=0,https://www.rbi.org.in/Scripts/NotificationUser.aspx,2026-05-30T08:45:16.224130+00:00
2009-04-28,Interest Rate Ceiling on Rupee Export Credit,,https://www.rbi.org.in/Scripts/NotificationUser.aspx?Id=4957&Mode=0,https://www.rbi.org.in/Scripts/NotificationUser.aspx,2026-05-30T08:45:16.224130+00:00
2009-04-24,"RRBs - Inclusion in / exclusion from the Second Schedule to the Reserve Bank of India Act, 1934",,https://www.rbi.org.in/Scripts/NotificationUser.aspx?Id=4956&Mode=0,https://www.rbi.org.in/Scripts/NotificationUser.aspx,2026-05-30T08:45:16.224130+00:00
2009-04-24,Clarification regarding repossession of vehicles financed by NBFCs,,https://www.rbi.org.in/Scripts/NotificationUser.aspx?Id=4952&Mode=0,https://www.rbi.org.in/Scripts/NotificationUser.aspx,2026-05-30T08:45:16.224130+00:00
2009-04-24,Payment of Interest on Savings Bank Account on a Daily Product Basis,,https://www.rbi.org.in/Scripts/NotificationUser.aspx?Id=4949&Mode=0,https://www.rbi.org.in/Scripts/NotificationUser.aspx,2026-05-30T08:45:16.224130+00:00
2009-04-24,Resolution of acquired assets - Extension in time frame for redemption of security receipts (SRs) issued,,https://www.rbi.org.in/Scripts/NotificationUser.aspx?Id=4948&Mode=0,https://www.rbi.org.in/Scripts/NotificationUser.aspx,2026-05-30T08:45:16.224130+00:00
2009-04-22,Foreign Direct Investment in India - Transfer of Shares / Preference Shares / Convertible Debentures by way of Sale - Modified Reporting Mechanism,,https://www.rbi.org.in/Scripts/NotificationUser.aspx?Id=4947&Mode=0,https://www.rbi.org.in/Scripts/NotificationUser.aspx,2026-05-30T08:45:16.224130+00:00
2009-04-22,Special Refinance Facility,,https://www.rbi.org.in/Scripts/NotificationUser.aspx?Id=4946&Mode=0,https://www.rbi.org.in/Scripts/NotificationUser.aspx,2026-05-30T08:45:16.224130+00:00
2009-04-22,Guidelines on Managing Risks and Code of Conduct in Outsourcing of Financial Services by Banks – Compliance Certificate,,https://www.rbi.org.in/Scripts/NotificationUser.aspx?Id=4945&Mode=0,https://www.rbi.org.in/Scripts/NotificationUser.aspx,2026-05-30T08:45:16.224130+00:00
2009-04-22,Acquisition of Financial Assets by Securitisation Companies/Reconstruction Companies (SC/RCs) - Clarifications,,https://www.rbi.org.in/Scripts/NotificationUser.aspx?Id=4943&Mode=0,https://www.rbi.org.in/Scripts/NotificationUser.aspx,2026-05-30T08:45:16.224130+00:00
2009-04-21,Liquidity Adjustment Facility – Repo and Reverse Repo Rates,,https://www.rbi.org.in/Scripts/NotificationUser.aspx?Id=4972&Mode=0,https://www.rbi.org.in/Scripts/NotificationUser.aspx,2026-05-30T08:45:16.224130+00:00
2009-04-21,Special Term Repo Facility,,https://www.rbi.org.in/Scripts/NotificationUser.aspx?Id=4942&Mode=0,https://www.rbi.org.in/Scripts/NotificationUser.aspx,2026-05-30T08:45:16.224130+00:00
2009-04-21,Instruments for Augmenting Capital Funds - UCBs,,https://www.rbi.org.in/Scripts/NotificationUser.aspx?Id=4941&Mode=0,https://www.rbi.org.in/Scripts/NotificationUser.aspx,2026-05-30T08:45:16.224130+00:00
2009-04-21,Standing Liquidity Facilities for Banks and Primary Dealers,,https://www.rbi.org.in/Scripts/NotificationUser.aspx?Id=4938&Mode=0,https://www.rbi.org.in/Scripts/NotificationUser.aspx,2026-05-30T08:45:16.224130+00:00
2009-04-21,Annual Policy Statement for the Year 2009-10,,https://www.rbi.org.in/Scripts/NotificationUser.aspx?Id=4936&Mode=0,https://www.rbi.org.in/Scripts/NotificationUser.aspx,2026-05-30T08:45:16.224130+00:00
2009-04-20,External Commercial Borrowings Policy – Liberalisation Issue of Guarantee for operating lease,,https://www.rbi.org.in/Scripts/NotificationUser.aspx?Id=4935&Mode=0,https://www.rbi.org.in/Scripts/NotificationUser.aspx,2026-05-30T08:45:16.224130+00:00
2009-04-17,Auction of Government of India Dated Securities,,https://www.rbi.org.in/Scripts/NotificationUser.aspx?Id=4933&Mode=0,https://www.rbi.org.in/Scripts/NotificationUser.aspx,2026-05-30T08:45:16.224130+00:00
2009-04-17,"Auction for Sale (Re-issue ) of ‘7.50 per cent Government Stock, 2034'",,https://www.rbi.org.in/Scripts/NotificationUser.aspx?Id=4932&Mode=0,https://www.rbi.org.in/Scripts/NotificationUser.aspx,2026-05-30T08:45:16.224130+00:00
2009-04-17,"Auction for Sale (Re-issue ) of ‘6.05 per cent Government Stock, 2019'",,https://www.rbi.org.in/Scripts/NotificationUser.aspx?Id=4931&Mode=0,https://www.rbi.org.in/Scripts/NotificationUser.aspx,2026-05-30T08:45:16.224130+00:00
2009-04-17,Prudential guidelines on restructuring of advances,,https://www.rbi.org.in/Scripts/NotificationUser.aspx?Id=4930&Mode=0,https://www.rbi.org.in/Scripts/NotificationUser.aspx,2026-05-30T08:45:16.224130+00:00
2009-04-17,Prudential Norms on Unsecured Advances,,https://www.rbi.org.in/Scripts/NotificationUser.aspx?Id=4929&Mode=0,https://www.rbi.org.in/Scripts/NotificationUser.aspx,2026-05-30T08:45:16.224130+00:00
2009-04-16,Exim Bank's Line of Credit of USD 4.3 million to the Government of Suriname,,https://www.rbi.org.in/Scripts/NotificationUser.aspx?Id=4928&Mode=0,https://www.rbi.org.in/Scripts/NotificationUser.aspx,2026-05-30T08:45:16.224130+00:00
2009-04-13,StCBs/DCCBs - Levy of service charges for electronic payment products and outstation cheque collection and standardisation of charges for transfer of surplus clearing funds,,https://www.rbi.org.in/Scripts/NotificationUser.aspx?Id=4927&Mode=0,https://www.rbi.org.in/Scripts/NotificationUser.aspx,2026-05-30T08:45:16.224130+00:00
2009-04-09,Auction of Government of India Dated Securities,,https://www.rbi.org.in/Scripts/NotificationUser.aspx?Id=4926&Mode=0,https://www.rbi.org.in/Scripts/NotificationUser.aspx,2026-05-30T08:45:16.224130+00:00
2009-04-09,"Auction for Sale (Re-issue ) of ‘8.24 per cent Government Stock, 2027'",,https://www.rbi.org.in/Scripts/NotificationUser.aspx?Id=4925&Mode=0,https://www.rbi.org.in/Scripts/NotificationUser.aspx,2026-05-30T08:45:16.224130+00:00
2009-04-09,"Auction for Sale (Re-issue ) of ‘7.56 per cent Government Stock, 2014",,https://www.rbi.org.in/Scripts/NotificationUser.aspx?Id=4924&Mode=0,https://www.rbi.org.in/Scripts/NotificationUser.aspx,2026-05-30T08:45:16.224130+00:00
2009-04-09,Prudential Guidelines on Restructuring of Advance by Banks,,https://www.rbi.org.in/Scripts/NotificationUser.aspx?Id=4920&Mode=0,https://www.rbi.org.in/Scripts/NotificationUser.aspx,2026-05-30T08:45:16.224130+00:00
2009-04-02,Auction of Government of India Dated Securities,,https://www.rbi.org.in/Scripts/NotificationUser.aspx?Id=4917&Mode=0,https://www.rbi.org.in/Scripts/NotificationUser.aspx,2026-05-30T08:45:16.224130+00:00
2009-04-02,"Auction for Sale (Re-issue ) of ‘7.50 per cent Government Stock, 2034",,https://www.rbi.org.in/Scripts/NotificationUser.aspx?Id=4916&Mode=0,https://www.rbi.org.in/Scripts/NotificationUser.aspx,2026-05-30T08:45:16.224130+00:00
2009-04-02,"Auction for Sale (Re-issue ) of ‘6.05 per cent Government Stock, 2019",,https://www.rbi.org.in/Scripts/NotificationUser.aspx?Id=4915&Mode=0,https://www.rbi.org.in/Scripts/NotificationUser.aspx,2026-05-30T08:45:16.224130+00:00
2009-04-01,Issue of Tier II and Tier III Capital,,https://www.rbi.org.in/Scripts/NotificationUser.aspx?Id=4913&Mode=0,https://www.rbi.org.in/Scripts/NotificationUser.aspx,2026-05-30T08:45:16.224130+00:00
2009-03-30,Auction of Government of India Dated Securities,,https://www.rbi.org.in/Scripts/NotificationUser.aspx?Id=4910&Mode=0,https://www.rbi.org.in/Scripts/NotificationUser.aspx,2026-05-30T08:45:18.853356+00:00
2009-03-30,"Auction for Sale (Re-issue ) of ‘7.94 per cent Government Stock, 2021'",,https://www.rbi.org.in/Scripts/NotificationUser.aspx?Id=4909&Mode=0,https://www.rbi.org.in/Scripts/NotificationUser.aspx,2026-05-30T08:45:18.853356+00:00
2009-03-30,"Auction for Sale (Re-issue ) of ‘7.56 per cent Government Stock, 2014'",,https://www.rbi.org.in/Scripts/NotificationUser.aspx?Id=4908&Mode=0,https://www.rbi.org.in/Scripts/NotificationUser.aspx,2026-05-30T08:45:18.853356+00:00
2009-03-26,On-line downloading of GR Forms,,https://www.rbi.org.in/Scripts/NotificationUser.aspx?Id=4907&Mode=0,https://www.rbi.org.in/Scripts/NotificationUser.aspx,2026-05-30T08:45:18.853356+00:00
2009-03-25,Rupee Export Credit Interest Rates,,https://www.rbi.org.in/Scripts/NotificationUser.aspx?Id=4901&Mode=0,https://www.rbi.org.in/Scripts/NotificationUser.aspx,2026-05-30T08:45:18.853356+00:00
2009-03-24,"Repayment of 8 % Savings (Taxable) Bonds, 2003",,https://www.rbi.org.in/Scripts/NotificationUser.aspx?Id=4899&Mode=0,https://www.rbi.org.in/Scripts/NotificationUser.aspx,2026-05-30T08:45:18.853356+00:00
2009-03-24,Special Measures for Annual Closing of Government Accounts,,https://www.rbi.org.in/Scripts/NotificationUser.aspx?Id=4898&Mode=0,https://www.rbi.org.in/Scripts/NotificationUser.aspx,2026-05-30T08:45:18.853356+00:00
2009-03-24,"Deferred Payment Protocols dated April 30, 1981 and December 23, 1985 between Government of India and erstwhile USSR",,https://www.rbi.org.in/Scripts/NotificationUser.aspx?Id=4896&Mode=0,https://www.rbi.org.in/Scripts/NotificationUser.aspx,2026-05-30T08:45:18.853356+00:00
2009-03-20,Auction of Government of India Dated Securities,,https://www.rbi.org.in/Scripts/NotificationUser.aspx?Id=4905&Mode=0,https://www.rbi.org.in/Scripts/NotificationUser.aspx,2026-05-30T08:45:18.853356+00:00
2009-03-20,"Auction for Sale (Re-issue ) of ‘7.27 per cent Government Stock, 2013",,https://www.rbi.org.in/Scripts/NotificationUser.aspx?Id=4904&Mode=0,https://www.rbi.org.in/Scripts/NotificationUser.aspx,2026-05-30T08:45:18.853356+00:00
2009-03-20,"Auction for Sale (Re-issue ) of ‘6.05 per cent Government Stock, 2019",,https://www.rbi.org.in/Scripts/NotificationUser.aspx?Id=4902&Mode=0,https://www.rbi.org.in/Scripts/NotificationUser.aspx,2026-05-30T08:45:18.853356+00:00
2009-03-13,"Auction for Sale (Re-issue ) of ‘6.72 per cent Government Stock, 2014",,https://www.rbi.org.in/Scripts/NotificationUser.aspx?Id=4894&Mode=0,https://www.rbi.org.in/Scripts/NotificationUser.aspx,2026-05-30T08:45:18.853356+00:00
2009-03-13,"Auction for Sale (Re-issue) of ‘6.05 per cent Government Stock, 2019",,https://www.rbi.org.in/Scripts/NotificationUser.aspx?Id=4893&Mode=0,https://www.rbi.org.in/Scripts/NotificationUser.aspx,2026-05-30T08:45:18.853356+00:00
2009-03-13,Auction of Government of India Dated Securities,,https://www.rbi.org.in/Scripts/NotificationUser.aspx?Id=4892&Mode=0,https://www.rbi.org.in/Scripts/NotificationUser.aspx,2026-05-30T08:45:18.853356+00:00
2009-03-13,Buyback / Prepayment of Foreign Currency Convertible Bonds (FCCBs),,https://www.rbi.org.in/Scripts/NotificationUser.aspx?Id=4891&Mode=0,https://www.rbi.org.in/Scripts/NotificationUser.aspx,2026-05-30T08:45:18.853356+00:00
2009-03-13,"Inclusion in the Second Schedule to the Reserve Bank of India Act, 1934-UBS AG.",,https://www.rbi.org.in/Scripts/NotificationUser.aspx?Id=4890&Mode=0,https://www.rbi.org.in/Scripts/NotificationUser.aspx,2026-05-30T08:45:18.853356+00:00
2009-03-09,Memorandum of Instructions governing money changing activities,,https://www.rbi.org.in/Scripts/NotificationUser.aspx?Id=4886&Mode=0,https://www.rbi.org.in/Scripts/NotificationUser.aspx,2026-05-30T08:45:18.853356+00:00
2009-03-06,Auction of Government of India Dated Securities,,https://www.rbi.org.in/Scripts/NotificationUser.aspx?Id=4882&Mode=0,https://www.rbi.org.in/Scripts/NotificationUser.aspx,2026-05-30T08:45:18.853356+00:00
2009-03-06,"Auction for Sale (Re-issue ) of ‘7.50 per cent Government Stock, 2034",,https://www.rbi.org.in/Scripts/NotificationUser.aspx?Id=4881&Mode=0,https://www.rbi.org.in/Scripts/NotificationUser.aspx,2026-05-30T08:45:18.853356+00:00
2009-03-06,"Auction for Sale (Re-issue ) of ‘8.35 per cent Government Stock, 2022",,https://www.rbi.org.in/Scripts/NotificationUser.aspx?Id=4880&Mode=0,https://www.rbi.org.in/Scripts/NotificationUser.aspx,2026-05-30T08:45:18.853356+00:00
2009-03-06,"Auction for Sale (Re-issue ) of ‘7.46 per cent Government Stock, 2017",,https://www.rbi.org.in/Scripts/NotificationUser.aspx?Id=4879&Mode=0,https://www.rbi.org.in/Scripts/NotificationUser.aspx,2026-05-30T08:45:18.853356+00:00
2009-03-06,UCBs – Credit/Debit Card Transactions – Security Issues and Risk Mitigation Measures,,https://www.rbi.org.in/Scripts/NotificationUser.aspx?Id=4877&Mode=0,https://www.rbi.org.in/Scripts/NotificationUser.aspx,2026-05-30T08:45:18.853356+00:00
2009-03-05,"Tender for purchase of “8.33 percent Government Stock, 2036” for an aggregate amount of Rs. 1000 crore under OMO Auction to be held on March 5, 2009",,https://www.rbi.org.in/Scripts/NotificationUser.aspx?Id=4875&Mode=0,https://www.rbi.org.in/Scripts/NotificationUser.aspx,2026-05-30T08:45:18.853356+00:00
2009-03-05,"Tender for purchase of “7.95 percent Government Stock, 2032” for an aggregate amount of Rs. 1000 crore under OMO Auction to be held on March 5, 2009",,https://www.rbi.org.in/Scripts/NotificationUser.aspx?Id=4874&Mode=0,https://www.rbi.org.in/Scripts/NotificationUser.aspx,2026-05-30T08:45:18.853356+00:00
2009-03-05,"Tender for purchase of “7.99 percent Government Stock, 2017” for an aggregate amount of Rs. 3000 crore under OMO Auction to be held on March 5, 2009",,https://www.rbi.org.in/Scripts/NotificationUser.aspx?Id=4873&Mode=0,https://www.rbi.org.in/Scripts/NotificationUser.aspx,2026-05-30T08:45:18.853356+00:00
2009-03-05,"Tender for purchase of “6.30 percent Government Stock, 2023” for an aggregate amount of Rs. 1000 crore under OMO Auction to be held on March 5, 2009",,https://www.rbi.org.in/Scripts/NotificationUser.aspx?Id=4871&Mode=0,https://www.rbi.org.in/Scripts/NotificationUser.aspx,2026-05-30T08:45:18.853356+00:00
2009-03-04,Standing Liquidity Facilities for Banks and Primary Dealers,,https://www.rbi.org.in/Scripts/NotificationUser.aspx?Id=4870&Mode=0,https://www.rbi.org.in/Scripts/NotificationUser.aspx,2026-05-30T08:45:18.853356+00:00
2009-03-04,Liquidity Adjustment Facility – Repo and Reverse Repo Rates,,https://www.rbi.org.in/Scripts/NotificationUser.aspx?Id=4869&Mode=0,https://www.rbi.org.in/Scripts/NotificationUser.aspx,2026-05-30T08:45:18.853356+00:00
2009-03-03,"Exclusion from the Second Schedule to the Reserve Bank of India Act, 1934 – State Bank of Saurashtra",,https://www.rbi.org.in/Scripts/NotificationUser.aspx?Id=4868&Mode=0,https://www.rbi.org.in/Scripts/NotificationUser.aspx,2026-05-30T08:45:18.853356+00:00
2009-02-27,"Foreign Exchange Management (Guarantees) (Second Amendment) Regulations, 2009.",,https://www.rbi.org.in/Scripts/NotificationUser.aspx?Id=5305&Mode=0,https://www.rbi.org.in/Scripts/NotificationUser.aspx,2026-05-30T08:45:21.618612+00:00
2009-02-27,Guidelines for Relief Measures by Banks to Poultry Units in West Bengal,,https://www.rbi.org.in/Scripts/NotificationUser.aspx?Id=4866&Mode=0,https://www.rbi.org.in/Scripts/NotificationUser.aspx,2026-05-30T08:45:21.618612+00:00
2009-02-27,Auction of Government of India Dated Securities,,https://www.rbi.org.in/Scripts/NotificationUser.aspx?Id=4859&Mode=0,https://www.rbi.org.in/Scripts/NotificationUser.aspx,2026-05-30T08:45:21.618612+00:00
2009-02-27,"Auction for Sale (Re-issue ) of ‘8.24 per cent Government Stock, 2027",,https://www.rbi.org.in/Scripts/NotificationUser.aspx?Id=4858&Mode=0,https://www.rbi.org.in/Scripts/NotificationUser.aspx,2026-05-30T08:45:21.618612+00:00
2009-02-27,"Auction for Sale (Re-issue ) of ‘6.83 per cent Government Stock, 2039",,https://www.rbi.org.in/Scripts/NotificationUser.aspx?Id=4857&Mode=0,https://www.rbi.org.in/Scripts/NotificationUser.aspx,2026-05-30T08:45:21.618612+00:00
2009-02-27,"Auction for Sale (Re-issue ) of ‘6.05 per cent Government Stock, 2019",,https://www.rbi.org.in/Scripts/NotificationUser.aspx?Id=4856&Mode=0,https://www.rbi.org.in/Scripts/NotificationUser.aspx,2026-05-30T08:45:21.618612+00:00
2009-02-26,Exim Bank's Line of Credit of USD 10 million to the Government of the Republic of Gambia,,https://www.rbi.org.in/Scripts/NotificationUser.aspx?Id=4852&Mode=0,https://www.rbi.org.in/Scripts/NotificationUser.aspx,2026-05-30T08:45:21.618612+00:00
2009-02-26,Exim Bank's Line of Credit of USD 15 million to the Government of Sierra Leone,,https://www.rbi.org.in/Scripts/NotificationUser.aspx?Id=4851&Mode=0,https://www.rbi.org.in/Scripts/NotificationUser.aspx,2026-05-30T08:45:21.618612+00:00
2009-02-26,Exim Bank's Line of Credit of USD 14.50 million to the Government of the Gabonese Republic,,https://www.rbi.org.in/Scripts/NotificationUser.aspx?Id=4850&Mode=0,https://www.rbi.org.in/Scripts/NotificationUser.aspx,2026-05-30T08:45:21.618612+00:00
2009-02-19,Exim Bank's Line of Credit of USD 20 million to the Government of the Republic of Niger,,https://www.rbi.org.in/Scripts/NotificationUser.aspx?Id=4849&Mode=0,https://www.rbi.org.in/Scripts/NotificationUser.aspx,2026-05-30T08:45:21.618612+00:00
2009-02-19,"Deferred Payment Protocols dated April 30, 1981 and December 23, 1985 between Government of India and erstwhile USSR",,https://www.rbi.org.in/Scripts/NotificationUser.aspx?Id=4848&Mode=0,https://www.rbi.org.in/Scripts/NotificationUser.aspx,2026-05-30T08:45:21.618612+00:00
2009-02-18,StCBs/DCCBs - Unclaimed deposits and inoperative / dormant accounts in banks,,https://www.rbi.org.in/Scripts/NotificationUser.aspx?Id=4847&Mode=0,https://www.rbi.org.in/Scripts/NotificationUser.aspx,2026-05-30T08:45:21.618612+00:00
2009-02-18,Credit/Debit Card transactions-Security Issues and Risk mitigation measures,,https://www.rbi.org.in/Scripts/NotificationUser.aspx?Id=4844&Mode=0,https://www.rbi.org.in/Scripts/NotificationUser.aspx,2026-05-30T08:45:21.618612+00:00
2009-02-17,"Auction for Sale (Re-issue ) of ‘8.35 per cent Government Stock, 2022",,https://www.rbi.org.in/Scripts/NotificationUser.aspx?Id=4843&Mode=0,https://www.rbi.org.in/Scripts/NotificationUser.aspx,2026-05-30T08:45:21.618612+00:00
2009-02-17,"Auction for Sale (Re-issue ) of ‘7.50 per cent Government Stock, 2034",,https://www.rbi.org.in/Scripts/NotificationUser.aspx?Id=4842&Mode=0,https://www.rbi.org.in/Scripts/NotificationUser.aspx,2026-05-30T08:45:21.618612+00:00
2009-02-17,"Auction for Sale (Re-issue ) of ‘7.46 per cent Government Stock, 2017",,https://www.rbi.org.in/Scripts/NotificationUser.aspx?Id=4841&Mode=0,https://www.rbi.org.in/Scripts/NotificationUser.aspx,2026-05-30T08:45:21.618612+00:00
2009-02-17,Auction of Government of India Dated Securities,,https://www.rbi.org.in/Scripts/NotificationUser.aspx?Id=4840&Mode=0,https://www.rbi.org.in/Scripts/NotificationUser.aspx,2026-05-30T08:45:21.618612+00:00
2009-02-17,UCBs - Reconciliation of transactions at ATMs failure-Time limit,,https://www.rbi.org.in/Scripts/NotificationUser.aspx?Id=4839&Mode=0,https://www.rbi.org.in/Scripts/NotificationUser.aspx,2026-05-30T08:45:21.618612+00:00
2009-02-13,Opening of Diamond Dollar Accounts – Liberalisation,,https://www.rbi.org.in/Scripts/NotificationUser.aspx?Id=4837&Mode=0,https://www.rbi.org.in/Scripts/NotificationUser.aspx,2026-05-30T08:45:21.618612+00:00
2009-02-09,Indo – Nepal Remittance Scheme – Revision of service charges,,https://www.rbi.org.in/Scripts/NotificationUser.aspx?Id=4832&Mode=0,https://www.rbi.org.in/Scripts/NotificationUser.aspx,2026-05-30T08:45:21.618612+00:00
2009-02-06,Notification,,https://www.rbi.org.in/Scripts/NotificationUser.aspx?Id=4889&Mode=0,https://www.rbi.org.in/Scripts/NotificationUser.aspx,2026-05-30T08:45:21.618612+00:00
2009-02-06,"Auction for Sale (Re-issue) of ‘6.83 per cent Government Stock, 2039",,https://www.rbi.org.in/Scripts/NotificationUser.aspx?Id=4835&Mode=0,https://www.rbi.org.in/Scripts/NotificationUser.aspx,2026-05-30T08:45:21.618612+00:00
2009-02-06,"Auction for Sale (Re-issue) of ‘6.05 per cent Government Stock, 2019",,https://www.rbi.org.in/Scripts/NotificationUser.aspx?Id=4834&Mode=0,https://www.rbi.org.in/Scripts/NotificationUser.aspx,2026-05-30T08:45:21.618612+00:00
2009-02-06,Auction of Government of India Dated Securities,,https://www.rbi.org.in/Scripts/NotificationUser.aspx?Id=4833&Mode=0,https://www.rbi.org.in/Scripts/NotificationUser.aspx,2026-05-30T08:45:21.618612+00:00
2009-02-06,StCBs/DCCBs – Delays in Cheque Collection,,https://www.rbi.org.in/Scripts/NotificationUser.aspx?Id=4829&Mode=0,https://www.rbi.org.in/Scripts/NotificationUser.aspx,2026-05-30T08:45:21.618612+00:00
2009-02-05,RRBs – Delay in Cheque Collection,,https://www.rbi.org.in/Scripts/NotificationUser.aspx?Id=4827&Mode=0,https://www.rbi.org.in/Scripts/NotificationUser.aspx,2026-05-30T08:45:21.618612+00:00
2009-02-05,"Inclusion in the Second Schedule to the Reserve Bank of India Act, 1934-American Express Banking Corp.",,https://www.rbi.org.in/Scripts/NotificationUser.aspx?Id=4826&Mode=0,https://www.rbi.org.in/Scripts/NotificationUser.aspx,2026-05-30T08:45:21.618612+00:00
2009-02-04,"Hedging of Freight Risk by domestic oil-refining, shipping companies and other companies",,https://www.rbi.org.in/Scripts/NotificationUser.aspx?Id=4823&Mode=0,https://www.rbi.org.in/Scripts/NotificationUser.aspx,2026-05-30T08:45:21.618612+00:00
2009-02-04,Financial Literacy and Credit Counselling Centres (FLCCs)- Model Scheme,,https://www.rbi.org.in/Scripts/NotificationUser.aspx?Id=4822&Mode=0,https://www.rbi.org.in/Scripts/NotificationUser.aspx,2026-05-30T08:45:21.618612+00:00
2009-02-04,Ratings of NBFCs,,https://www.rbi.org.in/Scripts/NotificationUser.aspx?Id=4821&Mode=0,https://www.rbi.org.in/Scripts/NotificationUser.aspx,2026-05-30T08:45:21.618612+00:00
2009-02-03,"Foreign Exchange Management (Transfer or Issue of any Foreign Security) (Second Amendment) Regulations, 2009)",,https://www.rbi.org.in/Scripts/NotificationUser.aspx?Id=5171&Mode=0,https://www.rbi.org.in/Scripts/NotificationUser.aspx,2026-05-30T08:45:21.618612+00:00
2009-02-03,"Foreign Exchange Management (Guarantees) (Amendment) Regulations, 2008",,https://www.rbi.org.in/Scripts/NotificationUser.aspx?Id=5170&Mode=0,https://www.rbi.org.in/Scripts/NotificationUser.aspx,2026-05-30T08:45:21.618612+00:00
2009-02-03,"Foreign Exchange Management (Acquisition and Transfer of Immovable Property in India) (Amendment) Regulations, 2009",,https://www.rbi.org.in/Scripts/NotificationUser.aspx?Id=5169&Mode=0,https://www.rbi.org.in/Scripts/NotificationUser.aspx,2026-05-30T08:45:21.618612+00:00
2009-02-02,UCBs - Service Charges for Electronic Payment Products/Outstation Cheque Collection/Transfer of Surplus Clearing Funds,,https://www.rbi.org.in/Scripts/NotificationUser.aspx?Id=4828&Mode=0,https://www.rbi.org.in/Scripts/NotificationUser.aspx,2026-05-30T08:45:21.618612+00:00
2009-02-02,Auction of Government of India Dated Securities,,https://www.rbi.org.in/Scripts/NotificationUser.aspx?Id=4814&Mode=0,https://www.rbi.org.in/Scripts/NotificationUser.aspx,2026-05-30T08:45:21.618612+00:00
2009-02-02,"Auction for Sale (Re-issue ) of ‘6.30 per cent Government Stock, 2023",,https://www.rbi.org.in/Scripts/NotificationUser.aspx?Id=4813&Mode=0,https://www.rbi.org.in/Scripts/NotificationUser.aspx,2026-05-30T08:45:21.618612+00:00
2009-02-02,"Auction for Sale (Re-issue) of ‘7.46 per cent Government Stock, 2017",,https://www.rbi.org.in/Scripts/NotificationUser.aspx?Id=4812&Mode=0,https://www.rbi.org.in/Scripts/NotificationUser.aspx,2026-05-30T08:45:21.618612+00:00
2009-01-30,Placement of deposits with other banks by primary (urban) cooperative banks (UCBs),,https://www.rbi.org.in/Scripts/NotificationUser.aspx?Id=4809&Mode=0,https://www.rbi.org.in/Scripts/NotificationUser.aspx,2026-05-30T08:45:24.211629+00:00
2009-01-30,UCBs - Investments in Non-SLR Securities,,https://www.rbi.org.in/Scripts/NotificationUser.aspx?Id=4808&Mode=0,https://www.rbi.org.in/Scripts/NotificationUser.aspx,2026-05-30T08:45:24.211629+00:00
2009-01-29,Balances held by UCBs with IDBI Bank Limited- Treatment for CRR/SLR purpose-,,https://www.rbi.org.in/Scripts/NotificationUser.aspx?Id=4807&Mode=0,https://www.rbi.org.in/Scripts/NotificationUser.aspx,2026-05-30T08:45:24.211629+00:00
2009-01-29,Exim Bank's Line of Credit of USD 29.50 million to the Government of the Central African Republic,,https://www.rbi.org.in/Scripts/NotificationUser.aspx?Id=4803&Mode=0,https://www.rbi.org.in/Scripts/NotificationUser.aspx,2026-05-30T08:45:24.211629+00:00
2009-01-28,Exim Bank's Line of Credit of USD 25 million to the Government of the Republic of Senegal,,https://www.rbi.org.in/Scripts/NotificationUser.aspx?Id=4802&Mode=0,https://www.rbi.org.in/Scripts/NotificationUser.aspx,2026-05-30T08:45:24.211629+00:00
2009-01-27,Tender for new 10-year Stock-Competitive Bids,,https://www.rbi.org.in/Scripts/NotificationUser.aspx?Id=4801&Mode=0,https://www.rbi.org.in/Scripts/NotificationUser.aspx,2026-05-30T08:45:24.211629+00:00
2009-01-27,GOI Notification - 7.55% - 2010,,https://www.rbi.org.in/Scripts/NotificationUser.aspx?Id=4800&Mode=0,https://www.rbi.org.in/Scripts/NotificationUser.aspx,2026-05-30T08:45:24.211629+00:00
2009-01-27,Third Quarter Review of Monetary Policy 2008-09,,https://www.rbi.org.in/Scripts/NotificationUser.aspx?Id=4796&Mode=0,https://www.rbi.org.in/Scripts/NotificationUser.aspx,2026-05-30T08:45:24.211629+00:00
2009-01-27,"Special Refinance Facility (SRF) under Section 17(3B) of the Reserve Bank of India Act, 1934",,https://www.rbi.org.in/Scripts/NotificationUser.aspx?Id=4795&Mode=0,https://www.rbi.org.in/Scripts/NotificationUser.aspx,2026-05-30T08:45:24.211629+00:00
2009-01-27,RBI Notification,,https://www.rbi.org.in/Scripts/NotificationUser.aspx?Id=4794&Mode=0,https://www.rbi.org.in/Scripts/NotificationUser.aspx,2026-05-30T08:45:24.211629+00:00
2009-01-27,GOI Notification - 6.83% - 2039,,https://www.rbi.org.in/Scripts/NotificationUser.aspx?Id=4793&Mode=0,https://www.rbi.org.in/Scripts/NotificationUser.aspx,2026-05-30T08:45:24.211629+00:00
2009-01-27,Tender for Competitive Bids - 6.83 per cent,,https://www.rbi.org.in/Scripts/NotificationUser.aspx?Id=4792&Mode=0,https://www.rbi.org.in/Scripts/NotificationUser.aspx,2026-05-30T08:45:24.211629+00:00
2009-01-27,Tender for Non Competitive Bids - 6.83 per cent,,https://www.rbi.org.in/Scripts/NotificationUser.aspx?Id=4791&Mode=0,https://www.rbi.org.in/Scripts/NotificationUser.aspx,2026-05-30T08:45:24.211629+00:00
2009-01-27,GOI Notification - 7.56% - 2014,,https://www.rbi.org.in/Scripts/NotificationUser.aspx?Id=4790&Mode=0,https://www.rbi.org.in/Scripts/NotificationUser.aspx,2026-05-30T08:45:24.211629+00:00
2009-01-27,Tender for Competitive Bids - 7.56 per cent,,https://www.rbi.org.in/Scripts/NotificationUser.aspx?Id=4789&Mode=0,https://www.rbi.org.in/Scripts/NotificationUser.aspx,2026-05-30T08:45:24.211629+00:00
2009-01-27,Tender for Non Competitive Bids - 7.56 per cent,,https://www.rbi.org.in/Scripts/NotificationUser.aspx?Id=4788&Mode=0,https://www.rbi.org.in/Scripts/NotificationUser.aspx,2026-05-30T08:45:24.211629+00:00
2009-01-27,GOI Notification new 10-year Stock,,https://www.rbi.org.in/Scripts/NotificationUser.aspx?Id=4787&Mode=0,https://www.rbi.org.in/Scripts/NotificationUser.aspx,2026-05-30T08:45:24.211629+00:00
2009-01-27,Tender for new 10-year Stock-Non Competitive Bids,,https://www.rbi.org.in/Scripts/NotificationUser.aspx?Id=4786&Mode=0,https://www.rbi.org.in/Scripts/NotificationUser.aspx,2026-05-30T08:45:24.211629+00:00
2009-01-27,Scheme for Non-competitive Bidding Facility in the Auctions of Government Securities,,https://www.rbi.org.in/Scripts/NotificationUser.aspx?Id=4785&Mode=0,https://www.rbi.org.in/Scripts/NotificationUser.aspx,2026-05-30T08:45:24.211629+00:00
2009-01-27,GOI Notification - 7.55% - 2010,,https://www.rbi.org.in/Scripts/NotificationUser.aspx?Id=4784&Mode=0,https://www.rbi.org.in/Scripts/NotificationUser.aspx,2026-05-30T08:45:24.211629+00:00
2009-01-23,Financial restructuring of UCBs,,https://www.rbi.org.in/Scripts/NotificationUser.aspx?Id=4782&Mode=0,https://www.rbi.org.in/Scripts/NotificationUser.aspx,2026-05-30T08:45:24.211629+00:00
2009-01-22,100 per cent Financial Inclusion - Evaluation by external agencies- Broad findings,,https://www.rbi.org.in/Scripts/NotificationUser.aspx?Id=4781&Mode=0,https://www.rbi.org.in/Scripts/NotificationUser.aspx,2026-05-30T08:45:24.211629+00:00
2009-01-21,Internal assignments in banks by statutory auditors,,https://www.rbi.org.in/Scripts/NotificationUser.aspx?Id=4779&Mode=0,https://www.rbi.org.in/Scripts/NotificationUser.aspx,2026-05-30T08:45:24.211629+00:00
2009-01-20,"Foreign Exchange Management (Transfer or Issue of Any Foreign Security) ( Amendment) Regulations, 2009",,https://www.rbi.org.in/Scripts/NotificationUser.aspx?Id=5024&Mode=0,https://www.rbi.org.in/Scripts/NotificationUser.aspx,2026-05-30T08:45:24.211629+00:00
2009-01-20,"Foreign Exchange Management (Borrowing and Lending in Rupees) (Amendment) Regulations, 2009",,https://www.rbi.org.in/Scripts/NotificationUser.aspx?Id=5023&Mode=0,https://www.rbi.org.in/Scripts/NotificationUser.aspx,2026-05-30T08:45:24.211629+00:00
2009-01-20,UCBs – Delay in Cheque Collection,,https://www.rbi.org.in/Scripts/NotificationUser.aspx?Id=4777&Mode=0,https://www.rbi.org.in/Scripts/NotificationUser.aspx,2026-05-30T08:45:24.211629+00:00
2009-01-20,Collateral Free Loans - Micro and Small Enterprises,,https://www.rbi.org.in/Scripts/NotificationUser.aspx?Id=4776&Mode=0,https://www.rbi.org.in/Scripts/NotificationUser.aspx,2026-05-30T08:45:24.211629+00:00
2009-01-15,Formation of new district in Haryana – Assignment of Lead Bank responsibility,,https://www.rbi.org.in/Scripts/NotificationUser.aspx?Id=4775&Mode=0,https://www.rbi.org.in/Scripts/NotificationUser.aspx,2026-05-30T08:45:24.211629+00:00
2009-01-13,"Foreign Exchange Management (Borrowing or Lending in Foreign Exchange) (Amendment) Regulations, 2009",,https://www.rbi.org.in/Scripts/NotificationUser.aspx?Id=5022&Mode=0,https://www.rbi.org.in/Scripts/NotificationUser.aspx,2026-05-30T08:45:24.211629+00:00
2009-01-13,Instruments for Augmenting Capital Funds- UCBs,,https://www.rbi.org.in/Scripts/NotificationUser.aspx?Id=4773&Mode=0,https://www.rbi.org.in/Scripts/NotificationUser.aspx,2026-05-30T08:45:24.211629+00:00
2009-01-13,Tender for Competitive Bids - 6.57 per cent,,https://www.rbi.org.in/Scripts/NotificationUser.aspx?Id=4772&Mode=0,https://www.rbi.org.in/Scripts/NotificationUser.aspx,2026-05-30T08:45:24.211629+00:00
2009-01-13,GOI Notification - 6.57% - 2011,,https://www.rbi.org.in/Scripts/NotificationUser.aspx?Id=4771&Mode=0,https://www.rbi.org.in/Scripts/NotificationUser.aspx,2026-05-30T08:45:24.211629+00:00
2009-01-13,Scheme for Non-competitive Bidding Facility in the Auctions of Government Securities,,https://www.rbi.org.in/Scripts/NotificationUser.aspx?Id=4770&Mode=0,https://www.rbi.org.in/Scripts/NotificationUser.aspx,2026-05-30T08:45:24.211629+00:00
2009-01-13,Tender for new 30-year Stock-Non Competitive Bids,,https://www.rbi.org.in/Scripts/NotificationUser.aspx?Id=4769&Mode=0,https://www.rbi.org.in/Scripts/NotificationUser.aspx,2026-05-30T08:45:24.211629+00:00
2009-01-13,Tender for new 30-year Stock-Competitive Bids,,https://www.rbi.org.in/Scripts/NotificationUser.aspx?Id=4768&Mode=0,https://www.rbi.org.in/Scripts/NotificationUser.aspx,2026-05-30T08:45:24.211629+00:00
2009-01-13,GOI Notification new 30-year Stock,,https://www.rbi.org.in/Scripts/NotificationUser.aspx?Id=4767&Mode=0,https://www.rbi.org.in/Scripts/NotificationUser.aspx,2026-05-30T08:45:24.211629+00:00
2009-01-13,Tender for Non Competitive Bids - 8.24 per cent,,https://www.rbi.org.in/Scripts/NotificationUser.aspx?Id=4766&Mode=0,https://www.rbi.org.in/Scripts/NotificationUser.aspx,2026-05-30T08:45:24.211629+00:00
2009-01-13,Tender for Competitive Bids - 8.24 per cent,,https://www.rbi.org.in/Scripts/NotificationUser.aspx?Id=4765&Mode=0,https://www.rbi.org.in/Scripts/NotificationUser.aspx,2026-05-30T08:45:24.211629+00:00
2009-01-13,GOI Notification - 8.24% - 2018,,https://www.rbi.org.in/Scripts/NotificationUser.aspx?Id=4764&Mode=0,https://www.rbi.org.in/Scripts/NotificationUser.aspx,2026-05-30T08:45:24.211629+00:00
2009-01-13,Tender for Non Competitive Bids - 7.56 per cent,,https://www.rbi.org.in/Scripts/NotificationUser.aspx?Id=4763&Mode=0,https://www.rbi.org.in/Scripts/NotificationUser.aspx,2026-05-30T08:45:24.211629+00:00
2009-01-13,Tender for Competitive Bids - 7.56 per cent,,https://www.rbi.org.in/Scripts/NotificationUser.aspx?Id=4762&Mode=0,https://www.rbi.org.in/Scripts/NotificationUser.aspx,2026-05-30T08:45:24.211629+00:00
2009-01-13,GOI Notification - 7.56% - 2014,,https://www.rbi.org.in/Scripts/NotificationUser.aspx?Id=4761&Mode=0,https://www.rbi.org.in/Scripts/NotificationUser.aspx,2026-05-30T08:45:24.211629+00:00
2009-01-13,RBI Notification,,https://www.rbi.org.in/Scripts/NotificationUser.aspx?Id=4760&Mode=0,https://www.rbi.org.in/Scripts/NotificationUser.aspx,2026-05-30T08:45:24.211629+00:00
2009-01-06,Formation of new districts in the Union Territory of Andaman & Nicobar Islands – Assignment of Lead Bank responsibility,,https://www.rbi.org.in/Scripts/NotificationUser.aspx?Id=4759&Mode=0,https://www.rbi.org.in/Scripts/NotificationUser.aspx,2026-05-30T08:45:24.211629+00:00
2009-01-06,Scheme for Non-competitive Bidding Facility in the Auctions of Government Securities,,https://www.rbi.org.in/Scripts/NotificationUser.aspx?Id=4758&Mode=0,https://www.rbi.org.in/Scripts/NotificationUser.aspx,2026-05-30T08:45:24.211629+00:00
2009-01-06,Tender for Non Competitive Bids - 7.59 per cent,,https://www.rbi.org.in/Scripts/NotificationUser.aspx?Id=4757&Mode=0,https://www.rbi.org.in/Scripts/NotificationUser.aspx,2026-05-30T08:45:24.211629+00:00
2009-01-06,Tender for Competitive Bids - 7.59 per cent,,https://www.rbi.org.in/Scripts/NotificationUser.aspx?Id=4756&Mode=0,https://www.rbi.org.in/Scripts/NotificationUser.aspx,2026-05-30T08:45:24.211629+00:00
2009-01-06,GOI Notification - 7.59% - 2016,,https://www.rbi.org.in/Scripts/NotificationUser.aspx?Id=4755&Mode=0,https://www.rbi.org.in/Scripts/NotificationUser.aspx,2026-05-30T08:45:24.211629+00:00
2009-01-06,Tender for Non Competitive Bids - 7.50 per cent,,https://www.rbi.org.in/Scripts/NotificationUser.aspx?Id=4754&Mode=0,https://www.rbi.org.in/Scripts/NotificationUser.aspx,2026-05-30T08:45:24.211629+00:00
2009-01-06,Tender for Competitive Bids - 7.50 per cent,,https://www.rbi.org.in/Scripts/NotificationUser.aspx?Id=4753&Mode=0,https://www.rbi.org.in/Scripts/NotificationUser.aspx,2026-05-30T08:45:24.211629+00:00
2009-01-06,GOI Notification - 7.50% - 2034,,https://www.rbi.org.in/Scripts/NotificationUser.aspx?Id=4752&Mode=0,https://www.rbi.org.in/Scripts/NotificationUser.aspx,2026-05-30T08:45:24.211629+00:00
2009-01-06,Tender for Non Competitive Bids - 6.30 per cent,,https://www.rbi.org.in/Scripts/NotificationUser.aspx?Id=4751&Mode=0,https://www.rbi.org.in/Scripts/NotificationUser.aspx,2026-05-30T08:45:24.211629+00:00
2009-01-06,Tender for Competitive Bids - 6.30 per cent,,https://www.rbi.org.in/Scripts/NotificationUser.aspx?Id=4750&Mode=0,https://www.rbi.org.in/Scripts/NotificationUser.aspx,2026-05-30T08:45:24.211629+00:00
2009-01-06,GOI Notification - 6.30% - 2023,,https://www.rbi.org.in/Scripts/NotificationUser.aspx?Id=4749&Mode=0,https://www.rbi.org.in/Scripts/NotificationUser.aspx,2026-05-30T08:45:24.211629+00:00
2009-01-06,RBI Notification,,https://www.rbi.org.in/Scripts/NotificationUser.aspx?Id=4748&Mode=0,https://www.rbi.org.in/Scripts/NotificationUser.aspx,2026-05-30T08:45:24.211629+00:00
2009-01-06,Exim Bank’s Line of Credit to Government of Ghana,,https://www.rbi.org.in/Scripts/NotificationUser.aspx?Id=4747&Mode=0,https://www.rbi.org.in/Scripts/NotificationUser.aspx,2026-05-30T08:45:24.211629+00:00
2009-01-05,UCBs – CRR reduced,,https://www.rbi.org.in/Scripts/NotificationUser.aspx?Id=4744&Mode=0,https://www.rbi.org.in/Scripts/NotificationUser.aspx,2026-05-30T08:45:24.211629+00:00
2009-01-02,External Commercial Borrowings (ECB) Policy - Liberalisation,,https://www.rbi.org.in/Scripts/NotificationUser.aspx?Id=4743&Mode=0,https://www.rbi.org.in/Scripts/NotificationUser.aspx,2026-05-30T08:45:24.211629+00:00
2009-01-02,Standing Liquidity Facilities for Banks and Primary Dealers,,https://www.rbi.org.in/Scripts/NotificationUser.aspx?Id=4740&Mode=0,https://www.rbi.org.in/Scripts/NotificationUser.aspx,2026-05-30T08:45:24.211629+00:00
2009-01-02,"Interest Rate on Special Refinance Facility (SRF) under Section 17(3B) of the Reserve Bank of India Act, 1934",,https://www.rbi.org.in/Scripts/NotificationUser.aspx?Id=4739&Mode=0,https://www.rbi.org.in/Scripts/NotificationUser.aspx,2026-05-30T08:45:24.211629+00:00
2009-01-02,LAF – Repo and Reverse Repo Rates reduced,,https://www.rbi.org.in/Scripts/NotificationUser.aspx?Id=4737&Mode=0,https://www.rbi.org.in/Scripts/NotificationUser.aspx,2026-05-30T08:45:24.211629+00:00
2009-01-02,"Deferred Payment Protocols dated April 30, 1981 and December 23, 1985 between Government of India and erstwhile USSR",,https://www.rbi.org.in/Scripts/NotificationUser.aspx?Id=4735&Mode=0,https://www.rbi.org.in/Scripts/NotificationUser.aspx,2026-05-30T08:45:24.211629+00:00
2026-05-25,"Reserve Bank of India (Rural Co-operative Banks - Governance) Amendment Directions, 2026",,https://www.rbi.org.in/Scripts/NotificationUser.aspx?Id=13462&Mode=0,https://www.rbi.org.in/Scripts/NotificationUser.aspx,2026-05-30T08:45:27.259442+00:00
2026-05-25,"Reserve Bank of India (Urban Co-operative Banks - Governance) Amendment Directions, 2026",,https://www.rbi.org.in/Scripts/NotificationUser.aspx?Id=13461&Mode=0,https://www.rbi.org.in/Scripts/NotificationUser.aspx,2026-05-30T08:45:27.259442+00:00
2026-05-22,"Implementation of Section 51A of UAPA, 1967: Updates to UNSC’s 1267/ 1989 ISIL (Da'esh) & Al-Qaida Sanctions List: Removal of 7 Entries",,https://www.rbi.org.in/Scripts/NotificationUser.aspx?Id=13460&Mode=0,https://www.rbi.org.in/Scripts/NotificationUser.aspx,2026-05-30T08:45:27.259442+00:00
2026-05-18,"Reserve Bank of India (Local Area Banks – Financial Statements: Presentation and Disclosures) Third Amendment Directions, 2026",,https://www.rbi.org.in/Scripts/NotificationUser.aspx?Id=13459&Mode=0,https://www.rbi.org.in/Scripts/NotificationUser.aspx,2026-05-30T08:45:27.259442+00:00
2026-05-18,"Reserve Bank of India (Commercial Banks – Financial Statements: Presentation and Disclosures) Sixth Amendment Directions, 2026",,https://www.rbi.org.in/Scripts/NotificationUser.aspx?Id=13458&Mode=0,https://www.rbi.org.in/Scripts/NotificationUser.aspx,2026-05-30T08:45:27.259442+00:00
2026-05-18,"Reserve Bank of India (Commercial Banks – Prudential Norms on Capital Adequacy) Sixth Amendment Directions, 2026",,https://www.rbi.org.in/Scripts/NotificationUser.aspx?Id=13457&Mode=0,https://www.rbi.org.in/Scripts/NotificationUser.aspx,2026-05-30T08:45:27.259442+00:00
2026-05-18,"Reserve Bank of India (Regional Rural Banks - Classification, Valuation, and Operation of Investment Portfolio) Amendment Directions, 2026",,https://www.rbi.org.in/Scripts/NotificationUser.aspx?Id=13456&Mode=0,https://www.rbi.org.in/Scripts/NotificationUser.aspx,2026-05-30T08:45:27.259442+00:00
2026-05-18,"Reserve Bank of India (Rural Co-operative Banks – Classification, Valuation, and Operation of Investment Portfolio) Amendment Directions, 2026",,https://www.rbi.org.in/Scripts/NotificationUser.aspx?Id=13455&Mode=0,https://www.rbi.org.in/Scripts/NotificationUser.aspx,2026-05-30T08:45:27.259442+00:00
2026-05-18,"Reserve Bank of India (Urban Co-operative Banks – Classification, Valuation, and Operation of Investment Portfolio) Amendment Directions, 2026",,https://www.rbi.org.in/Scripts/NotificationUser.aspx?Id=13454&Mode=0,https://www.rbi.org.in/Scripts/NotificationUser.aspx,2026-05-30T08:45:27.259442+00:00
2026-05-18,"Reserve Bank of India (Local Area Banks - Classification, Valuation, and Operation of Investment Portfolio) Amendment Directions, 2026",,https://www.rbi.org.in/Scripts/NotificationUser.aspx?Id=13453&Mode=0,https://www.rbi.org.in/Scripts/NotificationUser.aspx,2026-05-30T08:45:27.259442+00:00
2026-05-18,"Reserve Bank of India (Payments Banks - Classification, Valuation, and Operation of Investment Portfolio) Amendment Directions, 2026",,https://www.rbi.org.in/Scripts/NotificationUser.aspx?Id=13452&Mode=0,https://www.rbi.org.in/Scripts/NotificationUser.aspx,2026-05-30T08:45:27.259442+00:00
2026-05-18,"Reserve Bank of India (Small Finance Banks - Classification, Valuation, and Operation of Investment Portfolio) Amendment Directions, 2026",,https://www.rbi.org.in/Scripts/NotificationUser.aspx?Id=13451&Mode=0,https://www.rbi.org.in/Scripts/NotificationUser.aspx,2026-05-30T08:45:27.259442+00:00
2026-05-18,"Reserve Bank of India (Commercial Banks - Classification, Valuation, and Operation of Investment Portfolio) Second Amendment Directions, 2026",,https://www.rbi.org.in/Scripts/NotificationUser.aspx?Id=13450&Mode=0,https://www.rbi.org.in/Scripts/NotificationUser.aspx,2026-05-30T08:45:27.259442+00:00
2026-05-13,Operating framework for facilitating Outward Remittance services by non-bank entities through Authorized Dealer (Category I) banks in India,,https://www.rbi.org.in/Scripts/NotificationUser.aspx?Id=13449&Mode=0,https://www.rbi.org.in/Scripts/NotificationUser.aspx,2026-05-30T08:45:27.259442+00:00
2026-05-08,"Reserve Bank of India (Payments Banks - Prudential Norms on Capital Adequacy) Second Amendment Directions, 2026",,https://www.rbi.org.in/Scripts/NotificationUser.aspx?Id=13448&Mode=0,https://www.rbi.org.in/Scripts/NotificationUser.aspx,2026-05-30T08:45:27.259442+00:00
2026-05-08,"Reserve Bank of India (Small Finance Banks - Prudential Norms on Capital Adequacy) Fourth Amendment Directions, 2026",,https://www.rbi.org.in/Scripts/NotificationUser.aspx?Id=13447&Mode=0,https://www.rbi.org.in/Scripts/NotificationUser.aspx,2026-05-30T08:45:27.259442+00:00
2026-05-08,"Reserve Bank of India (Commercial Banks - Prudential Norms on Capital Adequacy) Fifth Amendment Directions, 2026",,https://www.rbi.org.in/Scripts/NotificationUser.aspx?Id=13446&Mode=0,https://www.rbi.org.in/Scripts/NotificationUser.aspx,2026-05-30T08:45:27.259442+00:00
2026-05-06,"Issuance of Foreign Exchange Management (Authorised Persons) Regulations, 2026",,https://www.rbi.org.in/Scripts/NotificationUser.aspx?Id=13445&Mode=0,https://www.rbi.org.in/Scripts/NotificationUser.aspx,2026-05-30T08:45:27.259442+00:00
2026-05-06,"Foreign Exchange Management (Authorised Persons) Regulations, 2026",,https://www.rbi.org.in/Scripts/NotificationUser.aspx?Id=13444&Mode=0,https://www.rbi.org.in/Scripts/NotificationUser.aspx,2026-05-30T08:45:27.259442+00:00
2008-12-31,Internal assignments in banks by statutory auditors,,https://www.rbi.org.in/Scripts/NotificationUser.aspx?Id=4736&Mode=0,https://www.rbi.org.in/Scripts/NotificationUser.aspx,2026-05-30T08:45:30.074411+00:00
2008-12-30,Inclusion of Issues pertaining to MSME Sector in SLBC Meetings,,https://www.rbi.org.in/Scripts/NotificationUser.aspx?Id=4732&Mode=0,https://www.rbi.org.in/Scripts/NotificationUser.aspx,2026-05-30T08:45:30.074411+00:00
2008-12-26,Detection and impounding of Counterfeit Notes – Issue of Receipt to tenderer,,https://www.rbi.org.in/Scripts/NotificationUser.aspx?Id=4733&Mode=0,https://www.rbi.org.in/Scripts/NotificationUser.aspx,2026-05-30T08:45:30.074411+00:00
2008-12-26,Scheme for Non-competitive Bidding Facility in the Auctions of Government Securities,,https://www.rbi.org.in/Scripts/NotificationUser.aspx?Id=4731&Mode=0,https://www.rbi.org.in/Scripts/NotificationUser.aspx,2026-05-30T08:45:30.074411+00:00
2008-12-26,Tender for Non Competitive Bids - 7.46 per cent,,https://www.rbi.org.in/Scripts/NotificationUser.aspx?Id=4730&Mode=0,https://www.rbi.org.in/Scripts/NotificationUser.aspx,2026-05-30T08:45:30.074411+00:00
2008-12-26,Tender for Competitive Bids - 7.46 per cent,,https://www.rbi.org.in/Scripts/NotificationUser.aspx?Id=4729&Mode=0,https://www.rbi.org.in/Scripts/NotificationUser.aspx,2026-05-30T08:45:30.074411+00:00
2008-12-26,GOI Notification - 7.46% - 2017,,https://www.rbi.org.in/Scripts/NotificationUser.aspx?Id=4728&Mode=0,https://www.rbi.org.in/Scripts/NotificationUser.aspx,2026-05-30T08:45:30.074411+00:00
2008-12-26,Tender for Non Competitive Bids - 7.40 per cent,,https://www.rbi.org.in/Scripts/NotificationUser.aspx?Id=4727&Mode=0,https://www.rbi.org.in/Scripts/NotificationUser.aspx,2026-05-30T08:45:30.074411+00:00
2008-12-26,Tender for Competitive Bids - 7.40 per cent,,https://www.rbi.org.in/Scripts/NotificationUser.aspx?Id=4726&Mode=0,https://www.rbi.org.in/Scripts/NotificationUser.aspx,2026-05-30T08:45:30.074411+00:00
2008-12-26,GOI Notification - 7.40% - 2035,,https://www.rbi.org.in/Scripts/NotificationUser.aspx?Id=4725&Mode=0,https://www.rbi.org.in/Scripts/NotificationUser.aspx,2026-05-30T08:45:30.074411+00:00
2008-12-26,RBI Notification,,https://www.rbi.org.in/Scripts/NotificationUser.aspx?Id=4724&Mode=0,https://www.rbi.org.in/Scripts/NotificationUser.aspx,2026-05-30T08:45:30.074411+00:00
2008-12-26,Tender for Competitive Bids - 7.55 per cent,,https://www.rbi.org.in/Scripts/NotificationUser.aspx?Id=4723&Mode=0,https://www.rbi.org.in/Scripts/NotificationUser.aspx,2026-05-30T08:45:30.074411+00:00
2008-12-26,GOI Notification - 7.55% - 2010,,https://www.rbi.org.in/Scripts/NotificationUser.aspx?Id=4722&Mode=0,https://www.rbi.org.in/Scripts/NotificationUser.aspx,2026-05-30T08:45:30.074411+00:00
2008-12-26,Tender for Competitive Bids - 5.87 per cent,,https://www.rbi.org.in/Scripts/NotificationUser.aspx?Id=4721&Mode=0,https://www.rbi.org.in/Scripts/NotificationUser.aspx,2026-05-30T08:45:30.074411+00:00
2008-12-26,GOI Notification - 5.87% - 2010,,https://www.rbi.org.in/Scripts/NotificationUser.aspx?Id=4720&Mode=0,https://www.rbi.org.in/Scripts/NotificationUser.aspx,2026-05-30T08:45:30.074411+00:00
2008-12-26,"Deferred Payment Protocols dated April 30, 1981 and December 23, 1985 between Government of India and erstwhile USSR",,https://www.rbi.org.in/Scripts/NotificationUser.aspx?Id=4719&Mode=0,https://www.rbi.org.in/Scripts/NotificationUser.aspx,2026-05-30T08:45:30.074411+00:00
2008-12-26,Settlement system under ACU Mechanism,,https://www.rbi.org.in/Scripts/NotificationUser.aspx?Id=4718&Mode=0,https://www.rbi.org.in/Scripts/NotificationUser.aspx,2026-05-30T08:45:30.074411+00:00
2008-12-24,Exim Bank's Line of Credit of USD 25 million to the Government of the Republic of Madagascar,,https://www.rbi.org.in/Scripts/NotificationUser.aspx?Id=4717&Mode=0,https://www.rbi.org.in/Scripts/NotificationUser.aspx,2026-05-30T08:45:30.074411+00:00
2008-12-17,"RRBs – Inclusion in/exclusion from Second Schedule to RBI Act, 1934",,https://www.rbi.org.in/Scripts/NotificationUser.aspx?Id=4714&Mode=0,https://www.rbi.org.in/Scripts/NotificationUser.aspx,2026-05-30T08:45:30.074411+00:00
2008-12-16,"Inclusion in the Second Schedule to the Reserve Bank of India Act, 1934 – JSC VTB Bank",,https://www.rbi.org.in/Scripts/NotificationUser.aspx?Id=4713&Mode=0,https://www.rbi.org.in/Scripts/NotificationUser.aspx,2026-05-30T08:45:30.074411+00:00
2008-12-16,Rupee Export Credit Interest Rates,,https://www.rbi.org.in/Scripts/NotificationUser.aspx?Id=4712&Mode=0,https://www.rbi.org.in/Scripts/NotificationUser.aspx,2026-05-30T08:45:30.074411+00:00
2008-12-16,Credit delivery to Micro and Small Enterprises,,https://www.rbi.org.in/Scripts/NotificationUser.aspx?Id=4711&Mode=0,https://www.rbi.org.in/Scripts/NotificationUser.aspx,2026-05-30T08:45:30.074411+00:00
2008-12-10,EXIM Bank's LOC to the Government of the Republic of Malawi,,https://www.rbi.org.in/Scripts/NotificationUser.aspx?Id=4707&Mode=0,https://www.rbi.org.in/Scripts/NotificationUser.aspx,2026-05-30T08:45:30.074411+00:00
2008-12-10,Unhedged foreign exchange exposure of clients – Monitoring by banks,,https://www.rbi.org.in/Scripts/NotificationUser.aspx?Id=4705&Mode=0,https://www.rbi.org.in/Scripts/NotificationUser.aspx,2026-05-30T08:45:30.074411+00:00
2008-12-10,"Foreign Exchange Management Act, 1999 – Foreign Travel – Mode of payment in Rupees",,https://www.rbi.org.in/Scripts/NotificationUser.aspx?Id=4704&Mode=0,https://www.rbi.org.in/Scripts/NotificationUser.aspx,2026-05-30T08:45:30.074411+00:00
2008-12-08,Tender for Competitive Bids - 7.55 per cent,,https://www.rbi.org.in/Scripts/NotificationUser.aspx?Id=4703&Mode=0,https://www.rbi.org.in/Scripts/NotificationUser.aspx,2026-05-30T08:45:30.074411+00:00
2008-12-08,MSS Govt Notification - 7.55% - 2010,,https://www.rbi.org.in/Scripts/NotificationUser.aspx?Id=4702&Mode=0,https://www.rbi.org.in/Scripts/NotificationUser.aspx,2026-05-30T08:45:30.074411+00:00
2008-12-08,Tender for Competitive Bids - 5.87 per cent,,https://www.rbi.org.in/Scripts/NotificationUser.aspx?Id=4701&Mode=0,https://www.rbi.org.in/Scripts/NotificationUser.aspx,2026-05-30T08:45:30.074411+00:00
2008-12-08,MSS Govt Notification - 5.87% - 2010,,https://www.rbi.org.in/Scripts/NotificationUser.aspx?Id=4700&Mode=0,https://www.rbi.org.in/Scripts/NotificationUser.aspx,2026-05-30T08:45:30.074411+00:00
2008-12-08,Scheme for Non-competitive Bidding Facility in the Auctions of Government Securities,,https://www.rbi.org.in/Scripts/NotificationUser.aspx?Id=4698&Mode=0,https://www.rbi.org.in/Scripts/NotificationUser.aspx,2026-05-30T08:45:30.074411+00:00
2008-12-08,Tender for Non Competitive Bids - 7.50 per cent,,https://www.rbi.org.in/Scripts/NotificationUser.aspx?Id=4697&Mode=0,https://www.rbi.org.in/Scripts/NotificationUser.aspx,2026-05-30T08:45:30.074411+00:00
2008-12-08,Tender for Competitive Bids - 7.50 per cent,,https://www.rbi.org.in/Scripts/NotificationUser.aspx?Id=4696&Mode=0,https://www.rbi.org.in/Scripts/NotificationUser.aspx,2026-05-30T08:45:30.074411+00:00
2008-12-08,GOI Notification - 7.50% - 2034,,https://www.rbi.org.in/Scripts/NotificationUser.aspx?Id=4695&Mode=0,https://www.rbi.org.in/Scripts/NotificationUser.aspx,2026-05-30T08:45:30.074411+00:00
2008-12-08,Tender for Non Competitive Bids - 7.27 per cent,,https://www.rbi.org.in/Scripts/NotificationUser.aspx?Id=4694&Mode=0,https://www.rbi.org.in/Scripts/NotificationUser.aspx,2026-05-30T08:45:30.074411+00:00
2008-12-08,Tender for Competitive Bids - 7.27 per cent,,https://www.rbi.org.in/Scripts/NotificationUser.aspx?Id=4693&Mode=0,https://www.rbi.org.in/Scripts/NotificationUser.aspx,2026-05-30T08:45:30.074411+00:00
2008-12-08,GOI Notification - 7.27% - 2013,,https://www.rbi.org.in/Scripts/NotificationUser.aspx?Id=4692&Mode=0,https://www.rbi.org.in/Scripts/NotificationUser.aspx,2026-05-30T08:45:30.074411+00:00
2008-12-08,RBI Notification,,https://www.rbi.org.in/Scripts/NotificationUser.aspx?Id=4691&Mode=0,https://www.rbi.org.in/Scripts/NotificationUser.aspx,2026-05-30T08:45:30.074411+00:00
2008-12-08,Buyback / Prepayment of Foreign Currency Convertible Bonds (FCCBs),,https://www.rbi.org.in/Scripts/NotificationUser.aspx?Id=4690&Mode=0,https://www.rbi.org.in/Scripts/NotificationUser.aspx,2026-05-30T08:45:30.074411+00:00
2008-12-08,Priority Sector Lending – Loans to Housing Finance Companies (HFCs),,https://www.rbi.org.in/Scripts/NotificationUser.aspx?Id=4689&Mode=0,https://www.rbi.org.in/Scripts/NotificationUser.aspx,2026-05-30T08:45:30.074411+00:00
2008-12-08,Liquidity Adjustment Facility – Repo and Reverse Repo Rates,,https://www.rbi.org.in/Scripts/NotificationUser.aspx?Id=4686&Mode=0,https://www.rbi.org.in/Scripts/NotificationUser.aspx,2026-05-30T08:45:30.074411+00:00
2008-12-06,Standing Liquidity Facilities for Banks and Primary Dealers,,https://www.rbi.org.in/Scripts/NotificationUser.aspx?Id=4685&Mode=0,https://www.rbi.org.in/Scripts/NotificationUser.aspx,2026-05-30T08:45:30.074411+00:00
2008-12-06,Interest Rate on Special Refinance Facility,,https://www.rbi.org.in/Scripts/NotificationUser.aspx?Id=4684&Mode=0,https://www.rbi.org.in/Scripts/NotificationUser.aspx,2026-05-30T08:45:30.074411+00:00
2008-12-05,Temporary liquidity support for financing agricultural operations,,https://www.rbi.org.in/Scripts/NotificationUser.aspx?Id=4683&Mode=0,https://www.rbi.org.in/Scripts/NotificationUser.aspx,2026-05-30T08:45:30.074411+00:00
2008-12-04,"Deferred Payment Protocols dated April 30, 1981 and December 23, 1985 between Government of India and erstwhile USSR",,https://www.rbi.org.in/Scripts/NotificationUser.aspx?Id=4681&Mode=0,https://www.rbi.org.in/Scripts/NotificationUser.aspx,2026-05-30T08:45:30.074411+00:00
2008-12-03,3 per cent interest subvention scheme for short-term crop loans in 2008-09,,https://www.rbi.org.in/Scripts/NotificationUser.aspx?Id=4679&Mode=0,https://www.rbi.org.in/Scripts/NotificationUser.aspx,2026-05-30T08:45:30.074411+00:00
2008-12-02,Memorandum of Instructions for Opening and Maintenance of Rupee / Foreign Currency Vostro Accounts of Non-resident Exchange Houses,,https://www.rbi.org.in/Scripts/NotificationUser.aspx?Id=4678&Mode=0,https://www.rbi.org.in/Scripts/NotificationUser.aspx,2026-05-30T08:45:30.074411+00:00
2008-12-01,"Operations of Foreign Branches and Subsidiaries - Compliance with statutory norms, etc.",,https://www.rbi.org.in/Scripts/NotificationUser.aspx?Id=4676&Mode=0,https://www.rbi.org.in/Scripts/NotificationUser.aspx,2026-05-30T08:45:30.074411+00:00
2008-12-01,"Special Refinance Facility (SRF) under Section 17(3B) of the Reserve Bank of India Act, 1934",,https://www.rbi.org.in/Scripts/NotificationUser.aspx?Id=4675&Mode=0,https://www.rbi.org.in/Scripts/NotificationUser.aspx,2026-05-30T08:45:30.074411+00:00
2026-04-30,"Reserve Bank of India [Conduct of Government Business by Agency Banks (ABs) – Payment of Agency Commission and Oversight of ABs] Directions, 2026",,https://www.rbi.org.in/Scripts/NotificationUser.aspx?Id=13443&Mode=0,https://www.rbi.org.in/Scripts/NotificationUser.aspx,2026-05-30T08:45:30.082056+00:00
2026-04-30,"Reserve Bank of India [Disbursement of Government Pension by Agency Banks (ABs)] Directions, 2026",,https://www.rbi.org.in/Scripts/NotificationUser.aspx?Id=13442&Mode=0,https://www.rbi.org.in/Scripts/NotificationUser.aspx,2026-05-30T08:45:30.082056+00:00
2026-04-29,"Reserve Bank of India (All India Financial Institutions – Credit Risk Management) Second Amendment Directions, 2026",,https://www.rbi.org.in/Scripts/NotificationUser.aspx?Id=13441&Mode=0,https://www.rbi.org.in/Scripts/NotificationUser.aspx,2026-05-30T08:45:30.082056+00:00
2026-04-29,"Reserve Bank of India (All India Financial Institutions – Responsible Business Conduct) Amendment Directions, 2026",,https://www.rbi.org.in/Scripts/NotificationUser.aspx?Id=13440&Mode=0,https://www.rbi.org.in/Scripts/NotificationUser.aspx,2026-05-30T08:45:30.082056+00:00
2026-04-29,"Reserve Bank of India (All India Financial Institutions – Income Recognition, Asset Classification and Provisioning) Amendment Directions, 2026",,https://www.rbi.org.in/Scripts/NotificationUser.aspx?Id=13439&Mode=0,https://www.rbi.org.in/Scripts/NotificationUser.aspx,2026-05-30T08:45:30.082056+00:00
2026-04-29,"Reserve Bank of India (Regional Rural Banks – Credit Risk Management) Second Amendment Directions, 2026",,https://www.rbi.org.in/Scripts/NotificationUser.aspx?Id=13438&Mode=0,https://www.rbi.org.in/Scripts/NotificationUser.aspx,2026-05-30T08:45:30.082056+00:00
2026-04-29,"Reserve Bank of India (All India Financial Institutions– Resolution of Stressed Assets) Amendment Directions, 2026",,https://www.rbi.org.in/Scripts/NotificationUser.aspx?Id=13437&Mode=0,https://www.rbi.org.in/Scripts/NotificationUser.aspx,2026-05-30T08:45:30.082056+00:00
2026-04-29,"Reserve Bank of India (Rural Cooperative Banks – Credit Risk Management) Second Amendment Directions, 2026",,https://www.rbi.org.in/Scripts/NotificationUser.aspx?Id=13436&Mode=0,https://www.rbi.org.in/Scripts/NotificationUser.aspx,2026-05-30T08:45:30.082056+00:00
2026-04-29,"Reserve Bank of India (Non-Banking Financial Companies – Credit Risk Management) Second Amendment Directions, 2026",,https://www.rbi.org.in/Scripts/NotificationUser.aspx?Id=13435&Mode=0,https://www.rbi.org.in/Scripts/NotificationUser.aspx,2026-05-30T08:45:30.082056+00:00
2026-04-29,"Reserve Bank of India (Regional Rural Banks – Responsible Business Conduct) Amendment Directions, 2026",,https://www.rbi.org.in/Scripts/NotificationUser.aspx?Id=13434&Mode=0,https://www.rbi.org.in/Scripts/NotificationUser.aspx,2026-05-30T08:45:30.082056+00:00
2026-04-29,"Reserve Bank of India (Rural Cooperative Banks – Responsible Business Conduct) Amendment Directions, 2026",,https://www.rbi.org.in/Scripts/NotificationUser.aspx?Id=13433&Mode=0,https://www.rbi.org.in/Scripts/NotificationUser.aspx,2026-05-30T08:45:30.082056+00:00
2026-04-29,"Reserve Bank of India (Relief Measures by Banks in Areas affected by Natural Calamities) Directions 2018 – RRBs Repeal Directions, 2026",,https://www.rbi.org.in/Scripts/NotificationUser.aspx?Id=13432&Mode=0,https://www.rbi.org.in/Scripts/NotificationUser.aspx,2026-05-30T08:45:30.082056+00:00
2026-04-29,"Reserve Bank of India (Non-Banking Financial Companies – Responsible Business Conduct) Amendment Directions, 2026",,https://www.rbi.org.in/Scripts/NotificationUser.aspx?Id=13431&Mode=0,https://www.rbi.org.in/Scripts/NotificationUser.aspx,2026-05-30T08:45:30.082056+00:00
2026-04-29,"Reserve Bank of India (Regional Rural Banks – Income Recognition, Asset Classification and Provisioning) Amendment Directions, 2026",,https://www.rbi.org.in/Scripts/NotificationUser.aspx?Id=13430&Mode=0,https://www.rbi.org.in/Scripts/NotificationUser.aspx,2026-05-30T08:45:30.082056+00:00
2026-04-29,"Reserve Bank of India (Rural Cooperative Banks – Income Recognition, Asset Classification and Provisioning) Amendment Directions, 2026",,https://www.rbi.org.in/Scripts/NotificationUser.aspx?Id=13429&Mode=0,https://www.rbi.org.in/Scripts/NotificationUser.aspx,2026-05-30T08:45:30.082056+00:00
2026-04-29,"Reserve Bank of India (Non-Banking Financial Companies – Income Recognition, Asset Classification and Provisioning) Amendment Directions, 2026",,https://www.rbi.org.in/Scripts/NotificationUser.aspx?Id=13428&Mode=0,https://www.rbi.org.in/Scripts/NotificationUser.aspx,2026-05-30T08:45:30.082056+00:00
2026-04-29,"Reserve Bank of India (Relief Measures by Banks in Areas affected by Natural Calamities) Directions 2018 – SCBs Repeal Directions, 2026",,https://www.rbi.org.in/Scripts/NotificationUser.aspx?Id=13427&Mode=0,https://www.rbi.org.in/Scripts/NotificationUser.aspx,2026-05-30T08:45:30.082056+00:00
2026-04-29,"Reserve Bank of India (Regional Rural Banks – Resolution of Stressed Assets) Amendment Directions, 2026",,https://www.rbi.org.in/Scripts/NotificationUser.aspx?Id=13426&Mode=0,https://www.rbi.org.in/Scripts/NotificationUser.aspx,2026-05-30T08:45:30.082056+00:00
2026-04-29,"Reserve Bank of India (Rural Cooperative Banks – Resolution of Stressed Assets) Amendment Directions, 2026",,https://www.rbi.org.in/Scripts/NotificationUser.aspx?Id=13425&Mode=0,https://www.rbi.org.in/Scripts/NotificationUser.aspx,2026-05-30T08:45:30.082056+00:00
2026-04-29,"Reserve Bank of India (Non-Banking Financial Companies – Resolution of Stressed Assets) Amendment Directions, 2026",,https://www.rbi.org.in/Scripts/NotificationUser.aspx?Id=13424&Mode=0,https://www.rbi.org.in/Scripts/NotificationUser.aspx,2026-05-30T08:45:30.082056+00:00
2026-04-29,"Reserve Bank of India (Urban Cooperative Banks – Credit Risk Management) Second Amendment Directions, 2026",,https://www.rbi.org.in/Scripts/NotificationUser.aspx?Id=13423&Mode=0,https://www.rbi.org.in/Scripts/NotificationUser.aspx,2026-05-30T08:45:30.082056+00:00
2026-04-29,"Reserve Bank of India (Local Area Banks – Credit Risk Management) Second Amendment Directions, 2026",,https://www.rbi.org.in/Scripts/NotificationUser.aspx?Id=13422&Mode=0,https://www.rbi.org.in/Scripts/NotificationUser.aspx,2026-05-30T08:45:30.082056+00:00
2026-04-29,"Reserve Bank of India (Urban Cooperative Banks – Responsible Business Conduct) Amendment Directions, 2026",,https://www.rbi.org.in/Scripts/NotificationUser.aspx?Id=13421&Mode=0,https://www.rbi.org.in/Scripts/NotificationUser.aspx,2026-05-30T08:45:30.082056+00:00
2026-04-29,"Reserve Bank of India (Local Area Banks – Responsible Business Conduct) Amendment Directions, 2026",,https://www.rbi.org.in/Scripts/NotificationUser.aspx?Id=13420&Mode=0,https://www.rbi.org.in/Scripts/NotificationUser.aspx,2026-05-30T08:45:30.082056+00:00
2026-04-29,"Reserve Bank of India (Small Finance Banks – Credit Risk Management) Second Amendment Directions, 2026",,https://www.rbi.org.in/Scripts/NotificationUser.aspx?Id=13419&Mode=0,https://www.rbi.org.in/Scripts/NotificationUser.aspx,2026-05-30T08:45:30.082056+00:00
2026-04-29,"Reserve Bank of India (Urban Cooperative Banks – Income Recognition, Asset Classification and Provisioning) Amendment Directions, 2026",,https://www.rbi.org.in/Scripts/NotificationUser.aspx?Id=13418&Mode=0,https://www.rbi.org.in/Scripts/NotificationUser.aspx,2026-05-30T08:45:30.082056+00:00
2026-04-29,"Reserve Bank of India (Small Finance Banks – Responsible Business Conduct) Amendment Directions, 2026",,https://www.rbi.org.in/Scripts/NotificationUser.aspx?Id=13417&Mode=0,https://www.rbi.org.in/Scripts/NotificationUser.aspx,2026-05-30T08:45:30.082056+00:00
2026-04-29,"Reserve Bank of India (Urban Cooperative Banks – Resolution of Stressed Assets) Second Amendment Directions, 2026",,https://www.rbi.org.in/Scripts/NotificationUser.aspx?Id=13416&Mode=0,https://www.rbi.org.in/Scripts/NotificationUser.aspx,2026-05-30T08:45:30.082056+00:00
2026-04-29,"Reserve Bank of India (Local Area Banks – Income Recognition, Asset Classification and Provisioning) Amendment Directions, 2026",,https://www.rbi.org.in/Scripts/NotificationUser.aspx?Id=13415&Mode=0,https://www.rbi.org.in/Scripts/NotificationUser.aspx,2026-05-30T08:45:30.082056+00:00
2026-04-29,"Reserve Bank of India (Small Finance Banks – Income Recognition, Asset Classification and Provisioning) Amendment Directions, 2026",,https://www.rbi.org.in/Scripts/NotificationUser.aspx?Id=13414&Mode=0,https://www.rbi.org.in/Scripts/NotificationUser.aspx,2026-05-30T08:45:30.082056+00:00
2026-04-29,"Reserve Bank of India (Commercial Banks – Credit Risk Management) Third Amendment Directions, 2026",,https://www.rbi.org.in/Scripts/NotificationUser.aspx?Id=13413&Mode=0,https://www.rbi.org.in/Scripts/NotificationUser.aspx,2026-05-30T08:45:30.082056+00:00
2026-04-29,"Reserve Bank of India (Small Finance Banks – Resolution of Stressed Assets) Amendment Directions, 2026",,https://www.rbi.org.in/Scripts/NotificationUser.aspx?Id=13412&Mode=0,https://www.rbi.org.in/Scripts/NotificationUser.aspx,2026-05-30T08:45:30.082056+00:00
2026-04-29,"Reserve Bank of India (Local Area Banks – Resolution of Stressed Assets) Amendment Directions, 2026",,https://www.rbi.org.in/Scripts/NotificationUser.aspx?Id=13411&Mode=0,https://www.rbi.org.in/Scripts/NotificationUser.aspx,2026-05-30T08:45:30.082056+00:00
2026-04-29,"Reserve Bank of India (Commercial Banks – Responsible Business Conduct) Amendment Directions, 2026",,https://www.rbi.org.in/Scripts/NotificationUser.aspx?Id=13410&Mode=0,https://www.rbi.org.in/Scripts/NotificationUser.aspx,2026-05-30T08:45:30.082056+00:00
2026-04-29,"Reserve Bank of India (Commercial Banks – Income Recognition, Asset Classification and Provisioning) Amendment Directions, 2026",,https://www.rbi.org.in/Scripts/NotificationUser.aspx?Id=13409&Mode=0,https://www.rbi.org.in/Scripts/NotificationUser.aspx,2026-05-30T08:45:30.082056+00:00
2026-04-29,"Reserve Bank of India (Commercial Banks – Resolution of Stressed Assets) Second Amendment Directions, 2026",,https://www.rbi.org.in/Scripts/NotificationUser.aspx?Id=13408&Mode=0,https://www.rbi.org.in/Scripts/NotificationUser.aspx,2026-05-30T08:45:30.082056+00:00
2026-04-29,"Reserve Bank of India (Non-Banking Financial Companies – Registration, Exemptions and Framework for Scale Based Regulation) Amendment Directions, 2026",,https://www.rbi.org.in/Scripts/NotificationUser.aspx?Id=13407&Mode=0,https://www.rbi.org.in/Scripts/NotificationUser.aspx,2026-05-30T08:45:30.082056+00:00
2026-04-29,"Implementation of Section 51A of UAPA, 1967: Updates to UNSC’s 1988 (2011) Taliban Sanctions List: Amendment of 17 Entries",,https://www.rbi.org.in/Scripts/NotificationUser.aspx?Id=13406&Mode=0,https://www.rbi.org.in/Scripts/NotificationUser.aspx,2026-05-30T08:45:30.082056+00:00
2026-04-29,"Reserve Bank of India (Urban Co-operative Banks – Financial Statements: Presentation and Disclosures) – Second Amendment Directions, 2026",,https://www.rbi.org.in/Scripts/NotificationUser.aspx?Id=13405&Mode=0,https://www.rbi.org.in/Scripts/NotificationUser.aspx,2026-05-30T08:45:30.082056+00:00
2026-04-29,"Reserve Bank of India (Urban Co-operative Banks – Credit Facilities) – Amendment Directions, 2026",,https://www.rbi.org.in/Scripts/NotificationUser.aspx?Id=13404&Mode=0,https://www.rbi.org.in/Scripts/NotificationUser.aspx,2026-05-30T08:45:30.082056+00:00
2026-04-29,"Reserve Bank of India (Urban Co-operative Banks – Concentration Risk Management) – Amendment Directions, 2026",,https://www.rbi.org.in/Scripts/NotificationUser.aspx?Id=13403&Mode=0,https://www.rbi.org.in/Scripts/NotificationUser.aspx,2026-05-30T08:45:30.082056+00:00
2026-04-27,Reporting instructions for Authorised Dealer Category-I Banks,,https://www.rbi.org.in/Scripts/NotificationUser.aspx?Id=13402&Mode=0,https://www.rbi.org.in/Scripts/NotificationUser.aspx,2026-05-30T08:45:30.082056+00:00
2026-04-27,"Master Direction - Reserve Bank of India (Access Criteria for NDS-OM) Directions, 2025",,https://www.rbi.org.in/Scripts/NotificationUser.aspx?Id=13401&Mode=0,https://www.rbi.org.in/Scripts/NotificationUser.aspx,2026-05-30T08:45:30.082056+00:00
2026-04-27,"Reserve Bank of India (Commercial Banks - Asset Classification, Provisioning and Income Recognition) Directions, 2026",,https://www.rbi.org.in/Scripts/NotificationUser.aspx?Id=13400&Mode=0,https://www.rbi.org.in/Scripts/NotificationUser.aspx,2026-05-30T08:45:30.082056+00:00
2026-04-27,"Reserve Bank of India (Commercial Banks - Capital Charge for Credit Risk – Standardised Approach) Directions, 2026 (Effective from April 1, 2027)",,https://www.rbi.org.in/Scripts/NotificationUser.aspx?Id=13399&Mode=0,https://www.rbi.org.in/Scripts/NotificationUser.aspx,2026-05-30T08:45:30.082056+00:00
2026-04-27,"Reserve Bank of India (Commercial Banks – Undertaking of Financial Services) – Second Amendment Directions, 2026",,https://www.rbi.org.in/Scripts/NotificationUser.aspx?Id=13398&Mode=0,https://www.rbi.org.in/Scripts/NotificationUser.aspx,2026-05-30T08:45:30.082056+00:00
2026-04-27,"Reserve Bank of India (Commercial Banks – Credit Risk Management) - Second Amendment Directions, 2026",,https://www.rbi.org.in/Scripts/NotificationUser.aspx?Id=13397&Mode=0,https://www.rbi.org.in/Scripts/NotificationUser.aspx,2026-05-30T08:45:30.082056+00:00
2026-04-27,"Reserve Bank of India (Commercial Banks – Income Recognition, Asset Classification and Provisioning) Repeal Directions, 2026",,https://www.rbi.org.in/Scripts/NotificationUser.aspx?Id=13396&Mode=0,https://www.rbi.org.in/Scripts/NotificationUser.aspx,2026-05-30T08:45:30.082056+00:00
2026-04-27,"Reserve Bank of India (Commercial Banks – Credit Facilities) Second Amendment Directions, 2026",,https://www.rbi.org.in/Scripts/NotificationUser.aspx?Id=13395&Mode=0,https://www.rbi.org.in/Scripts/NotificationUser.aspx,2026-05-30T08:45:30.082056+00:00
2026-04-27,"Reserve Bank of India (Urban Co-operative Banks – Undertaking of Financial Services) – Amendment Directions, 2026",,https://www.rbi.org.in/Scripts/NotificationUser.aspx?Id=13394&Mode=0,https://www.rbi.org.in/Scripts/NotificationUser.aspx,2026-05-30T08:45:30.082056+00:00
2026-04-27,"Reserve Bank of India (Commercial Banks – Financial Statements: Presentation and Disclosures)- Seventh Amendment Directions, 2026",,https://www.rbi.org.in/Scripts/NotificationUser.aspx?Id=13393&Mode=0,https://www.rbi.org.in/Scripts/NotificationUser.aspx,2026-05-30T08:45:30.082056+00:00
2026-04-27,"Reserve Bank of India (Commercial Banks – Asset Liability Management) - Amendment Directions, 2026",,https://www.rbi.org.in/Scripts/NotificationUser.aspx?Id=13392&Mode=0,https://www.rbi.org.in/Scripts/NotificationUser.aspx,2026-05-30T08:45:30.082056+00:00
2026-04-27,"Reserve Bank of India (Commercial Banks – Classification, Valuation, and Operation of Investment Portfolio)- Amendment Directions, 2026",,https://www.rbi.org.in/Scripts/NotificationUser.aspx?Id=13391&Mode=0,https://www.rbi.org.in/Scripts/NotificationUser.aspx,2026-05-30T08:45:30.082056+00:00
2026-04-27,"Reserve Bank of India (Commercial Banks - Transfer and Distribution of Credit Risk) Amendment Directions, 2026",,https://www.rbi.org.in/Scripts/NotificationUser.aspx?Id=13390&Mode=0,https://www.rbi.org.in/Scripts/NotificationUser.aspx,2026-05-30T08:45:30.082056+00:00
2026-04-27,"Reserve Bank of India (Small Finance Banks – Undertaking of Financial Services) – Amendment Directions, 2026",,https://www.rbi.org.in/Scripts/NotificationUser.aspx?Id=13389&Mode=0,https://www.rbi.org.in/Scripts/NotificationUser.aspx,2026-05-30T08:45:30.082056+00:00
2026-04-27,"Reserve Bank of India (Commercial Banks – Credit Cards and Debit Cards: Issuance and Conduct) - Amendment Directions, 2026",,https://www.rbi.org.in/Scripts/NotificationUser.aspx?Id=13388&Mode=0,https://www.rbi.org.in/Scripts/NotificationUser.aspx,2026-05-30T08:45:30.082056+00:00
2026-04-27,"Reserve Bank of India (Commercial Banks - Prudential Norms on Capital Adequacy) Fourth Amendment Directions, 2026",,https://www.rbi.org.in/Scripts/NotificationUser.aspx?Id=13387&Mode=0,https://www.rbi.org.in/Scripts/NotificationUser.aspx,2026-05-30T08:45:30.082056+00:00
2026-04-27,"Reserve Bank of India (Regional Rural Banks – Undertaking of Financial Services) – Amendment Directions, 2026",,https://www.rbi.org.in/Scripts/NotificationUser.aspx?Id=13386&Mode=0,https://www.rbi.org.in/Scripts/NotificationUser.aspx,2026-05-30T08:45:30.082056+00:00
2026-04-27,"Reserve Bank of India (Urban Cooperative Banks – Resolution of Stressed Assets)- Amendment Directions, 2026",,https://www.rbi.org.in/Scripts/NotificationUser.aspx?Id=13385&Mode=0,https://www.rbi.org.in/Scripts/NotificationUser.aspx,2026-05-30T08:45:30.082056+00:00
2026-04-27,"Reserve Bank of India (Commercial Banks – Treatment of Wilful Defaulters and Large Defaulters) - Amendment Directions, 2026",,https://www.rbi.org.in/Scripts/NotificationUser.aspx?Id=13384&Mode=0,https://www.rbi.org.in/Scripts/NotificationUser.aspx,2026-05-30T08:45:30.082056+00:00
2026-04-27,"Reserve Bank of India (Commercial Banks – Resolution of Stressed Assets) Amendment Directions, 2026",,https://www.rbi.org.in/Scripts/NotificationUser.aspx?Id=13383&Mode=0,https://www.rbi.org.in/Scripts/NotificationUser.aspx,2026-05-30T08:45:30.082056+00:00
2026-04-27,"Reserve Bank of India (Non-Operative Financial Holding Companies)- Amendment Directions, 2026",,https://www.rbi.org.in/Scripts/NotificationUser.aspx?Id=13382&Mode=0,https://www.rbi.org.in/Scripts/NotificationUser.aspx,2026-05-30T08:45:30.082056+00:00
2026-04-27,"Reserve Bank of India (Rural Co-operative Banks– Undertaking of Financial Services) – Amendment Directions, 2026",,https://www.rbi.org.in/Scripts/NotificationUser.aspx?Id=13381&Mode=0,https://www.rbi.org.in/Scripts/NotificationUser.aspx,2026-05-30T08:45:30.082056+00:00
2026-04-27,"Reserve Bank of India (Commercial Banks - Concentration Risk Management) - Second Amendment Directions, 2026",,https://www.rbi.org.in/Scripts/NotificationUser.aspx?Id=13380&Mode=0,https://www.rbi.org.in/Scripts/NotificationUser.aspx,2026-05-30T08:45:30.082056+00:00
2026-04-27,"Reserve Bank of India (Non-Banking Financial Companies– Undertaking of Financial Services) –Amendment Directions, 2026",,https://www.rbi.org.in/Scripts/NotificationUser.aspx?Id=13379&Mode=0,https://www.rbi.org.in/Scripts/NotificationUser.aspx,2026-05-30T08:45:30.082056+00:00
2026-04-27,"Reserve Bank of India (All India Financial Institutions – Undertaking of Financial Services) –Amendment Directions, 2026",,https://www.rbi.org.in/Scripts/NotificationUser.aspx?Id=13378&Mode=0,https://www.rbi.org.in/Scripts/NotificationUser.aspx,2026-05-30T08:45:30.082056+00:00
2026-04-27,"Reserve Bank of India (Local Area Banks – Miscellaneous) – Amendment Directions, 2026",,https://www.rbi.org.in/Scripts/NotificationUser.aspx?Id=13377&Mode=0,https://www.rbi.org.in/Scripts/NotificationUser.aspx,2026-05-30T08:45:30.082056+00:00
2026-04-21,"Digital Payments – E-mandate Framework, 2026",,https://www.rbi.org.in/Scripts/NotificationUser.aspx?Id=13374&Mode=0,https://www.rbi.org.in/Scripts/NotificationUser.aspx,2026-05-30T08:45:30.082056+00:00
2026-04-20,Risk Management and Inter-Bank Dealings,,https://www.rbi.org.in/Scripts/NotificationUser.aspx?Id=13373&Mode=0,https://www.rbi.org.in/Scripts/NotificationUser.aspx,2026-05-30T08:45:30.082056+00:00
2026-04-17,"Implementation of Section 51A of UAPA, 1967: Updates to UNSC’s 1988 (2011) Taliban Sanctions List: Amendment of 3 Entries",,https://www.rbi.org.in/Scripts/NotificationUser.aspx?Id=13372&Mode=0,https://www.rbi.org.in/Scripts/NotificationUser.aspx,2026-05-30T08:45:30.082056+00:00
2026-04-15,"Implementation of Section 51A of UAPA, 1967: Updates to UNSC’s 1988 (2011) Taliban Sanctions List: Amendment of 04 Entries",,https://www.rbi.org.in/Scripts/NotificationUser.aspx?Id=13371&Mode=0,https://www.rbi.org.in/Scripts/NotificationUser.aspx,2026-05-30T08:45:30.082056+00:00
2026-04-15,"Reserve Bank of India (Non-Banking Financial Companies – Branch Authorisation) Amendment Directions, 2026",,https://www.rbi.org.in/Scripts/NotificationUser.aspx?Id=13370&Mode=0,https://www.rbi.org.in/Scripts/NotificationUser.aspx,2026-05-30T08:45:30.082056+00:00
2026-04-10,"Master Direction - Reserve Bank of India (Non-resident Investment in Debt Instruments) Directions, 2025 – amendment",,https://www.rbi.org.in/Scripts/NotificationUser.aspx?Id=13369&Mode=0,https://www.rbi.org.in/Scripts/NotificationUser.aspx,2026-05-30T08:45:30.082056+00:00
2026-04-10,Formation of new districts in the State of Andhra Pradesh – Assignment of Lead Bank Responsibility,,https://www.rbi.org.in/Scripts/NotificationUser.aspx?Id=13368&Mode=0,https://www.rbi.org.in/Scripts/NotificationUser.aspx,2026-05-30T08:45:30.082056+00:00
2026-04-09,Guidelines to facilitate faster cross-border inward payments,,https://www.rbi.org.in/Scripts/NotificationUser.aspx?Id=13367&Mode=0,https://www.rbi.org.in/Scripts/NotificationUser.aspx,2026-05-30T08:45:30.082056+00:00
2026-04-06,Limits for investment in debt and sale of Credit Default Swaps by Foreign Portfolio Investors (FPIs),,https://www.rbi.org.in/Scripts/NotificationUser.aspx?Id=13366&Mode=0,https://www.rbi.org.in/Scripts/NotificationUser.aspx,2026-05-30T08:45:30.082056+00:00
2026-04-02,"Floating Rate Savings Bonds, 2020 (Taxable) - FRSB 2020 (T) - Operational Guidelines",,https://www.rbi.org.in/Scripts/NotificationUser.aspx?Id=13365&Mode=0,https://www.rbi.org.in/Scripts/NotificationUser.aspx,2026-05-30T08:45:30.082056+00:00
2026-04-02,Memorandum of Instructions governing money changing activities – Location of Forex Counters in International Airports in India,,https://www.rbi.org.in/Scripts/NotificationUser.aspx?Id=13364&Mode=0,https://www.rbi.org.in/Scripts/NotificationUser.aspx,2026-05-30T08:45:30.082056+00:00
2026-04-01,Risk Management and Inter-Bank Dealings ( Revised ),,https://www.rbi.org.in/Scripts/NotificationUser.aspx?Id=13363&Mode=0,https://www.rbi.org.in/Scripts/NotificationUser.aspx,2026-05-30T08:45:30.082056+00:00
2026-04-01,Master Direction – Facility for Exchange of Notes and Coins,,https://www.rbi.org.in/Scripts/NotificationUser.aspx?Id=13362&Mode=0,https://www.rbi.org.in/Scripts/NotificationUser.aspx,2026-05-30T08:45:30.082056+00:00
2026-04-01,"Master Direction on Counterfeit Notes – Detection, Reporting and Monitoring",,https://www.rbi.org.in/Scripts/NotificationUser.aspx?Id=13361&Mode=0,https://www.rbi.org.in/Scripts/NotificationUser.aspx,2026-05-30T08:45:30.082056+00:00
2026-04-01,"Master Direction on Incentives for Currency Distribution and Exchange and Penalties / Penal Provisions for Bank Branches and Currency Chests for Deficiency in Rendering Customer Service and Reporting of Transactions / Balances ( Updated as on May 27, 2026 )",,https://www.rbi.org.in/Scripts/NotificationUser.aspx?Id=13360&Mode=0,https://www.rbi.org.in/Scripts/NotificationUser.aspx,2026-05-30T08:45:30.082056+00:00
2026-04-01,Overseas Investment – Submission of References to the Reserve Bank,,https://www.rbi.org.in/Scripts/NotificationUser.aspx?Id=13359&Mode=0,https://www.rbi.org.in/Scripts/NotificationUser.aspx,2026-05-30T08:45:30.082056+00:00
2026-04-01,"Reporting under Foreign Exchange Management Act, 1999 – Returns pertaining to Foreign Exchange Management (Guarantees) Regulations, 2026",,https://www.rbi.org.in/Scripts/NotificationUser.aspx?Id=13358&Mode=0,https://www.rbi.org.in/Scripts/NotificationUser.aspx,2026-05-30T08:45:30.082056+00:00
2026-04-01,"Implementation of Section 51A of UAPA, 1967: Updates to UNSC’s 1267/ 1989 ISIL (Da'esh) & Al-Qaida Sanctions List: Listing of 01 Entry",,https://www.rbi.org.in/Scripts/NotificationUser.aspx?Id=13357&Mode=0,https://www.rbi.org.in/Scripts/NotificationUser.aspx,2026-05-30T08:45:30.082056+00:00
2026-03-31,Formation of new district in the State of Goa – Assignment of Lead Bank Responsibility,,https://www.rbi.org.in/Scripts/NotificationUser.aspx?Id=13356&Mode=0,https://www.rbi.org.in/Scripts/NotificationUser.aspx,2026-05-30T08:45:32.598658+00:00
2026-03-31,"Reserve Bank of India (Trade Relief Measures) Directions, 2026",,https://www.rbi.org.in/Scripts/NotificationUser.aspx?Id=13355&Mode=0,https://www.rbi.org.in/Scripts/NotificationUser.aspx,2026-05-30T08:45:32.598658+00:00
2026-03-30,"Reserve Bank of India (Small Finance Banks – Financial Statements: Presentation and Disclosures) – Second Amendment Directions, 2026 (Revised)",,https://www.rbi.org.in/Scripts/NotificationUser.aspx?Id=13354&Mode=0,https://www.rbi.org.in/Scripts/NotificationUser.aspx,2026-05-30T08:45:32.598658+00:00
2026-03-30,"Reserve Bank of India (Small Finance Banks - Prudential Norms on Capital Adequacy) Second Amendment Directions, 2026 (Revised)",,https://www.rbi.org.in/Scripts/NotificationUser.aspx?Id=13353&Mode=0,https://www.rbi.org.in/Scripts/NotificationUser.aspx,2026-05-30T08:45:32.598658+00:00
2026-03-30,"Reserve Bank of India (Small Finance Banks - Concentration Risk Management) Amendment Directions, 2026 (Revised)",,https://www.rbi.org.in/Scripts/NotificationUser.aspx?Id=13352&Mode=0,https://www.rbi.org.in/Scripts/NotificationUser.aspx,2026-05-30T08:45:32.598658+00:00
2026-03-30,"Reserve Bank of India (Small Finance Banks – Credit Facilities) Amendment Directions, 2026 (Revised)",,https://www.rbi.org.in/Scripts/NotificationUser.aspx?Id=13351&Mode=0,https://www.rbi.org.in/Scripts/NotificationUser.aspx,2026-05-30T08:45:32.598658+00:00
2026-03-30,"Reserve Bank of India (Commercial Banks – Undertaking of Financial Services) – Amendment Directions, 2026 (Revised)",,https://www.rbi.org.in/Scripts/NotificationUser.aspx?Id=13350&Mode=0,https://www.rbi.org.in/Scripts/NotificationUser.aspx,2026-05-30T08:45:32.598658+00:00
2026-03-30,"Reserve Bank of India (Commercial Banks – Financial Statements: Presentation and Disclosures) – Third Amendment Directions, 2026 (Revised)",,https://www.rbi.org.in/Scripts/NotificationUser.aspx?Id=13349&Mode=0,https://www.rbi.org.in/Scripts/NotificationUser.aspx,2026-05-30T08:45:32.598658+00:00
2026-03-30,"Reserve Bank of India (Commercial Banks - Prudential Norms on Capital Adequacy) Second Amendment Directions, 2026 (Revised)",,https://www.rbi.org.in/Scripts/NotificationUser.aspx?Id=13348&Mode=0,https://www.rbi.org.in/Scripts/NotificationUser.aspx,2026-05-30T08:45:32.598658+00:00
2026-03-30,"Reserve Bank of India (Commercial Banks - Concentration Risk Management) Amendment Directions, 2026 (Revised)",,https://www.rbi.org.in/Scripts/NotificationUser.aspx?Id=13347&Mode=0,https://www.rbi.org.in/Scripts/NotificationUser.aspx,2026-05-30T08:45:32.598658+00:00
2026-03-30,"Reserve Bank of India (Commercial Banks – Credit Facilities) Amendment Directions, 2026 (Revised)",,https://www.rbi.org.in/Scripts/NotificationUser.aspx?Id=13346&Mode=0,https://www.rbi.org.in/Scripts/NotificationUser.aspx,2026-05-30T08:45:32.598658+00:00
2026-03-30,"Reporting under Foreign Exchange Management Act, 1999 – Returns pertaining to External Commercial Borrowing (ECB)",,https://www.rbi.org.in/Scripts/NotificationUser.aspx?Id=13345&Mode=0,https://www.rbi.org.in/Scripts/NotificationUser.aspx,2026-05-30T08:45:32.598658+00:00
2026-03-27,NOP-INR position of Authorised Dealers,,https://www.rbi.org.in/Scripts/NotificationUser.aspx?Id=13344&Mode=0,https://www.rbi.org.in/Scripts/NotificationUser.aspx,2026-05-30T08:45:32.598658+00:00
2026-03-27,"Master Direction - Reserve Bank of India (Unique Identifiers in Financial Markets) Directions, 2026",,https://www.rbi.org.in/Scripts/NotificationUser.aspx?Id=13343&Mode=0,https://www.rbi.org.in/Scripts/NotificationUser.aspx,2026-05-30T08:45:32.598658+00:00
2026-03-27,"Implementation of Section 51A of UAPA, 1967: Updates to UNSC’s 1267/ 1989 ISIL (Da'esh) & Al-Qaida Sanctions List: Listing of 02 Entries",,https://www.rbi.org.in/Scripts/NotificationUser.aspx?Id=13342&Mode=0,https://www.rbi.org.in/Scripts/NotificationUser.aspx,2026-05-30T08:45:32.598658+00:00
2026-03-16,"Currency Chest operations on March 31, 2026",,https://www.rbi.org.in/Scripts/NotificationUser.aspx?Id=13341&Mode=0,https://www.rbi.org.in/Scripts/NotificationUser.aspx,2026-05-30T08:45:32.598658+00:00
2026-03-16,"Reserve Bank of India (Rural Co-operative Banks – Financial Statements: Presentation and Disclosures) – Second Amendment Directions, 2026",,https://www.rbi.org.in/Scripts/NotificationUser.aspx?Id=13340&Mode=0,https://www.rbi.org.in/Scripts/NotificationUser.aspx,2026-05-30T08:45:32.598658+00:00
2026-03-16,"Reserve Bank of India (Urban Co-operative Banks – Financial Statements: Presentation and Disclosures) – Third Amendment Directions, 2026",,https://www.rbi.org.in/Scripts/NotificationUser.aspx?Id=13339&Mode=0,https://www.rbi.org.in/Scripts/NotificationUser.aspx,2026-05-30T08:45:32.598658+00:00
2026-03-16,"Reserve Bank of India (Local Area Banks – Financial Statements: Presentation and Disclosures) Second Amendment Directions, 2026",,https://www.rbi.org.in/Scripts/NotificationUser.aspx?Id=13338&Mode=0,https://www.rbi.org.in/Scripts/NotificationUser.aspx,2026-05-30T08:45:32.598658+00:00
2026-03-16,"Foreign Exchange Management (Export and Import of Currency) (Amendment) Regulations, 2026",,https://www.rbi.org.in/Scripts/NotificationUser.aspx?Id=13337&Mode=0,https://www.rbi.org.in/Scripts/NotificationUser.aspx,2026-05-30T08:45:32.598658+00:00
2026-03-16,"Reserve Bank of India (Payments Banks – Financial Statements: Presentation and Disclosures) Amendment Directions, 2026",,https://www.rbi.org.in/Scripts/NotificationUser.aspx?Id=13336&Mode=0,https://www.rbi.org.in/Scripts/NotificationUser.aspx,2026-05-30T08:45:32.598658+00:00
2026-03-16,"Reserve Bank of India (Regional Rural Banks – Financial Statements: Presentation and Disclosures) – Second Amendment Directions, 2026",,https://www.rbi.org.in/Scripts/NotificationUser.aspx?Id=13335&Mode=0,https://www.rbi.org.in/Scripts/NotificationUser.aspx,2026-05-30T08:45:32.598658+00:00
2026-03-16,"Reserve Bank of India (Small Finance Banks – Financial Statements: Presentation and Disclosures) – Third Amendment Directions, 2026",,https://www.rbi.org.in/Scripts/NotificationUser.aspx?Id=13334&Mode=0,https://www.rbi.org.in/Scripts/NotificationUser.aspx,2026-05-30T08:45:32.598658+00:00
2026-03-16,"Reserve Bank of India (Commercial Banks – Financial Statements: Presentation and Disclosures) – Fifth Amendment Directions, 2026",,https://www.rbi.org.in/Scripts/NotificationUser.aspx?Id=13333&Mode=0,https://www.rbi.org.in/Scripts/NotificationUser.aspx,2026-05-30T08:45:32.598658+00:00
2026-03-11,"Implementation of Section 51A of UAPA, 1967: Updates to UNSC’s 1988 (2011) Taliban Sanctions List: Amendment of 22 Entries: UAPA Update 02 of 2026",,https://www.rbi.org.in/Scripts/NotificationUser.aspx?Id=13332&Mode=0,https://www.rbi.org.in/Scripts/NotificationUser.aspx,2026-05-30T08:45:32.598658+00:00
2026-03-10,"Reserve Bank of India (All India Financial Institutions (AIFIs) - Prudential Norms on Capital Adequacy) Second Amendment Directions, 2026",,https://www.rbi.org.in/Scripts/NotificationUser.aspx?Id=13331&Mode=0,https://www.rbi.org.in/Scripts/NotificationUser.aspx,2026-05-30T08:45:32.598658+00:00
2026-03-10,"Reserve Bank of India (Payments Banks - Prudential Norms on Capital Adequacy) Amendment Directions, 2026",,https://www.rbi.org.in/Scripts/NotificationUser.aspx?Id=13330&Mode=0,https://www.rbi.org.in/Scripts/NotificationUser.aspx,2026-05-30T08:45:32.598658+00:00
2026-03-10,"Reserve Bank of India (Small Finance Banks - Prudential Norms on Capital Adequacy) Third Amendment Directions, 2026",,https://www.rbi.org.in/Scripts/NotificationUser.aspx?Id=13329&Mode=0,https://www.rbi.org.in/Scripts/NotificationUser.aspx,2026-05-30T08:45:32.598658+00:00
2026-03-10,"Reserve Bank of India (Small Finance Banks – Prudential Norms on Declaration of Dividend) Directions, 2026",,https://www.rbi.org.in/Scripts/NotificationUser.aspx?Id=13328&Mode=0,https://www.rbi.org.in/Scripts/NotificationUser.aspx,2026-05-30T08:45:32.598658+00:00
2026-03-10,"Reserve Bank of India (Regional Rural Banks – Prudential Norms on Declaration of Dividend) Directions, 2026",,https://www.rbi.org.in/Scripts/NotificationUser.aspx?Id=13327&Mode=0,https://www.rbi.org.in/Scripts/NotificationUser.aspx,2026-05-30T08:45:32.598658+00:00
2026-03-10,"Reserve Bank of India (Commercial Banks - Prudential Norms on Capital Adequacy) Third Amendment Directions, 2026",,https://www.rbi.org.in/Scripts/NotificationUser.aspx?Id=13326&Mode=0,https://www.rbi.org.in/Scripts/NotificationUser.aspx,2026-05-30T08:45:32.598658+00:00
2026-03-10,"Reserve Bank of India (Local Area Banks – Prudential Norms on Declaration of Dividends) Repeal Directions, 2026",,https://www.rbi.org.in/Scripts/NotificationUser.aspx?Id=13325&Mode=0,https://www.rbi.org.in/Scripts/NotificationUser.aspx,2026-05-30T08:45:32.598658+00:00
2026-03-10,"Reserve Bank of India (Local Area Banks – Prudential Norms on Declaration of Dividend) Directions, 2026",,https://www.rbi.org.in/Scripts/NotificationUser.aspx?Id=13324&Mode=0,https://www.rbi.org.in/Scripts/NotificationUser.aspx,2026-05-30T08:45:32.598658+00:00
2026-03-10,"Reserve Bank of India (Payment Banks – Prudential Norms on Declaration of Dividends) Repeal Directions, 2026",,https://www.rbi.org.in/Scripts/NotificationUser.aspx?Id=13323&Mode=0,https://www.rbi.org.in/Scripts/NotificationUser.aspx,2026-05-30T08:45:32.598658+00:00
2026-03-10,"Reserve Bank of India (Small Finance Banks – Prudential Norms on Declaration of Dividends) Repeal Directions, 2026",,https://www.rbi.org.in/Scripts/NotificationUser.aspx?Id=13322&Mode=0,https://www.rbi.org.in/Scripts/NotificationUser.aspx,2026-05-30T08:45:32.598658+00:00
2026-03-10,"Reserve Bank of India (Payments Banks – Prudential Norms on Declaration of Dividend) Directions, 2026",,https://www.rbi.org.in/Scripts/NotificationUser.aspx?Id=13321&Mode=0,https://www.rbi.org.in/Scripts/NotificationUser.aspx,2026-05-30T08:45:32.598658+00:00
2026-03-10,"Reserve Bank of India (Commercial Banks – Prudential Norms on Declaration of Dividend and Remittance of Profit) Repeal Directions, 2026",,https://www.rbi.org.in/Scripts/NotificationUser.aspx?Id=13320&Mode=0,https://www.rbi.org.in/Scripts/NotificationUser.aspx,2026-05-30T08:45:32.598658+00:00
2026-03-10,"Reserve Bank of India (Commercial Banks – Prudential Norms on Declaration of Dividend and Remittances of Profits) Directions, 2026",,https://www.rbi.org.in/Scripts/NotificationUser.aspx?Id=13319&Mode=0,https://www.rbi.org.in/Scripts/NotificationUser.aspx,2026-05-30T08:45:32.598658+00:00
2026-03-10,"Reserve Bank of India (Setting Up of Wholly Owned Subsidiaries by Foreign Banks) Amendment Guidelines, 2026",,https://www.rbi.org.in/Scripts/NotificationUser.aspx?Id=13318&Mode=0,https://www.rbi.org.in/Scripts/NotificationUser.aspx,2026-05-30T08:45:32.598658+00:00
2026-03-10,"Reserve Bank of India (Standalone Primary Dealers) Amendment Directions, 2026",,https://www.rbi.org.in/Scripts/NotificationUser.aspx?Id=13317&Mode=0,https://www.rbi.org.in/Scripts/NotificationUser.aspx,2026-05-30T08:45:32.598658+00:00
2026-03-10,"Reserve Bank of India (Asset Reconstruction Companies) Amendment Directions, 2026",,https://www.rbi.org.in/Scripts/NotificationUser.aspx?Id=13316&Mode=0,https://www.rbi.org.in/Scripts/NotificationUser.aspx,2026-05-30T08:45:32.598658+00:00
2026-03-10,"Reserve Bank of India (Mortgage Guarantee Companies) Amendment Directions, 2026",,https://www.rbi.org.in/Scripts/NotificationUser.aspx?Id=13315&Mode=0,https://www.rbi.org.in/Scripts/NotificationUser.aspx,2026-05-30T08:45:32.598658+00:00
2026-03-10,"Reserve Bank of India (Core Investment Companies) Amendment Directions, 2026",,https://www.rbi.org.in/Scripts/NotificationUser.aspx?Id=13314&Mode=0,https://www.rbi.org.in/Scripts/NotificationUser.aspx,2026-05-30T08:45:32.598658+00:00
2026-03-10,"Reserve Bank of India (Housing Finance Companies) Amendment Directions, 2026",,https://www.rbi.org.in/Scripts/NotificationUser.aspx?Id=13313&Mode=0,https://www.rbi.org.in/Scripts/NotificationUser.aspx,2026-05-30T08:45:32.598658+00:00
2026-03-10,"Reserve Bank of India (Non-Banking Financial Companies - Concentration Risk Management) Second Amendment Directions, 2026",,https://www.rbi.org.in/Scripts/NotificationUser.aspx?Id=13312&Mode=0,https://www.rbi.org.in/Scripts/NotificationUser.aspx,2026-05-30T08:45:32.598658+00:00
2026-03-10,"Reserve Bank of India (Non-Banking Financial Companies – Prudential Norms on Capital Adequacy) Second Amendment Directions, 2026",,https://www.rbi.org.in/Scripts/NotificationUser.aspx?Id=13311&Mode=0,https://www.rbi.org.in/Scripts/NotificationUser.aspx,2026-05-30T08:45:32.598658+00:00
2026-03-02,"Implementation of Section 51A of UAPA,1967: Updates to UNSC’s 1267/ 1989 ISIL (Da'esh) & Al-Qaida Sanctions List: Delisting of 01 entry",,https://www.rbi.org.in/Scripts/NotificationUser.aspx?Id=13310&Mode=0,https://www.rbi.org.in/Scripts/NotificationUser.aspx,2026-05-30T08:45:32.598658+00:00
2008-11-18,Special Refinance Facility,,https://www.rbi.org.in/Scripts/NotificationUser.aspx?Id=4661&Mode=0,https://www.rbi.org.in/Scripts/NotificationUser.aspx,2026-05-30T08:45:32.602062+00:00
2008-11-17,Scheme for Non-competitive Bidding Facility in the Auctions of Government Securities,,https://www.rbi.org.in/Scripts/NotificationUser.aspx?Id=4670&Mode=0,https://www.rbi.org.in/Scripts/NotificationUser.aspx,2026-05-30T08:45:32.602062+00:00
2008-11-17,Tender for Non Competitive Bids - 7.94 per cent,,https://www.rbi.org.in/Scripts/NotificationUser.aspx?Id=4669&Mode=0,https://www.rbi.org.in/Scripts/NotificationUser.aspx,2026-05-30T08:45:32.602062+00:00
2008-11-17,Tender for Competitive Bids - 7.94 per cent,,https://www.rbi.org.in/Scripts/NotificationUser.aspx?Id=4668&Mode=0,https://www.rbi.org.in/Scripts/NotificationUser.aspx,2026-05-30T08:45:32.602062+00:00
2008-11-17,GOI Notification - 7.94% - 2021,,https://www.rbi.org.in/Scripts/NotificationUser.aspx?Id=4667&Mode=0,https://www.rbi.org.in/Scripts/NotificationUser.aspx,2026-05-30T08:45:32.602062+00:00
2008-11-17,Tender for Non Competitive Bids - 7.56 per cent,,https://www.rbi.org.in/Scripts/NotificationUser.aspx?Id=4666&Mode=0,https://www.rbi.org.in/Scripts/NotificationUser.aspx,2026-05-30T08:45:32.602062+00:00
2008-11-17,Tender for Competitive Bids - 7.56 per cent,,https://www.rbi.org.in/Scripts/NotificationUser.aspx?Id=4665&Mode=0,https://www.rbi.org.in/Scripts/NotificationUser.aspx,2026-05-30T08:45:32.602062+00:00
2008-11-17,GOI Notification - 7.56% - 2014,,https://www.rbi.org.in/Scripts/NotificationUser.aspx?Id=4664&Mode=0,https://www.rbi.org.in/Scripts/NotificationUser.aspx,2026-05-30T08:45:32.602062+00:00
2008-11-17,RBI Notification,,https://www.rbi.org.in/Scripts/NotificationUser.aspx?Id=4663&Mode=0,https://www.rbi.org.in/Scripts/NotificationUser.aspx,2026-05-30T08:45:32.602062+00:00
2008-11-17,Tender for Competitive Bids - 7.55 per cent,,https://www.rbi.org.in/Scripts/NotificationUser.aspx?Id=4660&Mode=0,https://www.rbi.org.in/Scripts/NotificationUser.aspx,2026-05-30T08:45:32.602062+00:00
2008-11-17,GOI Notification - 7.55% - 2010,,https://www.rbi.org.in/Scripts/NotificationUser.aspx?Id=4659&Mode=0,https://www.rbi.org.in/Scripts/NotificationUser.aspx,2026-05-30T08:45:32.602062+00:00
2008-11-17,Tender for Competitive Bids - 5.87 per cent,,https://www.rbi.org.in/Scripts/NotificationUser.aspx?Id=4658&Mode=0,https://www.rbi.org.in/Scripts/NotificationUser.aspx,2026-05-30T08:45:32.602062+00:00
2008-11-17,GOI Notification - 5.87% - 2010,,https://www.rbi.org.in/Scripts/NotificationUser.aspx?Id=4657&Mode=0,https://www.rbi.org.in/Scripts/NotificationUser.aspx,2026-05-30T08:45:32.602062+00:00
2008-11-17,Special Fixed Rate Repo Under Liquidity Adjustment Facility,,https://www.rbi.org.in/Scripts/NotificationUser.aspx?Id=4646&Mode=0,https://www.rbi.org.in/Scripts/NotificationUser.aspx,2026-05-30T08:45:32.602062+00:00
2008-11-15,Export Credit Refinance Facility: Relaxation,,https://www.rbi.org.in/Scripts/NotificationUser.aspx?Id=4645&Mode=0,https://www.rbi.org.in/Scripts/NotificationUser.aspx,2026-05-30T08:45:32.602062+00:00
2008-11-15,Interest Rates on Non-Resident (External) Rupee (NRE) Deposits and FCNR(B) deposits,,https://www.rbi.org.in/Scripts/NotificationUser.aspx?Id=4644&Mode=0,https://www.rbi.org.in/Scripts/NotificationUser.aspx,2026-05-30T08:45:32.602062+00:00
2008-11-14,Asset Classification Norms for Infrastructure Projects under Implementation,,https://www.rbi.org.in/Scripts/NotificationUser.aspx?Id=4641&Mode=0,https://www.rbi.org.in/Scripts/NotificationUser.aspx,2026-05-30T08:45:32.602062+00:00
2008-11-14,Exim Bank's Line of Credit of USD 25 million to the Government of the Syrian Arab Republic,,https://www.rbi.org.in/Scripts/NotificationUser.aspx?Id=4640&Mode=0,https://www.rbi.org.in/Scripts/NotificationUser.aspx,2026-05-30T08:45:32.602062+00:00
2008-11-10,Scheme for Non-competitive Bidding Facility in the Auctions of Government Securities,,https://www.rbi.org.in/Scripts/NotificationUser.aspx?Id=4638&Mode=0,https://www.rbi.org.in/Scripts/NotificationUser.aspx,2026-05-30T08:45:32.602062+00:00
2008-11-10,Tender for Non Competitive Bids - 7.95 per cent,,https://www.rbi.org.in/Scripts/NotificationUser.aspx?Id=4637&Mode=0,https://www.rbi.org.in/Scripts/NotificationUser.aspx,2026-05-30T08:45:32.602062+00:00
2008-11-10,Tender for Competitive Bids - 7.95 per cent,,https://www.rbi.org.in/Scripts/NotificationUser.aspx?Id=4636&Mode=0,https://www.rbi.org.in/Scripts/NotificationUser.aspx,2026-05-30T08:45:32.602062+00:00
2008-11-10,GOI Notification - 7.95% - 2032,,https://www.rbi.org.in/Scripts/NotificationUser.aspx?Id=4635&Mode=0,https://www.rbi.org.in/Scripts/NotificationUser.aspx,2026-05-30T08:45:32.602062+00:00
2008-11-10,Tender for Non Competitive Bids - 7.56 per cent,,https://www.rbi.org.in/Scripts/NotificationUser.aspx?Id=4634&Mode=0,https://www.rbi.org.in/Scripts/NotificationUser.aspx,2026-05-30T08:45:32.602062+00:00
2008-11-10,Tender for Competitive Bids - 7.56 per cent,,https://www.rbi.org.in/Scripts/NotificationUser.aspx?Id=4633&Mode=0,https://www.rbi.org.in/Scripts/NotificationUser.aspx,2026-05-30T08:45:32.602062+00:00
2008-11-10,GOI Notification - 7.56% - 2014,,https://www.rbi.org.in/Scripts/NotificationUser.aspx?Id=4632&Mode=0,https://www.rbi.org.in/Scripts/NotificationUser.aspx,2026-05-30T08:45:32.602062+00:00
2008-11-10,RBI Notification,,https://www.rbi.org.in/Scripts/NotificationUser.aspx?Id=4631&Mode=0,https://www.rbi.org.in/Scripts/NotificationUser.aspx,2026-05-30T08:45:32.602062+00:00
2008-11-10,Tender for Competitive Bids - 6.65 per cent,,https://www.rbi.org.in/Scripts/NotificationUser.aspx?Id=4630&Mode=0,https://www.rbi.org.in/Scripts/NotificationUser.aspx,2026-05-30T08:45:32.602062+00:00
2008-11-10,GOI Notification - 6.65% - 2009,,https://www.rbi.org.in/Scripts/NotificationUser.aspx?Id=4629&Mode=0,https://www.rbi.org.in/Scripts/NotificationUser.aspx,2026-05-30T08:45:32.602062+00:00
2008-11-10,Tender for Competitive Bids - 5.87 per cent,,https://www.rbi.org.in/Scripts/NotificationUser.aspx?Id=4628&Mode=0,https://www.rbi.org.in/Scripts/NotificationUser.aspx,2026-05-30T08:45:32.602062+00:00
2008-11-10,GOI Notification - 5.87% - 2010,,https://www.rbi.org.in/Scripts/NotificationUser.aspx?Id=4627&Mode=0,https://www.rbi.org.in/Scripts/NotificationUser.aspx,2026-05-30T08:45:32.602062+00:00
2008-11-10,GOI Notification - 8.20% - 2023,,https://www.rbi.org.in/Scripts/NotificationUser.aspx?Id=4626&Mode=0,https://www.rbi.org.in/Scripts/NotificationUser.aspx,2026-05-30T08:45:32.602062+00:00
2008-11-10,Remittance related to Commodity Derivative Contract Issuance of Standby Letter of Credit / Bank Guarantee,,https://www.rbi.org.in/Scripts/NotificationUser.aspx?Id=4625&Mode=0,https://www.rbi.org.in/Scripts/NotificationUser.aspx,2026-05-30T08:45:32.602062+00:00
2008-11-10,"Foreign Exchange Management (Deposit) Regulations, 2000 Credit to Non Resident (External) Rupee Accounts - Clarification",,https://www.rbi.org.in/Scripts/NotificationUser.aspx?Id=4624&Mode=0,https://www.rbi.org.in/Scripts/NotificationUser.aspx,2026-05-30T08:45:32.602062+00:00
2008-11-10,UCBs – Advances against pledge of Gold/Silver Ornaments,,https://www.rbi.org.in/Scripts/NotificationUser.aspx?Id=4623&Mode=0,https://www.rbi.org.in/Scripts/NotificationUser.aspx,2026-05-30T08:45:32.602062+00:00
2008-11-07,Rupee Export Credit Interest Rates Subvention,,https://www.rbi.org.in/Scripts/NotificationUser.aspx?Id=4622&Mode=0,https://www.rbi.org.in/Scripts/NotificationUser.aspx,2026-05-30T08:45:32.602062+00:00
2008-11-05,Exim Bank's Line of Credit of USD 20 million (as 1st tranche of USD 80 million )to the Government of the Republic of Rwanda,,https://www.rbi.org.in/Scripts/NotificationUser.aspx?Id=4621&Mode=0,https://www.rbi.org.in/Scripts/NotificationUser.aspx,2026-05-30T08:45:32.602062+00:00
2008-11-05,Exim Bank's Line of Credit of USD 25.5 million to the Government of Cote d’Ivoire,,https://www.rbi.org.in/Scripts/NotificationUser.aspx?Id=4620&Mode=0,https://www.rbi.org.in/Scripts/NotificationUser.aspx,2026-05-30T08:45:32.602062+00:00
2008-11-05,Exim Bank's Line of Credit of USD 33 million to the Government of Lao People’s Democratic Republic (Lao PDR),,https://www.rbi.org.in/Scripts/NotificationUser.aspx?Id=4619&Mode=0,https://www.rbi.org.in/Scripts/NotificationUser.aspx,2026-05-30T08:45:32.602062+00:00
2008-11-05,Exim Bank's Line of Credit of USD 10.59 million to Government of Suriname,,https://www.rbi.org.in/Scripts/NotificationUser.aspx?Id=4618&Mode=0,https://www.rbi.org.in/Scripts/NotificationUser.aspx,2026-05-30T08:45:32.602062+00:00
2008-11-05,Exim Bank's Line of Credit of USD 100 million to the Government of the Democratic Socialist Republic of Sri Lanka,Socialist,https://www.rbi.org.in/Scripts/NotificationUser.aspx?Id=4617&Mode=0,https://www.rbi.org.in/Scripts/NotificationUser.aspx,2026-05-30T08:45:32.602062+00:00
2008-11-05,Exim Bank's Line of Credit of USD 30 million to the African Export-Import Bank (Afreximbank),,https://www.rbi.org.in/Scripts/NotificationUser.aspx?Id=4616&Mode=0,https://www.rbi.org.in/Scripts/NotificationUser.aspx,2026-05-30T08:45:32.602062+00:00
2008-11-03,Prudential Guidelines on Restructuring of Advances by Banks,,https://www.rbi.org.in/Scripts/NotificationUser.aspx?Id=4615&Mode=0,https://www.rbi.org.in/Scripts/NotificationUser.aspx,2026-05-30T08:45:32.602062+00:00
2008-11-03,Temporary liquidity support for financing agricultural operations,,https://www.rbi.org.in/Scripts/NotificationUser.aspx?Id=4613&Mode=0,https://www.rbi.org.in/Scripts/NotificationUser.aspx,2026-05-30T08:45:32.602062+00:00
2008-11-03,Tender for Competitive Bids - 6.65 per cent,,https://www.rbi.org.in/Scripts/NotificationUser.aspx?Id=4612&Mode=0,https://www.rbi.org.in/Scripts/NotificationUser.aspx,2026-05-30T08:45:32.602062+00:00
2008-11-03,Tender for Competitive Bids - 5.48 per cent,,https://www.rbi.org.in/Scripts/NotificationUser.aspx?Id=4611&Mode=0,https://www.rbi.org.in/Scripts/NotificationUser.aspx,2026-05-30T08:45:32.602062+00:00
2008-11-03,GOI Notification - 6.65% - 2009,,https://www.rbi.org.in/Scripts/NotificationUser.aspx?Id=4610&Mode=0,https://www.rbi.org.in/Scripts/NotificationUser.aspx,2026-05-30T08:45:32.602062+00:00
2008-11-03,GOI Notification - 5.48% - 2009,,https://www.rbi.org.in/Scripts/NotificationUser.aspx?Id=4609&Mode=0,https://www.rbi.org.in/Scripts/NotificationUser.aspx,2026-05-30T08:45:32.602062+00:00
2008-11-03,Scheme for Non-competitive Bidding Facility in the Auctions of Government Securities,,https://www.rbi.org.in/Scripts/NotificationUser.aspx?Id=4608&Mode=0,https://www.rbi.org.in/Scripts/NotificationUser.aspx,2026-05-30T08:45:32.602062+00:00
2008-11-03,Tender for Non Competitive Bids - 8.28 per cent,,https://www.rbi.org.in/Scripts/NotificationUser.aspx?Id=4607&Mode=0,https://www.rbi.org.in/Scripts/NotificationUser.aspx,2026-05-30T08:45:32.602062+00:00
2008-11-03,Tender for Competitive Bids - 8.28 per cent,,https://www.rbi.org.in/Scripts/NotificationUser.aspx?Id=4606&Mode=0,https://www.rbi.org.in/Scripts/NotificationUser.aspx,2026-05-30T08:45:32.602062+00:00
2008-11-03,GOI Notification - 8.28% - 2032,,https://www.rbi.org.in/Scripts/NotificationUser.aspx?Id=4605&Mode=0,https://www.rbi.org.in/Scripts/NotificationUser.aspx,2026-05-30T08:45:32.602062+00:00
2008-11-03,Tender for Non Competitive Bids - 8.24 per cent,,https://www.rbi.org.in/Scripts/NotificationUser.aspx?Id=4604&Mode=0,https://www.rbi.org.in/Scripts/NotificationUser.aspx,2026-05-30T08:45:32.602062+00:00
2008-11-03,Tender for Competitive Bids - 8.24 per cent,,https://www.rbi.org.in/Scripts/NotificationUser.aspx?Id=4603&Mode=0,https://www.rbi.org.in/Scripts/NotificationUser.aspx,2026-05-30T08:45:32.602062+00:00
2008-11-03,GOI Notification - 8.24% - 2018,,https://www.rbi.org.in/Scripts/NotificationUser.aspx?Id=4602&Mode=0,https://www.rbi.org.in/Scripts/NotificationUser.aspx,2026-05-30T08:45:32.602062+00:00
2008-11-03,RBI Notification,,https://www.rbi.org.in/Scripts/NotificationUser.aspx?Id=4601&Mode=0,https://www.rbi.org.in/Scripts/NotificationUser.aspx,2026-05-30T08:45:32.602062+00:00
2008-11-03,"Special Refinance Facility (SRF) under Section 17(3B) of the Reserve Bank of India Act, 1934",,https://www.rbi.org.in/Scripts/NotificationUser.aspx?Id=4592&Mode=0,https://www.rbi.org.in/Scripts/NotificationUser.aspx,2026-05-30T08:45:32.602062+00:00
2008-11-03,Liquidity Adjustment Facility – Repo and Reverse Repo Rates,,https://www.rbi.org.in/Scripts/NotificationUser.aspx?Id=4591&Mode=0,https://www.rbi.org.in/Scripts/NotificationUser.aspx,2026-05-30T08:45:32.602062+00:00
2008-11-03,Standing Liquidity Facilities for Banks and Primary Dealers,,https://www.rbi.org.in/Scripts/NotificationUser.aspx?Id=4590&Mode=0,https://www.rbi.org.in/Scripts/NotificationUser.aspx,2026-05-30T08:45:32.602062+00:00
2008-11-03,Special Fixed Rate Repo Under Liquidity Adjustment Facility,,https://www.rbi.org.in/Scripts/NotificationUser.aspx?Id=4589&Mode=0,https://www.rbi.org.in/Scripts/NotificationUser.aspx,2026-05-30T08:45:32.602062+00:00
2026-02-26,"Reserve Bank of India (Non-Banking Financial Companies – Miscellaneous) Amendment Directions, 2026",,https://www.rbi.org.in/Scripts/NotificationUser.aspx?Id=13309&Mode=0,https://www.rbi.org.in/Scripts/NotificationUser.aspx,2026-05-30T08:45:35.000224+00:00
2026-02-18,"Reporting under Foreign Exchange Management Act, 1999 – Returns pertaining to External Commercial Borrowing (ECB)",,https://www.rbi.org.in/Scripts/NotificationUser.aspx?Id=13308&Mode=0,https://www.rbi.org.in/Scripts/NotificationUser.aspx,2026-05-30T08:45:35.000224+00:00
2026-02-18,Unique Transaction Identifier for OTC Derivative Transactions,,https://www.rbi.org.in/Scripts/NotificationUser.aspx?Id=13307&Mode=0,https://www.rbi.org.in/Scripts/NotificationUser.aspx,2026-05-30T08:45:35.000224+00:00
2026-02-16,"Foreign Exchange Management (Borrowing and Lending) (First Amendment) Regulations, 2026",,https://www.rbi.org.in/Scripts/NotificationUser.aspx?Id=13306&Mode=0,https://www.rbi.org.in/Scripts/NotificationUser.aspx,2026-05-30T08:45:35.000224+00:00
2026-02-16,"Foreign Exchange Management (Borrowing and Lending) (First Amendment) Regulations, 2026",,https://www.rbi.org.in/Scripts/NotificationUser.aspx?Id=13305&Mode=0,https://www.rbi.org.in/Scripts/NotificationUser.aspx,2026-05-30T08:45:35.000224+00:00
2026-02-16,Formation of new district in the State of Haryana – Assignment of Lead Bank Responsibility,,https://www.rbi.org.in/Scripts/NotificationUser.aspx?Id=13304&Mode=0,https://www.rbi.org.in/Scripts/NotificationUser.aspx,2026-05-30T08:45:35.000224+00:00
2026-02-13,"Reserve Bank of India (Non-Banking Financial Companies – Income Recognition, Asset Classification and Provisioning) Amendment Directions, 2026",,https://www.rbi.org.in/Scripts/NotificationUser.aspx?Id=13294&Mode=0,https://www.rbi.org.in/Scripts/NotificationUser.aspx,2026-05-30T08:45:35.000224+00:00
2026-02-13,"Reserve Bank of India (Non-Banking Financial Companies – Credit Facilities) Amendment Directions, 2026",,https://www.rbi.org.in/Scripts/NotificationUser.aspx?Id=13293&Mode=0,https://www.rbi.org.in/Scripts/NotificationUser.aspx,2026-05-30T08:45:35.000224+00:00
2026-02-13,"Reserve Bank of India (Rural Co-operative Banks – Income Recognition, Asset Classification and Provisioning) Amendment Directions, 2026",,https://www.rbi.org.in/Scripts/NotificationUser.aspx?Id=13292&Mode=0,https://www.rbi.org.in/Scripts/NotificationUser.aspx,2026-05-30T08:45:35.000224+00:00
2026-02-11,Strengthening of Grievance Redress Mechanism in Banks – Review,,https://www.rbi.org.in/Scripts/NotificationUser.aspx?Id=13291&Mode=0,https://www.rbi.org.in/Scripts/NotificationUser.aspx,2026-05-30T08:45:35.000224+00:00
2026-02-09,"Lending to Micro, Small & Medium Enterprises (MSME) Sector (Amendment) Directions, 2026",,https://www.rbi.org.in/Scripts/NotificationUser.aspx?Id=13290&Mode=0,https://www.rbi.org.in/Scripts/NotificationUser.aspx,2026-05-30T08:45:35.000224+00:00
2026-02-06,Voluntary Retention Route – Imparting predictability and increasing ease of doing business,,https://www.rbi.org.in/Scripts/NotificationUser.aspx?Id=13289&Mode=0,https://www.rbi.org.in/Scripts/NotificationUser.aspx,2026-05-30T08:45:35.000224+00:00
2026-02-03,"All Agency Banks to remain open for public on March 31, 2026 (Tuesday)",,https://www.rbi.org.in/Scripts/NotificationUser.aspx?Id=13288&Mode=0,https://www.rbi.org.in/Scripts/NotificationUser.aspx,2026-05-30T08:45:35.000224+00:00
2008-10-29,Enhancement of NBFCs’ capital raising option for capital adequacy purposes,,https://www.rbi.org.in/Scripts/NotificationUser.aspx?Id=4588&Mode=0,https://www.rbi.org.in/Scripts/NotificationUser.aspx,2026-05-30T08:45:35.015385+00:00
2008-10-27,Trade Credits for Imports into India – Review of all-in-cost ceiling,,https://www.rbi.org.in/Scripts/NotificationUser.aspx?Id=4586&Mode=0,https://www.rbi.org.in/Scripts/NotificationUser.aspx,2026-05-30T08:45:35.015385+00:00
2008-10-24,Scheme for Non-competitive Bidding Facility in the Auctions of Government Securities,,https://www.rbi.org.in/Scripts/NotificationUser.aspx?Id=4584&Mode=0,https://www.rbi.org.in/Scripts/NotificationUser.aspx,2026-05-30T08:45:35.015385+00:00
2008-10-24,Tender for 6-year Government Stock - Non Competitive Bids,,https://www.rbi.org.in/Scripts/NotificationUser.aspx?Id=4583&Mode=0,https://www.rbi.org.in/Scripts/NotificationUser.aspx,2026-05-30T08:45:35.015385+00:00
2008-10-24,Tender for 6-year Government Stock - Competitive Bids,,https://www.rbi.org.in/Scripts/NotificationUser.aspx?Id=4582&Mode=0,https://www.rbi.org.in/Scripts/NotificationUser.aspx,2026-05-30T08:45:35.015385+00:00
2008-10-24,GOI Notification - New Security 2014,,https://www.rbi.org.in/Scripts/NotificationUser.aspx?Id=4581&Mode=0,https://www.rbi.org.in/Scripts/NotificationUser.aspx,2026-05-30T08:45:35.015385+00:00
2008-10-24,Tender for Non Competitive Bids - 7.95 per cent,,https://www.rbi.org.in/Scripts/NotificationUser.aspx?Id=4580&Mode=0,https://www.rbi.org.in/Scripts/NotificationUser.aspx,2026-05-30T08:45:35.015385+00:00
2008-10-24,Tender for Competitive Bids - 7.95 per cent,,https://www.rbi.org.in/Scripts/NotificationUser.aspx?Id=4579&Mode=0,https://www.rbi.org.in/Scripts/NotificationUser.aspx,2026-05-30T08:45:35.015385+00:00
2008-10-24,GOI Notification - 7.95% - 2032,,https://www.rbi.org.in/Scripts/NotificationUser.aspx?Id=4578&Mode=0,https://www.rbi.org.in/Scripts/NotificationUser.aspx,2026-05-30T08:45:35.015385+00:00
2008-10-24,Relief/Savings Bonds – Rights of Customers,,https://www.rbi.org.in/Scripts/NotificationUser.aspx?Id=4577&Mode=0,https://www.rbi.org.in/Scripts/NotificationUser.aspx,2026-05-30T08:45:35.015385+00:00
2008-10-24,Interest Rate Ceiling on Rupee Export Credit,,https://www.rbi.org.in/Scripts/NotificationUser.aspx?Id=4576&Mode=0,https://www.rbi.org.in/Scripts/NotificationUser.aspx,2026-05-30T08:45:35.015385+00:00
2008-10-24,Mid-Term Review of Annual Policy for the Year 2008-09,,https://www.rbi.org.in/Scripts/NotificationUser.aspx?Id=4574&Mode=0,https://www.rbi.org.in/Scripts/NotificationUser.aspx,2026-05-30T08:45:35.015385+00:00
2008-10-22,External Commercial Borrowings Policy: Liberalisation,,https://www.rbi.org.in/Scripts/NotificationUser.aspx?Id=4573&Mode=0,https://www.rbi.org.in/Scripts/NotificationUser.aspx,2026-05-30T08:45:35.015385+00:00
2008-10-22,Temporary liquidity support for financing agricultural operations,,https://www.rbi.org.in/Scripts/NotificationUser.aspx?Id=4572&Mode=0,https://www.rbi.org.in/Scripts/NotificationUser.aspx,2026-05-30T08:45:35.015385+00:00
2008-10-20,Standing Liquidity Facilities for Banks and Primary Dealers,,https://www.rbi.org.in/Scripts/NotificationUser.aspx?Id=4570&Mode=0,https://www.rbi.org.in/Scripts/NotificationUser.aspx,2026-05-30T08:45:35.015385+00:00
2008-10-20,Liquidity Adjustment Facility – Repo and Reverse Repo Rates,,https://www.rbi.org.in/Scripts/NotificationUser.aspx?Id=4569&Mode=0,https://www.rbi.org.in/Scripts/NotificationUser.aspx,2026-05-30T08:45:35.015385+00:00
2008-10-17,Allocation of FII Investment between debt and equity,,https://www.rbi.org.in/Scripts/NotificationUser.aspx?Id=4568&Mode=0,https://www.rbi.org.in/Scripts/NotificationUser.aspx,2026-05-30T08:45:35.015385+00:00
2008-10-16,NOTIFICATION,,https://www.rbi.org.in/Scripts/NotificationUser.aspx?Id=4867&Mode=0,https://www.rbi.org.in/Scripts/NotificationUser.aspx,2026-05-30T08:45:35.015385+00:00
2008-10-16,Maintenance of Cash Reserve Ratio - Urban Co-operative Banks,,https://www.rbi.org.in/Scripts/NotificationUser.aspx?Id=4564&Mode=0,https://www.rbi.org.in/Scripts/NotificationUser.aspx,2026-05-30T08:45:35.015385+00:00
2008-10-16,"Deferred Payment Protocols dated April 30, 1981 and December 23, 1985 between Government of India and erstwhile USSR",,https://www.rbi.org.in/Scripts/NotificationUser.aspx?Id=4547&Mode=0,https://www.rbi.org.in/Scripts/NotificationUser.aspx,2026-05-30T08:45:35.015385+00:00
2008-10-15,Scheme for Non-competitive Bidding Facility in the Auctions of Government Securities,,https://www.rbi.org.in/Scripts/NotificationUser.aspx?Id=4562&Mode=0,https://www.rbi.org.in/Scripts/NotificationUser.aspx,2026-05-30T08:45:35.015385+00:00
2008-10-15,Tender for 6-year Government Stock - Non Competitive Bids,,https://www.rbi.org.in/Scripts/NotificationUser.aspx?Id=4561&Mode=0,https://www.rbi.org.in/Scripts/NotificationUser.aspx,2026-05-30T08:45:35.015385+00:00
2008-10-15,Tender for 6-year Government Stock - Competitive Bids,,https://www.rbi.org.in/Scripts/NotificationUser.aspx?Id=4560&Mode=0,https://www.rbi.org.in/Scripts/NotificationUser.aspx,2026-05-30T08:45:35.015385+00:00
2008-10-15,GOI Notification - New Security 2014,,https://www.rbi.org.in/Scripts/NotificationUser.aspx?Id=4559&Mode=0,https://www.rbi.org.in/Scripts/NotificationUser.aspx,2026-05-30T08:45:35.015385+00:00
2008-10-15,Tender for Non Competitive Bids - 7.95 per cent,,https://www.rbi.org.in/Scripts/NotificationUser.aspx?Id=4558&Mode=0,https://www.rbi.org.in/Scripts/NotificationUser.aspx,2026-05-30T08:45:35.015385+00:00
2008-10-15,Tender for Competitive Bids - 7.95 per cent,,https://www.rbi.org.in/Scripts/NotificationUser.aspx?Id=4557&Mode=0,https://www.rbi.org.in/Scripts/NotificationUser.aspx,2026-05-30T08:45:35.015385+00:00
2008-10-15,GOI Notification - 7.95% - 2032,,https://www.rbi.org.in/Scripts/NotificationUser.aspx?Id=4556&Mode=0,https://www.rbi.org.in/Scripts/NotificationUser.aspx,2026-05-30T08:45:35.015385+00:00
2008-10-15,RBI Notification,,https://www.rbi.org.in/Scripts/NotificationUser.aspx?Id=4555&Mode=0,https://www.rbi.org.in/Scripts/NotificationUser.aspx,2026-05-30T08:45:35.015385+00:00
2008-10-15,Interest Rates on Non-Resident (External) Rupee (NRE) Deposits,,https://www.rbi.org.in/Scripts/NotificationUser.aspx?Id=4546&Mode=0,https://www.rbi.org.in/Scripts/NotificationUser.aspx,2026-05-30T08:45:35.015385+00:00
2008-10-15,Overseas Foreign Currency Borrowings by Authorised Dealer Banks – Enhancement of limit,,https://www.rbi.org.in/Scripts/NotificationUser.aspx?Id=4543&Mode=0,https://www.rbi.org.in/Scripts/NotificationUser.aspx,2026-05-30T08:45:35.015385+00:00
2008-10-15,Temporary liquidity support for financing agricultural operations,,https://www.rbi.org.in/Scripts/NotificationUser.aspx?Id=4541&Mode=0,https://www.rbi.org.in/Scripts/NotificationUser.aspx,2026-05-30T08:45:35.015385+00:00
2008-10-15,Special Fixed Rate Repo under Liquidity Adjustment Facility,,https://www.rbi.org.in/Scripts/NotificationUser.aspx?Id=4540&Mode=0,https://www.rbi.org.in/Scripts/NotificationUser.aspx,2026-05-30T08:45:35.015385+00:00
2008-10-14,"Exim Bank's Line of Credit of USD 20 million to Myanma Foreign Trade Bank , Myanmar",,https://www.rbi.org.in/Scripts/NotificationUser.aspx?Id=4538&Mode=0,https://www.rbi.org.in/Scripts/NotificationUser.aspx,2026-05-30T08:45:35.015385+00:00
2008-10-14,"Exim Bank's Line of Credit of USD 64.07 million to Myanma Foreign Trade Bank , Myanmar",,https://www.rbi.org.in/Scripts/NotificationUser.aspx?Id=4537&Mode=0,https://www.rbi.org.in/Scripts/NotificationUser.aspx,2026-05-30T08:45:35.015385+00:00
2008-10-14,Special Fixed Rate Repo under Liquidity Adjustment Facility,,https://www.rbi.org.in/Scripts/NotificationUser.aspx?Id=4536&Mode=0,https://www.rbi.org.in/Scripts/NotificationUser.aspx,2026-05-30T08:45:35.015385+00:00
2008-10-13,Disbursal of loans against sanctioned limits/Restructuring of dues of SMEs,,https://www.rbi.org.in/Scripts/NotificationUser.aspx?Id=4534&Mode=0,https://www.rbi.org.in/Scripts/NotificationUser.aspx,2026-05-30T08:45:35.015385+00:00
2008-10-13,"Guidelines on Exchange Traded Interest Rate Derivatives dated October 13, 2008 [These directions have been superseded by Rupee Interest Rate Derivatives (Reserve Bank) Directions, 2019 ]",,https://www.rbi.org.in/Scripts/NotificationUser.aspx?Id=4533&Mode=0,https://www.rbi.org.in/Scripts/NotificationUser.aspx,2026-05-30T08:45:35.015385+00:00
2008-10-10,Prime Minister's Employment Generation Programme (PMEGP),,https://www.rbi.org.in/Scripts/NotificationUser.aspx?Id=4535&Mode=0,https://www.rbi.org.in/Scripts/NotificationUser.aspx,2026-05-30T08:45:35.015385+00:00
2008-10-10,Scheduled Primary (Urban) Co-operative Banks – CRR reduced,,https://www.rbi.org.in/Scripts/NotificationUser.aspx?Id=4531&Mode=0,https://www.rbi.org.in/Scripts/NotificationUser.aspx,2026-05-30T08:45:35.015385+00:00
2008-10-10,Revised General Notification for issue of Government of India Dated Securities,,https://www.rbi.org.in/Scripts/NotificationUser.aspx?Id=4527&Mode=0,https://www.rbi.org.in/Scripts/NotificationUser.aspx,2026-05-30T08:45:35.015385+00:00
2008-10-08,External Commercial Borrowings Policy - Liberalisation,,https://www.rbi.org.in/Scripts/NotificationUser.aspx?Id=4525&Mode=0,https://www.rbi.org.in/Scripts/NotificationUser.aspx,2026-05-30T08:45:35.015385+00:00
2008-10-07,Scheduled Primary (Urban) Co-operative Banks - CRR reduced,,https://www.rbi.org.in/Scripts/NotificationUser.aspx?Id=4521&Mode=0,https://www.rbi.org.in/Scripts/NotificationUser.aspx,2026-05-30T08:45:35.015385+00:00
2008-10-03,Scheme for Non-competitive Bidding Facility in the Auctions of Government Securities,,https://www.rbi.org.in/Scripts/NotificationUser.aspx?Id=4517&Mode=0,https://www.rbi.org.in/Scripts/NotificationUser.aspx,2026-05-30T08:45:35.015385+00:00
2008-10-03,Tender for 6-year Government Stock - Non Competitive Bids,,https://www.rbi.org.in/Scripts/NotificationUser.aspx?Id=4516&Mode=0,https://www.rbi.org.in/Scripts/NotificationUser.aspx,2026-05-30T08:45:35.015385+00:00
2008-10-03,Tender for 6-year Government Stock - Competitive Bids,,https://www.rbi.org.in/Scripts/NotificationUser.aspx?Id=4515&Mode=0,https://www.rbi.org.in/Scripts/NotificationUser.aspx,2026-05-30T08:45:35.015385+00:00
2008-10-03,GOI Notification - New Security 2014,,https://www.rbi.org.in/Scripts/NotificationUser.aspx?Id=4514&Mode=0,https://www.rbi.org.in/Scripts/NotificationUser.aspx,2026-05-30T08:45:35.015385+00:00
2008-10-03,Tender for Non Competitive Bids - 7.95 per cent,,https://www.rbi.org.in/Scripts/NotificationUser.aspx?Id=4513&Mode=0,https://www.rbi.org.in/Scripts/NotificationUser.aspx,2026-05-30T08:45:35.015385+00:00
2008-10-03,Tender for Competitive Bids - 7.95 per cent,,https://www.rbi.org.in/Scripts/NotificationUser.aspx?Id=4512&Mode=0,https://www.rbi.org.in/Scripts/NotificationUser.aspx,2026-05-30T08:45:35.015385+00:00
2008-10-03,GOI Notification - 7.95% - 2032,,https://www.rbi.org.in/Scripts/NotificationUser.aspx?Id=4511&Mode=0,https://www.rbi.org.in/Scripts/NotificationUser.aspx,2026-05-30T08:45:35.015385+00:00
2008-10-03,RBI Notification,,https://www.rbi.org.in/Scripts/NotificationUser.aspx?Id=4510&Mode=0,https://www.rbi.org.in/Scripts/NotificationUser.aspx,2026-05-30T08:45:35.015385+00:00
2008-10-01,"Foreign Exchange Management (Transfer or Issue of Any Foreign Security) (Second Amendment) Regulations, 2008",,https://www.rbi.org.in/Scripts/NotificationUser.aspx?Id=4865&Mode=0,https://www.rbi.org.in/Scripts/NotificationUser.aspx,2026-05-30T08:45:35.015385+00:00
2008-09-30,Treatment of deposits with DCCB / SCB as SLR,,https://www.rbi.org.in/Scripts/NotificationUser.aspx?Id=4522&Mode=0,https://www.rbi.org.in/Scripts/NotificationUser.aspx,2026-05-30T08:45:37.558536+00:00
2008-09-29,"Exclusion from the Second Schedule to the Reserve Bank of India Act, 1934 – Centurion Bank of Punjab Ltd",,https://www.rbi.org.in/Scripts/NotificationUser.aspx?Id=4508&Mode=0,https://www.rbi.org.in/Scripts/NotificationUser.aspx,2026-05-30T08:45:37.558536+00:00
2008-09-26,Exim Bank's Line of Credit of USD 20 million to Government of the Republic of Mozambique,,https://www.rbi.org.in/Scripts/NotificationUser.aspx?Id=4507&Mode=0,https://www.rbi.org.in/Scripts/NotificationUser.aspx,2026-05-30T08:45:37.558536+00:00
2008-09-26,"Deferred Payment Protocols dated April 30, 1981 and December 23, 1985 between Government of India and erstwhile USSR",,https://www.rbi.org.in/Scripts/NotificationUser.aspx?Id=4506&Mode=0,https://www.rbi.org.in/Scripts/NotificationUser.aspx,2026-05-30T08:45:37.558536+00:00
2008-09-26,Quarterly Statement to be submitted by Securitisation Companies/Reconstruction Companies registered with the Reserve Bank of India under Section 3(4) of the SARFAESI Act,,https://www.rbi.org.in/Scripts/NotificationUser.aspx?Id=4504&Mode=0,https://www.rbi.org.in/Scripts/NotificationUser.aspx,2026-05-30T08:45:37.558536+00:00
2008-09-23,Scheme for Non-competitive Bidding Facility in the Auctions of Government Securities,,https://www.rbi.org.in/Scripts/NotificationUser.aspx?Id=4502&Mode=0,https://www.rbi.org.in/Scripts/NotificationUser.aspx,2026-05-30T08:45:37.558536+00:00
2008-09-23,Tender for Non Competitive Bids - 8.28 per cent,,https://www.rbi.org.in/Scripts/NotificationUser.aspx?Id=4501&Mode=0,https://www.rbi.org.in/Scripts/NotificationUser.aspx,2026-05-30T08:45:37.558536+00:00
2008-09-23,Tender for Competitive Bids - 8.28 per cent,,https://www.rbi.org.in/Scripts/NotificationUser.aspx?Id=4500&Mode=0,https://www.rbi.org.in/Scripts/NotificationUser.aspx,2026-05-30T08:45:37.558536+00:00
2008-09-23,GOI Notification - 8.28% - 2032,,https://www.rbi.org.in/Scripts/NotificationUser.aspx?Id=4499&Mode=0,https://www.rbi.org.in/Scripts/NotificationUser.aspx,2026-05-30T08:45:37.558536+00:00
2008-09-23,Tender for Non Competitive Bids - 7.94 per cent,,https://www.rbi.org.in/Scripts/NotificationUser.aspx?Id=4498&Mode=0,https://www.rbi.org.in/Scripts/NotificationUser.aspx,2026-05-30T08:45:37.558536+00:00
2008-09-23,Tender for Competitive Bids - 7.94 per cent,,https://www.rbi.org.in/Scripts/NotificationUser.aspx?Id=4497&Mode=0,https://www.rbi.org.in/Scripts/NotificationUser.aspx,2026-05-30T08:45:37.558536+00:00
2008-09-23,GOI Notification - 7.94% - 2021,,https://www.rbi.org.in/Scripts/NotificationUser.aspx?Id=4496&Mode=0,https://www.rbi.org.in/Scripts/NotificationUser.aspx,2026-05-30T08:45:37.558536+00:00
2008-09-23,RBI Notification,,https://www.rbi.org.in/Scripts/NotificationUser.aspx?Id=4495&Mode=0,https://www.rbi.org.in/Scripts/NotificationUser.aspx,2026-05-30T08:45:37.558536+00:00
2008-09-23,"Issue of Foreign Currency Exchangeable Bonds Scheme, 2008",,https://www.rbi.org.in/Scripts/NotificationUser.aspx?Id=4493&Mode=0,https://www.rbi.org.in/Scripts/NotificationUser.aspx,2026-05-30T08:45:37.558536+00:00
2008-09-22,External Commercial Borrowings Policy - Liberalisation,,https://www.rbi.org.in/Scripts/NotificationUser.aspx?Id=4491&Mode=0,https://www.rbi.org.in/Scripts/NotificationUser.aspx,2026-05-30T08:45:37.558536+00:00
2008-09-22,Settlement of Primary Auctions – Shortage of Funds,,https://www.rbi.org.in/Scripts/NotificationUser.aspx?Id=4488&Mode=0,https://www.rbi.org.in/Scripts/NotificationUser.aspx,2026-05-30T08:45:37.558536+00:00
2008-09-19,Interest Rates on Non-Resident (External) Rupee (NRE) Deposits- UCBs,,https://www.rbi.org.in/Scripts/NotificationUser.aspx?Id=4485&Mode=0,https://www.rbi.org.in/Scripts/NotificationUser.aspx,2026-05-30T08:45:37.558536+00:00
2008-09-19,"New "" Self Employment Scheme for Rehabilitation of Manual Scavengers"" (SRMS)- Achievement of targets",,https://www.rbi.org.in/Scripts/NotificationUser.aspx?Id=4484&Mode=0,https://www.rbi.org.in/Scripts/NotificationUser.aspx,2026-05-30T08:45:37.558536+00:00
2008-09-19,Payment of interest on accounts frozen by banks,,https://www.rbi.org.in/Scripts/NotificationUser.aspx?Id=4483&Mode=0,https://www.rbi.org.in/Scripts/NotificationUser.aspx,2026-05-30T08:45:37.558536+00:00
2008-09-17,Updation of cgt_flg as 'I' in case of e-payment transactions,,https://www.rbi.org.in/Scripts/NotificationUser.aspx?Id=4482&Mode=0,https://www.rbi.org.in/Scripts/NotificationUser.aspx,2026-05-30T08:45:37.558536+00:00
2008-09-17,Unsolicited Commercial Communications – National Do Not Call (NDNC)Registry,,https://www.rbi.org.in/Scripts/NotificationUser.aspx?Id=4472&Mode=0,https://www.rbi.org.in/Scripts/NotificationUser.aspx,2026-05-30T08:45:37.558536+00:00
2008-09-16,Interest Rates on Non-Resident (External) Rupee (NRE) Deposits and FCNR(B) deposits,,https://www.rbi.org.in/Scripts/NotificationUser.aspx?Id=4471&Mode=0,https://www.rbi.org.in/Scripts/NotificationUser.aspx,2026-05-30T08:45:37.558536+00:00
2008-09-16,Second Liquidity Adjustment Facility,,https://www.rbi.org.in/Scripts/NotificationUser.aspx?Id=4469&Mode=0,https://www.rbi.org.in/Scripts/NotificationUser.aspx,2026-05-30T08:45:37.558536+00:00
2008-09-15,Reclassification of NBFCs,,https://www.rbi.org.in/Scripts/NotificationUser.aspx?Id=4468&Mode=0,https://www.rbi.org.in/Scripts/NotificationUser.aspx,2026-05-30T08:45:37.558536+00:00
2008-09-12,Enhancement of Transparency in Bank's Affairs through Disclosures,,https://www.rbi.org.in/Scripts/NotificationUser.aspx?Id=4465&Mode=0,https://www.rbi.org.in/Scripts/NotificationUser.aspx,2026-05-30T08:45:37.558536+00:00
2008-09-08,"Foreign Exchange Management Act, 1999 – Advance Remittances for Import of Services",,https://www.rbi.org.in/Scripts/NotificationUser.aspx?Id=4449&Mode=0,https://www.rbi.org.in/Scripts/NotificationUser.aspx,2026-05-30T08:45:37.558536+00:00
2008-09-08,"Alteration in the name of Bank in the Second Schedule to the Reserve Bank of India Act, 1934 –"" Industrial Development Bank of India Limited to IDBI Bank Limited""",,https://www.rbi.org.in/Scripts/NotificationUser.aspx?Id=4448&Mode=0,https://www.rbi.org.in/Scripts/NotificationUser.aspx,2026-05-30T08:45:37.558536+00:00
2008-09-05,"Foreign Exchange Management (Transfer or Issue of Any Foreign Security) (Amendment) Regulations, 2008",,https://www.rbi.org.in/Scripts/NotificationUser.aspx?Id=4864&Mode=0,https://www.rbi.org.in/Scripts/NotificationUser.aspx,2026-05-30T08:45:37.558536+00:00
2008-09-05,Data quality in Electronic Accounting system in Central Excise and Service Tax (EASIEST),,https://www.rbi.org.in/Scripts/NotificationUser.aspx?Id=4466&Mode=0,https://www.rbi.org.in/Scripts/NotificationUser.aspx,2026-05-30T08:45:37.558536+00:00
2008-09-05,Scheme for Non-competitive Bidding Facility in the Auctions of Government Securities,,https://www.rbi.org.in/Scripts/NotificationUser.aspx?Id=4461&Mode=0,https://www.rbi.org.in/Scripts/NotificationUser.aspx,2026-05-30T08:45:37.558536+00:00
2008-09-05,Tender for Non Competitive Bids - 8.24 per cent,,https://www.rbi.org.in/Scripts/NotificationUser.aspx?Id=4460&Mode=0,https://www.rbi.org.in/Scripts/NotificationUser.aspx,2026-05-30T08:45:37.558536+00:00
2008-09-05,Tender for Competitive Bids - 8.24 per cent,,https://www.rbi.org.in/Scripts/NotificationUser.aspx?Id=4459&Mode=0,https://www.rbi.org.in/Scripts/NotificationUser.aspx,2026-05-30T08:45:37.558536+00:00
2008-09-05,GOI Notification - 8.24% - 2018,,https://www.rbi.org.in/Scripts/NotificationUser.aspx?Id=4458&Mode=0,https://www.rbi.org.in/Scripts/NotificationUser.aspx,2026-05-30T08:45:37.558536+00:00
2008-09-05,Tender for Non Competitive Bids - 7.95 per cent,,https://www.rbi.org.in/Scripts/NotificationUser.aspx?Id=4457&Mode=0,https://www.rbi.org.in/Scripts/NotificationUser.aspx,2026-05-30T08:45:37.558536+00:00
2008-09-05,Tender for Competitive Bids - 7.95 per cent,,https://www.rbi.org.in/Scripts/NotificationUser.aspx?Id=4456&Mode=0,https://www.rbi.org.in/Scripts/NotificationUser.aspx,2026-05-30T08:45:37.558536+00:00
2008-09-05,GOI Notification - 7.95% - 2032,,https://www.rbi.org.in/Scripts/NotificationUser.aspx?Id=4455&Mode=0,https://www.rbi.org.in/Scripts/NotificationUser.aspx,2026-05-30T08:45:37.558536+00:00
2008-09-05,RBI Notification,,https://www.rbi.org.in/Scripts/NotificationUser.aspx?Id=4454&Mode=0,https://www.rbi.org.in/Scripts/NotificationUser.aspx,2026-05-30T08:45:37.558536+00:00
2008-09-05,"Repayment of 7 % Savings Bonds, 2002",,https://www.rbi.org.in/Scripts/NotificationUser.aspx?Id=4447&Mode=0,https://www.rbi.org.in/Scripts/NotificationUser.aspx,2026-05-30T08:45:37.558536+00:00
2008-09-05,Overseas Investment – Rationalisation,,https://www.rbi.org.in/Scripts/NotificationUser.aspx?Id=4445&Mode=0,https://www.rbi.org.in/Scripts/NotificationUser.aspx,2026-05-30T08:45:37.558536+00:00
2008-09-04,"Union Budget – 2008-09 – Agricultural Debt Waiver and Debt Relief Scheme, 2008",,https://www.rbi.org.in/Scripts/NotificationUser.aspx?Id=4444&Mode=0,https://www.rbi.org.in/Scripts/NotificationUser.aspx,2026-05-30T08:45:37.558536+00:00
2008-09-04,Orders of the President of India on the recommendations made by the Parliamentary Committee on Official Language in the 8th volume of its Report,,https://www.rbi.org.in/Scripts/NotificationUser.aspx?Id=4443&Mode=0,https://www.rbi.org.in/Scripts/NotificationUser.aspx,2026-05-30T08:45:37.558536+00:00
2008-09-02,"7% Savings Bonds 2002, 6.5% Savings Bonds 2003 (Non-taxable) & 8 % Savings (Taxable) Bonds 2003 - nomination facility to joint holders",,https://www.rbi.org.in/Scripts/NotificationUser.aspx?Id=4442&Mode=0,https://www.rbi.org.in/Scripts/NotificationUser.aspx,2026-05-30T08:45:37.558536+00:00
2008-09-01,Unclaimed Deposits and Inoperative/ Dormant Accounts in UCBs,,https://www.rbi.org.in/Scripts/NotificationUser.aspx?Id=4451&Mode=0,https://www.rbi.org.in/Scripts/NotificationUser.aspx,2026-05-30T08:45:37.558536+00:00
2008-09-01,Direct Receipt of Import Bills / Documents - Liberalisation,,https://www.rbi.org.in/Scripts/NotificationUser.aspx?Id=4441&Mode=0,https://www.rbi.org.in/Scripts/NotificationUser.aspx,2026-05-30T08:45:37.558536+00:00
2026-01-22,"Reserve Bank of India (Rural Co-operative Banks – Cash Reserve Ratio and Statutory Liquidity Ratio) Amendment Directions, 2026",,https://www.rbi.org.in/Scripts/NotificationUser.aspx?Id=13287&Mode=0,https://www.rbi.org.in/Scripts/NotificationUser.aspx,2026-05-30T08:45:37.913693+00:00
2026-01-22,"Reserve Bank of India (Urban Co-operative Banks – Cash Reserve Ratio and Statutory Liquidity Ratio) Amendment Directions, 2026",,https://www.rbi.org.in/Scripts/NotificationUser.aspx?Id=13286&Mode=0,https://www.rbi.org.in/Scripts/NotificationUser.aspx,2026-05-30T08:45:37.913693+00:00
2026-01-22,"Reserve Bank of India (Local Area Banks – Cash Reserve Ratio and Statutory Liquidity Ratio) Amendment Directions, 2026",,https://www.rbi.org.in/Scripts/NotificationUser.aspx?Id=13285&Mode=0,https://www.rbi.org.in/Scripts/NotificationUser.aspx,2026-05-30T08:45:37.913693+00:00
2026-01-22,"Reserve Bank of India (Regional Rural Banks – Cash Reserve Ratio and Statutory Liquidity Ratio) Amendment Directions, 2026",,https://www.rbi.org.in/Scripts/NotificationUser.aspx?Id=13284&Mode=0,https://www.rbi.org.in/Scripts/NotificationUser.aspx,2026-05-30T08:45:37.913693+00:00
2026-01-22,"Reserve Bank of India (Payments Banks – Cash Reserve Ratio and Statutory Liquidity Ratio) Amendment Directions, 2026",,https://www.rbi.org.in/Scripts/NotificationUser.aspx?Id=13283&Mode=0,https://www.rbi.org.in/Scripts/NotificationUser.aspx,2026-05-30T08:45:37.913693+00:00
2026-01-22,"Reserve Bank of India (Small Finance Banks – Cash Reserve Ratio and Statutory Liquidity Ratio) Amendment Directions, 2026",,https://www.rbi.org.in/Scripts/NotificationUser.aspx?Id=13282&Mode=0,https://www.rbi.org.in/Scripts/NotificationUser.aspx,2026-05-30T08:45:37.913693+00:00
2026-01-22,"Reserve Bank of India (Commercial Banks – Cash Reserve Ratio and Statutory Liquidity Ratio) Amendment Directions, 2026",,https://www.rbi.org.in/Scripts/NotificationUser.aspx?Id=13281&Mode=0,https://www.rbi.org.in/Scripts/NotificationUser.aspx,2026-05-30T08:45:37.913693+00:00
2026-01-19,"Reserve Bank of India (Priority Sector Lending – Targets and Classification) (Amendment) Directions, 2026",,https://www.rbi.org.in/Scripts/NotificationUser.aspx?Id=13280&Mode=0,https://www.rbi.org.in/Scripts/NotificationUser.aspx,2026-05-30T08:45:37.913693+00:00
2026-01-19,Interest Subvention for Pre- and Post- Shipment Export Credit under Export Promotion Mission (EPM) – Niryat Prothsahan,,https://www.rbi.org.in/Scripts/NotificationUser.aspx?Id=13279&Mode=0,https://www.rbi.org.in/Scripts/NotificationUser.aspx,2026-05-30T08:45:37.913693+00:00
2026-01-16,Export and Import of Goods and Services,,https://www.rbi.org.in/Scripts/NotificationUser.aspx?Id=13278&Mode=0,https://www.rbi.org.in/Scripts/NotificationUser.aspx,2026-05-30T08:45:37.913693+00:00
2026-01-16,"Foreign Exchange Management (Export and Import of Goods and Services) Regulations, 2026",,https://www.rbi.org.in/Scripts/NotificationUser.aspx?Id=13277&Mode=0,https://www.rbi.org.in/Scripts/NotificationUser.aspx,2026-05-30T08:45:37.913693+00:00
2026-01-14,"Reserve Bank of India (Credit Information Companies - Internal Ombudsman) Directions, 2026",,https://www.rbi.org.in/Scripts/NotificationUser.aspx?Id=13276&Mode=0,https://www.rbi.org.in/Scripts/NotificationUser.aspx,2026-05-30T08:45:37.913693+00:00
2026-01-14,"Reserve Bank of India (Non-Bank Prepaid Payment Instruments Issuers - Internal Ombudsman) Directions, 2026",,https://www.rbi.org.in/Scripts/NotificationUser.aspx?Id=13275&Mode=0,https://www.rbi.org.in/Scripts/NotificationUser.aspx,2026-05-30T08:45:37.913693+00:00
2026-01-14,"Reserve Bank of India (Non-Banking Financial Companies - Internal Ombudsman) Directions, 2026",,https://www.rbi.org.in/Scripts/NotificationUser.aspx?Id=13274&Mode=0,https://www.rbi.org.in/Scripts/NotificationUser.aspx,2026-05-30T08:45:37.913693+00:00
2026-01-14,"Reserve Bank of India (Payments Banks - Internal Ombudsman) Directions, 2026",,https://www.rbi.org.in/Scripts/NotificationUser.aspx?Id=13273&Mode=0,https://www.rbi.org.in/Scripts/NotificationUser.aspx,2026-05-30T08:45:37.913693+00:00
2026-01-14,"Reserve Bank of India (Small Finance Banks - Internal Ombudsman) Directions, 2026",,https://www.rbi.org.in/Scripts/NotificationUser.aspx?Id=13272&Mode=0,https://www.rbi.org.in/Scripts/NotificationUser.aspx,2026-05-30T08:45:37.913693+00:00
2026-01-14,"Reserve Bank of India (Commercial Banks - Internal Ombudsman) Directions, 2026",,https://www.rbi.org.in/Scripts/NotificationUser.aspx?Id=13271&Mode=0,https://www.rbi.org.in/Scripts/NotificationUser.aspx,2026-05-30T08:45:37.913693+00:00
2026-01-13,Modified Interest Subvention Scheme for Short Term Loans for Agriculture and Allied Activities availed through Kisan Credit Card (KCC) during the financial year 2025-26,,https://www.rbi.org.in/Scripts/NotificationUser.aspx?Id=13270&Mode=0,https://www.rbi.org.in/Scripts/NotificationUser.aspx,2026-05-30T08:45:37.913693+00:00
2026-01-12,"Foreign Exchange Management (Guarantees) Regulations, 2026",,https://www.rbi.org.in/Scripts/NotificationUser.aspx?Id=13269&Mode=0,https://www.rbi.org.in/Scripts/NotificationUser.aspx,2026-05-30T08:45:37.913693+00:00
2026-01-12,"Foreign Exchange Management (Guarantees) Regulations, 2026",,https://www.rbi.org.in/Scripts/NotificationUser.aspx?Id=13268&Mode=0,https://www.rbi.org.in/Scripts/NotificationUser.aspx,2026-05-30T08:45:37.913693+00:00
2026-01-09,"Reserve Bank of India (All India Financial Institutions (AIFIs) - Prudential Norms on Capital Adequacy) Amendment Directions, 2026",,https://www.rbi.org.in/Scripts/NotificationUser.aspx?Id=13267&Mode=0,https://www.rbi.org.in/Scripts/NotificationUser.aspx,2026-05-30T08:45:37.913693+00:00
2026-01-09,"Reserve Bank of India (Small Finance Banks - Prudential Norms on Capital Adequacy) Amendment Directions, 2026",,https://www.rbi.org.in/Scripts/NotificationUser.aspx?Id=13266&Mode=0,https://www.rbi.org.in/Scripts/NotificationUser.aspx,2026-05-30T08:45:37.913693+00:00
2026-01-09,"Reserve Bank of India (Commercial Banks - Prudential Norms on Capital Adequacy) Amendment Directions, 2026",,https://www.rbi.org.in/Scripts/NotificationUser.aspx?Id=13265&Mode=0,https://www.rbi.org.in/Scripts/NotificationUser.aspx,2026-05-30T08:45:37.913693+00:00
2026-01-05,"Reserve Bank of India (All India Financial Institutions – Financial Statements: Presentation and Disclosures) – Amendment Directions, 2026",,https://www.rbi.org.in/Scripts/NotificationUser.aspx?Id=13264&Mode=0,https://www.rbi.org.in/Scripts/NotificationUser.aspx,2026-05-30T08:45:37.913693+00:00
2026-01-05,"Reserve Bank of India (Non-Banking Financial Companies – Financial Statements: Presentation and Disclosures) Directions, Amendment Directions, 2026",,https://www.rbi.org.in/Scripts/NotificationUser.aspx?Id=13263&Mode=0,https://www.rbi.org.in/Scripts/NotificationUser.aspx,2026-05-30T08:45:37.913693+00:00
2026-01-05,"Reserve Bank of India (Rural Co-operative Banks – Financial Statements: Presentation and Disclosures) – Amendment Directions, 2026",,https://www.rbi.org.in/Scripts/NotificationUser.aspx?Id=13262&Mode=0,https://www.rbi.org.in/Scripts/NotificationUser.aspx,2026-05-30T08:45:37.913693+00:00
2026-01-05,"Reserve Bank of India (Urban Co-operative Banks – Financial Statements: Presentation and Disclosures) – Amendment Directions, 2026",,https://www.rbi.org.in/Scripts/NotificationUser.aspx?Id=13261&Mode=0,https://www.rbi.org.in/Scripts/NotificationUser.aspx,2026-05-30T08:45:37.913693+00:00
2026-01-05,"Reserve Bank of India (Regional Rural Banks – Financial Statements: Presentation and Disclosures) – Amendment Directions, 2026",,https://www.rbi.org.in/Scripts/NotificationUser.aspx?Id=13260&Mode=0,https://www.rbi.org.in/Scripts/NotificationUser.aspx,2026-05-30T08:45:37.913693+00:00
2026-01-05,"Reserve Bank of India (Local Area Banks – Financial Statements: Presentation and Disclosures) – Amendment Directions, 2026",,https://www.rbi.org.in/Scripts/NotificationUser.aspx?Id=13259&Mode=0,https://www.rbi.org.in/Scripts/NotificationUser.aspx,2026-05-30T08:45:37.913693+00:00
2026-01-05,"Reserve Bank of India (Small Finance Banks – Financial Statements: Presentation and Disclosures) – Amendment Directions, 2026",,https://www.rbi.org.in/Scripts/NotificationUser.aspx?Id=13258&Mode=0,https://www.rbi.org.in/Scripts/NotificationUser.aspx,2026-05-30T08:45:37.913693+00:00
2026-01-05,"Reserve Bank of India (Commercial Banks – Financial Statements: Presentation and Disclosures) – Second Amendment Directions, 2026",,https://www.rbi.org.in/Scripts/NotificationUser.aspx?Id=13257&Mode=0,https://www.rbi.org.in/Scripts/NotificationUser.aspx,2026-05-30T08:45:37.913693+00:00
2026-01-05,"Reserve Bank of India (All India Financial Institutions – Credit Risk Management) – Amendment Directions, 2026",,https://www.rbi.org.in/Scripts/NotificationUser.aspx?Id=13256&Mode=0,https://www.rbi.org.in/Scripts/NotificationUser.aspx,2026-05-30T08:45:37.913693+00:00
2026-01-05,"Reserve Bank of India (Non-Banking Financial Companies – Credit Risk Management) – Amendment Directions, 2026",,https://www.rbi.org.in/Scripts/NotificationUser.aspx?Id=13255&Mode=0,https://www.rbi.org.in/Scripts/NotificationUser.aspx,2026-05-30T08:45:37.913693+00:00
2026-01-05,"Reserve Bank of India (Rural Co-operative Banks – Credit Risk Management) – Amendment Directions, 2026",,https://www.rbi.org.in/Scripts/NotificationUser.aspx?Id=13254&Mode=0,https://www.rbi.org.in/Scripts/NotificationUser.aspx,2026-05-30T08:45:37.913693+00:00
2026-01-05,"Reserve Bank of India (Urban Co-operative Banks – Credit Risk Management) – Amendment Directions, 2026",,https://www.rbi.org.in/Scripts/NotificationUser.aspx?Id=13253&Mode=0,https://www.rbi.org.in/Scripts/NotificationUser.aspx,2026-05-30T08:45:37.913693+00:00
2026-01-05,"Reserve Bank of India (Regional Rural Banks – Credit Risk Management) – Amendment Directions, 2026",,https://www.rbi.org.in/Scripts/NotificationUser.aspx?Id=13252&Mode=0,https://www.rbi.org.in/Scripts/NotificationUser.aspx,2026-05-30T08:45:37.913693+00:00
2026-01-05,"Reserve Bank of India (Local Area Banks – Credit Risk Management) – Amendment Directions, 2026",,https://www.rbi.org.in/Scripts/NotificationUser.aspx?Id=13251&Mode=0,https://www.rbi.org.in/Scripts/NotificationUser.aspx,2026-05-30T08:45:37.913693+00:00
2026-01-05,"Reserve Bank of India (Small Finance Banks – Credit Risk Management) – Amendment Directions, 2026",,https://www.rbi.org.in/Scripts/NotificationUser.aspx?Id=13250&Mode=0,https://www.rbi.org.in/Scripts/NotificationUser.aspx,2026-05-30T08:45:37.913693+00:00
2026-01-05,"Reserve Bank of India (Commercial Banks – Credit Risk Management) – Amendment Directions, 2026",,https://www.rbi.org.in/Scripts/NotificationUser.aspx?Id=13249&Mode=0,https://www.rbi.org.in/Scripts/NotificationUser.aspx,2026-05-30T08:45:37.913693+00:00
2026-01-01,Returns – Department of Payment and Settlement Systems – Submission in CIMS,,https://www.rbi.org.in/Scripts/NotificationUser.aspx?Id=13248&Mode=0,https://www.rbi.org.in/Scripts/NotificationUser.aspx,2026-05-30T08:45:37.913693+00:00
2026-01-01,Returns – Department of Payment and Settlement Systems – Submission in CIMS,,https://www.rbi.org.in/Scripts/NotificationUser.aspx?Id=13247&Mode=0,https://www.rbi.org.in/Scripts/NotificationUser.aspx,2026-05-30T08:45:37.913693+00:00
2026-01-01,Returns – Department of Payment and Settlement Systems – Submission in CIMS,,https://www.rbi.org.in/Scripts/NotificationUser.aspx?Id=13246&Mode=0,https://www.rbi.org.in/Scripts/NotificationUser.aspx,2026-05-30T08:45:37.913693+00:00
2026-01-01,"Reserve Bank of India (Non-Banking Financial Companies - Concentration Risk Management) Amendment Directions, 2026",,https://www.rbi.org.in/Scripts/NotificationUser.aspx?Id=13245&Mode=0,https://www.rbi.org.in/Scripts/NotificationUser.aspx,2026-05-30T08:45:37.913693+00:00
2026-01-01,"Reserve Bank of India (Non-Banking Financial Companies – Prudential Norms on Capital Adequacy) Amendment Directions, 2026",,https://www.rbi.org.in/Scripts/NotificationUser.aspx?Id=13244&Mode=0,https://www.rbi.org.in/Scripts/NotificationUser.aspx,2026-05-30T08:45:37.913693+00:00
2026-01-01,"Reserve Bank of India (Commercial Banks - Financial Statements: Presentation and Disclosures) Amendment Directions, 2026",,https://www.rbi.org.in/Scripts/NotificationUser.aspx?Id=13243&Mode=0,https://www.rbi.org.in/Scripts/NotificationUser.aspx,2026-05-30T08:45:37.913693+00:00
2008-08-29,"Refund of deposits from Special Deposit Scheme, 1975",,https://www.rbi.org.in/Scripts/NotificationUser.aspx?Id=4467&Mode=0,https://www.rbi.org.in/Scripts/NotificationUser.aspx,2026-05-30T08:45:39.991892+00:00
2008-08-28,"Foreign Exchange Management Act, 1999 – Import of Platinum / Palladium / Rhodium / Silver",,https://www.rbi.org.in/Scripts/NotificationUser.aspx?Id=4439&Mode=0,https://www.rbi.org.in/Scripts/NotificationUser.aspx,2026-05-30T08:45:39.991892+00:00
2008-08-28,Simplified cyclical credit product for farmers,,https://www.rbi.org.in/Scripts/NotificationUser.aspx?Id=4438&Mode=0,https://www.rbi.org.in/Scripts/NotificationUser.aspx,2026-05-30T08:45:39.991892+00:00
2008-08-28,Grievance Redressal Mechanism in banks,,https://www.rbi.org.in/Scripts/NotificationUser.aspx?Id=4437&Mode=0,https://www.rbi.org.in/Scripts/NotificationUser.aspx,2026-05-30T08:45:39.991892+00:00
2008-08-26,Simplification of lending procedures for crop loans,,https://www.rbi.org.in/Scripts/NotificationUser.aspx?Id=4433&Mode=0,https://www.rbi.org.in/Scripts/NotificationUser.aspx,2026-05-30T08:45:39.991892+00:00
2008-08-22,"Foreign Exchange Management (Transfer or Issue of Security by a Person Resident Outside India) (second Amendment) Regulations, 2008",,https://www.rbi.org.in/Scripts/NotificationUser.aspx?Id=4863&Mode=0,https://www.rbi.org.in/Scripts/NotificationUser.aspx,2026-05-30T08:45:39.991892+00:00
2008-08-22,Memorandum of Instructions for Opening and Maintenance of Rupee / Foreign Currency Vostro Accounts of Non-resident Exchange Houses,,https://www.rbi.org.in/Scripts/NotificationUser.aspx?Id=4432&Mode=0,https://www.rbi.org.in/Scripts/NotificationUser.aspx,2026-05-30T08:45:39.991892+00:00
2008-08-22,Unclaimed Deposits / Inoperative Accounts in banks,,https://www.rbi.org.in/Scripts/NotificationUser.aspx?Id=4430&Mode=0,https://www.rbi.org.in/Scripts/NotificationUser.aspx,2026-05-30T08:45:39.991892+00:00
2008-08-21,"7% Savings Bonds 2002, 6.5% Savings Bonds 2003 (Non-taxable) & 8% Savings (Taxable) Bonds 2003 - Collateral facility",,https://www.rbi.org.in/Scripts/NotificationUser.aspx?Id=4429&Mode=0,https://www.rbi.org.in/Scripts/NotificationUser.aspx,2026-05-30T08:45:39.991892+00:00
2008-08-21,"Deferred Payment Protocols dated April 30, 1981 and December 23, 1985 between Government of India and erstwhile USSR",,https://www.rbi.org.in/Scripts/NotificationUser.aspx?Id=4428&Mode=0,https://www.rbi.org.in/Scripts/NotificationUser.aspx,2026-05-30T08:45:39.991892+00:00
2008-08-21,"Foreign Exchange Management Act, 1999- Advance Remittance for Import of Goods - Liberalisation",,https://www.rbi.org.in/Scripts/NotificationUser.aspx?Id=4427&Mode=0,https://www.rbi.org.in/Scripts/NotificationUser.aspx,2026-05-30T08:45:39.991892+00:00
2008-08-21,Advance Remittance for Import of Rough Diamonds,,https://www.rbi.org.in/Scripts/NotificationUser.aspx?Id=4426&Mode=0,https://www.rbi.org.in/Scripts/NotificationUser.aspx,2026-05-30T08:45:39.991892+00:00
2008-08-18,Enhancement of transparency in bank's affairs through disclosures,,https://www.rbi.org.in/Scripts/NotificationUser.aspx?Id=4425&Mode=0,https://www.rbi.org.in/Scripts/NotificationUser.aspx,2026-05-30T08:45:39.991892+00:00
2008-08-18,Formation of new districts in Madhya Pradesh – Assignment of Lead Bank responsibilities,,https://www.rbi.org.in/Scripts/NotificationUser.aspx?Id=4423&Mode=0,https://www.rbi.org.in/Scripts/NotificationUser.aspx,2026-05-30T08:45:39.991892+00:00
2008-08-14,Scheme for Non-competitive Bidding Facility in the Auctions of Government Securities,,https://www.rbi.org.in/Scripts/NotificationUser.aspx?Id=4422&Mode=0,https://www.rbi.org.in/Scripts/NotificationUser.aspx,2026-05-30T08:45:39.991892+00:00
2008-08-14,Tender for Non Competitive Bids - 8.24 per cent,,https://www.rbi.org.in/Scripts/NotificationUser.aspx?Id=4421&Mode=0,https://www.rbi.org.in/Scripts/NotificationUser.aspx,2026-05-30T08:45:39.991892+00:00
2008-08-14,Tender for Competitive Bids - 8.24 per cent,,https://www.rbi.org.in/Scripts/NotificationUser.aspx?Id=4420&Mode=0,https://www.rbi.org.in/Scripts/NotificationUser.aspx,2026-05-30T08:45:39.991892+00:00
2008-08-14,GOI Notification - 8.24% - 2027,,https://www.rbi.org.in/Scripts/NotificationUser.aspx?Id=4419&Mode=0,https://www.rbi.org.in/Scripts/NotificationUser.aspx,2026-05-30T08:45:39.991892+00:00
2008-08-14,RBI Notification,,https://www.rbi.org.in/Scripts/NotificationUser.aspx?Id=4418&Mode=0,https://www.rbi.org.in/Scripts/NotificationUser.aspx,2026-05-30T08:45:39.991892+00:00
2008-08-14,Frauds – Future approach towards monitoring of frauds in NBFCs,,https://www.rbi.org.in/Scripts/NotificationUser.aspx?Id=4417&Mode=0,https://www.rbi.org.in/Scripts/NotificationUser.aspx,2026-05-30T08:45:39.991892+00:00
2008-08-13,Overseas Direct Investment by Registered Trust / Society,Society,https://www.rbi.org.in/Scripts/NotificationUser.aspx?Id=4416&Mode=0,https://www.rbi.org.in/Scripts/NotificationUser.aspx,2026-05-30T08:45:39.991892+00:00
2008-08-13,Export of Goods and Services- Direct Dispatch of Shipping Documents Realisation and Repatriation of Export Proceeds – Liberalisation,,https://www.rbi.org.in/Scripts/NotificationUser.aspx?Id=4415&Mode=0,https://www.rbi.org.in/Scripts/NotificationUser.aspx,2026-05-30T08:45:39.991892+00:00
2008-08-06,Introduction of Currency Futures – Permitting banks to become trading /clearing members of SEBI-approved exchanges,,https://www.rbi.org.in/Scripts/NotificationUser.aspx?Id=4411&Mode=0,https://www.rbi.org.in/Scripts/NotificationUser.aspx,2026-05-30T08:45:39.991892+00:00
2008-08-06,Guidelines on trading of Currency Futures in Recognised Stock / New Exchanges,,https://www.rbi.org.in/Scripts/NotificationUser.aspx?Id=4410&Mode=0,https://www.rbi.org.in/Scripts/NotificationUser.aspx,2026-05-30T08:45:39.991892+00:00
2008-08-05,"8% Savings (Taxable) Bonds, 2003 - Income Tax Act, 1961 - TDS",,https://www.rbi.org.in/Scripts/NotificationUser.aspx?Id=4408&Mode=0,https://www.rbi.org.in/Scripts/NotificationUser.aspx,2026-05-30T08:45:39.991892+00:00
2008-08-05,Differential Rate of Interest Scheme- Revision of income limits- Clarification regarding semi-urban areas,,https://www.rbi.org.in/Scripts/NotificationUser.aspx?Id=4406&Mode=0,https://www.rbi.org.in/Scripts/NotificationUser.aspx,2026-05-30T08:45:39.991892+00:00
2008-08-04,Advance Remittance for Import of Rough Diamonds,,https://www.rbi.org.in/Scripts/NotificationUser.aspx?Id=4405&Mode=0,https://www.rbi.org.in/Scripts/NotificationUser.aspx,2026-05-30T08:45:39.991892+00:00
2008-08-04,Exchange Earner's Foreign Currency (EEFC) Account,,https://www.rbi.org.in/Scripts/NotificationUser.aspx?Id=4404&Mode=0,https://www.rbi.org.in/Scripts/NotificationUser.aspx,2026-05-30T08:45:39.991892+00:00
2008-08-01,"Foreign Exchange Management (Foreign Exchange Derivative Contracts) (Amendment) Regulations, 2008",,https://www.rbi.org.in/Scripts/NotificationUser.aspx?Id=4412&Mode=0,https://www.rbi.org.in/Scripts/NotificationUser.aspx,2026-05-30T08:45:39.991892+00:00
2008-08-01,Scheme for Non-competitive Bidding Facility in the Auctions of Government Securities,,https://www.rbi.org.in/Scripts/NotificationUser.aspx?Id=4403&Mode=0,https://www.rbi.org.in/Scripts/NotificationUser.aspx,2026-05-30T08:45:39.991892+00:00
2008-08-01,Tender for Non Competitive Bids - 8.24 per cent,,https://www.rbi.org.in/Scripts/NotificationUser.aspx?Id=4402&Mode=0,https://www.rbi.org.in/Scripts/NotificationUser.aspx,2026-05-30T08:45:39.991892+00:00
2008-08-01,Tender for Competitive Bids -8.24 per cent,,https://www.rbi.org.in/Scripts/NotificationUser.aspx?Id=4401&Mode=0,https://www.rbi.org.in/Scripts/NotificationUser.aspx,2026-05-30T08:45:39.991892+00:00
2008-08-01,GOI Notification - 8.24% - 2018,,https://www.rbi.org.in/Scripts/NotificationUser.aspx?Id=4400&Mode=0,https://www.rbi.org.in/Scripts/NotificationUser.aspx,2026-05-30T08:45:39.991892+00:00
2008-08-01,Tender for Non Competitive Bids - 7.95 per cent,,https://www.rbi.org.in/Scripts/NotificationUser.aspx?Id=4399&Mode=0,https://www.rbi.org.in/Scripts/NotificationUser.aspx,2026-05-30T08:45:39.991892+00:00
2008-08-01,Tender for Competitive Bids - 7.95 per cent,,https://www.rbi.org.in/Scripts/NotificationUser.aspx?Id=4398&Mode=0,https://www.rbi.org.in/Scripts/NotificationUser.aspx,2026-05-30T08:45:39.991892+00:00
2008-08-01,GOI Notification - 7.95% - 2032,,https://www.rbi.org.in/Scripts/NotificationUser.aspx?Id=4397&Mode=0,https://www.rbi.org.in/Scripts/NotificationUser.aspx,2026-05-30T08:45:39.991892+00:00
2008-08-01,RBI Notification,,https://www.rbi.org.in/Scripts/NotificationUser.aspx?Id=4396&Mode=0,https://www.rbi.org.in/Scripts/NotificationUser.aspx,2026-05-30T08:45:39.991892+00:00
2008-08-01,"Guidelines for NBFC-ND-SI as regards capital adequacy, liquidity and disclosure norms",,https://www.rbi.org.in/Scripts/NotificationUser.aspx?Id=4395&Mode=0,https://www.rbi.org.in/Scripts/NotificationUser.aspx,2026-05-30T08:45:39.991892+00:00
2008-08-01,Interest Rate Subvention Scheme on Export Credit to be closed,,https://www.rbi.org.in/Scripts/NotificationUser.aspx?Id=4394&Mode=0,https://www.rbi.org.in/Scripts/NotificationUser.aspx,2026-05-30T08:45:39.991892+00:00
2008-07-31,SECOND Liquidity Adjustment Facility on Reporting Fridays,,https://www.rbi.org.in/Scripts/NotificationUser.aspx?Id=4389&Mode=0,https://www.rbi.org.in/Scripts/NotificationUser.aspx,2026-05-30T08:45:42.633316+00:00
2008-07-31,UCBs – CRR increased,,https://www.rbi.org.in/Scripts/NotificationUser.aspx?Id=4388&Mode=0,https://www.rbi.org.in/Scripts/NotificationUser.aspx,2026-05-30T08:45:42.633316+00:00
2008-07-31,Project Offices — Foreign Currency Accounts in India,,https://www.rbi.org.in/Scripts/NotificationUser.aspx?Id=4387&Mode=0,https://www.rbi.org.in/Scripts/NotificationUser.aspx,2026-05-30T08:45:42.633316+00:00
2008-07-31,Accounting for taxes on income- Accounting Standard 22- Treatment of deferred tax assets (DTA) and deferred tax liabilities (DTL) for computation of capital,,https://www.rbi.org.in/Scripts/NotificationUser.aspx?Id=4385&Mode=0,https://www.rbi.org.in/Scripts/NotificationUser.aspx,2026-05-30T08:45:42.633316+00:00
2008-07-29,Standing Liquidity Facilities for Banks and Primary Dealers,,https://www.rbi.org.in/Scripts/NotificationUser.aspx?Id=4382&Mode=0,https://www.rbi.org.in/Scripts/NotificationUser.aspx,2026-05-30T08:45:42.633316+00:00
2008-07-29,Liquidity Adjustment Facility – Repo and Reverse Repo Rates,,https://www.rbi.org.in/Scripts/NotificationUser.aspx?Id=4381&Mode=0,https://www.rbi.org.in/Scripts/NotificationUser.aspx,2026-05-30T08:45:42.633316+00:00
2008-07-29,First Quarter Review of Annual Statement on Monetary Policy for the Year 2008-09,,https://www.rbi.org.in/Scripts/NotificationUser.aspx?Id=4380&Mode=0,https://www.rbi.org.in/Scripts/NotificationUser.aspx,2026-05-30T08:45:42.633316+00:00
2008-07-23,"Foreign Exchange Management (Export of Goods And Services) (Amendment) Regulations, 2008",,https://www.rbi.org.in/Scripts/NotificationUser.aspx?Id=5004&Mode=0,https://www.rbi.org.in/Scripts/NotificationUser.aspx,2026-05-30T08:45:42.633316+00:00
2008-07-23,Credit Card Operations of Banks,,https://www.rbi.org.in/Scripts/NotificationUser.aspx?Id=4379&Mode=0,https://www.rbi.org.in/Scripts/NotificationUser.aspx,2026-05-30T08:45:42.633316+00:00
2008-07-18,Permissible Period of Remittance of E-payment of Government Transactions,,https://www.rbi.org.in/Scripts/NotificationUser.aspx?Id=4376&Mode=0,https://www.rbi.org.in/Scripts/NotificationUser.aspx,2026-05-30T08:45:42.633316+00:00
2008-07-18,Scheme for Non-competitive Bidding Facility in the Auctions of Government Securities,,https://www.rbi.org.in/Scripts/NotificationUser.aspx?Id=4375&Mode=0,https://www.rbi.org.in/Scripts/NotificationUser.aspx,2026-05-30T08:45:42.633316+00:00
2008-07-18,Tender for Non Competitive Bids - 8.24 per cent,,https://www.rbi.org.in/Scripts/NotificationUser.aspx?Id=4374&Mode=0,https://www.rbi.org.in/Scripts/NotificationUser.aspx,2026-05-30T08:45:42.633316+00:00
2008-07-18,Tender for Competitive Bids - 8.24 per cent,,https://www.rbi.org.in/Scripts/NotificationUser.aspx?Id=4373&Mode=0,https://www.rbi.org.in/Scripts/NotificationUser.aspx,2026-05-30T08:45:42.633316+00:00
2008-07-18,GOI Notification - 8.24% - 2018,,https://www.rbi.org.in/Scripts/NotificationUser.aspx?Id=4372&Mode=0,https://www.rbi.org.in/Scripts/NotificationUser.aspx,2026-05-30T08:45:42.633316+00:00
2008-07-18,RBI Notification,,https://www.rbi.org.in/Scripts/NotificationUser.aspx?Id=4371&Mode=0,https://www.rbi.org.in/Scripts/NotificationUser.aspx,2026-05-30T08:45:42.633316+00:00
2008-07-15,Instruments for Augmenting Capital Funds-UCBs,,https://www.rbi.org.in/Scripts/NotificationUser.aspx?Id=4370&Mode=0,https://www.rbi.org.in/Scripts/NotificationUser.aspx,2026-05-30T08:45:42.633316+00:00
2008-07-14,Formation of new districts in Chhattisgarh – Assignment of Lead Bank responsibility,,https://www.rbi.org.in/Scripts/NotificationUser.aspx?Id=4369&Mode=0,https://www.rbi.org.in/Scripts/NotificationUser.aspx,2026-05-30T08:45:42.633316+00:00
2008-07-14,Union Budget – 2008-09 – Proposal for continuation of 2 per cent interest subvention scheme for short-term crop loans in 2008-09,,https://www.rbi.org.in/Scripts/NotificationUser.aspx?Id=4368&Mode=0,https://www.rbi.org.in/Scripts/NotificationUser.aspx,2026-05-30T08:45:42.633316+00:00
2008-07-11,Balances held by UCBs with IDBI Bank Limited- Treatment for CRR/SLR purpose,,https://www.rbi.org.in/Scripts/NotificationUser.aspx?Id=4367&Mode=0,https://www.rbi.org.in/Scripts/NotificationUser.aspx,2026-05-30T08:45:42.633316+00:00
2008-07-11,Security for External Commercial Borrowings – Liberalisation,,https://www.rbi.org.in/Scripts/NotificationUser.aspx?Id=4365&Mode=0,https://www.rbi.org.in/Scripts/NotificationUser.aspx,2026-05-30T08:45:42.633316+00:00
2008-07-03,Master Circular – Facility for Exchange of Notes and Coins,,https://www.rbi.org.in/Scripts/NotificationUser.aspx?Id=4356&Mode=0,https://www.rbi.org.in/Scripts/NotificationUser.aspx,2026-05-30T08:45:42.633316+00:00
2008-07-02,"Prevention of Money Laundering Act, 2002 – Obligation of banks in terms of Rules notified there under - UCBs",,https://www.rbi.org.in/Scripts/NotificationUser.aspx?Id=4325&Mode=0,https://www.rbi.org.in/Scripts/NotificationUser.aspx,2026-05-30T08:45:42.633316+00:00
2008-07-01,Master Circular - Conduct of Government Business by Agency Banks - Payment of Agency Commission,,https://www.rbi.org.in/Scripts/NotificationUser.aspx?Id=4366&Mode=0,https://www.rbi.org.in/Scripts/NotificationUser.aspx,2026-05-30T08:45:42.633316+00:00
2008-07-01,Master Circular – Levy of Penal Interest for Delayed Reporting/Wrong Reporting/Non-Reporting of Currency Chest Transactions and Cases involving Shortages/Inclusion of Counterfeit Banknotes in Chest Balances/Chest remittances,,https://www.rbi.org.in/Scripts/NotificationUser.aspx?Id=4361&Mode=0,https://www.rbi.org.in/Scripts/NotificationUser.aspx,2026-05-30T08:45:42.633316+00:00
2008-07-01,Master Circular – Frauds – Classification and Reporting,,https://www.rbi.org.in/Scripts/NotificationUser.aspx?Id=4358&Mode=0,https://www.rbi.org.in/Scripts/NotificationUser.aspx,2026-05-30T08:45:42.633316+00:00
2008-07-01,Master Circular – External Commercial Borrowings and Trade Credits,,https://www.rbi.org.in/Scripts/NotificationUser.aspx?Id=4357&Mode=0,https://www.rbi.org.in/Scripts/NotificationUser.aspx,2026-05-30T08:45:42.633316+00:00
2008-07-01,Master Circular – Detection and Impounding of Counterfeit Notes,,https://www.rbi.org.in/Scripts/NotificationUser.aspx?Id=4355&Mode=0,https://www.rbi.org.in/Scripts/NotificationUser.aspx,2026-05-30T08:45:42.633316+00:00
2008-07-01,"Master Circular – Know Your Customer norms / Anti-Money Laundering Standards/ Combating of Financing of Terrorism /Obligation of banks under PMLA, 2002",,https://www.rbi.org.in/Scripts/NotificationUser.aspx?Id=4354&Mode=0,https://www.rbi.org.in/Scripts/NotificationUser.aspx,2026-05-30T08:45:42.633316+00:00
2008-07-01,Master Circular - Export Credit Refinance Facility,,https://www.rbi.org.in/Scripts/NotificationUser.aspx?Id=4352&Mode=0,https://www.rbi.org.in/Scripts/NotificationUser.aspx,2026-05-30T08:45:42.633316+00:00
2008-07-01,Master Circular - Maintenance of Statutory Reserves Cash Reserve Ratio (CRR) and Statutory Liquidity Ratio (SLR),,https://www.rbi.org.in/Scripts/NotificationUser.aspx?Id=4351&Mode=0,https://www.rbi.org.in/Scripts/NotificationUser.aspx,2026-05-30T08:45:42.633316+00:00
2008-07-01,Master Circular – Frauds – Classification and Reporting,,https://www.rbi.org.in/Scripts/NotificationUser.aspx?Id=4350&Mode=0,https://www.rbi.org.in/Scripts/NotificationUser.aspx,2026-05-30T08:45:42.633316+00:00
2008-07-01,Master Circular - Disbursement of Pension by Agency Banks,,https://www.rbi.org.in/Scripts/NotificationUser.aspx?Id=4349&Mode=0,https://www.rbi.org.in/Scripts/NotificationUser.aspx,2026-05-30T08:45:42.633316+00:00
2008-07-01,Master Circular – Collection of Direct Taxes- OLTAS,,https://www.rbi.org.in/Scripts/NotificationUser.aspx?Id=4348&Mode=0,https://www.rbi.org.in/Scripts/NotificationUser.aspx,2026-05-30T08:45:42.633316+00:00
2008-07-01,Master Circular – Risk Management and Inter-Bank Dealings,,https://www.rbi.org.in/Scripts/NotificationUser.aspx?Id=4334&Mode=0,https://www.rbi.org.in/Scripts/NotificationUser.aspx,2026-05-30T08:45:42.633316+00:00
2008-07-01,Master Circular – Frauds – Classification and Reporting,,https://www.rbi.org.in/Scripts/NotificationUser.aspx?Id=4332&Mode=0,https://www.rbi.org.in/Scripts/NotificationUser.aspx,2026-05-30T08:45:42.633316+00:00
2008-07-01,Master Circular – Export of Goods and Services,,https://www.rbi.org.in/Scripts/NotificationUser.aspx?Id=4322&Mode=0,https://www.rbi.org.in/Scripts/NotificationUser.aspx,2026-05-30T08:45:42.633316+00:00
2008-07-01,Master Circular – Direct Investment by Residents in Joint Venture (JV)/Wholly Owned Subsidiary (WOS) abroad,,https://www.rbi.org.in/Scripts/NotificationUser.aspx?Id=4319&Mode=0,https://www.rbi.org.in/Scripts/NotificationUser.aspx,2026-05-30T08:45:42.633316+00:00
2008-07-01,Master Circular - Investments by Primary (Urban) Co-operative Banks,,https://www.rbi.org.in/Scripts/NotificationUser.aspx?Id=4318&Mode=0,https://www.rbi.org.in/Scripts/NotificationUser.aspx,2026-05-30T08:45:42.633316+00:00
2008-07-01,Master Circular – Import of Goods and Services,,https://www.rbi.org.in/Scripts/NotificationUser.aspx?Id=4316&Mode=0,https://www.rbi.org.in/Scripts/NotificationUser.aspx,2026-05-30T08:45:42.633316+00:00
2008-07-01,Master Circular – Foreign Investment in India,,https://www.rbi.org.in/Scripts/NotificationUser.aspx?Id=4312&Mode=0,https://www.rbi.org.in/Scripts/NotificationUser.aspx,2026-05-30T08:45:42.633316+00:00
2008-07-01,"Master Circular - Lending to Micro, Small and Medium Enterprises (MSME)Sector",,https://www.rbi.org.in/Scripts/NotificationUser.aspx?Id=4311&Mode=0,https://www.rbi.org.in/Scripts/NotificationUser.aspx,2026-05-30T08:45:42.633316+00:00
2008-07-01,Master Circular – Appointment & delisting of Brokers and Payment of Brokerage on Relief / Savings Bonds,,https://www.rbi.org.in/Scripts/NotificationUser.aspx?Id=4307&Mode=0,https://www.rbi.org.in/Scripts/NotificationUser.aspx,2026-05-30T08:45:42.633316+00:00
2008-07-01,Master Circular – Nomination Facility in Relief / Savings Bonds,,https://www.rbi.org.in/Scripts/NotificationUser.aspx?Id=4306&Mode=0,https://www.rbi.org.in/Scripts/NotificationUser.aspx,2026-05-30T08:45:42.633316+00:00
2008-07-01,Master Circular - Micro Credit,,https://www.rbi.org.in/Scripts/NotificationUser.aspx?Id=4305&Mode=0,https://www.rbi.org.in/Scripts/NotificationUser.aspx,2026-05-30T08:45:42.633316+00:00
2008-07-01,Master Circular - Lending to Priority Sector,,https://www.rbi.org.in/Scripts/NotificationUser.aspx?Id=4304&Mode=0,https://www.rbi.org.in/Scripts/NotificationUser.aspx,2026-05-30T08:45:42.633316+00:00
2008-07-01,Master Circular - Swarna Jayanti Shahari Rozgar Yojana (SJSRY),,https://www.rbi.org.in/Scripts/NotificationUser.aspx?Id=4299&Mode=0,https://www.rbi.org.in/Scripts/NotificationUser.aspx,2026-05-30T08:45:42.633316+00:00
2008-07-01,Master Circular - Credit facilities to Scheduled Castes (SCs) & Scheduled Tribes (STs),,https://www.rbi.org.in/Scripts/NotificationUser.aspx?Id=4298&Mode=0,https://www.rbi.org.in/Scripts/NotificationUser.aspx,2026-05-30T08:45:42.633316+00:00
2008-07-01,Master Circular - Credit facilities to Minority Communities,,https://www.rbi.org.in/Scripts/NotificationUser.aspx?Id=4297&Mode=0,https://www.rbi.org.in/Scripts/NotificationUser.aspx,2026-05-30T08:45:42.633316+00:00
2008-07-01,Master Circular - Swarnajayanti Gram Swarozgar Yojana (SGSY),,https://www.rbi.org.in/Scripts/NotificationUser.aspx?Id=4296&Mode=0,https://www.rbi.org.in/Scripts/NotificationUser.aspx,2026-05-30T08:45:42.633316+00:00
2008-07-01,Master Circular - Guidelines for Relief Measures by Banks in Areas affected by Natural Calamities,,https://www.rbi.org.in/Scripts/NotificationUser.aspx?Id=4295&Mode=0,https://www.rbi.org.in/Scripts/NotificationUser.aspx,2026-05-30T08:45:42.633316+00:00
2008-07-01,Master Circular – Call/Notice Money Market Operations,,https://www.rbi.org.in/Scripts/NotificationUser.aspx?Id=4289&Mode=0,https://www.rbi.org.in/Scripts/NotificationUser.aspx,2026-05-30T08:45:42.633316+00:00
2008-07-01,Master Circular – Guidelines for Issue of Certificates of Deposit,,https://www.rbi.org.in/Scripts/NotificationUser.aspx?Id=4287&Mode=0,https://www.rbi.org.in/Scripts/NotificationUser.aspx,2026-05-30T08:45:42.633316+00:00
2008-07-01,Master Circular – Guidelines for Issue of Commercial Paper,,https://www.rbi.org.in/Scripts/NotificationUser.aspx?Id=4285&Mode=0,https://www.rbi.org.in/Scripts/NotificationUser.aspx,2026-05-30T08:45:42.633316+00:00
2008-07-01,Master Circular - Frauds – Future approach towards monitoring of frauds in NBFCs,,https://www.rbi.org.in/Scripts/NotificationUser.aspx?Id=4283&Mode=0,https://www.rbi.org.in/Scripts/NotificationUser.aspx,2026-05-30T08:45:42.633316+00:00
2008-07-01,Master Circular - New “ Self Employment Scheme for Rehabilitation of Manual Scavengers” (SRMS),,https://www.rbi.org.in/Scripts/NotificationUser.aspx?Id=4282&Mode=0,https://www.rbi.org.in/Scripts/NotificationUser.aspx,2026-05-30T08:45:42.633316+00:00
2008-07-01,Master Circular - Capital Adequacy Standards and Risk Management Guidelines for standalone Primary Dealers,,https://www.rbi.org.in/Scripts/NotificationUser.aspx?Id=4279&Mode=0,https://www.rbi.org.in/Scripts/NotificationUser.aspx,2026-05-30T08:45:42.633316+00:00
2008-07-01,Master Circular – Operational Guidelines to Primary Dealers,,https://www.rbi.org.in/Scripts/NotificationUser.aspx?Id=4277&Mode=0,https://www.rbi.org.in/Scripts/NotificationUser.aspx,2026-05-30T08:45:42.633316+00:00
2008-07-01,Master Circular – Miscellaneous Remittances from India – Facilities for Residents,,https://www.rbi.org.in/Scripts/NotificationUser.aspx?Id=4275&Mode=0,https://www.rbi.org.in/Scripts/NotificationUser.aspx,2026-05-30T08:45:42.633316+00:00
2008-07-01,Master Circular – Remittance Facilities for Non-Resident Indians/Persons of Indian Origin / Foreign Nationals,,https://www.rbi.org.in/Scripts/NotificationUser.aspx?Id=4274&Mode=0,https://www.rbi.org.in/Scripts/NotificationUser.aspx,2026-05-30T08:45:42.633316+00:00
2008-07-01,Master Circular – Non-Resident Ordinary Rupee (NRO) Account,,https://www.rbi.org.in/Scripts/NotificationUser.aspx?Id=4273&Mode=0,https://www.rbi.org.in/Scripts/NotificationUser.aspx,2026-05-30T08:45:42.633316+00:00
2025-12-29,"Reserve Bank of India (Commercial Banks – Know Your Customer) Amendment Directions, 2025",,https://www.rbi.org.in/Scripts/NotificationUser.aspx?Id=13242&Mode=0,https://www.rbi.org.in/Scripts/NotificationUser.aspx,2026-05-30T08:45:43.197637+00:00
2025-12-29,"Reserve Bank of India (Urban Co-operative Banks – Know Your Customer) Amendment Directions, 2025",,https://www.rbi.org.in/Scripts/NotificationUser.aspx?Id=13241&Mode=0,https://www.rbi.org.in/Scripts/NotificationUser.aspx,2026-05-30T08:45:43.197637+00:00
2025-12-29,"Reserve Bank of India (Small Finance Banks – Know Your Customer) Amendment Directions, 2025",,https://www.rbi.org.in/Scripts/NotificationUser.aspx?Id=13240&Mode=0,https://www.rbi.org.in/Scripts/NotificationUser.aspx,2026-05-30T08:45:43.197637+00:00
2025-12-29,"Reserve Bank of India (Rural Co-operative Banks – Know Your Customer) Amendment Directions, 2025",,https://www.rbi.org.in/Scripts/NotificationUser.aspx?Id=13239&Mode=0,https://www.rbi.org.in/Scripts/NotificationUser.aspx,2026-05-30T08:45:43.197637+00:00
2025-12-29,"Reserve Bank of India (Regional Rural Banks – Know Your Customer) Amendment Directions, 2025",,https://www.rbi.org.in/Scripts/NotificationUser.aspx?Id=13238&Mode=0,https://www.rbi.org.in/Scripts/NotificationUser.aspx,2026-05-30T08:45:43.197637+00:00
2025-12-29,"Reserve Bank of India (Payments Banks – Know Your Customer) Amendment Directions, 2025",,https://www.rbi.org.in/Scripts/NotificationUser.aspx?Id=13237&Mode=0,https://www.rbi.org.in/Scripts/NotificationUser.aspx,2026-05-30T08:45:43.197637+00:00
2025-12-29,"Reserve Bank of India (Non-Banking Financial Companies – Know Your Customer) Amendment Directions, 2025",,https://www.rbi.org.in/Scripts/NotificationUser.aspx?Id=13236&Mode=0,https://www.rbi.org.in/Scripts/NotificationUser.aspx,2026-05-30T08:45:43.197637+00:00
2025-12-29,"Reserve Bank of India (Local Area Banks – Know Your Customer) Amendment Directions, 2025",,https://www.rbi.org.in/Scripts/NotificationUser.aspx?Id=13235&Mode=0,https://www.rbi.org.in/Scripts/NotificationUser.aspx,2026-05-30T08:45:43.197637+00:00
2025-12-29,"Reserve Bank of India (Asset Reconstruction Companies – Know Your Customer) Amendment Directions, 2025",,https://www.rbi.org.in/Scripts/NotificationUser.aspx?Id=13234&Mode=0,https://www.rbi.org.in/Scripts/NotificationUser.aspx,2026-05-30T08:45:43.197637+00:00
2025-12-29,"Reserve Bank of India (All India Financial Institutions – Know Your Customer) Amendment Directions, 2025",,https://www.rbi.org.in/Scripts/NotificationUser.aspx?Id=13233&Mode=0,https://www.rbi.org.in/Scripts/NotificationUser.aspx,2026-05-30T08:45:43.197637+00:00
2025-12-24,Continuous Clearing and Settlement on Realisation in Cheque Truncation System: Phase 2,,https://www.rbi.org.in/Scripts/NotificationUser.aspx?Id=13232&Mode=0,https://www.rbi.org.in/Scripts/NotificationUser.aspx,2026-05-30T08:45:43.197637+00:00
2025-12-18,Formation of new district in the State of Gujarat – Assignment of Lead Bank Responsibility,,https://www.rbi.org.in/Scripts/NotificationUser.aspx?Id=13231&Mode=0,https://www.rbi.org.in/Scripts/NotificationUser.aspx,2026-05-30T08:45:43.197637+00:00
2025-12-11,"Reserve Bank of India (Urban Co-operative Banks – Cash Reserve Ratio and Statutory Liquidity Ratio) Amendment Directions, 2025",,https://www.rbi.org.in/Scripts/NotificationUser.aspx?Id=13230&Mode=0,https://www.rbi.org.in/Scripts/NotificationUser.aspx,2026-05-30T08:45:43.197637+00:00
2025-12-11,"Reserve Bank of India (Local Area Banks – Cash Reserve Ratio and Statutory Liquidity Ratio) Amendment Directions, 2025",,https://www.rbi.org.in/Scripts/NotificationUser.aspx?Id=13229&Mode=0,https://www.rbi.org.in/Scripts/NotificationUser.aspx,2026-05-30T08:45:43.197637+00:00
2025-12-11,"Reserve Bank of India (Rural Co-operative Banks – Cash Reserve Ratio and Statutory Liquidity Ratio) Amendment Directions, 2025",,https://www.rbi.org.in/Scripts/NotificationUser.aspx?Id=13228&Mode=0,https://www.rbi.org.in/Scripts/NotificationUser.aspx,2026-05-30T08:45:43.197637+00:00
2025-12-11,"Reserve Bank of India (Regional Rural Banks – Cash Reserve Ratio and Statutory Liquidity Ratio) Amendment Directions, 2025",,https://www.rbi.org.in/Scripts/NotificationUser.aspx?Id=13227&Mode=0,https://www.rbi.org.in/Scripts/NotificationUser.aspx,2026-05-30T08:45:43.197637+00:00
2025-12-11,"Reserve Bank of India (Payments Banks – Cash Reserve Ratio and Statutory Liquidity Ratio) Amendment Directions, 2025",,https://www.rbi.org.in/Scripts/NotificationUser.aspx?Id=13226&Mode=0,https://www.rbi.org.in/Scripts/NotificationUser.aspx,2026-05-30T08:45:43.197637+00:00
2025-12-11,"Reserve Bank of India (Small Finance Banks – Cash Reserve Ratio and Statutory Liquidity Ratio) Amendment Directions, 2025",,https://www.rbi.org.in/Scripts/NotificationUser.aspx?Id=13225&Mode=0,https://www.rbi.org.in/Scripts/NotificationUser.aspx,2026-05-30T08:45:43.197637+00:00
2025-12-11,"Reserve Bank of India (Commercial Banks – Cash Reserve Ratio and Statutory Liquidity Ratio) Amendment Directions, 2025",,https://www.rbi.org.in/Scripts/NotificationUser.aspx?Id=13224&Mode=0,https://www.rbi.org.in/Scripts/NotificationUser.aspx,2026-05-30T08:45:43.197637+00:00
2025-12-11,"Reserve Bank of India (Local Area Banks – Credit Risk Management) – Amendment Directions, 2025",,https://www.rbi.org.in/Scripts/NotificationUser.aspx?Id=13223&Mode=0,https://www.rbi.org.in/Scripts/NotificationUser.aspx,2026-05-30T08:45:43.197637+00:00
2025-12-11,"Reserve Bank of India (Payments Banks – Miscellaneous) – Amendment Directions, 2025",,https://www.rbi.org.in/Scripts/NotificationUser.aspx?Id=13222&Mode=0,https://www.rbi.org.in/Scripts/NotificationUser.aspx,2026-05-30T08:45:43.197637+00:00
2025-12-11,"Reserve Bank of India (Rural Co-operative Banks – Credit Risk Management) – Amendment Directions, 2025",,https://www.rbi.org.in/Scripts/NotificationUser.aspx?Id=13221&Mode=0,https://www.rbi.org.in/Scripts/NotificationUser.aspx,2026-05-30T08:45:43.197637+00:00
2025-12-11,"Reserve Bank of India (Urban Co-operative Banks – Credit Risk Management) – Amendment Directions, 2025",,https://www.rbi.org.in/Scripts/NotificationUser.aspx?Id=13220&Mode=0,https://www.rbi.org.in/Scripts/NotificationUser.aspx,2026-05-30T08:45:43.197637+00:00
2025-12-11,"Reserve Bank of India (Regional Rural Banks – Credit Risk Management) – Amendment Directions, 2025",,https://www.rbi.org.in/Scripts/NotificationUser.aspx?Id=13219&Mode=0,https://www.rbi.org.in/Scripts/NotificationUser.aspx,2026-05-30T08:45:43.197637+00:00
2025-12-11,"Reserve Bank of India (Small Finance Banks – Credit Risk Management) – Amendment Directions, 2025",,https://www.rbi.org.in/Scripts/NotificationUser.aspx?Id=13218&Mode=0,https://www.rbi.org.in/Scripts/NotificationUser.aspx,2026-05-30T08:45:43.197637+00:00
2025-12-11,"Reserve Bank of India (Commercial Banks – Credit Risk Management) – Amendment Directions, 2025",,https://www.rbi.org.in/Scripts/NotificationUser.aspx?Id=13217&Mode=0,https://www.rbi.org.in/Scripts/NotificationUser.aspx,2026-05-30T08:45:43.197637+00:00
2025-12-08,"Foreign Exchange Management (Export and Import of Currency) (Amendment) Regulations, 2025",,https://www.rbi.org.in/Scripts/NotificationUser.aspx?Id=13216&Mode=0,https://www.rbi.org.in/Scripts/NotificationUser.aspx,2026-05-30T08:45:43.197637+00:00
2025-12-08,Export and Import of Indian Currency to or from Nepal and Bhutan,,https://www.rbi.org.in/Scripts/NotificationUser.aspx?Id=13215&Mode=0,https://www.rbi.org.in/Scripts/NotificationUser.aspx,2026-05-30T08:45:43.197637+00:00
2025-12-08,"Master Direction – Reserve Bank of India (Rupee Interest Rate Derivatives) Directions, 2025",,https://www.rbi.org.in/Scripts/NotificationUser.aspx?Id=13214&Mode=0,https://www.rbi.org.in/Scripts/NotificationUser.aspx,2026-05-30T08:45:43.197637+00:00
2025-12-05,"Reserve Bank of India (Non-Operative Financial Holding Company) (Amendment) Directions, 2025",,https://www.rbi.org.in/Scripts/NotificationUser.aspx?Id=13213&Mode=0,https://www.rbi.org.in/Scripts/NotificationUser.aspx,2026-05-30T08:45:43.197637+00:00
2025-12-05,"Reserve Bank of India (Non-Banking Financial Companies – Undertaking of Financial Services) (Amendment) Directions, 2025",,https://www.rbi.org.in/Scripts/NotificationUser.aspx?Id=13212&Mode=0,https://www.rbi.org.in/Scripts/NotificationUser.aspx,2026-05-30T08:45:43.197637+00:00
2025-12-05,"Reserve Bank of India (Payments Banks – Undertaking of Financial Services) (Amendment) Directions, 2025",,https://www.rbi.org.in/Scripts/NotificationUser.aspx?Id=13211&Mode=0,https://www.rbi.org.in/Scripts/NotificationUser.aspx,2026-05-30T08:45:43.197637+00:00
2025-12-05,"Reserve Bank of India (Small Finance Banks – Undertaking of Financial Services) (Amendment) Directions, 2025",,https://www.rbi.org.in/Scripts/NotificationUser.aspx?Id=13210&Mode=0,https://www.rbi.org.in/Scripts/NotificationUser.aspx,2026-05-30T08:45:43.197637+00:00
2025-12-05,"Reserve Bank of India (Commercial Banks – Undertaking of Financial Services) (Amendment) Directions, 2025",,https://www.rbi.org.in/Scripts/NotificationUser.aspx?Id=13209&Mode=0,https://www.rbi.org.in/Scripts/NotificationUser.aspx,2026-05-30T08:45:43.197637+00:00
2025-12-05,Penal Interest on shortfall in CRR and SLR requirements - Change in Bank Rate,,https://www.rbi.org.in/Scripts/NotificationUser.aspx?Id=13208&Mode=0,https://www.rbi.org.in/Scripts/NotificationUser.aspx,2026-05-30T08:45:43.197637+00:00
2025-12-05,Standing Liquidity Facility for Primary Dealers,,https://www.rbi.org.in/Scripts/NotificationUser.aspx?Id=13207&Mode=0,https://www.rbi.org.in/Scripts/NotificationUser.aspx,2026-05-30T08:45:43.197637+00:00
2025-12-05,Liquidity Adjustment Facility - Change in rates,,https://www.rbi.org.in/Scripts/NotificationUser.aspx?Id=13206&Mode=0,https://www.rbi.org.in/Scripts/NotificationUser.aspx,2026-05-30T08:45:43.197637+00:00
2025-12-04,"Reserve Bank of India (Small Finance Banks – Prudential Norms on Capital Adequacy) Amendment Directions, 2025",,https://www.rbi.org.in/Scripts/NotificationUser.aspx?Id=13201&Mode=0,https://www.rbi.org.in/Scripts/NotificationUser.aspx,2026-05-30T08:45:43.197637+00:00
2025-12-04,"Reserve Bank of India (Commercial Banks - Prudential Norms on Capital Adequacy) Amendment Directions, 2025",,https://www.rbi.org.in/Scripts/NotificationUser.aspx?Id=13200&Mode=0,https://www.rbi.org.in/Scripts/NotificationUser.aspx,2026-05-30T08:45:43.197637+00:00
2025-12-04,"Reserve Bank of India (Small Finance Banks – Income Recognition, Asset Classification and Provisioning) Amendment Directions, 2025",,https://www.rbi.org.in/Scripts/NotificationUser.aspx?Id=13199&Mode=0,https://www.rbi.org.in/Scripts/NotificationUser.aspx,2026-05-30T08:45:43.197637+00:00
2025-12-04,"Reserve Bank of India (Commercial Banks – Income Recognition, Asset Classification and Provisioning) Amendment Directions, 2025",,https://www.rbi.org.in/Scripts/NotificationUser.aspx?Id=13198&Mode=0,https://www.rbi.org.in/Scripts/NotificationUser.aspx,2026-05-30T08:45:43.197637+00:00
2025-12-04,"Reserve Bank of India (Small Finance Banks - Concentration Risk Management) Amendment Directions, 2025",,https://www.rbi.org.in/Scripts/NotificationUser.aspx?Id=13197&Mode=0,https://www.rbi.org.in/Scripts/NotificationUser.aspx,2026-05-30T08:45:43.197637+00:00
2025-12-04,"Reserve Bank of India (Commercial Banks - Concentration Risk Management) Amendment Directions, 2025",,https://www.rbi.org.in/Scripts/NotificationUser.aspx?Id=13196&Mode=0,https://www.rbi.org.in/Scripts/NotificationUser.aspx,2026-05-30T08:45:43.197637+00:00
2025-12-04,"Reserve Bank of India (Small Finance Banks - Credit Facilities) Amendment Directions, 2025",,https://www.rbi.org.in/Scripts/NotificationUser.aspx?Id=13195&Mode=0,https://www.rbi.org.in/Scripts/NotificationUser.aspx,2026-05-30T08:45:43.197637+00:00
2025-12-04,"Reserve Bank of India (Commercial Banks - Credit Facilities) Amendment Directions, 2025",,https://www.rbi.org.in/Scripts/NotificationUser.aspx?Id=13194&Mode=0,https://www.rbi.org.in/Scripts/NotificationUser.aspx,2026-05-30T08:45:43.197637+00:00
2025-12-04,"Reserve Bank of India (Rural Co-operative Banks - Branch Authorisation) Repeal Directions, 2025",,https://www.rbi.org.in/Scripts/NotificationUser.aspx?Id=13193&Mode=0,https://www.rbi.org.in/Scripts/NotificationUser.aspx,2026-05-30T08:45:43.197637+00:00
2025-12-04,"Reserve Bank of India (Urban Co-operative Banks - Branch Authorisation) Repeal Directions, 2025",,https://www.rbi.org.in/Scripts/NotificationUser.aspx?Id=13192&Mode=0,https://www.rbi.org.in/Scripts/NotificationUser.aspx,2026-05-30T08:45:43.197637+00:00
2025-12-04,"Reserve Bank of India (Urban Co-operative Banks – Licensing, Scheduling and Regulatory Classification) Repeal Guidelines, 2025",,https://www.rbi.org.in/Scripts/NotificationUser.aspx?Id=13191&Mode=0,https://www.rbi.org.in/Scripts/NotificationUser.aspx,2026-05-30T08:45:43.197637+00:00
2025-12-04,"Reserve Bank of India (Rural Co-operative Banks – Miscellaneous) (Amendment) Directions, 2025",,https://www.rbi.org.in/Scripts/NotificationUser.aspx?Id=13190&Mode=0,https://www.rbi.org.in/Scripts/NotificationUser.aspx,2026-05-30T08:45:43.197637+00:00
2025-12-04,"Reserve Bank of India (Credit Information Companies) Amendment Directions, 2025",,https://www.rbi.org.in/Scripts/NotificationUser.aspx?Id=13189&Mode=0,https://www.rbi.org.in/Scripts/NotificationUser.aspx,2026-05-30T08:45:43.197637+00:00
2025-12-04,"Reserve Bank of India (Asset Reconstruction Companies – Credit Information Reporting) Amendment Directions, 2025",,https://www.rbi.org.in/Scripts/NotificationUser.aspx?Id=13188&Mode=0,https://www.rbi.org.in/Scripts/NotificationUser.aspx,2026-05-30T08:45:43.197637+00:00
2025-12-04,"Reserve Bank of India (Non-Banking Financial Companies – Credit Information Reporting) Amendment Directions, 2025",,https://www.rbi.org.in/Scripts/NotificationUser.aspx?Id=13187&Mode=0,https://www.rbi.org.in/Scripts/NotificationUser.aspx,2026-05-30T08:45:43.197637+00:00
2025-12-04,"Reserve Bank of India (All India Financial Institutions – Credit Information Reporting) Amendment Directions, 2025",,https://www.rbi.org.in/Scripts/NotificationUser.aspx?Id=13186&Mode=0,https://www.rbi.org.in/Scripts/NotificationUser.aspx,2026-05-30T08:45:43.197637+00:00
2025-12-04,"Reserve Bank of India (Rural Co-operative Banks – Credit Information Reporting) Amendment Directions, 2025",,https://www.rbi.org.in/Scripts/NotificationUser.aspx?Id=13185&Mode=0,https://www.rbi.org.in/Scripts/NotificationUser.aspx,2026-05-30T08:45:43.197637+00:00
2025-12-04,"Reserve Bank of India (Urban Co-operative Banks – Credit Information Reporting) Amendment Directions, 2025",,https://www.rbi.org.in/Scripts/NotificationUser.aspx?Id=13184&Mode=0,https://www.rbi.org.in/Scripts/NotificationUser.aspx,2026-05-30T08:45:43.197637+00:00
2025-12-04,"Reserve Bank of India (Regional Rural Banks – Credit Information Reporting) Amendment Directions, 2025",,https://www.rbi.org.in/Scripts/NotificationUser.aspx?Id=13183&Mode=0,https://www.rbi.org.in/Scripts/NotificationUser.aspx,2026-05-30T08:45:43.197637+00:00
2025-12-04,"Reserve Bank of India (Local Area Banks – Credit Information Reporting) Amendment Directions, 2025",,https://www.rbi.org.in/Scripts/NotificationUser.aspx?Id=13182&Mode=0,https://www.rbi.org.in/Scripts/NotificationUser.aspx,2026-05-30T08:45:43.197637+00:00
2025-12-04,"Reserve Bank of India (Small Finance Banks – Credit Information Reporting) Amendment Directions, 2025",,https://www.rbi.org.in/Scripts/NotificationUser.aspx?Id=13181&Mode=0,https://www.rbi.org.in/Scripts/NotificationUser.aspx,2026-05-30T08:45:43.197637+00:00
2025-12-04,"Reserve Bank of India (Commercial Banks – Credit Information Reporting) Amendment Directions, 2025",,https://www.rbi.org.in/Scripts/NotificationUser.aspx?Id=13180&Mode=0,https://www.rbi.org.in/Scripts/NotificationUser.aspx,2026-05-30T08:45:43.197637+00:00
2025-12-04,"Reserve Bank of India (Rural Co-operative Banks - Responsible Business Conduct) Amendment Directions, 2025",,https://www.rbi.org.in/Scripts/NotificationUser.aspx?Id=13179&Mode=0,https://www.rbi.org.in/Scripts/NotificationUser.aspx,2026-05-30T08:45:43.197637+00:00
2025-12-04,"Reserve Bank of India (Urban Co-operative Banks - Responsible Business Conduct) Amendment Directions, 2025",,https://www.rbi.org.in/Scripts/NotificationUser.aspx?Id=13178&Mode=0,https://www.rbi.org.in/Scripts/NotificationUser.aspx,2026-05-30T08:45:43.197637+00:00
2025-12-04,"Reserve Bank of India (Regional Rural Banks - Responsible Business Conduct) Amendment Directions, 2025",,https://www.rbi.org.in/Scripts/NotificationUser.aspx?Id=13177&Mode=0,https://www.rbi.org.in/Scripts/NotificationUser.aspx,2026-05-30T08:45:43.197637+00:00
2025-12-04,"Reserve Bank of India (Local Area Banks - Responsible Business Conduct) Amendment Directions, 2025",,https://www.rbi.org.in/Scripts/NotificationUser.aspx?Id=13176&Mode=0,https://www.rbi.org.in/Scripts/NotificationUser.aspx,2026-05-30T08:45:43.197637+00:00
2025-12-04,"Reserve Bank of India (Payments Banks - Responsible Business Conduct) Amendment Directions, 2025",,https://www.rbi.org.in/Scripts/NotificationUser.aspx?Id=13175&Mode=0,https://www.rbi.org.in/Scripts/NotificationUser.aspx,2026-05-30T08:45:43.197637+00:00
2025-12-04,"Reserve Bank of India (Small Finance Banks - Responsible Business Conduct) Amendment Directions, 2025",,https://www.rbi.org.in/Scripts/NotificationUser.aspx?Id=13174&Mode=0,https://www.rbi.org.in/Scripts/NotificationUser.aspx,2026-05-30T08:45:43.197637+00:00
2025-12-04,"Reserve Bank of India (Commercial Banks - Responsible Business Conduct) Amendment Directions, 2025",,https://www.rbi.org.in/Scripts/NotificationUser.aspx?Id=13173&Mode=0,https://www.rbi.org.in/Scripts/NotificationUser.aspx,2026-05-30T08:45:43.197637+00:00
2025-12-03,Liberalised Remittance Scheme (LRS)- Submission of ‘LRS Daily Return’ by Authorised Dealers- Category -II banks/ entities and Full- Fledged Money Changers,,https://www.rbi.org.in/Scripts/NotificationUser.aspx?Id=13172&Mode=0,https://www.rbi.org.in/Scripts/NotificationUser.aspx,2026-05-30T08:45:43.197637+00:00
2008-06-30,Priority Sector Lending –Revision of Reporting Formats-UCBs,,https://www.rbi.org.in/Scripts/NotificationUser.aspx?Id=4269&Mode=0,https://www.rbi.org.in/Scripts/NotificationUser.aspx,2026-05-30T08:45:45.577764+00:00
2008-06-27,Scheme for Non-competitive Bidding Facility in the Auctions of Government Securities,,https://www.rbi.org.in/Scripts/NotificationUser.aspx?Id=4268&Mode=0,https://www.rbi.org.in/Scripts/NotificationUser.aspx,2026-05-30T08:45:45.577764+00:00
2008-06-27,Tender for Non Competitive Bids - 8.28 per cent,,https://www.rbi.org.in/Scripts/NotificationUser.aspx?Id=4267&Mode=0,https://www.rbi.org.in/Scripts/NotificationUser.aspx,2026-05-30T08:45:45.577764+00:00
2008-06-27,Tender for Competitive Bids -8.28 per cent,,https://www.rbi.org.in/Scripts/NotificationUser.aspx?Id=4266&Mode=0,https://www.rbi.org.in/Scripts/NotificationUser.aspx,2026-05-30T08:45:45.577764+00:00
2008-06-27,GOI Notification - 8.28% - 2032,,https://www.rbi.org.in/Scripts/NotificationUser.aspx?Id=4265&Mode=0,https://www.rbi.org.in/Scripts/NotificationUser.aspx,2026-05-30T08:45:45.577764+00:00
2008-06-27,Tender for Non Competitive Bids - 8.24 per cent,,https://www.rbi.org.in/Scripts/NotificationUser.aspx?Id=4264&Mode=0,https://www.rbi.org.in/Scripts/NotificationUser.aspx,2026-05-30T08:45:45.577764+00:00
2008-06-27,Tender for Competitive Bids - 8.24 per cent,,https://www.rbi.org.in/Scripts/NotificationUser.aspx?Id=4263&Mode=0,https://www.rbi.org.in/Scripts/NotificationUser.aspx,2026-05-30T08:45:45.577764+00:00
2008-06-27,GOI Notification - 8.24% - 2018,,https://www.rbi.org.in/Scripts/NotificationUser.aspx?Id=4262&Mode=0,https://www.rbi.org.in/Scripts/NotificationUser.aspx,2026-05-30T08:45:45.577764+00:00
2008-06-27,RBI Notification,,https://www.rbi.org.in/Scripts/NotificationUser.aspx?Id=4261&Mode=0,https://www.rbi.org.in/Scripts/NotificationUser.aspx,2026-05-30T08:45:45.577764+00:00
2008-06-27,Overseas Direct Investment by Registered Trust / Society,Society,https://www.rbi.org.in/Scripts/NotificationUser.aspx?Id=4260&Mode=0,https://www.rbi.org.in/Scripts/NotificationUser.aspx,2026-05-30T08:45:45.577764+00:00
2008-06-26,Scheduled UCBs – Maintenance of CRR,,https://www.rbi.org.in/Scripts/NotificationUser.aspx?Id=4259&Mode=0,https://www.rbi.org.in/Scripts/NotificationUser.aspx,2026-05-30T08:45:45.577764+00:00
2008-06-25,"StCBs/DCCBs - PMLA, 2002 – Obligation of Banks",,https://www.rbi.org.in/Scripts/NotificationUser.aspx?Id=4255&Mode=0,https://www.rbi.org.in/Scripts/NotificationUser.aspx,2026-05-30T08:45:45.577764+00:00
2008-06-24,Liquidity Adjustment Facility – Repo and Reverse Repo Rates,,https://www.rbi.org.in/Scripts/NotificationUser.aspx?Id=4254&Mode=0,https://www.rbi.org.in/Scripts/NotificationUser.aspx,2026-05-30T08:45:45.577764+00:00
2008-06-24,Standing Liquidity Facilities for Banks and Primary Dealers,,https://www.rbi.org.in/Scripts/NotificationUser.aspx?Id=4253&Mode=0,https://www.rbi.org.in/Scripts/NotificationUser.aspx,2026-05-30T08:45:45.577764+00:00
2008-06-24,"Union Budget – 2008-09 – Agricultural Debt Waiver and Debt Relief Scheme, 2008",,https://www.rbi.org.in/Scripts/NotificationUser.aspx?Id=4252&Mode=0,https://www.rbi.org.in/Scripts/NotificationUser.aspx,2026-05-30T08:45:45.577764+00:00
2008-06-24,Wilful Defaulters and action thereagainst –UCBs,,https://www.rbi.org.in/Scripts/NotificationUser.aspx?Id=4251&Mode=0,https://www.rbi.org.in/Scripts/NotificationUser.aspx,2026-05-30T08:45:45.577764+00:00
2008-06-20,Use of Electronic Mode of Payment for Large Value Transactions,,https://www.rbi.org.in/Scripts/NotificationUser.aspx?Id=4249&Mode=0,https://www.rbi.org.in/Scripts/NotificationUser.aspx,2026-05-30T08:45:45.577764+00:00
2008-06-19,"Union Budget – 2008-09 – Agricultural Debt Waiver and Debt Relief Scheme, 2008",,https://www.rbi.org.in/Scripts/NotificationUser.aspx?Id=4247&Mode=0,https://www.rbi.org.in/Scripts/NotificationUser.aspx,2026-05-30T08:45:45.577764+00:00
2008-06-18,"RRBs - PMLA, 2002 – Obligation of Banks",,https://www.rbi.org.in/Scripts/NotificationUser.aspx?Id=4246&Mode=0,https://www.rbi.org.in/Scripts/NotificationUser.aspx,2026-05-30T08:45:45.577764+00:00
2008-06-17,UCBs – Valuation of Non-SLR Securities issued by GOI,,https://www.rbi.org.in/Scripts/NotificationUser.aspx?Id=4244&Mode=0,https://www.rbi.org.in/Scripts/NotificationUser.aspx,2026-05-30T08:45:45.577764+00:00
2008-06-13,Scheme for Non-competitive Bidding Facility in the Auctions of Government Securities,,https://www.rbi.org.in/Scripts/NotificationUser.aspx?Id=4240&Mode=0,https://www.rbi.org.in/Scripts/NotificationUser.aspx,2026-05-30T08:45:45.577764+00:00
2008-06-13,Tender for Non Competitive Bids - 8.24 per cent,,https://www.rbi.org.in/Scripts/NotificationUser.aspx?Id=4239&Mode=0,https://www.rbi.org.in/Scripts/NotificationUser.aspx,2026-05-30T08:45:45.577764+00:00
2008-06-13,Tender for Competitive Bids -8.24 per cent,,https://www.rbi.org.in/Scripts/NotificationUser.aspx?Id=4238&Mode=0,https://www.rbi.org.in/Scripts/NotificationUser.aspx,2026-05-30T08:45:45.577764+00:00
2008-06-13,GOI Notification - 8.24% - 2027,,https://www.rbi.org.in/Scripts/NotificationUser.aspx?Id=4237&Mode=0,https://www.rbi.org.in/Scripts/NotificationUser.aspx,2026-05-30T08:45:45.577764+00:00
2008-06-13,RBI Notification,,https://www.rbi.org.in/Scripts/NotificationUser.aspx?Id=4236&Mode=0,https://www.rbi.org.in/Scripts/NotificationUser.aspx,2026-05-30T08:45:45.577764+00:00
2008-06-13,"Agricultural Debt Waiver and Debt Relief Scheme, 2008 – Additional Instructions",,https://www.rbi.org.in/Scripts/NotificationUser.aspx?Id=4233&Mode=0,https://www.rbi.org.in/Scripts/NotificationUser.aspx,2026-05-30T08:45:45.577764+00:00
2008-06-11,Standing Liquidity Facilities for Banks and Primary Dealers,,https://www.rbi.org.in/Scripts/NotificationUser.aspx?Id=4232&Mode=0,https://www.rbi.org.in/Scripts/NotificationUser.aspx,2026-05-30T08:45:45.577764+00:00
2008-06-11,Liquidity Adjustment Facility – Repo and Reverse Repo Rates,,https://www.rbi.org.in/Scripts/NotificationUser.aspx?Id=4231&Mode=0,https://www.rbi.org.in/Scripts/NotificationUser.aspx,2026-05-30T08:45:45.577764+00:00
2008-06-11,Deferred Payment Protocols between GOI and erstwhile USSR,,https://www.rbi.org.in/Scripts/NotificationUser.aspx?Id=4230&Mode=0,https://www.rbi.org.in/Scripts/NotificationUser.aspx,2026-05-30T08:45:45.577764+00:00
2008-06-04,Monitoring bank advances to priority sectors - Special Return III – Disbursal of advances to priority sectors as on the last reporting Friday of June (Annual),,https://www.rbi.org.in/Scripts/NotificationUser.aspx?Id=4225&Mode=0,https://www.rbi.org.in/Scripts/NotificationUser.aspx,2026-05-30T08:45:45.577764+00:00
2008-06-03,Overseas Investments - Liberalisation / Rationalisation,,https://www.rbi.org.in/Scripts/NotificationUser.aspx?Id=4224&Mode=0,https://www.rbi.org.in/Scripts/NotificationUser.aspx,2026-05-30T08:45:45.577764+00:00
2008-06-03,Risk Management and Inter-Bank Dealings - Commodity Hedging Exposures of domestic oil refining and marketing companies,,https://www.rbi.org.in/Scripts/NotificationUser.aspx?Id=4222&Mode=0,https://www.rbi.org.in/Scripts/NotificationUser.aspx,2026-05-30T08:45:45.577764+00:00
2008-06-03,"Deferred Payment Protocols dated April 30, 1981 and December 23, 1985 between Government of India and erstwhile USSR",,https://www.rbi.org.in/Scripts/NotificationUser.aspx?Id=4221&Mode=0,https://www.rbi.org.in/Scripts/NotificationUser.aspx,2026-05-30T08:45:45.577764+00:00
2008-06-03,Export of Goods and Services- Realisation and Repatriation of Export Proceeds-Liberalisation,,https://www.rbi.org.in/Scripts/NotificationUser.aspx?Id=4220&Mode=0,https://www.rbi.org.in/Scripts/NotificationUser.aspx,2026-05-30T08:45:45.577764+00:00
2008-06-03,Export of Goods and Services - Payments of Claims by Insurance Companies-Write off,,https://www.rbi.org.in/Scripts/NotificationUser.aspx?Id=4219&Mode=0,https://www.rbi.org.in/Scripts/NotificationUser.aspx,2026-05-30T08:45:45.577764+00:00
2008-06-02,External Commercial Borrowings (ECB) by Services Sector -Liberalization,,https://www.rbi.org.in/Scripts/NotificationUser.aspx?Id=4216&Mode=0,https://www.rbi.org.in/Scripts/NotificationUser.aspx,2026-05-30T08:45:45.577764+00:00
2008-06-02,Secondary Market Settlements in Government Securities – NDS Settlements through Settlement Banks,,https://www.rbi.org.in/Scripts/NotificationUser.aspx?Id=4215&Mode=0,https://www.rbi.org.in/Scripts/NotificationUser.aspx,2026-05-30T08:45:45.577764+00:00
2025-11-28,"Reserve Bank of India (Rural Co-operative Banks - Branch Authorisation) Directions, 2025",,https://www.rbi.org.in/Scripts/NotificationUser.aspx?Id=13205&Mode=0,https://www.rbi.org.in/Scripts/NotificationUser.aspx,2026-05-30T08:45:46.166163+00:00
2025-11-28,"Reserve Bank of India (Urban Co-operative Banks - Branch Authorisation) Directions, 2025",,https://www.rbi.org.in/Scripts/NotificationUser.aspx?Id=13204&Mode=0,https://www.rbi.org.in/Scripts/NotificationUser.aspx,2026-05-30T08:45:46.166163+00:00
2025-11-28,"Reserve Bank of India (Urban Co-operative Banks – Licensing, Scheduling and Regulatory Classification) Guidelines, 2025",,https://www.rbi.org.in/Scripts/NotificationUser.aspx?Id=13203&Mode=0,https://www.rbi.org.in/Scripts/NotificationUser.aspx,2026-05-30T08:45:46.166163+00:00
2025-11-28,"Reserve Bank of India (Rural Co-operative Banks – Miscellaneous) Directions, 2025",,https://www.rbi.org.in/Scripts/NotificationUser.aspx?Id=13202&Mode=0,https://www.rbi.org.in/Scripts/NotificationUser.aspx,2026-05-30T08:45:46.166163+00:00
2025-11-28,Compliance with Know Your Customer (KYC) norms,,https://www.rbi.org.in/Scripts/NotificationUser.aspx?Id=13171&Mode=0,https://www.rbi.org.in/Scripts/NotificationUser.aspx,2026-05-30T08:45:46.166163+00:00
2025-11-28,Consolidation of Regulations – Withdrawal of circulars,,https://www.rbi.org.in/Scripts/NotificationUser.aspx?Id=13170&Mode=0,https://www.rbi.org.in/Scripts/NotificationUser.aspx,2026-05-30T08:45:46.166163+00:00
2025-11-28,Compliance with Know Your Customer (KYC) norms,,https://www.rbi.org.in/Scripts/NotificationUser.aspx?Id=13169&Mode=0,https://www.rbi.org.in/Scripts/NotificationUser.aspx,2026-05-30T08:45:46.166163+00:00
2025-11-28,"Reserve Bank of India (Universal Banks – Licensing) Guidelines, 2025",,https://www.rbi.org.in/Scripts/NotificationUser.aspx?Id=13168&Mode=0,https://www.rbi.org.in/Scripts/NotificationUser.aspx,2026-05-30T08:45:46.166163+00:00
2025-11-28,"Reserve Bank of India (Setting Up of Wholly Owned Subsidiaries by Foreign Banks) Guidelines, 2025 (Updated as on April 1, 2026)",,https://www.rbi.org.in/Scripts/NotificationUser.aspx?Id=13167&Mode=0,https://www.rbi.org.in/Scripts/NotificationUser.aspx,2026-05-30T08:45:46.166163+00:00
2025-11-28,"Reserve Bank of India (Commercial Banks – Acquisition and Holding of Shares or Voting Rights) Directions, 2025",,https://www.rbi.org.in/Scripts/NotificationUser.aspx?Id=13166&Mode=0,https://www.rbi.org.in/Scripts/NotificationUser.aspx,2026-05-30T08:45:46.166163+00:00
2025-11-28,"Reserve Bank of India (Commercial Banks – Voluntary Amalgamation) Directions, 2025",,https://www.rbi.org.in/Scripts/NotificationUser.aspx?Id=13165&Mode=0,https://www.rbi.org.in/Scripts/NotificationUser.aspx,2026-05-30T08:45:46.166163+00:00
2025-11-28,"Reserve Bank of India (Commercial Banks - Branch Authorisation) Directions, 2025",,https://www.rbi.org.in/Scripts/NotificationUser.aspx?Id=13164&Mode=0,https://www.rbi.org.in/Scripts/NotificationUser.aspx,2026-05-30T08:45:46.166163+00:00
2025-11-28,"Reserve Bank of India (Commercial Banks – Digital Banking Channels Authorisation) Directions, 2025",,https://www.rbi.org.in/Scripts/NotificationUser.aspx?Id=13163&Mode=0,https://www.rbi.org.in/Scripts/NotificationUser.aspx,2026-05-30T08:45:46.166163+00:00
2025-11-28,"Reserve Bank of India (Commercial Banks – Undertaking of Financial Services) Directions, 2025 (Updated as on April 27, 2026)",,https://www.rbi.org.in/Scripts/NotificationUser.aspx?Id=13162&Mode=0,https://www.rbi.org.in/Scripts/NotificationUser.aspx,2026-05-30T08:45:46.166163+00:00
2025-11-28,"Reserve Bank of India (Commercial Banks - Governance) Directions, 2025",,https://www.rbi.org.in/Scripts/NotificationUser.aspx?Id=13161&Mode=0,https://www.rbi.org.in/Scripts/NotificationUser.aspx,2026-05-30T08:45:46.166163+00:00
2025-11-28,"Reserve Bank of India (Commercial Banks – Cash Reserve Ratio and Statutory Liquidity Ratio) Directions, 2025 (Updated as on January 22, 2026)",,https://www.rbi.org.in/Scripts/NotificationUser.aspx?Id=13160&Mode=0,https://www.rbi.org.in/Scripts/NotificationUser.aspx,2026-05-30T08:45:46.166163+00:00
2025-11-28,"Reserve Bank of India (Commercial Banks - Prudential Norms on Capital Adequacy) Directions, 2025 (Updated as on May 18, 2026)",,https://www.rbi.org.in/Scripts/NotificationUser.aspx?Id=13159&Mode=0,https://www.rbi.org.in/Scripts/NotificationUser.aspx,2026-05-30T08:45:46.166163+00:00
2025-11-28,"Reserve Bank of India (Commercial Banks – Resource Raising Norms) Directions, 2025",,https://www.rbi.org.in/Scripts/NotificationUser.aspx?Id=13158&Mode=0,https://www.rbi.org.in/Scripts/NotificationUser.aspx,2026-05-30T08:45:46.166163+00:00
2025-11-28,"Reserve Bank of India (Commercial Banks – Interest Rate on Deposits) Directions, 2025",,https://www.rbi.org.in/Scripts/NotificationUser.aspx?Id=13157&Mode=0,https://www.rbi.org.in/Scripts/NotificationUser.aspx,2026-05-30T08:45:46.166163+00:00
2025-11-28,"Reserve Bank of India (Commercial Banks – Credit Facilities) Directions, 2025 (Updated as on April 01, 2026)",,https://www.rbi.org.in/Scripts/NotificationUser.aspx?Id=13156&Mode=0,https://www.rbi.org.in/Scripts/NotificationUser.aspx,2026-05-30T08:45:46.166163+00:00
2025-11-28,"Reserve Bank of India (Commercial Banks – Credit Cards and Debit Cards: Issuance and Conduct) Directions, 2025",,https://www.rbi.org.in/Scripts/NotificationUser.aspx?Id=13155&Mode=0,https://www.rbi.org.in/Scripts/NotificationUser.aspx,2026-05-30T08:45:46.166163+00:00
2025-11-28,"Reserve Bank of India (Commercial Banks – Credit Information Reporting) Directions, 2025",,https://www.rbi.org.in/Scripts/NotificationUser.aspx?Id=13154&Mode=0,https://www.rbi.org.in/Scripts/NotificationUser.aspx,2026-05-30T08:45:46.166163+00:00
2025-11-28,"Reserve Bank of India (Commercial Banks – Credit Risk Management) Directions, 2025 (Updated as on April 01, 2026)",,https://www.rbi.org.in/Scripts/NotificationUser.aspx?Id=13153&Mode=0,https://www.rbi.org.in/Scripts/NotificationUser.aspx,2026-05-30T08:45:46.166163+00:00
2025-11-28,"Reserve Bank of India (Commercial Banks – Concentration Risk Management) Directions, 2025 (Updated as on April 01, 2026)",,https://www.rbi.org.in/Scripts/NotificationUser.aspx?Id=13152&Mode=0,https://www.rbi.org.in/Scripts/NotificationUser.aspx,2026-05-30T08:45:46.166163+00:00
2025-11-28,"Reserve Bank of India (Commercial Banks - Transfer and Distribution of Credit Risk) Directions, 2025",,https://www.rbi.org.in/Scripts/NotificationUser.aspx?Id=13151&Mode=0,https://www.rbi.org.in/Scripts/NotificationUser.aspx,2026-05-30T08:45:46.166163+00:00
2025-11-28,"Reserve Bank of India (Commercial Banks – Securitisation Transactions) Directions, 2025",,https://www.rbi.org.in/Scripts/NotificationUser.aspx?Id=13150&Mode=0,https://www.rbi.org.in/Scripts/NotificationUser.aspx,2026-05-30T08:45:46.166163+00:00
2025-11-28,"Reserve Bank of India (Commercial Banks – Interest Rates on Advances) Directions, 2025",,https://www.rbi.org.in/Scripts/NotificationUser.aspx?Id=13149&Mode=0,https://www.rbi.org.in/Scripts/NotificationUser.aspx,2026-05-30T08:45:46.166163+00:00
2025-11-28,"Reserve Bank of India (Commercial Banks – Classification, Valuation and Operation of Investment Portfolio) Directions, 2025 (Updated as on May 18, 2026)",,https://www.rbi.org.in/Scripts/NotificationUser.aspx?Id=13148&Mode=0,https://www.rbi.org.in/Scripts/NotificationUser.aspx,2026-05-30T08:45:46.166163+00:00
2025-11-28,"Reserve Bank of India (Commercial Banks – Asset Liability Management) Directions, 2025",,https://www.rbi.org.in/Scripts/NotificationUser.aspx?Id=13147&Mode=0,https://www.rbi.org.in/Scripts/NotificationUser.aspx,2026-05-30T08:45:46.166163+00:00
2025-11-28,"Reserve Bank of India (Commercial Banks – Income Recognition, Asset Classification and Provisioning) Directions, 2025 (Updated as on January 01, 2026)",,https://www.rbi.org.in/Scripts/NotificationUser.aspx?Id=13146&Mode=0,https://www.rbi.org.in/Scripts/NotificationUser.aspx,2026-05-30T08:45:46.166163+00:00
2025-11-28,"Reserve Bank of India (Commercial Banks – Resolution of Stressed Assets) Directions, 2025",,https://www.rbi.org.in/Scripts/NotificationUser.aspx?Id=13145&Mode=0,https://www.rbi.org.in/Scripts/NotificationUser.aspx,2026-05-30T08:45:46.166163+00:00
2025-11-28,"Reserve Bank of India (Commercial Banks – Treatment of Wilful Defaulters and Large Defaulters) Directions, 2025",,https://www.rbi.org.in/Scripts/NotificationUser.aspx?Id=13144&Mode=0,https://www.rbi.org.in/Scripts/NotificationUser.aspx,2026-05-30T08:45:46.166163+00:00
2025-11-28,"Reserve Bank of India (Commercial Banks - Financial Statements: Presentation and Disclosures) Directions, 2025 (Updated as on May 18, 2026)",,https://www.rbi.org.in/Scripts/NotificationUser.aspx?Id=13143&Mode=0,https://www.rbi.org.in/Scripts/NotificationUser.aspx,2026-05-30T08:45:46.166163+00:00
2025-11-28,"Reserve Bank of India (Commercial Banks – Know Your Customer) Directions, 2025 (Updated as on December 29, 2025)",,https://www.rbi.org.in/Scripts/NotificationUser.aspx?Id=13141&Mode=0,https://www.rbi.org.in/Scripts/NotificationUser.aspx,2026-05-30T08:45:46.166163+00:00
2025-11-28,"Reserve Bank of India (Commercial Banks – Responsible Business Conduct) Directions, 2025 (Updated as on April 1, 2026)",,https://www.rbi.org.in/Scripts/NotificationUser.aspx?Id=13140&Mode=0,https://www.rbi.org.in/Scripts/NotificationUser.aspx,2026-05-30T08:45:46.166163+00:00
2025-11-28,"Reserve Bank of India (Commercial Banks – Managing Risks in Outsourcing) Directions, 2025",,https://www.rbi.org.in/Scripts/NotificationUser.aspx?Id=13139&Mode=0,https://www.rbi.org.in/Scripts/NotificationUser.aspx,2026-05-30T08:45:46.166163+00:00
2025-11-28,"Reserve Bank of India (Commercial Banks - Climate Finance and Management of Climate Change Risks) Directions, 2025",,https://www.rbi.org.in/Scripts/NotificationUser.aspx?Id=13138&Mode=0,https://www.rbi.org.in/Scripts/NotificationUser.aspx,2026-05-30T08:45:46.166163+00:00
2025-11-28,"Reserve Bank of India (Commercial Banks – Forthcoming Instructions) Directions, 2025",,https://www.rbi.org.in/Scripts/NotificationUser.aspx?Id=13137&Mode=0,https://www.rbi.org.in/Scripts/NotificationUser.aspx,2026-05-30T08:45:46.166163+00:00
2025-11-28,"Reserve Bank of India (Commercial Banks – Miscellaneous) Directions, 2025",,https://www.rbi.org.in/Scripts/NotificationUser.aspx?Id=13136&Mode=0,https://www.rbi.org.in/Scripts/NotificationUser.aspx,2026-05-30T08:45:46.166163+00:00
2025-11-28,"Reserve Bank of India (Small Finance Banks – Licensing) Guidelines, 2025",,https://www.rbi.org.in/Scripts/NotificationUser.aspx?Id=13135&Mode=0,https://www.rbi.org.in/Scripts/NotificationUser.aspx,2026-05-30T08:45:46.166163+00:00
2025-11-28,"Reserve Bank of India (Small Finance Banks – Acquisition and Holding of Shares or Voting Rights) Directions, 2025",,https://www.rbi.org.in/Scripts/NotificationUser.aspx?Id=13134&Mode=0,https://www.rbi.org.in/Scripts/NotificationUser.aspx,2026-05-30T08:45:46.166163+00:00
2025-11-28,"Reserve Bank of India (Small Finance Banks - Voluntary Amalgamation) Directions, 2025",,https://www.rbi.org.in/Scripts/NotificationUser.aspx?Id=13133&Mode=0,https://www.rbi.org.in/Scripts/NotificationUser.aspx,2026-05-30T08:45:46.166163+00:00
2025-11-28,"Reserve Bank of India (Small Finance Banks – Branch Authorisation) Directions, 2025",,https://www.rbi.org.in/Scripts/NotificationUser.aspx?Id=13132&Mode=0,https://www.rbi.org.in/Scripts/NotificationUser.aspx,2026-05-30T08:45:46.166163+00:00
2025-11-28,"Reserve Bank of India (Small Finance Banks – Digital Banking Channels Authorisation) Directions, 2025",,https://www.rbi.org.in/Scripts/NotificationUser.aspx?Id=13131&Mode=0,https://www.rbi.org.in/Scripts/NotificationUser.aspx,2026-05-30T08:45:46.166163+00:00
2025-11-28,"Reserve Bank of India (Small Finance Banks – Undertaking of Financial Services) Directions, 2025 (Updated as on April 27, 2026)",,https://www.rbi.org.in/Scripts/NotificationUser.aspx?Id=13130&Mode=0,https://www.rbi.org.in/Scripts/NotificationUser.aspx,2026-05-30T08:45:46.166163+00:00
2025-11-28,"Reserve Bank of India (Small Finance Banks – Governance) Directions, 2025",,https://www.rbi.org.in/Scripts/NotificationUser.aspx?Id=13129&Mode=0,https://www.rbi.org.in/Scripts/NotificationUser.aspx,2026-05-30T08:45:46.166163+00:00
2025-11-28,"Reserve Bank of India (Small Finance Banks – Cash Reserve Ratio and Statutory Liquidity Ratio) Directions, 2025 (Updated as on January 22, 2026)",,https://www.rbi.org.in/Scripts/NotificationUser.aspx?Id=13128&Mode=0,https://www.rbi.org.in/Scripts/NotificationUser.aspx,2026-05-30T08:45:46.166163+00:00
2025-11-28,"Reserve Bank of India (Small Finance Banks – Prudential Norms on Capital Adequacy) Directions, 2025 (Updated as on May 8, 2026)",,https://www.rbi.org.in/Scripts/NotificationUser.aspx?Id=13127&Mode=0,https://www.rbi.org.in/Scripts/NotificationUser.aspx,2026-05-30T08:45:46.166163+00:00
2025-11-28,"Reserve Bank of India (Small Finance Banks - Resource Raising Norms) Directions, 2025",,https://www.rbi.org.in/Scripts/NotificationUser.aspx?Id=13126&Mode=0,https://www.rbi.org.in/Scripts/NotificationUser.aspx,2026-05-30T08:45:46.166163+00:00
2025-11-28,"Reserve Bank of India (Small Finance Banks – Interest Rate on Deposits) Directions, 2025",,https://www.rbi.org.in/Scripts/NotificationUser.aspx?Id=13125&Mode=0,https://www.rbi.org.in/Scripts/NotificationUser.aspx,2026-05-30T08:45:46.166163+00:00
2025-11-28,"Reserve Bank of India (Small Finance Banks – Credit Facilities) Directions, 2025 (Updated as on April 01, 2026)",,https://www.rbi.org.in/Scripts/NotificationUser.aspx?Id=13124&Mode=0,https://www.rbi.org.in/Scripts/NotificationUser.aspx,2026-05-30T08:45:46.166163+00:00
2025-11-28,"Reserve Bank of India (Small Finance Banks – Credit Cards and Debit Cards: Issuance and Conduct) Directions, 2025",,https://www.rbi.org.in/Scripts/NotificationUser.aspx?Id=13123&Mode=0,https://www.rbi.org.in/Scripts/NotificationUser.aspx,2026-05-30T08:45:46.166163+00:00
2025-11-28,"Reserve Bank of India (Small Finance Banks – Credit Information Reporting) Directions, 2025",,https://www.rbi.org.in/Scripts/NotificationUser.aspx?Id=13122&Mode=0,https://www.rbi.org.in/Scripts/NotificationUser.aspx,2026-05-30T08:45:46.166163+00:00
2025-11-28,"Reserve Bank of India (Small Finance Banks – Credit Risk Management) Directions, 2025 (Updated as on April 01, 2026)",,https://www.rbi.org.in/Scripts/NotificationUser.aspx?Id=13121&Mode=0,https://www.rbi.org.in/Scripts/NotificationUser.aspx,2026-05-30T08:45:46.166163+00:00
2025-11-28,"Reserve Bank of India (Small Finance Banks – Concentration Risk Management) Directions, 2025 (Updated as on January 01, 2026)",,https://www.rbi.org.in/Scripts/NotificationUser.aspx?Id=13120&Mode=0,https://www.rbi.org.in/Scripts/NotificationUser.aspx,2026-05-30T08:45:46.166163+00:00
2025-11-28,"Reserve Bank of India (Small Finance Banks – Transfer and Distribution of Credit Risk) Directions, 2025",,https://www.rbi.org.in/Scripts/NotificationUser.aspx?Id=13119&Mode=0,https://www.rbi.org.in/Scripts/NotificationUser.aspx,2026-05-30T08:45:46.166163+00:00
2025-11-28,"Reserve Bank of India (Small Finance Banks – Securitisation Transactions) Directions, 2025",,https://www.rbi.org.in/Scripts/NotificationUser.aspx?Id=13118&Mode=0,https://www.rbi.org.in/Scripts/NotificationUser.aspx,2026-05-30T08:45:46.166163+00:00
2025-11-28,"Reserve Bank of India (Small Finance Banks – Interest Rates on Advances) Directions, 2025",,https://www.rbi.org.in/Scripts/NotificationUser.aspx?Id=13117&Mode=0,https://www.rbi.org.in/Scripts/NotificationUser.aspx,2026-05-30T08:45:46.166163+00:00
2025-11-28,"Reserve Bank of India (Small Finance Banks – Classification, Valuation and Operation of Investment Portfolio) Directions, 2025 (Updated as on May 18, 2026)",,https://www.rbi.org.in/Scripts/NotificationUser.aspx?Id=13116&Mode=0,https://www.rbi.org.in/Scripts/NotificationUser.aspx,2026-05-30T08:45:46.166163+00:00
2025-11-28,"Reserve Bank of India (Small Finance Banks – Asset Liability Management) Directions, 2025",,https://www.rbi.org.in/Scripts/NotificationUser.aspx?Id=13115&Mode=0,https://www.rbi.org.in/Scripts/NotificationUser.aspx,2026-05-30T08:45:46.166163+00:00
2025-11-28,"Reserve Bank of India (Small Finance Banks – Income Recognition, Asset Classification and Provisioning) Directions, 2025 (Updated as on January 01, 2026)",,https://www.rbi.org.in/Scripts/NotificationUser.aspx?Id=13114&Mode=0,https://www.rbi.org.in/Scripts/NotificationUser.aspx,2026-05-30T08:45:46.166163+00:00
2025-11-28,"Reserve Bank of India (Small Finance Banks – Resolution of Stressed Assets) Directions, 2025",,https://www.rbi.org.in/Scripts/NotificationUser.aspx?Id=13113&Mode=0,https://www.rbi.org.in/Scripts/NotificationUser.aspx,2026-05-30T08:45:46.166163+00:00
2025-11-28,"Reserve Bank of India (Small Finance Banks – Treatment of Wilful Defaulters and Large Defaulters) Directions, 2025",,https://www.rbi.org.in/Scripts/NotificationUser.aspx?Id=13112&Mode=0,https://www.rbi.org.in/Scripts/NotificationUser.aspx,2026-05-30T08:45:46.166163+00:00
2025-11-28,"Reserve Bank of India (Small Finance Banks - Financial Statements: Presentation and Disclosures) Directions, 2025 (Updated as on April 1, 2026)",,https://www.rbi.org.in/Scripts/NotificationUser.aspx?Id=13111&Mode=0,https://www.rbi.org.in/Scripts/NotificationUser.aspx,2026-05-30T08:45:46.166163+00:00
2025-11-28,"Reserve Bank of India (Small Finance Banks – Know Your Customer) Directions, 2025 (Updated as on December 29, 2025)",,https://www.rbi.org.in/Scripts/NotificationUser.aspx?Id=13109&Mode=0,https://www.rbi.org.in/Scripts/NotificationUser.aspx,2026-05-30T08:45:46.166163+00:00
2025-11-28,"Reserve Bank of India (Small Finance Banks – Responsible Business Conduct) Directions, 2025 (Updated as on April 1, 2026)",,https://www.rbi.org.in/Scripts/NotificationUser.aspx?Id=13108&Mode=0,https://www.rbi.org.in/Scripts/NotificationUser.aspx,2026-05-30T08:45:46.166163+00:00
2025-11-28,"Reserve Bank of India (Small Finance Banks – Managing Risks in Outsourcing) Directions, 2025",,https://www.rbi.org.in/Scripts/NotificationUser.aspx?Id=13107&Mode=0,https://www.rbi.org.in/Scripts/NotificationUser.aspx,2026-05-30T08:45:46.166163+00:00
2025-11-28,"Reserve Bank of India (Small Finance Banks – Climate Finance and Management of Climate Change Risks) Directions, 2025",,https://www.rbi.org.in/Scripts/NotificationUser.aspx?Id=13106&Mode=0,https://www.rbi.org.in/Scripts/NotificationUser.aspx,2026-05-30T08:45:46.166163+00:00
2025-11-28,"Reserve Bank of India (Small Finance Banks – Miscellaneous) Directions, 2025",,https://www.rbi.org.in/Scripts/NotificationUser.aspx?Id=13105&Mode=0,https://www.rbi.org.in/Scripts/NotificationUser.aspx,2026-05-30T08:45:46.166163+00:00
2025-11-28,"Reserve Bank of India (Payments Banks – Acquisition and Holding of Shares or Voting Rights) Directions, 2025",,https://www.rbi.org.in/Scripts/NotificationUser.aspx?Id=13104&Mode=0,https://www.rbi.org.in/Scripts/NotificationUser.aspx,2026-05-30T08:45:46.166163+00:00
2025-11-28,"Reserve Bank of India (Payments Banks – Voluntary Amalgamation) Directions, 2025",,https://www.rbi.org.in/Scripts/NotificationUser.aspx?Id=13103&Mode=0,https://www.rbi.org.in/Scripts/NotificationUser.aspx,2026-05-30T08:45:46.166163+00:00
2025-11-28,"Reserve Bank of India (Payments Banks – Branch Authorisation) Directions, 2025",,https://www.rbi.org.in/Scripts/NotificationUser.aspx?Id=13102&Mode=0,https://www.rbi.org.in/Scripts/NotificationUser.aspx,2026-05-30T08:45:46.166163+00:00
2025-11-28,"Reserve Bank of India (Payments Banks – Digital Banking Channels Authorisation) Directions, 2025",,https://www.rbi.org.in/Scripts/NotificationUser.aspx?Id=13101&Mode=0,https://www.rbi.org.in/Scripts/NotificationUser.aspx,2026-05-30T08:45:46.166163+00:00
2025-11-28,"Reserve Bank of India (Payments Banks – Undertaking of Financial Services) Directions, 2025 (Updated as on December 05, 2025)",,https://www.rbi.org.in/Scripts/NotificationUser.aspx?Id=13100&Mode=0,https://www.rbi.org.in/Scripts/NotificationUser.aspx,2026-05-30T08:45:46.166163+00:00
2025-11-28,"Reserve Bank of India (Payments Banks - Governance) Directions, 2025",,https://www.rbi.org.in/Scripts/NotificationUser.aspx?Id=13099&Mode=0,https://www.rbi.org.in/Scripts/NotificationUser.aspx,2026-05-30T08:45:46.166163+00:00
2025-11-28,"Reserve Bank of India (Payments Banks – Cash Reserve Ratio and Statutory Liquidity Ratio) Directions, 2025 (Updated as on January 22, 2026)",,https://www.rbi.org.in/Scripts/NotificationUser.aspx?Id=13098&Mode=0,https://www.rbi.org.in/Scripts/NotificationUser.aspx,2026-05-30T08:45:46.166163+00:00
2025-11-28,"Reserve Bank of India (Payments Banks – Prudential Norms on Capital Adequacy) Directions, 2025 (updated as on May 08, 2026)",,https://www.rbi.org.in/Scripts/NotificationUser.aspx?Id=13097&Mode=0,https://www.rbi.org.in/Scripts/NotificationUser.aspx,2026-05-30T08:45:46.166163+00:00
2025-11-28,"Reserve Bank of India (Payments Banks – Interest Rate on Deposits) Directions, 2025",,https://www.rbi.org.in/Scripts/NotificationUser.aspx?Id=13096&Mode=0,https://www.rbi.org.in/Scripts/NotificationUser.aspx,2026-05-30T08:45:46.166163+00:00
2025-11-28,"Reserve Bank of India (Payments Banks – Debit Cards: Issuance and Conduct) Directions, 2025",,https://www.rbi.org.in/Scripts/NotificationUser.aspx?Id=13095&Mode=0,https://www.rbi.org.in/Scripts/NotificationUser.aspx,2026-05-30T08:45:46.166163+00:00
2025-11-28,"Reserve Bank of India (Payments Banks – Classification, Valuation and Operation of Investment Portfolio) Directions, 2025 (Updated as on May 18, 2026)",,https://www.rbi.org.in/Scripts/NotificationUser.aspx?Id=13094&Mode=0,https://www.rbi.org.in/Scripts/NotificationUser.aspx,2026-05-30T08:45:46.166163+00:00
2025-11-28,"Reserve Bank of India (Payments Banks – Asset Liability Management) Directions, 2025",,https://www.rbi.org.in/Scripts/NotificationUser.aspx?Id=13093&Mode=0,https://www.rbi.org.in/Scripts/NotificationUser.aspx,2026-05-30T08:45:46.166163+00:00
2025-11-28,"Reserve Bank of India (Payments Banks – Financial Statements: Presentation and Disclosures) Directions, 2025 (Updated as on April 1, 2026)",,https://www.rbi.org.in/Scripts/NotificationUser.aspx?Id=13092&Mode=0,https://www.rbi.org.in/Scripts/NotificationUser.aspx,2026-05-30T08:45:46.166163+00:00
2025-11-28,"Reserve Bank of India (Payments Banks – Know Your Customer) Directions, 2025 (Updated as on December 29, 2025)",,https://www.rbi.org.in/Scripts/NotificationUser.aspx?Id=13090&Mode=0,https://www.rbi.org.in/Scripts/NotificationUser.aspx,2026-05-30T08:45:46.166163+00:00
2025-11-28,"Reserve Bank of India (Payments Banks – Responsible Business Conduct) Directions, 2025 (Updated as on April 1, 2026)",,https://www.rbi.org.in/Scripts/NotificationUser.aspx?Id=13089&Mode=0,https://www.rbi.org.in/Scripts/NotificationUser.aspx,2026-05-30T08:45:46.166163+00:00
2025-11-28,"Reserve Bank of India (Payments Banks – Managing Risks in Outsourcing) Directions, 2025",,https://www.rbi.org.in/Scripts/NotificationUser.aspx?Id=13088&Mode=0,https://www.rbi.org.in/Scripts/NotificationUser.aspx,2026-05-30T08:45:46.166163+00:00
2025-11-28,"Reserve Bank of India (Payments Banks – Miscellaneous) Directions, 2025 (Updated as on April 01, 2026)",,https://www.rbi.org.in/Scripts/NotificationUser.aspx?Id=13087&Mode=0,https://www.rbi.org.in/Scripts/NotificationUser.aspx,2026-05-30T08:45:46.166163+00:00
2025-11-28,"Reserve Bank of India (Local Area Banks – Acquisition and Holding of Shares or Voting Rights) Directions, 2025",,https://www.rbi.org.in/Scripts/NotificationUser.aspx?Id=13086&Mode=0,https://www.rbi.org.in/Scripts/NotificationUser.aspx,2026-05-30T08:45:46.166163+00:00
2025-11-28,"Reserve Bank of India (Local Area Banks – Voluntary Amalgamation) Directions, 2025",,https://www.rbi.org.in/Scripts/NotificationUser.aspx?Id=13085&Mode=0,https://www.rbi.org.in/Scripts/NotificationUser.aspx,2026-05-30T08:45:46.166163+00:00
2025-11-28,"Reserve Bank of India (Local Area Banks – Branch Authorisation) Directions, 2025",,https://www.rbi.org.in/Scripts/NotificationUser.aspx?Id=13084&Mode=0,https://www.rbi.org.in/Scripts/NotificationUser.aspx,2026-05-30T08:45:46.166163+00:00
2025-11-28,"Reserve Bank of India (Local Area Banks – Digital Banking Channels Authorisation) Directions, 2025",,https://www.rbi.org.in/Scripts/NotificationUser.aspx?Id=13083&Mode=0,https://www.rbi.org.in/Scripts/NotificationUser.aspx,2026-05-30T08:45:46.166163+00:00
2025-11-28,"Reserve Bank of India (Local Area Banks – Governance) Directions, 2025",,https://www.rbi.org.in/Scripts/NotificationUser.aspx?Id=13082&Mode=0,https://www.rbi.org.in/Scripts/NotificationUser.aspx,2026-05-30T08:45:46.166163+00:00
2025-11-28,"Reserve Bank of India (Local Area Banks – Cash Reserve Ratio and Statutory Liquidity Ratio) Directions, 2025 (Updated as on January 22, 2026)",,https://www.rbi.org.in/Scripts/NotificationUser.aspx?Id=13081&Mode=0,https://www.rbi.org.in/Scripts/NotificationUser.aspx,2026-05-30T08:45:46.166163+00:00
2025-11-28,"Reserve Bank of India (Local Area Banks – Prudential Norms on Capital Adequacy) Directions, 2025",,https://www.rbi.org.in/Scripts/NotificationUser.aspx?Id=13080&Mode=0,https://www.rbi.org.in/Scripts/NotificationUser.aspx,2026-05-30T08:45:46.166163+00:00
2025-11-28,"Reserve Bank of India (Local Area Banks – Interest Rate on Deposits) Directions, 2025",,https://www.rbi.org.in/Scripts/NotificationUser.aspx?Id=13079&Mode=0,https://www.rbi.org.in/Scripts/NotificationUser.aspx,2026-05-30T08:45:46.166163+00:00
2025-11-28,"Reserve Bank of India (Local Area Banks – Credit Facilities) Directions, 2025 (Updated as on April 01, 2026)",,https://www.rbi.org.in/Scripts/NotificationUser.aspx?Id=13078&Mode=0,https://www.rbi.org.in/Scripts/NotificationUser.aspx,2026-05-30T08:45:46.166163+00:00
2025-11-28,"Reserve Bank of India (Local Area Banks – Debit Cards: Issuance and Conduct) Directions, 2025",,https://www.rbi.org.in/Scripts/NotificationUser.aspx?Id=13077&Mode=0,https://www.rbi.org.in/Scripts/NotificationUser.aspx,2026-05-30T08:45:46.166163+00:00
2025-11-28,"Reserve Bank of India (Local Area Banks – Credit Information Reporting) Directions, 2025",,https://www.rbi.org.in/Scripts/NotificationUser.aspx?Id=13076&Mode=0,https://www.rbi.org.in/Scripts/NotificationUser.aspx,2026-05-30T08:45:46.166163+00:00
2025-11-28,"Reserve Bank of India (Local Area Banks – Credit Risk Management) Directions, 2025 (Updated as on April 01, 2026)",,https://www.rbi.org.in/Scripts/NotificationUser.aspx?Id=13075&Mode=0,https://www.rbi.org.in/Scripts/NotificationUser.aspx,2026-05-30T08:45:46.166163+00:00
2025-11-28,"Reserve Bank of India (Local Area Banks – Concentration Risk Management) Directions, 2025",,https://www.rbi.org.in/Scripts/NotificationUser.aspx?Id=13074&Mode=0,https://www.rbi.org.in/Scripts/NotificationUser.aspx,2026-05-30T08:45:46.166163+00:00
2025-11-28,"Reserve Bank of India (Local Area Banks – Transfer and Distribution of Credit Risk) Directions, 2025",,https://www.rbi.org.in/Scripts/NotificationUser.aspx?Id=13073&Mode=0,https://www.rbi.org.in/Scripts/NotificationUser.aspx,2026-05-30T08:45:46.166163+00:00
2025-11-28,"Reserve Bank of India (Local Area Banks – Interest Rates on Advances) Directions, 2025",,https://www.rbi.org.in/Scripts/NotificationUser.aspx?Id=13072&Mode=0,https://www.rbi.org.in/Scripts/NotificationUser.aspx,2026-05-30T08:45:46.166163+00:00
2025-11-28,"Reserve Bank of India (Local Area Banks – Classification, Valuation and Operation of Investment Portfolio) Directions, 2025 (Updated as on May 18, 2026)",,https://www.rbi.org.in/Scripts/NotificationUser.aspx?Id=13071&Mode=0,https://www.rbi.org.in/Scripts/NotificationUser.aspx,2026-05-30T08:45:46.166163+00:00
2025-11-28,"Reserve Bank of India (Local Area Banks – Asset Liability Management) Directions, 2025",,https://www.rbi.org.in/Scripts/NotificationUser.aspx?Id=13070&Mode=0,https://www.rbi.org.in/Scripts/NotificationUser.aspx,2026-05-30T08:45:46.166163+00:00
2025-11-28,"Reserve Bank of India (Local Area Banks – Income Recognition, Asset Classification and Provisioning) Directions, 2025",,https://www.rbi.org.in/Scripts/NotificationUser.aspx?Id=13069&Mode=0,https://www.rbi.org.in/Scripts/NotificationUser.aspx,2026-05-30T08:45:46.166163+00:00
2025-11-28,"Reserve Bank of India (Local Area Banks – Resolution of Stressed Assets) Directions, 2025",,https://www.rbi.org.in/Scripts/NotificationUser.aspx?Id=13068&Mode=0,https://www.rbi.org.in/Scripts/NotificationUser.aspx,2026-05-30T08:45:46.166163+00:00
2025-11-28,"Reserve Bank of India (Local Area Banks – Treatment of Wilful Defaulters and Large Defaulters) Directions, 2025",,https://www.rbi.org.in/Scripts/NotificationUser.aspx?Id=13067&Mode=0,https://www.rbi.org.in/Scripts/NotificationUser.aspx,2026-05-30T08:45:46.166163+00:00
2025-11-28,"Reserve Bank of India (Local Area Banks – Financial Statements: Presentation and Disclosures) Directions, 2025 (Updated as on May 18, 2026)",,https://www.rbi.org.in/Scripts/NotificationUser.aspx?Id=13066&Mode=0,https://www.rbi.org.in/Scripts/NotificationUser.aspx,2026-05-30T08:45:46.166163+00:00
2025-11-28,"Reserve Bank of India (Local Area Banks – Know Your Customer) Directions, 2025 (Updated as on December 29, 2025)",,https://www.rbi.org.in/Scripts/NotificationUser.aspx?Id=13064&Mode=0,https://www.rbi.org.in/Scripts/NotificationUser.aspx,2026-05-30T08:45:46.166163+00:00
2025-11-28,"Reserve Bank of India (Local Area Banks – Responsible Business Conduct) Directions, 2025 (Updated as on April 1, 2026)",,https://www.rbi.org.in/Scripts/NotificationUser.aspx?Id=13063&Mode=0,https://www.rbi.org.in/Scripts/NotificationUser.aspx,2026-05-30T08:45:46.166163+00:00
2025-11-28,"Reserve Bank of India (Local Area Banks – Managing Risks in Outsourcing) Directions, 2025",,https://www.rbi.org.in/Scripts/NotificationUser.aspx?Id=13062&Mode=0,https://www.rbi.org.in/Scripts/NotificationUser.aspx,2026-05-30T08:45:46.166163+00:00
2025-11-28,"Reserve Bank of India (Local Area Banks – Miscellaneous) Directions, 2025 (Updated as on April 27, 2026)",,https://www.rbi.org.in/Scripts/NotificationUser.aspx?Id=13061&Mode=0,https://www.rbi.org.in/Scripts/NotificationUser.aspx,2026-05-30T08:45:46.166163+00:00
2025-11-28,"Reserve Bank of India (Regional Rural Banks – Branch Authorisation) Directions, 2025",,https://www.rbi.org.in/Scripts/NotificationUser.aspx?Id=13060&Mode=0,https://www.rbi.org.in/Scripts/NotificationUser.aspx,2026-05-30T08:45:46.166163+00:00
2025-11-28,"Reserve Bank of India (Regional Rural Banks – Digital Banking Channels Authorisation) Directions, 2025",,https://www.rbi.org.in/Scripts/NotificationUser.aspx?Id=13059&Mode=0,https://www.rbi.org.in/Scripts/NotificationUser.aspx,2026-05-30T08:45:46.166163+00:00
2025-11-28,"Reserve Bank of India (Regional Rural Banks – Undertaking of Financial Services) Directions, 2025 (Updated as on April 27, 2026)",,https://www.rbi.org.in/Scripts/NotificationUser.aspx?Id=13058&Mode=0,https://www.rbi.org.in/Scripts/NotificationUser.aspx,2026-05-30T08:45:46.166163+00:00
2025-11-28,"Reserve Bank of India (Regional Rural Banks – Governance) Directions, 2025",,https://www.rbi.org.in/Scripts/NotificationUser.aspx?Id=13057&Mode=0,https://www.rbi.org.in/Scripts/NotificationUser.aspx,2026-05-30T08:45:46.166163+00:00
2025-11-28,"Reserve Bank of India (Regional Rural Banks – Cash Reserve Ratio and Statutory Liquidity Ratio) Directions, 2025 (Updated as on January 22, 2026)",,https://www.rbi.org.in/Scripts/NotificationUser.aspx?Id=13056&Mode=0,https://www.rbi.org.in/Scripts/NotificationUser.aspx,2026-05-30T08:45:46.166163+00:00
2025-11-28,"Reserve Bank of India (Regional Rural Banks – Prudential Norms on Capital Adequacy) Directions, 2025",,https://www.rbi.org.in/Scripts/NotificationUser.aspx?Id=13055&Mode=0,https://www.rbi.org.in/Scripts/NotificationUser.aspx,2026-05-30T08:45:46.166163+00:00
2025-11-28,"Reserve Bank of India (Regional Rural Banks – Interest Rate on Deposits) Directions, 2025",,https://www.rbi.org.in/Scripts/NotificationUser.aspx?Id=13054&Mode=0,https://www.rbi.org.in/Scripts/NotificationUser.aspx,2026-05-30T08:45:46.166163+00:00
2025-11-28,"Reserve Bank of India (Regional Rural Banks – Credit Facilities) Directions, 2025 (Updated as on April 01, 2026)",,https://www.rbi.org.in/Scripts/NotificationUser.aspx?Id=13053&Mode=0,https://www.rbi.org.in/Scripts/NotificationUser.aspx,2026-05-30T08:45:46.166163+00:00
2025-11-28,"Reserve Bank of India (Regional Rural Banks – Credit Cards and Debit Cards: Issuance and Conduct) Directions, 2025",,https://www.rbi.org.in/Scripts/NotificationUser.aspx?Id=13052&Mode=0,https://www.rbi.org.in/Scripts/NotificationUser.aspx,2026-05-30T08:45:46.166163+00:00
2025-11-28,"Reserve Bank of India (Regional Rural Banks – Credit Information Reporting) Directions, 2025",,https://www.rbi.org.in/Scripts/NotificationUser.aspx?Id=13051&Mode=0,https://www.rbi.org.in/Scripts/NotificationUser.aspx,2026-05-30T08:45:46.166163+00:00
2025-11-28,"Reserve Bank of India (Regional Rural Banks – Credit Risk Management) Directions, 2025 (updated as on April 01, 2026)",,https://www.rbi.org.in/Scripts/NotificationUser.aspx?Id=13050&Mode=0,https://www.rbi.org.in/Scripts/NotificationUser.aspx,2026-05-30T08:45:46.166163+00:00
2025-11-28,"Reserve Bank of India (Regional Rural Banks – Concentration Risk Management) Directions, 2025",,https://www.rbi.org.in/Scripts/NotificationUser.aspx?Id=13049&Mode=0,https://www.rbi.org.in/Scripts/NotificationUser.aspx,2026-05-30T08:45:46.166163+00:00
2025-11-28,"Reserve Bank of India (Regional Rural Banks – Transfer and Distribution of Credit Risk) Directions, 2025",,https://www.rbi.org.in/Scripts/NotificationUser.aspx?Id=13048&Mode=0,https://www.rbi.org.in/Scripts/NotificationUser.aspx,2026-05-30T08:45:46.166163+00:00
2025-11-28,"Reserve Bank of India (Regional Rural Banks – Interest Rates on Advances) Directions, 2025",,https://www.rbi.org.in/Scripts/NotificationUser.aspx?Id=13047&Mode=0,https://www.rbi.org.in/Scripts/NotificationUser.aspx,2026-05-30T08:45:46.166163+00:00
2025-11-28,"Reserve Bank of India (Regional Rural Banks – Classification, Valuation and Operation of Investment Portfolio) Directions, 2025 (Updated as on May 18, 2026)",,https://www.rbi.org.in/Scripts/NotificationUser.aspx?Id=13046&Mode=0,https://www.rbi.org.in/Scripts/NotificationUser.aspx,2026-05-30T08:45:46.166163+00:00
2025-11-28,"Reserve Bank of India (Regional Rural Banks – Asset Liability Management) Directions, 2025",,https://www.rbi.org.in/Scripts/NotificationUser.aspx?Id=13045&Mode=0,https://www.rbi.org.in/Scripts/NotificationUser.aspx,2026-05-30T08:45:46.166163+00:00
2025-11-28,"Reserve Bank of India (Regional Rural Banks – Income Recognition, Asset Classification and Provisioning) Directions, 2025",,https://www.rbi.org.in/Scripts/NotificationUser.aspx?Id=13044&Mode=0,https://www.rbi.org.in/Scripts/NotificationUser.aspx,2026-05-30T08:45:46.166163+00:00
2025-11-28,"Reserve Bank of India (Regional Rural Banks – Resolution of Stressed Assets) Directions, 2025",,https://www.rbi.org.in/Scripts/NotificationUser.aspx?Id=13043&Mode=0,https://www.rbi.org.in/Scripts/NotificationUser.aspx,2026-05-30T08:45:46.166163+00:00
2025-11-28,"Reserve Bank of India (Regional Rural Banks – Treatment of Wilful Defaulters and Large Defaulters) Directions, 2025",,https://www.rbi.org.in/Scripts/NotificationUser.aspx?Id=13042&Mode=0,https://www.rbi.org.in/Scripts/NotificationUser.aspx,2026-05-30T08:45:46.166163+00:00
2025-11-28,"Reserve Bank of India (Regional Rural Banks – Financial Statements: Presentation and Disclosures) Directions, 2025 (Updated as on April 1, 2026)",,https://www.rbi.org.in/Scripts/NotificationUser.aspx?Id=13041&Mode=0,https://www.rbi.org.in/Scripts/NotificationUser.aspx,2026-05-30T08:45:46.166163+00:00
2025-11-28,"Reserve Bank of India (Regional Rural Banks – Know Your Customer) Directions, 2025 (Updated as on December 29, 2025)",,https://www.rbi.org.in/Scripts/NotificationUser.aspx?Id=13040&Mode=0,https://www.rbi.org.in/Scripts/NotificationUser.aspx,2026-05-30T08:45:46.166163+00:00
2025-11-28,"Reserve Bank of India (Regional Rural Banks – Responsible Business Conduct) Directions, 2025 (Updated as on April 1, 2026)",,https://www.rbi.org.in/Scripts/NotificationUser.aspx?Id=13039&Mode=0,https://www.rbi.org.in/Scripts/NotificationUser.aspx,2026-05-30T08:45:46.166163+00:00
2025-11-28,"Reserve Bank of India (Regional Rural Banks – Miscellaneous) Directions, 2025",,https://www.rbi.org.in/Scripts/NotificationUser.aspx?Id=13038&Mode=0,https://www.rbi.org.in/Scripts/NotificationUser.aspx,2026-05-30T08:45:46.166163+00:00
2025-11-28,"Reserve Bank of India (Urban Co-operative Banks – Voluntary Amalgamation) Directions, 2025",,https://www.rbi.org.in/Scripts/NotificationUser.aspx?Id=13036&Mode=0,https://www.rbi.org.in/Scripts/NotificationUser.aspx,2026-05-30T08:45:46.166163+00:00
2025-11-28,"Reserve Bank of India (Urban Co-operative Banks – Digital Banking Channels Authorisation) Directions, 2025",,https://www.rbi.org.in/Scripts/NotificationUser.aspx?Id=13034&Mode=0,https://www.rbi.org.in/Scripts/NotificationUser.aspx,2026-05-30T08:45:46.166163+00:00
2025-11-28,"Reserve Bank of India (Urban Co-operative Banks – Undertaking of Financial Services) Directions, 2025 (Updated as on April 27, 2026)",,https://www.rbi.org.in/Scripts/NotificationUser.aspx?Id=13033&Mode=0,https://www.rbi.org.in/Scripts/NotificationUser.aspx,2026-05-30T08:45:46.166163+00:00
2025-11-28,"Reserve Bank of India (Urban Co-operative Banks - Governance) Directions, 2025 (Updated as on May 25, 2026)",,https://www.rbi.org.in/Scripts/NotificationUser.aspx?Id=13032&Mode=0,https://www.rbi.org.in/Scripts/NotificationUser.aspx,2026-05-30T08:45:46.166163+00:00
2025-11-28,"Reserve Bank of India (Urban Co-operative Banks – Cash Reserve Ratio and Statutory Liquidity Ratio) Directions, 2025 (Updated as on January 22, 2026)",,https://www.rbi.org.in/Scripts/NotificationUser.aspx?Id=13031&Mode=0,https://www.rbi.org.in/Scripts/NotificationUser.aspx,2026-05-30T08:45:46.166163+00:00
2025-11-28,"Reserve Bank of India (Urban Co-operative Banks – Prudential Norms on Capital Adequacy) Directions, 2025",,https://www.rbi.org.in/Scripts/NotificationUser.aspx?Id=13030&Mode=0,https://www.rbi.org.in/Scripts/NotificationUser.aspx,2026-05-30T08:45:46.166163+00:00
2025-11-28,"Reserve Bank of India (Urban Co-operative Banks – Interest Rate on Deposits) Directions, 2025",,https://www.rbi.org.in/Scripts/NotificationUser.aspx?Id=13029&Mode=0,https://www.rbi.org.in/Scripts/NotificationUser.aspx,2026-05-30T08:45:46.166163+00:00
2025-11-28,"Reserve Bank of India (Urban Co-operative Banks – Credit Facilities) Directions, 2025 (Updated as on April 01, 2026)",,https://www.rbi.org.in/Scripts/NotificationUser.aspx?Id=13028&Mode=0,https://www.rbi.org.in/Scripts/NotificationUser.aspx,2026-05-30T08:45:46.166163+00:00
2025-11-28,"Reserve Bank of India (Urban Co-operative Banks – Credit Cards and Debit Cards: Issuance and Conduct) Directions, 2025",,https://www.rbi.org.in/Scripts/NotificationUser.aspx?Id=13027&Mode=0,https://www.rbi.org.in/Scripts/NotificationUser.aspx,2026-05-30T08:45:46.166163+00:00
2025-11-28,"Reserve Bank of India (Urban Co-operative Banks – Credit Information Reporting) Directions, 2025",,https://www.rbi.org.in/Scripts/NotificationUser.aspx?Id=13026&Mode=0,https://www.rbi.org.in/Scripts/NotificationUser.aspx,2026-05-30T08:45:46.166163+00:00
2025-11-28,"Reserve Bank of India (Urban Co-operative Banks – Credit Risk Management) Directions, 2025 (Updated as on April 01, 2026)",,https://www.rbi.org.in/Scripts/NotificationUser.aspx?Id=13025&Mode=0,https://www.rbi.org.in/Scripts/NotificationUser.aspx,2026-05-30T08:45:46.166163+00:00
2025-11-28,"Reserve Bank of India (Urban Co-operative Banks – Concentration Risk Management) Directions, 2025",,https://www.rbi.org.in/Scripts/NotificationUser.aspx?Id=13024&Mode=0,https://www.rbi.org.in/Scripts/NotificationUser.aspx,2026-05-30T08:45:46.166163+00:00
2025-11-28,"Reserve Bank of India (Urban Co-operative Banks – Transfer and Distribution of Credit Risk) Directions, 2025",,https://www.rbi.org.in/Scripts/NotificationUser.aspx?Id=13023&Mode=0,https://www.rbi.org.in/Scripts/NotificationUser.aspx,2026-05-30T08:45:46.166163+00:00
2025-11-28,"Reserve Bank of India (Urban Co-operative Banks – Interest Rates on Advances) Directions, 2025",,https://www.rbi.org.in/Scripts/NotificationUser.aspx?Id=13022&Mode=0,https://www.rbi.org.in/Scripts/NotificationUser.aspx,2026-05-30T08:45:46.166163+00:00
2025-11-28,"Reserve Bank of India (Urban Co-operative Banks – Classification, Valuation and Operation of Investment Portfolio) Directions, 2025 (Updated as on May 18, 2026)",,https://www.rbi.org.in/Scripts/NotificationUser.aspx?Id=13021&Mode=0,https://www.rbi.org.in/Scripts/NotificationUser.aspx,2026-05-30T08:45:46.166163+00:00
2025-11-28,"Reserve Bank of India (Urban Co-operative Banks – Asset Liability Management) Directions, 2025",,https://www.rbi.org.in/Scripts/NotificationUser.aspx?Id=13020&Mode=0,https://www.rbi.org.in/Scripts/NotificationUser.aspx,2026-05-30T08:45:46.166163+00:00
2025-11-28,"Reserve Bank of India (Urban Co-operative Banks – Income Recognition, Asset Classification and Provisioning) Directions, 2025",,https://www.rbi.org.in/Scripts/NotificationUser.aspx?Id=13019&Mode=0,https://www.rbi.org.in/Scripts/NotificationUser.aspx,2026-05-30T08:45:46.166163+00:00
2025-11-28,"Reserve Bank of India (Urban Co-operative Banks – Resolution of Stressed Assets) Directions, 2025",,https://www.rbi.org.in/Scripts/NotificationUser.aspx?Id=13018&Mode=0,https://www.rbi.org.in/Scripts/NotificationUser.aspx,2026-05-30T08:45:46.166163+00:00
2025-11-28,"Reserve Bank of India (Urban Co-operative Banks – Treatment of Wilful Defaulters and Large Defaulters) Directions, 2025",,https://www.rbi.org.in/Scripts/NotificationUser.aspx?Id=13017&Mode=0,https://www.rbi.org.in/Scripts/NotificationUser.aspx,2026-05-30T08:45:46.166163+00:00
2025-11-28,"Reserve Bank of India (Urban Co-operative Banks – Financial Statements: Presentation and Disclosures) Directions, 2025 (Updated as on April 1, 2026)",,https://www.rbi.org.in/Scripts/NotificationUser.aspx?Id=13016&Mode=0,https://www.rbi.org.in/Scripts/NotificationUser.aspx,2026-05-30T08:45:46.166163+00:00
2025-11-28,"Reserve Bank of India (Urban Co-operative Banks – Prudential Norms on Declaration of Dividends) Directions, 2025",,https://www.rbi.org.in/Scripts/NotificationUser.aspx?Id=13015&Mode=0,https://www.rbi.org.in/Scripts/NotificationUser.aspx,2026-05-30T08:45:46.166163+00:00
2025-11-28,"Reserve Bank of India (Urban Co-operative Banks – Know Your Customer) Directions, 2025 (Updated as on December 29, 2025)",,https://www.rbi.org.in/Scripts/NotificationUser.aspx?Id=13014&Mode=0,https://www.rbi.org.in/Scripts/NotificationUser.aspx,2026-05-30T08:45:46.166163+00:00
2025-11-28,"Reserve Bank of India (Urban Co-operative Banks – Responsible Business Conduct) Directions, 2025 (Updated as on April 1, 2026)",,https://www.rbi.org.in/Scripts/NotificationUser.aspx?Id=13013&Mode=0,https://www.rbi.org.in/Scripts/NotificationUser.aspx,2026-05-30T08:45:46.166163+00:00
2025-11-28,"Reserve Bank of India (Urban Co-operative Banks – Managing Risks in Outsourcing) Directions, 2025",,https://www.rbi.org.in/Scripts/NotificationUser.aspx?Id=13012&Mode=0,https://www.rbi.org.in/Scripts/NotificationUser.aspx,2026-05-30T08:45:46.166163+00:00
2025-11-28,"Reserve Bank of India (Urban Co-operative Banks – Miscellaneous) Directions, 2025",,https://www.rbi.org.in/Scripts/NotificationUser.aspx?Id=13011&Mode=0,https://www.rbi.org.in/Scripts/NotificationUser.aspx,2026-05-30T08:45:46.166163+00:00
2025-11-28,"Reserve Bank of India (Rural Co-operative Banks - Voluntary Amalgamation) Directions, 2025",,https://www.rbi.org.in/Scripts/NotificationUser.aspx?Id=13010&Mode=0,https://www.rbi.org.in/Scripts/NotificationUser.aspx,2026-05-30T08:45:46.166163+00:00
2025-11-28,"Reserve Bank of India (Rural Co-operative Banks – Digital Banking Channels Authorisation) Directions, 2025",,https://www.rbi.org.in/Scripts/NotificationUser.aspx?Id=13008&Mode=0,https://www.rbi.org.in/Scripts/NotificationUser.aspx,2026-05-30T08:45:46.166163+00:00
2025-11-28,"Reserve Bank of India (Rural Co-operative Banks – Undertaking of Financial Services) Directions, 2025 (Updated as on April 27, 2026)",,https://www.rbi.org.in/Scripts/NotificationUser.aspx?Id=13007&Mode=0,https://www.rbi.org.in/Scripts/NotificationUser.aspx,2026-05-30T08:45:46.166163+00:00
2025-11-28,"Reserve Bank of India (Rural Co-operative Banks - Governance) Directions, 2025 (Updated as on May 25, 2026)",,https://www.rbi.org.in/Scripts/NotificationUser.aspx?Id=13006&Mode=0,https://www.rbi.org.in/Scripts/NotificationUser.aspx,2026-05-30T08:45:46.166163+00:00
2025-11-28,"Reserve Bank of India (Rural Co-operative Banks – Cash Reserve Ratio and Statutory Liquidity Ratio) Directions, 2025 (Updated as on January 22, 2026)",,https://www.rbi.org.in/Scripts/NotificationUser.aspx?Id=13005&Mode=0,https://www.rbi.org.in/Scripts/NotificationUser.aspx,2026-05-30T08:45:46.166163+00:00
2025-11-28,"Reserve Bank of India (Rural Co-operative Banks – Prudential Norms on Capital Adequacy) Directions, 2025 (Updated as on May 15, 2026)",,https://www.rbi.org.in/Scripts/NotificationUser.aspx?Id=13004&Mode=0,https://www.rbi.org.in/Scripts/NotificationUser.aspx,2026-05-30T08:45:46.166163+00:00
2025-11-28,"Reserve Bank of India (Rural Co-operative Banks – Interest Rate on Deposits) Directions, 2025",,https://www.rbi.org.in/Scripts/NotificationUser.aspx?Id=13003&Mode=0,https://www.rbi.org.in/Scripts/NotificationUser.aspx,2026-05-30T08:45:46.166163+00:00
2025-11-28,"Reserve Bank of India (Rural Co-operative Banks – Credit Facilities) Directions, 2025 (Updated as on April 01, 2026)",,https://www.rbi.org.in/Scripts/NotificationUser.aspx?Id=13002&Mode=0,https://www.rbi.org.in/Scripts/NotificationUser.aspx,2026-05-30T08:45:46.166163+00:00
2025-11-28,"Reserve Bank of India (Rural Co-operative Banks – Debit Cards: Issuance and Conduct) Directions, 2025",,https://www.rbi.org.in/Scripts/NotificationUser.aspx?Id=13001&Mode=0,https://www.rbi.org.in/Scripts/NotificationUser.aspx,2026-05-30T08:45:46.166163+00:00
2025-11-28,"Reserve Bank of India (Rural Co-operative Banks – Credit Information Reporting) Directions, 2025",,https://www.rbi.org.in/Scripts/NotificationUser.aspx?Id=13000&Mode=0,https://www.rbi.org.in/Scripts/NotificationUser.aspx,2026-05-30T08:45:46.166163+00:00
2025-11-28,"Reserve Bank of India (Rural Co-operative Banks – Credit Risk Management) Directions, 2025 (Updated as on April 01, 2026)",,https://www.rbi.org.in/Scripts/NotificationUser.aspx?Id=12999&Mode=0,https://www.rbi.org.in/Scripts/NotificationUser.aspx,2026-05-30T08:45:46.166163+00:00
2025-11-28,"Reserve Bank of India (Rural Co-operative Banks – Concentration Risk Management) Directions, 2025",,https://www.rbi.org.in/Scripts/NotificationUser.aspx?Id=12998&Mode=0,https://www.rbi.org.in/Scripts/NotificationUser.aspx,2026-05-30T08:45:46.166163+00:00
2025-11-28,"Reserve Bank of India (Rural Co-operative Banks – Transfer and Distribution of Credit Risk) Directions, 2025",,https://www.rbi.org.in/Scripts/NotificationUser.aspx?Id=12997&Mode=0,https://www.rbi.org.in/Scripts/NotificationUser.aspx,2026-05-30T08:45:46.166163+00:00
2025-11-28,"Reserve Bank of India (Rural Co-operative Banks – Interest Rates on Advances) Directions, 2025",,https://www.rbi.org.in/Scripts/NotificationUser.aspx?Id=12996&Mode=0,https://www.rbi.org.in/Scripts/NotificationUser.aspx,2026-05-30T08:45:46.166163+00:00
2025-11-28,"Reserve Bank of India (Rural Co-operative Banks – Classification, Valuation and Operation of Investment Portfolio) Directions, 2025 (Updated as on May 18, 2026)",,https://www.rbi.org.in/Scripts/NotificationUser.aspx?Id=12995&Mode=0,https://www.rbi.org.in/Scripts/NotificationUser.aspx,2026-05-30T08:45:46.166163+00:00
2025-11-28,"Reserve Bank of India (Rural Co-operative Banks – Asset Liability Management) Directions, 2025",,https://www.rbi.org.in/Scripts/NotificationUser.aspx?Id=12994&Mode=0,https://www.rbi.org.in/Scripts/NotificationUser.aspx,2026-05-30T08:45:46.166163+00:00
2025-11-28,"Reserve Bank of India (Rural Co-operative Banks – Income Recognition, Asset Classification and Provisioning) Directions, 2025 (updated as on February 13, 2026)",,https://www.rbi.org.in/Scripts/NotificationUser.aspx?Id=12993&Mode=0,https://www.rbi.org.in/Scripts/NotificationUser.aspx,2026-05-30T08:45:46.166163+00:00
2025-11-28,"Reserve Bank of India (Rural Co-operative Banks – Resolution of Stressed Assets) Directions, 2025",,https://www.rbi.org.in/Scripts/NotificationUser.aspx?Id=12992&Mode=0,https://www.rbi.org.in/Scripts/NotificationUser.aspx,2026-05-30T08:45:46.166163+00:00
2025-11-28,"Reserve Bank of India (Rural Co-operative Banks – Treatment of Wilful Defaulters and Large Defaulters) Directions, 2025",,https://www.rbi.org.in/Scripts/NotificationUser.aspx?Id=12991&Mode=0,https://www.rbi.org.in/Scripts/NotificationUser.aspx,2026-05-30T08:45:46.166163+00:00
2025-11-28,"Reserve Bank of India (Rural Co-operative Banks – Financial Statements: Presentation and Disclosures) Directions, 2025 (Updated as on April 1, 2026)",,https://www.rbi.org.in/Scripts/NotificationUser.aspx?Id=12990&Mode=0,https://www.rbi.org.in/Scripts/NotificationUser.aspx,2026-05-30T08:45:46.166163+00:00
2025-11-28,"Reserve Bank of India (Rural Co-operative Banks – Prudential Norms on Declaration of Dividends) Directions, 2025",,https://www.rbi.org.in/Scripts/NotificationUser.aspx?Id=12989&Mode=0,https://www.rbi.org.in/Scripts/NotificationUser.aspx,2026-05-30T08:45:46.166163+00:00
2025-11-28,"Reserve Bank of India (Rural Co-operative Banks – Know Your Customer) Directions, 2025 (Updated as on December 29, 2025)",,https://www.rbi.org.in/Scripts/NotificationUser.aspx?Id=12988&Mode=0,https://www.rbi.org.in/Scripts/NotificationUser.aspx,2026-05-30T08:45:46.166163+00:00
2025-11-28,"Reserve Bank of India (Rural Co-operative Banks – Responsible Business Conduct) Directions, 2025 (Updated as on April 1, 2026)",,https://www.rbi.org.in/Scripts/NotificationUser.aspx?Id=12987&Mode=0,https://www.rbi.org.in/Scripts/NotificationUser.aspx,2026-05-30T08:45:46.166163+00:00
2025-11-28,"Reserve Bank of India (Rural Co-operative Banks – Managing Risks in Outsourcing) Directions, 2025",,https://www.rbi.org.in/Scripts/NotificationUser.aspx?Id=12986&Mode=0,https://www.rbi.org.in/Scripts/NotificationUser.aspx,2026-05-30T08:45:46.166163+00:00
2025-11-28,"Reserve Bank of India (All India Financial Institutions – Undertaking of Financial Services) Directions, 2025 (Updated as on April 27, 2026)",,https://www.rbi.org.in/Scripts/NotificationUser.aspx?Id=12984&Mode=0,https://www.rbi.org.in/Scripts/NotificationUser.aspx,2026-05-30T08:45:46.166163+00:00
2025-11-28,"Reserve Bank of India (All India Financial Institutions – Prudential Norms on Capital Adequacy) Directions, 2025 (Updated as on March 10, 2026)",,https://www.rbi.org.in/Scripts/NotificationUser.aspx?Id=12983&Mode=0,https://www.rbi.org.in/Scripts/NotificationUser.aspx,2026-05-30T08:45:46.166163+00:00
2025-11-28,"Reserve Bank of India (All India Financial Institutions– Resource Raising Norms) Directions, 2025",,https://www.rbi.org.in/Scripts/NotificationUser.aspx?Id=12982&Mode=0,https://www.rbi.org.in/Scripts/NotificationUser.aspx,2026-05-30T08:45:46.166163+00:00
2025-11-28,"Reserve Bank of India (All India Financial Institutions – Credit Facilities) Directions, 2025 (updated as on April 1, 2026)",,https://www.rbi.org.in/Scripts/NotificationUser.aspx?Id=12981&Mode=0,https://www.rbi.org.in/Scripts/NotificationUser.aspx,2026-05-30T08:45:46.166163+00:00
2025-11-28,"Reserve Bank of India (All India Financial Institutions – Credit Information Reporting) Directions, 2025",,https://www.rbi.org.in/Scripts/NotificationUser.aspx?Id=12980&Mode=0,https://www.rbi.org.in/Scripts/NotificationUser.aspx,2026-05-30T08:45:46.166163+00:00
2025-11-28,"Reserve Bank of India (All India Financial Institutions – Credit Risk Management) Directions, 2025 (Updated as on April 01, 2026)",,https://www.rbi.org.in/Scripts/NotificationUser.aspx?Id=12979&Mode=0,https://www.rbi.org.in/Scripts/NotificationUser.aspx,2026-05-30T08:45:46.166163+00:00
2025-11-28,"Reserve Bank of India (All India Financial Institutions – Concentration Risk Management) Directions, 2025",,https://www.rbi.org.in/Scripts/NotificationUser.aspx?Id=12978&Mode=0,https://www.rbi.org.in/Scripts/NotificationUser.aspx,2026-05-30T08:45:46.166163+00:00
2025-11-28,"Reserve Bank of India (All India Financial Institutions – Transfer and Distribution of Credit Risk) Directions, 2025",,https://www.rbi.org.in/Scripts/NotificationUser.aspx?Id=12977&Mode=0,https://www.rbi.org.in/Scripts/NotificationUser.aspx,2026-05-30T08:45:46.166163+00:00
2025-11-28,"Reserve Bank of India (All India Financial Institutions – Securitisation Transactions) Directions, 2025",,https://www.rbi.org.in/Scripts/NotificationUser.aspx?Id=12976&Mode=0,https://www.rbi.org.in/Scripts/NotificationUser.aspx,2026-05-30T08:45:46.166163+00:00
2025-11-28,"Reserve Bank of India (All India Financial Institutions – Classification, Valuation and Operation of Investment Portfolio) Directions, 2025",,https://www.rbi.org.in/Scripts/NotificationUser.aspx?Id=12975&Mode=0,https://www.rbi.org.in/Scripts/NotificationUser.aspx,2026-05-30T08:45:46.166163+00:00
2025-11-28,"Reserve Bank of India (All India Financial Institutions – Asset Liability Management) Directions, 2025",,https://www.rbi.org.in/Scripts/NotificationUser.aspx?Id=12974&Mode=0,https://www.rbi.org.in/Scripts/NotificationUser.aspx,2026-05-30T08:45:46.166163+00:00
2025-11-28,"Reserve Bank of India (All India Financial Institutions – Income Recognition, Asset Classification and Provisioning) Directions, 2025",,https://www.rbi.org.in/Scripts/NotificationUser.aspx?Id=12973&Mode=0,https://www.rbi.org.in/Scripts/NotificationUser.aspx,2026-05-30T08:45:46.166163+00:00
2025-11-28,"Reserve Bank of India (All India Financial Institutions – Resolution of Stressed Assets) Directions, 2025",,https://www.rbi.org.in/Scripts/NotificationUser.aspx?Id=12972&Mode=0,https://www.rbi.org.in/Scripts/NotificationUser.aspx,2026-05-30T08:45:46.166163+00:00
2025-11-28,"Reserve Bank of India (All India Financial Institutions – Treatment of Wilful Defaulters and Large Defaulters) Directions, 2025",,https://www.rbi.org.in/Scripts/NotificationUser.aspx?Id=12971&Mode=0,https://www.rbi.org.in/Scripts/NotificationUser.aspx,2026-05-30T08:45:46.166163+00:00
2025-11-28,"Reserve Bank of India (All India Financial Institutions – Financial Statements: Presentation and Disclosures) Directions, 2025 (Updated as on April 1, 2026)",,https://www.rbi.org.in/Scripts/NotificationUser.aspx?Id=12970&Mode=0,https://www.rbi.org.in/Scripts/NotificationUser.aspx,2026-05-30T08:45:46.166163+00:00
2025-11-28,"Reserve Bank of India (All India Financial Institutions – Know Your Customer) Directions, 2025 (Updated as on December 29, 2025)",,https://www.rbi.org.in/Scripts/NotificationUser.aspx?Id=12969&Mode=0,https://www.rbi.org.in/Scripts/NotificationUser.aspx,2026-05-30T08:45:46.166163+00:00
2025-11-28,"Reserve Bank of India (All India Financial Institutions – Responsible Business Conduct) Directions, 2025",,https://www.rbi.org.in/Scripts/NotificationUser.aspx?Id=12968&Mode=0,https://www.rbi.org.in/Scripts/NotificationUser.aspx,2026-05-30T08:45:46.166163+00:00
2025-11-28,"Reserve Bank of India (All India Financial Institutions – Managing Risks in Outsourcing) Directions, 2025",,https://www.rbi.org.in/Scripts/NotificationUser.aspx?Id=12967&Mode=0,https://www.rbi.org.in/Scripts/NotificationUser.aspx,2026-05-30T08:45:46.166163+00:00
2025-11-28,"Reserve Bank of India (All India Financial Institutions – Miscellaneous) Directions, 2025",,https://www.rbi.org.in/Scripts/NotificationUser.aspx?Id=12966&Mode=0,https://www.rbi.org.in/Scripts/NotificationUser.aspx,2026-05-30T08:45:46.166163+00:00
2025-11-28,"Reserve Bank of India (Non-Banking Financial Companies – Registration, Exemptions and Framework for Scale Based Regulation) Directions, 2025",,https://www.rbi.org.in/Scripts/NotificationUser.aspx?Id=12965&Mode=0,https://www.rbi.org.in/Scripts/NotificationUser.aspx,2026-05-30T08:45:46.166163+00:00
2025-11-28,"Reserve Bank of India (Non-Banking Financial Companies – Acquisition of Shareholding or Control) Directions, 2025",,https://www.rbi.org.in/Scripts/NotificationUser.aspx?Id=12964&Mode=0,https://www.rbi.org.in/Scripts/NotificationUser.aspx,2026-05-30T08:45:46.166163+00:00
2025-11-28,"Reserve Bank of India (Non-Banking Financial Companies – Voluntary Amalgamation) Directions, 2025",,https://www.rbi.org.in/Scripts/NotificationUser.aspx?Id=12963&Mode=0,https://www.rbi.org.in/Scripts/NotificationUser.aspx,2026-05-30T08:45:46.166163+00:00
2025-11-28,"Reserve Bank of India (Non-Banking Financial Companies – Branch Authorisation) Directions, 2025 (Updated as on April 15, 2026)",,https://www.rbi.org.in/Scripts/NotificationUser.aspx?Id=12962&Mode=0,https://www.rbi.org.in/Scripts/NotificationUser.aspx,2026-05-30T08:45:46.166163+00:00
2025-11-28,"Reserve Bank of India (Non-Banking Financial Companies – Undertaking of Financial Services) Directions, 2025 (Updated as on April 27, 2026)",,https://www.rbi.org.in/Scripts/NotificationUser.aspx?Id=12961&Mode=0,https://www.rbi.org.in/Scripts/NotificationUser.aspx,2026-05-30T08:45:46.166163+00:00
2025-11-28,"Reserve Bank of India (Non-Banking Financial Companies – Governance) Directions, 2025",,https://www.rbi.org.in/Scripts/NotificationUser.aspx?Id=12960&Mode=0,https://www.rbi.org.in/Scripts/NotificationUser.aspx,2026-05-30T08:45:46.166163+00:00
2025-11-28,"Reserve Bank of India (Non-Banking Financial Companies – Prudential Norms on Capital Adequacy) Directions, 2025 (Updated as on April 01, 2026)",,https://www.rbi.org.in/Scripts/NotificationUser.aspx?Id=12959&Mode=0,https://www.rbi.org.in/Scripts/NotificationUser.aspx,2026-05-30T08:45:46.166163+00:00
2025-11-28,"Reserve Bank of India (Non-Banking Financial Companies – Acceptance of Public Deposits) Directions, 2025 (Updated as on April 15, 2026)",,https://www.rbi.org.in/Scripts/NotificationUser.aspx?Id=12958&Mode=0,https://www.rbi.org.in/Scripts/NotificationUser.aspx,2026-05-30T08:45:46.166163+00:00
2025-11-28,"Reserve Bank of India (Non-Banking Financial Companies – Credit Facilities) Directions, 2025 (Updated as on April 1, 2026)",,https://www.rbi.org.in/Scripts/NotificationUser.aspx?Id=12957&Mode=0,https://www.rbi.org.in/Scripts/NotificationUser.aspx,2026-05-30T08:45:46.166163+00:00
2025-11-28,"Reserve Bank of India (Non-Banking Financial Companies – Credit Cards: Issuance and Conduct) Directions, 2025",,https://www.rbi.org.in/Scripts/NotificationUser.aspx?Id=12956&Mode=0,https://www.rbi.org.in/Scripts/NotificationUser.aspx,2026-05-30T08:45:46.166163+00:00
2025-11-28,"Reserve Bank of India (Non-Banking Financial Companies – Credit Information Reporting) Directions, 2025",,https://www.rbi.org.in/Scripts/NotificationUser.aspx?Id=12955&Mode=0,https://www.rbi.org.in/Scripts/NotificationUser.aspx,2026-05-30T08:45:46.166163+00:00
2025-11-28,"Reserve Bank of India (Non-Banking Financial Companies – Credit Risk Management) Directions, 2025 (Updated as on April 01, 2026)",,https://www.rbi.org.in/Scripts/NotificationUser.aspx?Id=12954&Mode=0,https://www.rbi.org.in/Scripts/NotificationUser.aspx,2026-05-30T08:45:46.166163+00:00
2025-11-28,"Reserve Bank of India (Non-Banking Financial Companies - Concentration Risk Management) Directions, 2025 (Updated as on April 01, 2026)",,https://www.rbi.org.in/Scripts/NotificationUser.aspx?Id=12953&Mode=0,https://www.rbi.org.in/Scripts/NotificationUser.aspx,2026-05-30T08:45:46.166163+00:00
2025-11-28,"Reserve Bank of India (Non-Banking Financial Companies - Transfer and Distribution of Credit Risk) Directions, 2025",,https://www.rbi.org.in/Scripts/NotificationUser.aspx?Id=12952&Mode=0,https://www.rbi.org.in/Scripts/NotificationUser.aspx,2026-05-30T08:45:46.166163+00:00
2025-11-28,"Reserve Bank of India (Non-Banking Financial Companies – Securitisation Transactions) Directions, 2025",,https://www.rbi.org.in/Scripts/NotificationUser.aspx?Id=12951&Mode=0,https://www.rbi.org.in/Scripts/NotificationUser.aspx,2026-05-30T08:45:46.166163+00:00
2025-11-28,"Reserve Bank of India (Non-Banking Financial Companies – Classification, Valuation and Operation of Investment Portfolio) Directions, 2025",,https://www.rbi.org.in/Scripts/NotificationUser.aspx?Id=12950&Mode=0,https://www.rbi.org.in/Scripts/NotificationUser.aspx,2026-05-30T08:45:46.166163+00:00
2025-11-28,"Reserve Bank of India (Non-Banking Financial Companies – Asset Liability Management) Directions, 2025",,https://www.rbi.org.in/Scripts/NotificationUser.aspx?Id=12949&Mode=0,https://www.rbi.org.in/Scripts/NotificationUser.aspx,2026-05-30T08:45:46.166163+00:00
2025-11-28,"Reserve Bank of India (Non-Banking Financial Companies – Income Recognition, Asset Classification and Provisioning) Directions, 2025 (Updated as on February 13, 2026)",,https://www.rbi.org.in/Scripts/NotificationUser.aspx?Id=12948&Mode=0,https://www.rbi.org.in/Scripts/NotificationUser.aspx,2026-05-30T08:45:46.166163+00:00
2025-11-28,"Reserve Bank of India (Non-Banking Financial Companies – Resolution of Stressed Assets) Directions, 2025",,https://www.rbi.org.in/Scripts/NotificationUser.aspx?Id=12947&Mode=0,https://www.rbi.org.in/Scripts/NotificationUser.aspx,2026-05-30T08:45:46.166163+00:00
2025-11-28,"Reserve Bank of India (Non-Banking Financial Companies – Treatment of Wilful Defaulters and Large Defaulters) Directions, 2025",,https://www.rbi.org.in/Scripts/NotificationUser.aspx?Id=12946&Mode=0,https://www.rbi.org.in/Scripts/NotificationUser.aspx,2026-05-30T08:45:46.166163+00:00
2025-11-28,"Reserve Bank of India (Non-Banking Financial Companies – Financial Statements: Presentation and Disclosures) Directions, 2025 (Updated as on April 1, 2026)",,https://www.rbi.org.in/Scripts/NotificationUser.aspx?Id=12945&Mode=0,https://www.rbi.org.in/Scripts/NotificationUser.aspx,2026-05-30T08:45:46.166163+00:00
2025-11-28,"Reserve Bank of India (Non-Banking Financial Companies – Prudential Norms on Declaration of Dividends) Directions, 2025",,https://www.rbi.org.in/Scripts/NotificationUser.aspx?Id=12944&Mode=0,https://www.rbi.org.in/Scripts/NotificationUser.aspx,2026-05-30T08:45:46.166163+00:00
2025-11-28,"Reserve Bank of India (Non-Banking Financial Companies – Know Your Customer) Directions, 2025 (Updated as on December 29, 2025)",,https://www.rbi.org.in/Scripts/NotificationUser.aspx?Id=12943&Mode=0,https://www.rbi.org.in/Scripts/NotificationUser.aspx,2026-05-30T08:45:46.166163+00:00
2025-11-28,"Reserve Bank of India (Non-Banking Financial Companies – Responsible Business Conduct) Directions, 2025 (Updated as on April 1, 2026)",,https://www.rbi.org.in/Scripts/NotificationUser.aspx?Id=12942&Mode=0,https://www.rbi.org.in/Scripts/NotificationUser.aspx,2026-05-30T08:45:46.166163+00:00
2025-11-28,"Reserve Bank of India (Non-Banking Financial Companies – Managing Risks in Outsourcing) Directions, 2025",,https://www.rbi.org.in/Scripts/NotificationUser.aspx?Id=12941&Mode=0,https://www.rbi.org.in/Scripts/NotificationUser.aspx,2026-05-30T08:45:46.166163+00:00
2025-11-28,"Reserve Bank of India (Non-Banking Financial Companies – Climate Finance and Management of Climate Change Risks) Directions, 2025",,https://www.rbi.org.in/Scripts/NotificationUser.aspx?Id=12940&Mode=0,https://www.rbi.org.in/Scripts/NotificationUser.aspx,2026-05-30T08:45:46.166163+00:00
2025-11-28,"Reserve Bank of India (Housing Finance Companies) Directions, 2025 (Updated as on April 15, 2026)",,https://www.rbi.org.in/Scripts/NotificationUser.aspx?Id=12939&Mode=0,https://www.rbi.org.in/Scripts/NotificationUser.aspx,2026-05-30T08:45:46.166163+00:00
2025-11-28,"Reserve Bank of India (Standalone Primary Dealers) Directions, 2025 (Updated as on March 10, 2026)",,https://www.rbi.org.in/Scripts/NotificationUser.aspx?Id=12938&Mode=0,https://www.rbi.org.in/Scripts/NotificationUser.aspx,2026-05-30T08:45:46.166163+00:00
2025-11-28,"Reserve Bank of India (Core Investment Companies) Directions, 2025 (Updated as on March 10, 2026)",,https://www.rbi.org.in/Scripts/NotificationUser.aspx?Id=12937&Mode=0,https://www.rbi.org.in/Scripts/NotificationUser.aspx,2026-05-30T08:45:46.166163+00:00
2025-11-28,"Reserve Bank of India (Non-Banking Financial Companies - Account Aggregator) Directions, 2025",,https://www.rbi.org.in/Scripts/NotificationUser.aspx?Id=12936&Mode=0,https://www.rbi.org.in/Scripts/NotificationUser.aspx,2026-05-30T08:45:46.166163+00:00
2025-11-28,"Reserve Bank of India (Mortgage Guarantee Companies) Directions, 2025 (Updated as on March 10, 2026)",,https://www.rbi.org.in/Scripts/NotificationUser.aspx?Id=12935&Mode=0,https://www.rbi.org.in/Scripts/NotificationUser.aspx,2026-05-30T08:45:46.166163+00:00
2025-11-28,"Reserve Bank of India (Non-Banking Financial Companies – Peer to Peer Lending Platform) Directions, 2025",,https://www.rbi.org.in/Scripts/NotificationUser.aspx?Id=12934&Mode=0,https://www.rbi.org.in/Scripts/NotificationUser.aspx,2026-05-30T08:45:46.166163+00:00
2025-11-28,"Reserve Bank of India (Non-Banking Financial Companies – Microfinance Institution) Directions, 2025",,https://www.rbi.org.in/Scripts/NotificationUser.aspx?Id=12933&Mode=0,https://www.rbi.org.in/Scripts/NotificationUser.aspx,2026-05-30T08:45:46.166163+00:00
2025-11-28,"Reserve Bank of India (Non-Operative Financial Holding Companies) Directions, 2025 (Updated as on December 05, 2025)",,https://www.rbi.org.in/Scripts/NotificationUser.aspx?Id=12932&Mode=0,https://www.rbi.org.in/Scripts/NotificationUser.aspx,2026-05-30T08:45:46.166163+00:00
2025-11-28,"Reserve Bank of India (Non-Banking Financial Companies – Miscellaneous) Directions, 2025 (Updated as on February 26, 2026)",,https://www.rbi.org.in/Scripts/NotificationUser.aspx?Id=12931&Mode=0,https://www.rbi.org.in/Scripts/NotificationUser.aspx,2026-05-30T08:45:46.166163+00:00
2025-11-28,"Reserve Bank of India (Asset Reconstruction Companies) Directions, 2025 (Updated as on March 10, 2026)",,https://www.rbi.org.in/Scripts/NotificationUser.aspx?Id=12930&Mode=0,https://www.rbi.org.in/Scripts/NotificationUser.aspx,2026-05-30T08:45:46.166163+00:00
2025-11-28,"Reserve Bank of India (Asset Reconstruction Companies – Credit Information Reporting) Directions, 2025",,https://www.rbi.org.in/Scripts/NotificationUser.aspx?Id=12929&Mode=0,https://www.rbi.org.in/Scripts/NotificationUser.aspx,2026-05-30T08:45:46.166163+00:00
2025-11-28,"Reserve Bank of India (Asset Reconstruction Companies – Treatment of Wilful Defaulters and Large Defaulters) Directions, 2025",,https://www.rbi.org.in/Scripts/NotificationUser.aspx?Id=12928&Mode=0,https://www.rbi.org.in/Scripts/NotificationUser.aspx,2026-05-30T08:45:46.166163+00:00
2025-11-28,"Reserve Bank of India (Asset Reconstruction Companies – Know Your Customer) Directions, 2025 (Updated as on December 29, 2025)",,https://www.rbi.org.in/Scripts/NotificationUser.aspx?Id=12927&Mode=0,https://www.rbi.org.in/Scripts/NotificationUser.aspx,2026-05-30T08:45:46.166163+00:00
2025-11-28,"Reserve Bank of India (Credit Information Companies) Directions, 2025",,https://www.rbi.org.in/Scripts/NotificationUser.aspx?Id=12926&Mode=0,https://www.rbi.org.in/Scripts/NotificationUser.aspx,2026-05-30T08:45:46.166163+00:00
2025-11-28,"Reserve Bank of India (Credit Information Companies – Managing Risks in Outsourcing) Directions, 2025",,https://www.rbi.org.in/Scripts/NotificationUser.aspx?Id=12925&Mode=0,https://www.rbi.org.in/Scripts/NotificationUser.aspx,2026-05-30T08:45:46.166163+00:00
2025-11-24,"Amendments to Directions - Compounding of Contraventions under FEMA, 1999",,https://www.rbi.org.in/Scripts/NotificationUser.aspx?Id=12924&Mode=0,https://www.rbi.org.in/Scripts/NotificationUser.aspx,2026-05-30T08:45:46.166163+00:00
2025-11-20,"Foreign Exchange Management (Export of Goods and Services) (Second Amendment) Regulations, 2025",,https://www.rbi.org.in/Scripts/NotificationUser.aspx?Id=12923&Mode=0,https://www.rbi.org.in/Scripts/NotificationUser.aspx,2026-05-30T08:45:46.166163+00:00
2025-11-14,"Implementation of Section 51A of UAPA,1967: Updates to UNSC’s 1267/1989 ISIL (Da'esh) & Al-Qaida Sanctions List: Delisting of 02 Entries",,https://www.rbi.org.in/Scripts/NotificationUser.aspx?Id=12922&Mode=0,https://www.rbi.org.in/Scripts/NotificationUser.aspx,2026-05-30T08:45:46.166163+00:00
2025-11-14,"Reserve Bank of India (Trade Relief Measures) Directions, 2025",,https://www.rbi.org.in/Scripts/NotificationUser.aspx?Id=12921&Mode=0,https://www.rbi.org.in/Scripts/NotificationUser.aspx,2026-05-30T08:45:46.166163+00:00
2025-11-11,"Master Direction – Reserve Bank of India (Repurchase Transactions (Repo)) Directions, 2025",,https://www.rbi.org.in/Scripts/NotificationUser.aspx?Id=12920&Mode=0,https://www.rbi.org.in/Scripts/NotificationUser.aspx,2026-05-30T08:45:46.166163+00:00
2008-05-30,Scheme for Non-competitive Bidding Facility in the Auctions of Government Securities,,https://www.rbi.org.in/Scripts/NotificationUser.aspx?Id=4214&Mode=0,https://www.rbi.org.in/Scripts/NotificationUser.aspx,2026-05-30T08:45:48.186105+00:00
2008-05-30,Tender for Non Competitive Bids - 8.24 per cent,,https://www.rbi.org.in/Scripts/NotificationUser.aspx?Id=4213&Mode=0,https://www.rbi.org.in/Scripts/NotificationUser.aspx,2026-05-30T08:45:48.186105+00:00
2008-05-30,Tender for Competitive Bids -8.24 per cent,,https://www.rbi.org.in/Scripts/NotificationUser.aspx?Id=4212&Mode=0,https://www.rbi.org.in/Scripts/NotificationUser.aspx,2026-05-30T08:45:48.186105+00:00
2008-05-30,GOI Notification - 8.24% - 2018,,https://www.rbi.org.in/Scripts/NotificationUser.aspx?Id=4211&Mode=0,https://www.rbi.org.in/Scripts/NotificationUser.aspx,2026-05-30T08:45:48.186105+00:00
2008-05-30,Tender for Non Competitive Bids - 7.95 per cent,,https://www.rbi.org.in/Scripts/NotificationUser.aspx?Id=4210&Mode=0,https://www.rbi.org.in/Scripts/NotificationUser.aspx,2026-05-30T08:45:48.186105+00:00
2008-05-30,Tender for Competitive Bids -7.95 per cent,,https://www.rbi.org.in/Scripts/NotificationUser.aspx?Id=4209&Mode=0,https://www.rbi.org.in/Scripts/NotificationUser.aspx,2026-05-30T08:45:48.186105+00:00
2008-05-30,GOI Notification - 7.95% - 2032,,https://www.rbi.org.in/Scripts/NotificationUser.aspx?Id=4208&Mode=0,https://www.rbi.org.in/Scripts/NotificationUser.aspx,2026-05-30T08:45:48.186105+00:00
2008-05-30,RBI Notification,,https://www.rbi.org.in/Scripts/NotificationUser.aspx?Id=4207&Mode=0,https://www.rbi.org.in/Scripts/NotificationUser.aspx,2026-05-30T08:45:48.186105+00:00
2008-05-30,"Union Budget – 2008-09 – Agricultural Debt Waiver and Debt Relief Scheme, 2008",,https://www.rbi.org.in/Scripts/NotificationUser.aspx?Id=4206&Mode=0,https://www.rbi.org.in/Scripts/NotificationUser.aspx,2026-05-30T08:45:48.186105+00:00
2008-05-30,"Foreign Exchange Management (Deposit) Regulations, 2000 – Credit to Non Resident (External) Rupee Accounts",,https://www.rbi.org.in/Scripts/NotificationUser.aspx?Id=4205&Mode=0,https://www.rbi.org.in/Scripts/NotificationUser.aspx,2026-05-30T08:45:48.186105+00:00
2008-05-30,Reporting under FDI Scheme - Revised procedure,,https://www.rbi.org.in/Scripts/NotificationUser.aspx?Id=4204&Mode=0,https://www.rbi.org.in/Scripts/NotificationUser.aspx,2026-05-30T08:45:48.186105+00:00
2008-05-30,"Union Budget – 2008-09 – Agricultural Debt Waiver and Debt Relief Scheme, 2008",,https://www.rbi.org.in/Scripts/NotificationUser.aspx?Id=4202&Mode=0,https://www.rbi.org.in/Scripts/NotificationUser.aspx,2026-05-30T08:45:48.186105+00:00
2008-05-29,External Commercial Borrowings Policy: Liberalisation,,https://www.rbi.org.in/Scripts/NotificationUser.aspx?Id=4200&Mode=0,https://www.rbi.org.in/Scripts/NotificationUser.aspx,2026-05-30T08:45:48.186105+00:00
2008-05-28,Wilful defaulters and action thereagainst,,https://www.rbi.org.in/Scripts/NotificationUser.aspx?Id=4198&Mode=0,https://www.rbi.org.in/Scripts/NotificationUser.aspx,2026-05-30T08:45:48.186105+00:00
2008-05-28,Trade Credits for Imports into India – Review of all-in-cost ceiling,,https://www.rbi.org.in/Scripts/NotificationUser.aspx?Id=4197&Mode=0,https://www.rbi.org.in/Scripts/NotificationUser.aspx,2026-05-30T08:45:48.186105+00:00
2008-05-27,NDS – Order Matching (OM) System – Access through the CSGL Route,,https://www.rbi.org.in/Scripts/NotificationUser.aspx?Id=4196&Mode=0,https://www.rbi.org.in/Scripts/NotificationUser.aspx,2026-05-30T08:45:48.186105+00:00
2008-05-23,"Agricultural Debt Waiver and Debt Relief Scheme, 2008",,https://www.rbi.org.in/Scripts/NotificationUser.aspx?Id=4190&Mode=0,https://www.rbi.org.in/Scripts/NotificationUser.aspx,2026-05-30T08:45:48.186105+00:00
2008-05-22,Introduction of Computerised Receipts for Challan Payments of OLTAS Transactions,,https://www.rbi.org.in/Scripts/NotificationUser.aspx?Id=4192&Mode=0,https://www.rbi.org.in/Scripts/NotificationUser.aspx,2026-05-30T08:45:48.186105+00:00
2008-05-22,Valuation of Non-SLR securities issued by the Government of India,,https://www.rbi.org.in/Scripts/NotificationUser.aspx?Id=4189&Mode=0,https://www.rbi.org.in/Scripts/NotificationUser.aspx,2026-05-30T08:45:48.186105+00:00
2008-05-22,"PMLA, 2002 – Obligation of Banks",,https://www.rbi.org.in/Scripts/NotificationUser.aspx?Id=4188&Mode=0,https://www.rbi.org.in/Scripts/NotificationUser.aspx,2026-05-30T08:45:48.186105+00:00
2008-05-22,RRBS Allowed to sell Loan Assets in excess of prescribed Priority Sector Exposure,,https://www.rbi.org.in/Scripts/NotificationUser.aspx?Id=4187&Mode=0,https://www.rbi.org.in/Scripts/NotificationUser.aspx,2026-05-30T08:45:48.186105+00:00
2008-05-21,Consolidated Financial Statement,,https://www.rbi.org.in/Scripts/NotificationUser.aspx?Id=4186&Mode=0,https://www.rbi.org.in/Scripts/NotificationUser.aspx,2026-05-30T08:45:48.186105+00:00
2008-05-16,Filing of Annual information Returns (AIR) – Duplication of Data,,https://www.rbi.org.in/Scripts/NotificationUser.aspx?Id=4185&Mode=0,https://www.rbi.org.in/Scripts/NotificationUser.aspx,2026-05-30T08:45:48.186105+00:00
2008-05-16,Scheme for Non-competitive Bidding Facility in the Auctions of Government Securities,,https://www.rbi.org.in/Scripts/NotificationUser.aspx?Id=4183&Mode=0,https://www.rbi.org.in/Scripts/NotificationUser.aspx,2026-05-30T08:45:48.186105+00:00
2008-05-16,Tender for Non Competitive Bids - 8.28 per cent,,https://www.rbi.org.in/Scripts/NotificationUser.aspx?Id=4182&Mode=0,https://www.rbi.org.in/Scripts/NotificationUser.aspx,2026-05-30T08:45:48.186105+00:00
2008-05-16,Tender for Competitive Bids -8.28 per cent,,https://www.rbi.org.in/Scripts/NotificationUser.aspx?Id=4181&Mode=0,https://www.rbi.org.in/Scripts/NotificationUser.aspx,2026-05-30T08:45:48.186105+00:00
2008-05-16,GOI Notification - 8.28% - 2032,,https://www.rbi.org.in/Scripts/NotificationUser.aspx?Id=4180&Mode=0,https://www.rbi.org.in/Scripts/NotificationUser.aspx,2026-05-30T08:45:48.186105+00:00
2008-05-16,Tender for Non Competitive Bids - 8.24 per cent,,https://www.rbi.org.in/Scripts/NotificationUser.aspx?Id=4179&Mode=0,https://www.rbi.org.in/Scripts/NotificationUser.aspx,2026-05-30T08:45:48.186105+00:00
2008-05-16,Tender for Competitive Bids -8.24 per cent,,https://www.rbi.org.in/Scripts/NotificationUser.aspx?Id=4178&Mode=0,https://www.rbi.org.in/Scripts/NotificationUser.aspx,2026-05-30T08:45:48.186105+00:00
2008-05-16,GOI Notification - 8.24% - 2018,,https://www.rbi.org.in/Scripts/NotificationUser.aspx?Id=4177&Mode=0,https://www.rbi.org.in/Scripts/NotificationUser.aspx,2026-05-30T08:45:48.186105+00:00
2008-05-16,RBI Notification,,https://www.rbi.org.in/Scripts/NotificationUser.aspx?Id=4176&Mode=0,https://www.rbi.org.in/Scripts/NotificationUser.aspx,2026-05-30T08:45:48.186105+00:00
2008-05-13,StCBs/DCCBs – Customer Charges for use of ATMs for Cash Withdrawal/Balance Enquiry,,https://www.rbi.org.in/Scripts/NotificationUser.aspx?Id=4171&Mode=0,https://www.rbi.org.in/Scripts/NotificationUser.aspx,2026-05-30T08:45:48.186105+00:00
2008-05-08,Asset Classification Norm for Infrastructure Projects Revised,,https://www.rbi.org.in/Scripts/NotificationUser.aspx?Id=4170&Mode=0,https://www.rbi.org.in/Scripts/NotificationUser.aspx,2026-05-30T08:45:48.186105+00:00
2008-05-06,Weaker Section Lending Targets – Ensuring Adherence,,https://www.rbi.org.in/Scripts/NotificationUser.aspx?Id=4169&Mode=0,https://www.rbi.org.in/Scripts/NotificationUser.aspx,2026-05-30T08:45:48.186105+00:00
2008-05-06,General Purpose Credit Cards and Overdrafts Against 'No-frills' Account as Indirect Finance to Agriculture Under Priority Sector,,https://www.rbi.org.in/Scripts/NotificationUser.aspx?Id=4168&Mode=0,https://www.rbi.org.in/Scripts/NotificationUser.aspx,2026-05-30T08:45:48.186105+00:00
2008-05-06,Formation of new districts in Jharkhand – Assignment of Lead Bank responsibility,,https://www.rbi.org.in/Scripts/NotificationUser.aspx?Id=4167&Mode=0,https://www.rbi.org.in/Scripts/NotificationUser.aspx,2026-05-30T08:45:48.186105+00:00
2008-05-02,Scheme for Non-competitive Bidding Facility in the Auctions of Government Securities,,https://www.rbi.org.in/Scripts/NotificationUser.aspx?Id=4166&Mode=0,https://www.rbi.org.in/Scripts/NotificationUser.aspx,2026-05-30T08:45:48.186105+00:00
2008-05-02,Tender for Non Competitive Bids - 7.95 per cent,,https://www.rbi.org.in/Scripts/NotificationUser.aspx?Id=4165&Mode=0,https://www.rbi.org.in/Scripts/NotificationUser.aspx,2026-05-30T08:45:48.186105+00:00
2008-05-02,Tender for Competitive Bids - 7.95 per cent,,https://www.rbi.org.in/Scripts/NotificationUser.aspx?Id=4164&Mode=0,https://www.rbi.org.in/Scripts/NotificationUser.aspx,2026-05-30T08:45:48.186105+00:00
2008-05-02,GOI Notification - 7.95 per cent - 2032,,https://www.rbi.org.in/Scripts/NotificationUser.aspx?Id=4163&Mode=0,https://www.rbi.org.in/Scripts/NotificationUser.aspx,2026-05-30T08:45:48.186105+00:00
2008-05-02,Tender for Non Competitive Bids - 7.59 per cent,,https://www.rbi.org.in/Scripts/NotificationUser.aspx?Id=4162&Mode=0,https://www.rbi.org.in/Scripts/NotificationUser.aspx,2026-05-30T08:45:48.186105+00:00
2008-05-02,Tender for Competitive Bids - 7.59 per cent,,https://www.rbi.org.in/Scripts/NotificationUser.aspx?Id=4161&Mode=0,https://www.rbi.org.in/Scripts/NotificationUser.aspx,2026-05-30T08:45:48.186105+00:00
2008-05-02,GOI Notification - 7.59 per cent - 2016,,https://www.rbi.org.in/Scripts/NotificationUser.aspx?Id=4160&Mode=0,https://www.rbi.org.in/Scripts/NotificationUser.aspx,2026-05-30T08:45:48.186105+00:00
2008-05-02,RBI Notification,,https://www.rbi.org.in/Scripts/NotificationUser.aspx?Id=4159&Mode=0,https://www.rbi.org.in/Scripts/NotificationUser.aspx,2026-05-30T08:45:48.186105+00:00
2008-05-02,Grievance Redressal Mechanism in banks,,https://www.rbi.org.in/Scripts/NotificationUser.aspx?Id=4158&Mode=0,https://www.rbi.org.in/Scripts/NotificationUser.aspx,2026-05-30T08:45:48.186105+00:00
2025-10-24,"Implementation of Section 51A of UAPA,1967: Updates to UNSC’s 1267/ 1989 ISIL (Da'esh) & Al-Qaida Sanctions List: Amendments to 01 Entry",,https://www.rbi.org.in/Scripts/NotificationUser.aspx?Id=12918&Mode=0,https://www.rbi.org.in/Scripts/NotificationUser.aspx,2026-05-30T08:45:48.799141+00:00
2025-10-23,"Implementation of Section 51A of UAPA,1967: Updates to UNSC’s 1267/ 1989 ISIL (Da'esh) & Al-Qaida Sanctions List: Amendments to 01 Entry",,https://www.rbi.org.in/Scripts/NotificationUser.aspx?Id=12917&Mode=0,https://www.rbi.org.in/Scripts/NotificationUser.aspx,2026-05-30T08:45:48.799141+00:00
2025-10-13,"Foreign Exchange Management (Foreign Currency Accounts by a person resident in India) (Seventh Amendment) Regulations, 2025",,https://www.rbi.org.in/Scripts/NotificationUser.aspx?Id=12916&Mode=0,https://www.rbi.org.in/Scripts/NotificationUser.aspx,2026-05-30T08:45:48.799141+00:00
2025-10-13,"Foreign Exchange Management (Borrowing and Lending) (Amendment) Regulations, 2025",,https://www.rbi.org.in/Scripts/NotificationUser.aspx?Id=12915&Mode=0,https://www.rbi.org.in/Scripts/NotificationUser.aspx,2026-05-30T08:45:48.799141+00:00
2025-10-09,"Implementation of Section 51A of UAPA,1967: Updates to UNSC’s 1267/ 1989 ISIL (Da'esh) & Al-Qaida Sanctions List: Amendment of 02 Entries",,https://www.rbi.org.in/Scripts/NotificationUser.aspx?Id=12912&Mode=0,https://www.rbi.org.in/Scripts/NotificationUser.aspx,2026-05-30T08:45:48.799141+00:00
2025-10-07,"Reserve Bank - Integrated Ombudsman Scheme, 2021 (RB-IOS, 2021)",,https://www.rbi.org.in/Scripts/NotificationUser.aspx?Id=12911&Mode=0,https://www.rbi.org.in/Scripts/NotificationUser.aspx,2026-05-30T08:45:48.799141+00:00
2025-10-03,International Trade Settlement in Indian Rupees (INR),,https://www.rbi.org.in/Scripts/NotificationUser.aspx?Id=12910&Mode=0,https://www.rbi.org.in/Scripts/NotificationUser.aspx,2026-05-30T08:45:48.799141+00:00
2025-10-03,Investment in Corporate Debt Securities by Persons Resident Outside India through Special Rupee Vostro account,,https://www.rbi.org.in/Scripts/NotificationUser.aspx?Id=12909&Mode=0,https://www.rbi.org.in/Scripts/NotificationUser.aspx,2026-05-30T08:45:48.799141+00:00
2025-10-01,Export Data Processing and Monitoring System (EDPMS) & Import Data Processing and Monitoring System (IDPMS) – reconciliation of export /import entries – Review of Guidelines,,https://www.rbi.org.in/Scripts/NotificationUser.aspx?Id=12908&Mode=0,https://www.rbi.org.in/Scripts/NotificationUser.aspx,2026-05-30T08:45:48.799141+00:00
2025-10-01,Merchanting Trade Transactions (MTT) – Review of time period for outlay of foreign exchange,,https://www.rbi.org.in/Scripts/NotificationUser.aspx?Id=12907&Mode=0,https://www.rbi.org.in/Scripts/NotificationUser.aspx,2026-05-30T08:45:48.799141+00:00
2008-04-30,UCBs - Increase in CRR,,https://www.rbi.org.in/Scripts/NotificationUser.aspx?Id=4156&Mode=0,https://www.rbi.org.in/Scripts/NotificationUser.aspx,2026-05-30T08:45:50.700985+00:00
2008-04-29,SCBs - CRR Increased,,https://www.rbi.org.in/Scripts/NotificationUser.aspx?Id=4153&Mode=0,https://www.rbi.org.in/Scripts/NotificationUser.aspx,2026-05-30T08:45:50.700985+00:00
2008-04-29,Annual Policy Statement for the Year 2008-09,,https://www.rbi.org.in/Scripts/NotificationUser.aspx?Id=4152&Mode=0,https://www.rbi.org.in/Scripts/NotificationUser.aspx,2026-05-30T08:45:50.700985+00:00
2008-04-28,Foreign investment in Commodity Exchanges - Amendment to the FDI Scheme,,https://www.rbi.org.in/Scripts/NotificationUser.aspx?Id=4151&Mode=0,https://www.rbi.org.in/Scripts/NotificationUser.aspx,2026-05-30T08:45:50.700985+00:00
2008-04-28,Foreign investment in Credit Information Companies - Amendment to the FDI Scheme,,https://www.rbi.org.in/Scripts/NotificationUser.aspx?Id=4150&Mode=0,https://www.rbi.org.in/Scripts/NotificationUser.aspx,2026-05-30T08:45:50.700985+00:00
2008-04-28,Bids in foreign currency for projects to be executed in India,,https://www.rbi.org.in/Scripts/NotificationUser.aspx?Id=4149&Mode=0,https://www.rbi.org.in/Scripts/NotificationUser.aspx,2026-05-30T08:45:50.700985+00:00
2008-04-28,Rupee Export Credit Interest Rates,,https://www.rbi.org.in/Scripts/NotificationUser.aspx?Id=4148&Mode=0,https://www.rbi.org.in/Scripts/NotificationUser.aspx,2026-05-30T08:45:50.700985+00:00
2008-04-25,Scheme for Non-competitive Bidding Facility in the Auctions of Government Securities,,https://www.rbi.org.in/Scripts/NotificationUser.aspx?Id=4147&Mode=0,https://www.rbi.org.in/Scripts/NotificationUser.aspx,2026-05-30T08:45:50.700985+00:00
2008-04-25,Tender for Non Competitive Bids - 6.57 per cent,,https://www.rbi.org.in/Scripts/NotificationUser.aspx?Id=4146&Mode=0,https://www.rbi.org.in/Scripts/NotificationUser.aspx,2026-05-30T08:45:50.700985+00:00
2008-04-25,Tender for Competitive Bids - 6.57 per cent,,https://www.rbi.org.in/Scripts/NotificationUser.aspx?Id=4145&Mode=0,https://www.rbi.org.in/Scripts/NotificationUser.aspx,2026-05-30T08:45:50.700985+00:00
2008-04-25,GOI Notification - 6.57 per cent - 2011,,https://www.rbi.org.in/Scripts/NotificationUser.aspx?Id=4144&Mode=0,https://www.rbi.org.in/Scripts/NotificationUser.aspx,2026-05-30T08:45:50.700985+00:00
2008-04-25,Interest Rate Ceiling on Rupee Export Credit,,https://www.rbi.org.in/Scripts/NotificationUser.aspx?Id=4142&Mode=0,https://www.rbi.org.in/Scripts/NotificationUser.aspx,2026-05-30T08:45:50.700985+00:00
2008-04-23,Know Your Customer (KYC) Norms / Anti-Money Laundering (AML) Standards/ Combating of Financing of Terrorism (CFT),,https://www.rbi.org.in/Scripts/NotificationUser.aspx?Id=4990&Mode=0,https://www.rbi.org.in/Scripts/NotificationUser.aspx,2026-05-30T08:45:50.700985+00:00
2008-04-22,UCBs – CRR Increased,,https://www.rbi.org.in/Scripts/NotificationUser.aspx?Id=4137&Mode=0,https://www.rbi.org.in/Scripts/NotificationUser.aspx,2026-05-30T08:45:50.700985+00:00
2008-04-22,Deferred Payment Protocols between Government of India and erstwhile USSR,,https://www.rbi.org.in/Scripts/NotificationUser.aspx?Id=4136&Mode=0,https://www.rbi.org.in/Scripts/NotificationUser.aspx,2026-05-30T08:45:50.700985+00:00
2008-04-22,Regulation of SCs/RCs-disclosure while issuing Security Receipts,,https://www.rbi.org.in/Scripts/NotificationUser.aspx?Id=4134&Mode=0,https://www.rbi.org.in/Scripts/NotificationUser.aspx,2026-05-30T08:45:50.700985+00:00
2008-04-17,"Senior Citizens Savings Scheme, 2004 – Account Transfer – Accounting Procedure",,https://www.rbi.org.in/Scripts/NotificationUser.aspx?Id=4131&Mode=0,https://www.rbi.org.in/Scripts/NotificationUser.aspx,2026-05-30T08:45:50.700985+00:00
2008-04-16,Scheme for Non-competitive Bidding Facility in the Auctions of Government Securities,,https://www.rbi.org.in/Scripts/NotificationUser.aspx?Id=4129&Mode=0,https://www.rbi.org.in/Scripts/NotificationUser.aspx,2026-05-30T08:45:50.700985+00:00
2008-04-16,Tender for Non Competitive Bids - Application Form for 10-years Stock,,https://www.rbi.org.in/Scripts/NotificationUser.aspx?Id=4128&Mode=0,https://www.rbi.org.in/Scripts/NotificationUser.aspx,2026-05-30T08:45:50.700985+00:00
2008-04-16,Tender for Competitive Bids - Application Form for 10-years Stock,,https://www.rbi.org.in/Scripts/NotificationUser.aspx?Id=4127&Mode=0,https://www.rbi.org.in/Scripts/NotificationUser.aspx,2026-05-30T08:45:50.700985+00:00
2008-04-16,GOI Notification - New Security 2018,,https://www.rbi.org.in/Scripts/NotificationUser.aspx?Id=4126&Mode=0,https://www.rbi.org.in/Scripts/NotificationUser.aspx,2026-05-30T08:45:50.700985+00:00
2008-04-16,Tender for Non Competitive Bids - 8.33 per cent,,https://www.rbi.org.in/Scripts/NotificationUser.aspx?Id=4125&Mode=0,https://www.rbi.org.in/Scripts/NotificationUser.aspx,2026-05-30T08:45:50.700985+00:00
2008-04-16,Tender for Competitive Bids - 8.33 per cent,,https://www.rbi.org.in/Scripts/NotificationUser.aspx?Id=4124&Mode=0,https://www.rbi.org.in/Scripts/NotificationUser.aspx,2026-05-30T08:45:50.700985+00:00
2008-04-16,GOI Notification - 8.33 per cent - 2036,,https://www.rbi.org.in/Scripts/NotificationUser.aspx?Id=4123&Mode=0,https://www.rbi.org.in/Scripts/NotificationUser.aspx,2026-05-30T08:45:50.700985+00:00
2008-04-16,RBI Notification,,https://www.rbi.org.in/Scripts/NotificationUser.aspx?Id=4122&Mode=0,https://www.rbi.org.in/Scripts/NotificationUser.aspx,2026-05-30T08:45:50.700985+00:00
2008-04-16,Direct Receipt of Import Bills / Documents for Import of Rough Precious & Semi-Precious Stones - Liberalisation,,https://www.rbi.org.in/Scripts/NotificationUser.aspx?Id=4121&Mode=0,https://www.rbi.org.in/Scripts/NotificationUser.aspx,2026-05-30T08:45:50.700985+00:00
2008-04-15,Total Financial Inclusion and Credit Requirement of SHGs,,https://www.rbi.org.in/Scripts/NotificationUser.aspx?Id=4130&Mode=0,https://www.rbi.org.in/Scripts/NotificationUser.aspx,2026-05-30T08:45:50.700985+00:00
2008-04-15,Self Employment Scheme for Rehabilitation of Manual Scavengers,,https://www.rbi.org.in/Scripts/NotificationUser.aspx?Id=4120&Mode=0,https://www.rbi.org.in/Scripts/NotificationUser.aspx,2026-05-30T08:45:50.700985+00:00
2008-04-11,Scheme for Non-competitive Bidding Facility in the Auctions of Government Securities,,https://www.rbi.org.in/Scripts/NotificationUser.aspx?Id=4118&Mode=0,https://www.rbi.org.in/Scripts/NotificationUser.aspx,2026-05-30T08:45:50.700985+00:00
2008-04-11,Tender for Non Competitive Bids - 6.57 per cent,,https://www.rbi.org.in/Scripts/NotificationUser.aspx?Id=4117&Mode=0,https://www.rbi.org.in/Scripts/NotificationUser.aspx,2026-05-30T08:45:50.700985+00:00
2008-04-11,Tender for Competitive Bids - 6.57 per cent,,https://www.rbi.org.in/Scripts/NotificationUser.aspx?Id=4116&Mode=0,https://www.rbi.org.in/Scripts/NotificationUser.aspx,2026-05-30T08:45:50.700985+00:00
2008-04-11,GOI Notification - 6.57 per cent - 2011,,https://www.rbi.org.in/Scripts/NotificationUser.aspx?Id=4115&Mode=0,https://www.rbi.org.in/Scripts/NotificationUser.aspx,2026-05-30T08:45:50.700985+00:00
2008-04-10,Mandatory electronic payment of tax by certain Categories of taxpayers w.e.f. 1.4.2008,,https://www.rbi.org.in/Scripts/NotificationUser.aspx?Id=4114&Mode=0,https://www.rbi.org.in/Scripts/NotificationUser.aspx,2026-05-30T08:45:50.700985+00:00
2008-04-10,Differential Rate of Interest Scheme- Revision of the income limits,,https://www.rbi.org.in/Scripts/NotificationUser.aspx?Id=4113&Mode=0,https://www.rbi.org.in/Scripts/NotificationUser.aspx,2026-05-30T08:45:50.700985+00:00
2008-04-09,Guidelines on Asset-Liability Management (ALM) System,,https://www.rbi.org.in/Scripts/NotificationUser.aspx?Id=4112&Mode=0,https://www.rbi.org.in/Scripts/NotificationUser.aspx,2026-05-30T08:45:50.700985+00:00
2008-04-04,Scheme for Non-competitive Bidding Facility in the Auctions of Government Securities,,https://www.rbi.org.in/Scripts/NotificationUser.aspx?Id=4111&Mode=0,https://www.rbi.org.in/Scripts/NotificationUser.aspx,2026-05-30T08:45:50.700985+00:00
2008-04-04,Tender for Non Competitive Bids - 7.95 per cent,,https://www.rbi.org.in/Scripts/NotificationUser.aspx?Id=4110&Mode=0,https://www.rbi.org.in/Scripts/NotificationUser.aspx,2026-05-30T08:45:50.700985+00:00
2008-04-04,Tender for Competitive Bids - 7.95 per cent,,https://www.rbi.org.in/Scripts/NotificationUser.aspx?Id=4109&Mode=0,https://www.rbi.org.in/Scripts/NotificationUser.aspx,2026-05-30T08:45:50.700985+00:00
2008-04-04,GOI Notification - 7.95 per cent - 2032,,https://www.rbi.org.in/Scripts/NotificationUser.aspx?Id=4108&Mode=0,https://www.rbi.org.in/Scripts/NotificationUser.aspx,2026-05-30T08:45:50.700985+00:00
2008-04-04,Tender for Non Competitive Bids - 7.38 per cent,,https://www.rbi.org.in/Scripts/NotificationUser.aspx?Id=4107&Mode=0,https://www.rbi.org.in/Scripts/NotificationUser.aspx,2026-05-30T08:45:50.700985+00:00
2008-04-04,Tender for Competitive Bids - 7.38 per cent,,https://www.rbi.org.in/Scripts/NotificationUser.aspx?Id=4106&Mode=0,https://www.rbi.org.in/Scripts/NotificationUser.aspx,2026-05-30T08:45:50.700985+00:00
2008-04-04,GOI Notification - 7.38 per cent - 2015,,https://www.rbi.org.in/Scripts/NotificationUser.aspx?Id=4105&Mode=0,https://www.rbi.org.in/Scripts/NotificationUser.aspx,2026-05-30T08:45:50.700985+00:00
2008-04-04,RBI Notification,,https://www.rbi.org.in/Scripts/NotificationUser.aspx?Id=4104&Mode=0,https://www.rbi.org.in/Scripts/NotificationUser.aspx,2026-05-30T08:45:50.700985+00:00
2008-04-04,Scheme for Non-competitive Bidding Facility in the Auctions of Government Securities,,https://www.rbi.org.in/Scripts/NotificationUser.aspx?Id=4103&Mode=0,https://www.rbi.org.in/Scripts/NotificationUser.aspx,2026-05-30T08:45:50.700985+00:00
2008-04-04,Tender for Non Competitive Bids - 6.57 per cent,,https://www.rbi.org.in/Scripts/NotificationUser.aspx?Id=4102&Mode=0,https://www.rbi.org.in/Scripts/NotificationUser.aspx,2026-05-30T08:45:50.700985+00:00
2008-04-04,Tender for Competitive Bids - 6.57 per cent,,https://www.rbi.org.in/Scripts/NotificationUser.aspx?Id=4101&Mode=0,https://www.rbi.org.in/Scripts/NotificationUser.aspx,2026-05-30T08:45:50.700985+00:00
2008-04-04,GOI Notification - 6.57 per cent - 2011,,https://www.rbi.org.in/Scripts/NotificationUser.aspx?Id=4100&Mode=0,https://www.rbi.org.in/Scripts/NotificationUser.aspx,2026-05-30T08:45:50.700985+00:00
2008-04-04,Liberalised Remittance Scheme for Resident Individuals - Reporting,,https://www.rbi.org.in/Scripts/NotificationUser.aspx?Id=4099&Mode=0,https://www.rbi.org.in/Scripts/NotificationUser.aspx,2026-05-30T08:45:50.700985+00:00
2008-04-04,Deferred Payment Protocols between GOI and erstwhile USSR,,https://www.rbi.org.in/Scripts/NotificationUser.aspx?Id=4098&Mode=0,https://www.rbi.org.in/Scripts/NotificationUser.aspx,2026-05-30T08:45:50.700985+00:00
2008-04-03,Cut-off time for e-payment transactions pertaing to Government Revenue,,https://www.rbi.org.in/Scripts/NotificationUser.aspx?Id=4097&Mode=0,https://www.rbi.org.in/Scripts/NotificationUser.aspx,2026-05-30T08:45:50.700985+00:00
2008-04-03,Overseas Investment by Mutual Funds - Liberalisation,,https://www.rbi.org.in/Scripts/NotificationUser.aspx?Id=4096&Mode=0,https://www.rbi.org.in/Scripts/NotificationUser.aspx,2026-05-30T08:45:50.700985+00:00
2008-04-02,"Income recognition, asset classification and provisioning norms-UCBs",,https://www.rbi.org.in/Scripts/NotificationUser.aspx?Id=4095&Mode=0,https://www.rbi.org.in/Scripts/NotificationUser.aspx,2026-05-30T08:45:50.700985+00:00
2008-04-01,PMRY – 2007-08 – cut-off date for sanction/disbursement of loans extended,,https://www.rbi.org.in/Scripts/NotificationUser.aspx?Id=4093&Mode=0,https://www.rbi.org.in/Scripts/NotificationUser.aspx,2026-05-30T08:45:50.700985+00:00
2008-04-01,Formation of new district in Rajasthan – Assignment of Lead Bank responsibility,,https://www.rbi.org.in/Scripts/NotificationUser.aspx?Id=4092&Mode=0,https://www.rbi.org.in/Scripts/NotificationUser.aspx,2026-05-30T08:45:50.700985+00:00
2025-09-29,"Foreign Exchange Management (Debt Instruments) (Fourth Amendment) Regulations, 2025",,https://www.rbi.org.in/Scripts/NotificationUser.aspx?Id=12914&Mode=0,https://www.rbi.org.in/Scripts/NotificationUser.aspx,2026-05-30T08:45:51.307729+00:00
2025-09-26,"Special Clearing in Cheque Truncation System on October 3, 2025",,https://www.rbi.org.in/Scripts/NotificationUser.aspx?Id=12900&Mode=0,https://www.rbi.org.in/Scripts/NotificationUser.aspx,2026-05-30T08:45:51.307729+00:00
2025-09-25,"Reserve Bank of India (Authentication mechanisms for digital payment transactions) Directions, 2025",,https://www.rbi.org.in/Scripts/NotificationUser.aspx?Id=12898&Mode=0,https://www.rbi.org.in/Scripts/NotificationUser.aspx,2026-05-30T08:45:51.307729+00:00
2025-09-22,Participation of Standalone Primary Dealers in Non-deliverable Rupee Derivative Markets,,https://www.rbi.org.in/Scripts/NotificationUser.aspx?Id=12897&Mode=0,https://www.rbi.org.in/Scripts/NotificationUser.aspx,2026-05-30T08:45:51.307729+00:00
2025-09-15,Master Direction on Regulation of Payment Aggregator (PA),,https://www.rbi.org.in/Scripts/NotificationUser.aspx?Id=12896&Mode=0,https://www.rbi.org.in/Scripts/NotificationUser.aspx,2026-05-30T08:45:51.307729+00:00
2025-09-05,Returns – Department of Payment and Settlement Systems – Submission in CIMS,,https://www.rbi.org.in/Scripts/NotificationUser.aspx?Id=12895&Mode=0,https://www.rbi.org.in/Scripts/NotificationUser.aspx,2026-05-30T08:45:51.307729+00:00
2008-03-31,Exim Bank's Line of Credit of USD100 million to the Government of Nepal,,https://www.rbi.org.in/Scripts/NotificationUser.aspx?Id=4090&Mode=0,https://www.rbi.org.in/Scripts/NotificationUser.aspx,2026-05-30T08:45:53.262954+00:00
2008-03-31,Exim Bank's Line of Credit of USD 10.4 million to the Government of Suriname,,https://www.rbi.org.in/Scripts/NotificationUser.aspx?Id=4089&Mode=0,https://www.rbi.org.in/Scripts/NotificationUser.aspx,2026-05-30T08:45:53.262954+00:00
2008-03-27,Formation of new district in Gujarat – Assignment of Lead Bank Responsibility,,https://www.rbi.org.in/Scripts/NotificationUser.aspx?Id=4088&Mode=0,https://www.rbi.org.in/Scripts/NotificationUser.aspx,2026-05-30T08:45:53.262954+00:00
2008-03-25,Annual Closing of Government Accounts – 2007-08 – Special Measures,,https://www.rbi.org.in/Scripts/NotificationUser.aspx?Id=4085&Mode=0,https://www.rbi.org.in/Scripts/NotificationUser.aspx,2026-05-30T08:45:53.262954+00:00
2008-03-19,Annual Reporting System in respect of Non-SSI Sick/Weak Industrial Units,,https://www.rbi.org.in/Scripts/NotificationUser.aspx?Id=4086&Mode=0,https://www.rbi.org.in/Scripts/NotificationUser.aspx,2026-05-30T08:45:53.262954+00:00
2008-03-12,Customer charges for use of ATMs for cash withdrawal and balance enquiry - UCBs,,https://www.rbi.org.in/Scripts/NotificationUser.aspx?Id=4079&Mode=0,https://www.rbi.org.in/Scripts/NotificationUser.aspx,2026-05-30T08:45:53.262954+00:00
2008-03-11,Exim Bank's Line of Credit of USD 45 million to the Government of the Socialist Republic of Vietnam,Socialist,https://www.rbi.org.in/Scripts/NotificationUser.aspx?Id=4078&Mode=0,https://www.rbi.org.in/Scripts/NotificationUser.aspx,2026-05-30T08:45:53.262954+00:00
2008-03-10,Customer charges for use of ATMs for cash withdrawal and balance enquiry,,https://www.rbi.org.in/Scripts/NotificationUser.aspx?Id=4076&Mode=0,https://www.rbi.org.in/Scripts/NotificationUser.aspx,2026-05-30T08:45:53.262954+00:00
2008-03-07,Classification of UCBs for Regulatory Purposes - Revised Norms,,https://www.rbi.org.in/Scripts/NotificationUser.aspx?Id=4075&Mode=0,https://www.rbi.org.in/Scripts/NotificationUser.aspx,2026-05-30T08:45:53.262954+00:00
2008-03-05,Cut off time for e-Payment transactions pertaining to Government Revenue,,https://www.rbi.org.in/Scripts/NotificationUser.aspx?Id=4074&Mode=0,https://www.rbi.org.in/Scripts/NotificationUser.aspx,2026-05-30T08:45:53.262954+00:00
2008-03-05,Frauds – Future approach towards monitoring of frauds in NBFCs,,https://www.rbi.org.in/Scripts/NotificationUser.aspx?Id=4072&Mode=0,https://www.rbi.org.in/Scripts/NotificationUser.aspx,2026-05-30T08:45:53.262954+00:00
2008-03-05,Regulation of SCs/RCs-submission of returns and audited balance sheet by SCs/RCs,,https://www.rbi.org.in/Scripts/NotificationUser.aspx?Id=4071&Mode=0,https://www.rbi.org.in/Scripts/NotificationUser.aspx,2026-05-30T08:45:53.262954+00:00
2008-03-03,Provision for 'drop down menu' in the e-payment software of nominated banks,software,https://www.rbi.org.in/Scripts/NotificationUser.aspx?Id=4073&Mode=0,https://www.rbi.org.in/Scripts/NotificationUser.aspx,2026-05-30T08:45:53.262954+00:00
2025-08-25,"Implementation of Section 51A of UAPA, 1967: Updates to UNSC’s 1267/1989 ISIL (Da'esh) & Al-Qaida Sanctions List: Amendments to 05 Entries",,https://www.rbi.org.in/Scripts/NotificationUser.aspx?Id=12894&Mode=0,https://www.rbi.org.in/Scripts/NotificationUser.aspx,2026-05-30T08:45:53.754010+00:00
2025-08-13,Introduction of Continuous Clearing and Settlement on Realisation in Cheque Truncation System,,https://www.rbi.org.in/Scripts/NotificationUser.aspx?Id=12891&Mode=0,https://www.rbi.org.in/Scripts/NotificationUser.aspx,2026-05-30T08:45:53.754010+00:00
2025-08-12,Investment in Government Securities by Persons Resident Outside India through Special Rupee Vostro account,,https://www.rbi.org.in/Scripts/NotificationUser.aspx?Id=12890&Mode=0,https://www.rbi.org.in/Scripts/NotificationUser.aspx,2026-05-30T08:45:53.754010+00:00
2025-08-05,International Trade Settlement in Indian Rupees (INR),,https://www.rbi.org.in/Scripts/NotificationUser.aspx?Id=12887&Mode=0,https://www.rbi.org.in/Scripts/NotificationUser.aspx,2026-05-30T08:45:53.754010+00:00
2008-02-28,StCBs/DCCBs - KYC Norms / AML Standards / Combating of Financing of Terrorism,,https://www.rbi.org.in/Scripts/NotificationUser.aspx?Id=4066&Mode=0,https://www.rbi.org.in/Scripts/NotificationUser.aspx,2026-05-30T08:45:55.827359+00:00
2008-02-27,"Repayment of 6.5% Savings Bonds, 2003 (Non Taxable)",,https://www.rbi.org.in/Scripts/NotificationUser.aspx?Id=4065&Mode=0,https://www.rbi.org.in/Scripts/NotificationUser.aspx,2026-05-30T08:45:55.827359+00:00
2008-02-27,RRBs - KYC Norms / AML Standards / Combating of Financing of Terrorism,,https://www.rbi.org.in/Scripts/NotificationUser.aspx?Id=4064&Mode=0,https://www.rbi.org.in/Scripts/NotificationUser.aspx,2026-05-30T08:45:55.827359+00:00
2008-02-25,UCBs - KYC Norms / AMLStandards / Combating of Financing of Terrorism,,https://www.rbi.org.in/Scripts/NotificationUser.aspx?Id=4067&Mode=0,https://www.rbi.org.in/Scripts/NotificationUser.aspx,2026-05-30T08:45:55.827359+00:00
2008-02-25,Compilation of Bank-wide consolidated R-Return,,https://www.rbi.org.in/Scripts/NotificationUser.aspx?Id=4063&Mode=0,https://www.rbi.org.in/Scripts/NotificationUser.aspx,2026-05-30T08:45:55.827359+00:00
2008-02-22,"Foreign Exchange Management (Transfer or Issue of Security by A Person Resident Outside India) (Amendment) Regulations, 2008",,https://www.rbi.org.in/Scripts/NotificationUser.aspx?Id=4654&Mode=0,https://www.rbi.org.in/Scripts/NotificationUser.aspx,2026-05-30T08:45:55.827359+00:00
2008-02-22,Exim Bank's Line of Credit to the Government of the Federal Democratic Republic of Ethiopia,,https://www.rbi.org.in/Scripts/NotificationUser.aspx?Id=4062&Mode=0,https://www.rbi.org.in/Scripts/NotificationUser.aspx,2026-05-30T08:45:55.827359+00:00
2008-02-21,Master Circular on Miscellaneous Remittances from India – Facilities for Residents,,https://www.rbi.org.in/Scripts/NotificationUser.aspx?Id=3637&Mode=0,https://www.rbi.org.in/Scripts/NotificationUser.aspx,2026-05-30T08:45:55.827359+00:00
2008-02-21,Master Circular on Remittance Facilities for Non-Resident Indians / Persons of Indian Origin / Foreign Nationals,,https://www.rbi.org.in/Scripts/NotificationUser.aspx?Id=3635&Mode=0,https://www.rbi.org.in/Scripts/NotificationUser.aspx,2026-05-30T08:45:55.827359+00:00
2008-02-21,Master Circular on Non-Resident Ordinary Rupee (NRO) Account,,https://www.rbi.org.in/Scripts/NotificationUser.aspx?Id=3632&Mode=0,https://www.rbi.org.in/Scripts/NotificationUser.aspx,2026-05-30T08:45:55.827359+00:00
2008-02-19,Credit Facilities to Scheduled Castes/Scheduled Tribes- Revised Annexure,,https://www.rbi.org.in/Scripts/NotificationUser.aspx?Id=4061&Mode=0,https://www.rbi.org.in/Scripts/NotificationUser.aspx,2026-05-30T08:45:55.827359+00:00
2008-02-19,Guidelines for Relief Measures by Banks to Poultry Industry (2008),,https://www.rbi.org.in/Scripts/NotificationUser.aspx?Id=4057&Mode=0,https://www.rbi.org.in/Scripts/NotificationUser.aspx,2026-05-30T08:45:55.827359+00:00
2008-02-18,Know Your Customer (KYC) Norms / Anti-Money Laundering (AML) Standards / Combating of Financing of Terrorism (CFT),,https://www.rbi.org.in/Scripts/NotificationUser.aspx?Id=4056&Mode=0,https://www.rbi.org.in/Scripts/NotificationUser.aspx,2026-05-30T08:45:55.827359+00:00
2008-02-15,Regulatory Framework for Mortgage Guarantee Company,,https://www.rbi.org.in/Scripts/NotificationUser.aspx?Id=4055&Mode=0,https://www.rbi.org.in/Scripts/NotificationUser.aspx,2026-05-30T08:45:55.827359+00:00
2008-02-08,Reporting/Accounting of March Transactions-Special Arrangements – 2007-08,,https://www.rbi.org.in/Scripts/NotificationUser.aspx?Id=4052&Mode=0,https://www.rbi.org.in/Scripts/NotificationUser.aspx,2026-05-30T08:45:55.827359+00:00
2008-02-08,Scheme for Non-competitive Bidding Facility in the Auctions of Government Securities,,https://www.rbi.org.in/Scripts/NotificationUser.aspx?Id=4050&Mode=0,https://www.rbi.org.in/Scripts/NotificationUser.aspx,2026-05-30T08:45:55.827359+00:00
2008-02-08,Tender for Non Competitive Bids - 6.57 per cent,,https://www.rbi.org.in/Scripts/NotificationUser.aspx?Id=4049&Mode=0,https://www.rbi.org.in/Scripts/NotificationUser.aspx,2026-05-30T08:45:55.827359+00:00
2008-02-08,Tender for Competitive Bids - 6.57 per cent,,https://www.rbi.org.in/Scripts/NotificationUser.aspx?Id=4048&Mode=0,https://www.rbi.org.in/Scripts/NotificationUser.aspx,2026-05-30T08:45:55.827359+00:00
2008-02-08,GOI Notification - 6.57 per cent - 2011,,https://www.rbi.org.in/Scripts/NotificationUser.aspx?Id=4047&Mode=0,https://www.rbi.org.in/Scripts/NotificationUser.aspx,2026-05-30T08:45:55.827359+00:00
2008-02-06,Memorandum of Instructions for Opening and Maintenance of Rupee / Foreign Currency Vostro Accounts of Non-resident Exchange Houses,,https://www.rbi.org.in/Scripts/NotificationUser.aspx?Id=4046&Mode=0,https://www.rbi.org.in/Scripts/NotificationUser.aspx,2026-05-30T08:45:55.827359+00:00
2008-02-05,Exim Bank's Line of Credit of USD 35.20 million to the Government of the Kingdom of Combodia,,https://www.rbi.org.in/Scripts/NotificationUser.aspx?Id=4045&Mode=0,https://www.rbi.org.in/Scripts/NotificationUser.aspx,2026-05-30T08:45:55.827359+00:00
2008-02-01,Scheme for Non-competitive Bidding Facility in the Auctions of Government Securities,,https://www.rbi.org.in/Scripts/NotificationUser.aspx?Id=4044&Mode=0,https://www.rbi.org.in/Scripts/NotificationUser.aspx,2026-05-30T08:45:55.827359+00:00
2008-02-01,Tender for Non Competitive Bids - 12.25 per cent,,https://www.rbi.org.in/Scripts/NotificationUser.aspx?Id=4043&Mode=0,https://www.rbi.org.in/Scripts/NotificationUser.aspx,2026-05-30T08:45:55.827359+00:00
2008-02-01,Tender for Competitive Bids - 12.25 per cent,,https://www.rbi.org.in/Scripts/NotificationUser.aspx?Id=4042&Mode=0,https://www.rbi.org.in/Scripts/NotificationUser.aspx,2026-05-30T08:45:55.827359+00:00
2008-02-01,GOI Notification - 12.25 per cent - 2010,,https://www.rbi.org.in/Scripts/NotificationUser.aspx?Id=4041&Mode=0,https://www.rbi.org.in/Scripts/NotificationUser.aspx,2026-05-30T08:45:55.827359+00:00
2008-02-01,Scheme for Non-competitive Bidding Facility in the Auctions of Government Securities,,https://www.rbi.org.in/Scripts/NotificationUser.aspx?Id=4040&Mode=0,https://www.rbi.org.in/Scripts/NotificationUser.aspx,2026-05-30T08:45:55.827359+00:00
2008-02-01,Tender for Non Competitive Bids - 8.33 per cent,,https://www.rbi.org.in/Scripts/NotificationUser.aspx?Id=4039&Mode=0,https://www.rbi.org.in/Scripts/NotificationUser.aspx,2026-05-30T08:45:55.827359+00:00
2008-02-01,Tender for Competitive Bids - 8.33 per cent,,https://www.rbi.org.in/Scripts/NotificationUser.aspx?Id=4038&Mode=0,https://www.rbi.org.in/Scripts/NotificationUser.aspx,2026-05-30T08:45:55.827359+00:00
2008-02-01,GOI Notification - 8.33 per cent - 2036,,https://www.rbi.org.in/Scripts/NotificationUser.aspx?Id=4037&Mode=0,https://www.rbi.org.in/Scripts/NotificationUser.aspx,2026-05-30T08:45:55.827359+00:00
2008-02-01,Tender for Non Competitive Bids - 8.20 per cent,,https://www.rbi.org.in/Scripts/NotificationUser.aspx?Id=4036&Mode=0,https://www.rbi.org.in/Scripts/NotificationUser.aspx,2026-05-30T08:45:55.827359+00:00
2008-02-01,Tender for Competitive Bids - 8.20 per cent,,https://www.rbi.org.in/Scripts/NotificationUser.aspx?Id=4035&Mode=0,https://www.rbi.org.in/Scripts/NotificationUser.aspx,2026-05-30T08:45:55.827359+00:00
2008-02-01,GOI Notification - 8.20 per cent - 2022,,https://www.rbi.org.in/Scripts/NotificationUser.aspx?Id=4034&Mode=0,https://www.rbi.org.in/Scripts/NotificationUser.aspx,2026-05-30T08:45:55.827359+00:00
2008-02-01,RBI Notification,,https://www.rbi.org.in/Scripts/NotificationUser.aspx?Id=4033&Mode=0,https://www.rbi.org.in/Scripts/NotificationUser.aspx,2026-05-30T08:45:55.827359+00:00
2025-07-25,"Inclusion of “Ahmednagar Merchant’s Co-op. Bank Ltd., Ahmednagar” in the Second Schedule of the Reserve Bank of India Act, 1934",,https://www.rbi.org.in/Scripts/NotificationUser.aspx?Id=12885&Mode=0,https://www.rbi.org.in/Scripts/NotificationUser.aspx,2026-05-30T08:45:57.045412+00:00
2025-07-25,"Inclusion of “Deogiri Nagari Sahakari Bank Ltd., Chhatrapati Sambhajinagar” in the Second Schedule of the Reserve Bank of India Act, 1934",,https://www.rbi.org.in/Scripts/NotificationUser.aspx?Id=12884&Mode=0,https://www.rbi.org.in/Scripts/NotificationUser.aspx,2026-05-30T08:45:57.045412+00:00
2025-07-18,Formation of new district in the State of Arunachal Pradesh – Assignment of Lead Bank Responsibility,,https://www.rbi.org.in/Scripts/NotificationUser.aspx?Id=12883&Mode=0,https://www.rbi.org.in/Scripts/NotificationUser.aspx,2026-05-30T08:45:57.045412+00:00
2025-07-17,"Inclusion of “NSDL Payments Bank Limited” in the Second Schedule of the Reserve Bank of India Act, 1934",,https://www.rbi.org.in/Scripts/NotificationUser.aspx?Id=12882&Mode=0,https://www.rbi.org.in/Scripts/NotificationUser.aspx,2026-05-30T08:45:57.045412+00:00
2025-07-11,Lending Against Gold and Silver Collateral - Voluntary Pledge of Gold and Silver as Collateral for Agriculture and MSME Loans,,https://www.rbi.org.in/Scripts/NotificationUser.aspx?Id=12881&Mode=0,https://www.rbi.org.in/Scripts/NotificationUser.aspx,2026-05-30T08:45:57.045412+00:00
2025-07-04,"Foreign Exchange Management (Export of Goods & Services) (Amendment) Regulations, 2025",,https://www.rbi.org.in/Scripts/NotificationUser.aspx?Id=12879&Mode=0,https://www.rbi.org.in/Scripts/NotificationUser.aspx,2026-05-30T08:45:57.045412+00:00
2008-01-29,Third Quarter Review of Annual Policy 2007-08,,https://www.rbi.org.in/Scripts/NotificationUser.aspx?Id=4031&Mode=0,https://www.rbi.org.in/Scripts/NotificationUser.aspx,2026-05-30T08:45:58.496908+00:00
2008-01-28,Scheme for Non-competitive Bidding Facility in the Auctions of Government Securities,,https://www.rbi.org.in/Scripts/NotificationUser.aspx?Id=4030&Mode=0,https://www.rbi.org.in/Scripts/NotificationUser.aspx,2026-05-30T08:45:58.496908+00:00
2008-01-28,Tender for Non Competitive Bids - 11.30 per cent,,https://www.rbi.org.in/Scripts/NotificationUser.aspx?Id=4029&Mode=0,https://www.rbi.org.in/Scripts/NotificationUser.aspx,2026-05-30T08:45:58.496908+00:00
2008-01-28,Tender for Competitive Bids - 11.30 per cent,,https://www.rbi.org.in/Scripts/NotificationUser.aspx?Id=4028&Mode=0,https://www.rbi.org.in/Scripts/NotificationUser.aspx,2026-05-30T08:45:58.496908+00:00
2008-01-28,GOI Notification - 11.30 per cent - 2010,,https://www.rbi.org.in/Scripts/NotificationUser.aspx?Id=4027&Mode=0,https://www.rbi.org.in/Scripts/NotificationUser.aspx,2026-05-30T08:45:58.496908+00:00
2008-01-28,"Exim Bank's Line of Credit (LOC) of USD 60 million to Myanma Foreign Trade Bank, Myanmar",,https://www.rbi.org.in/Scripts/NotificationUser.aspx?Id=4026&Mode=0,https://www.rbi.org.in/Scripts/NotificationUser.aspx,2026-05-30T08:45:58.496908+00:00
2008-01-25,"Foreign Exchange Management (Foreign Currency Accounts by a person resident in India) (Amendment) Regulations, 2008",,https://www.rbi.org.in/Scripts/NotificationUser.aspx?Id=4084&Mode=0,https://www.rbi.org.in/Scripts/NotificationUser.aspx,2026-05-30T08:45:58.496908+00:00
2008-01-25,Deferred Payment Protocols between GOI and erstwhile USSR,,https://www.rbi.org.in/Scripts/NotificationUser.aspx?Id=4025&Mode=0,https://www.rbi.org.in/Scripts/NotificationUser.aspx,2026-05-30T08:45:58.496908+00:00
2008-01-23,Exim Bank's Line of Credit (LOC) of USD 5 million to Nigerian Export-Import Bank,,https://www.rbi.org.in/Scripts/NotificationUser.aspx?Id=4024&Mode=0,https://www.rbi.org.in/Scripts/NotificationUser.aspx,2026-05-30T08:45:58.496908+00:00
2008-01-18,Scheme for Non-competitive Bidding Facility in the Auctions of Government Securities,,https://www.rbi.org.in/Scripts/NotificationUser.aspx?Id=4023&Mode=0,https://www.rbi.org.in/Scripts/NotificationUser.aspx,2026-05-30T08:45:58.496908+00:00
2008-01-18,Tender for Non Competitive Bids - 12.25 per cent,,https://www.rbi.org.in/Scripts/NotificationUser.aspx?Id=4022&Mode=0,https://www.rbi.org.in/Scripts/NotificationUser.aspx,2026-05-30T08:45:58.496908+00:00
2008-01-18,Tender for Competitive Bids - 12.25 per cent,,https://www.rbi.org.in/Scripts/NotificationUser.aspx?Id=4021&Mode=0,https://www.rbi.org.in/Scripts/NotificationUser.aspx,2026-05-30T08:45:58.496908+00:00
2008-01-18,GOI Notification - 12.25 per cent - 2010,,https://www.rbi.org.in/Scripts/NotificationUser.aspx?Id=4020&Mode=0,https://www.rbi.org.in/Scripts/NotificationUser.aspx,2026-05-30T08:45:58.496908+00:00
2008-01-18,Tender for Non Competitive Bids - 6.57 per cent,,https://www.rbi.org.in/Scripts/NotificationUser.aspx?Id=4019&Mode=0,https://www.rbi.org.in/Scripts/NotificationUser.aspx,2026-05-30T08:45:58.496908+00:00
2008-01-18,Tender for Competitive Bids - 6.57 per cent,,https://www.rbi.org.in/Scripts/NotificationUser.aspx?Id=4018&Mode=0,https://www.rbi.org.in/Scripts/NotificationUser.aspx,2026-05-30T08:45:58.496908+00:00
2008-01-18,GOI Notification - 6.57 per cent - 2011,,https://www.rbi.org.in/Scripts/NotificationUser.aspx?Id=4017&Mode=0,https://www.rbi.org.in/Scripts/NotificationUser.aspx,2026-05-30T08:45:58.496908+00:00
2008-01-15,Formation of new district in Tamil Nadu – Assignment of Lead Bank responsibility,,https://www.rbi.org.in/Scripts/NotificationUser.aspx?Id=4015&Mode=0,https://www.rbi.org.in/Scripts/NotificationUser.aspx,2026-05-30T08:45:58.496908+00:00
2008-01-15,Data quality in Electronic Accounting System in Central Excise & Service Tax (EASIEST),,https://www.rbi.org.in/Scripts/NotificationUser.aspx?Id=4014&Mode=0,https://www.rbi.org.in/Scripts/NotificationUser.aspx,2026-05-30T08:45:58.496908+00:00
2008-01-11,Scheme for Non-competitive Bidding Facility in the Auctions of Government Securities,,https://www.rbi.org.in/Scripts/NotificationUser.aspx?Id=4012&Mode=0,https://www.rbi.org.in/Scripts/NotificationUser.aspx,2026-05-30T08:45:58.496908+00:00
2008-01-11,Tender for Non Competitive Bids - 11.30 per cent,,https://www.rbi.org.in/Scripts/NotificationUser.aspx?Id=4011&Mode=0,https://www.rbi.org.in/Scripts/NotificationUser.aspx,2026-05-30T08:45:58.496908+00:00
2008-01-11,Tender for Competitive Bids - 11.30 per cent,,https://www.rbi.org.in/Scripts/NotificationUser.aspx?Id=4010&Mode=0,https://www.rbi.org.in/Scripts/NotificationUser.aspx,2026-05-30T08:45:58.496908+00:00
2008-01-11,GOI Notification - 11.30 per cent - 2010,,https://www.rbi.org.in/Scripts/NotificationUser.aspx?Id=4009&Mode=0,https://www.rbi.org.in/Scripts/NotificationUser.aspx,2026-05-30T08:45:58.496908+00:00
2008-01-08,RRBs – Appropriation from Reserve Fund,,https://www.rbi.org.in/Scripts/NotificationUser.aspx?Id=4001&Mode=0,https://www.rbi.org.in/Scripts/NotificationUser.aspx,2026-05-30T08:45:58.496908+00:00
2008-01-04,Scheme for Non-competitive Bidding Facility in the Auctions of Government Securities,,https://www.rbi.org.in/Scripts/NotificationUser.aspx?Id=4000&Mode=0,https://www.rbi.org.in/Scripts/NotificationUser.aspx,2026-05-30T08:45:58.496908+00:00
2008-01-04,Tender for Non Competitive Bids - 8.33 per cent,,https://www.rbi.org.in/Scripts/NotificationUser.aspx?Id=3999&Mode=0,https://www.rbi.org.in/Scripts/NotificationUser.aspx,2026-05-30T08:45:58.496908+00:00
2008-01-04,Tender for Competitive Bids - 8.33 per cent,,https://www.rbi.org.in/Scripts/NotificationUser.aspx?Id=3998&Mode=0,https://www.rbi.org.in/Scripts/NotificationUser.aspx,2026-05-30T08:45:58.496908+00:00
2008-01-04,GOI Notification - 8.33 per cent - 2036,,https://www.rbi.org.in/Scripts/NotificationUser.aspx?Id=3997&Mode=0,https://www.rbi.org.in/Scripts/NotificationUser.aspx,2026-05-30T08:45:58.496908+00:00
2008-01-04,Tender for Non Competitive Bids - 7.99 per cent,,https://www.rbi.org.in/Scripts/NotificationUser.aspx?Id=3996&Mode=0,https://www.rbi.org.in/Scripts/NotificationUser.aspx,2026-05-30T08:45:58.496908+00:00
2008-01-04,Tender for Competitive Bids - 7.99 per cent,,https://www.rbi.org.in/Scripts/NotificationUser.aspx?Id=3995&Mode=0,https://www.rbi.org.in/Scripts/NotificationUser.aspx,2026-05-30T08:45:58.496908+00:00
2008-01-04,GOI Notification - 7.99 per cent - 2017,,https://www.rbi.org.in/Scripts/NotificationUser.aspx?Id=3994&Mode=0,https://www.rbi.org.in/Scripts/NotificationUser.aspx,2026-05-30T08:45:58.496908+00:00
2008-01-04,RBI Notification,,https://www.rbi.org.in/Scripts/NotificationUser.aspx?Id=3993&Mode=0,https://www.rbi.org.in/Scripts/NotificationUser.aspx,2026-05-30T08:45:58.496908+00:00
2008-01-01,When Issued (WI) transactions in Central Government Securities,,https://www.rbi.org.in/Scripts/NotificationUser.aspx?Id=3992&Mode=0,https://www.rbi.org.in/Scripts/NotificationUser.aspx,2026-05-30T08:45:58.496908+00:00
2008-01-01,Secondary Market Transactions in Government Securities - Short-selling,,https://www.rbi.org.in/Scripts/NotificationUser.aspx?Id=3991&Mode=0,https://www.rbi.org.in/Scripts/NotificationUser.aspx,2026-05-30T08:45:58.496908+00:00
2008-01-01,Permission for Shortselling of Equity Shares by SEBI registered FIIs,,https://www.rbi.org.in/Scripts/NotificationUser.aspx?Id=3990&Mode=0,https://www.rbi.org.in/Scripts/NotificationUser.aspx,2026-05-30T08:45:58.496908+00:00
2025-06-27,Aadhaar Enabled Payment System – Due Diligence of AePS Touchpoint Operators,,https://www.rbi.org.in/Scripts/NotificationUser.aspx?Id=12877&Mode=0,https://www.rbi.org.in/Scripts/NotificationUser.aspx,2026-05-30T08:45:59.712279+00:00
2025-06-20,Review of Priority Sector Lending norms - Small Finance Banks,,https://www.rbi.org.in/Scripts/NotificationUser.aspx?Id=12875&Mode=0,https://www.rbi.org.in/Scripts/NotificationUser.aspx,2026-05-30T08:45:59.712279+00:00
2025-06-19,"Implementation of Section 51A of UAPA,1967: Updates to UNSC’s 1267/1989 ISIL (Da'esh) & Al-Qaida Sanctions List: Addition of 01 Entry",,https://www.rbi.org.in/Scripts/NotificationUser.aspx?Id=12874&Mode=0,https://www.rbi.org.in/Scripts/NotificationUser.aspx,2026-05-30T08:45:59.712279+00:00
2025-06-16,"Implementation of Section 51A of UAPA,1967: Updates to UNSC’s 1267/ 1989 ISIL (Da'esh) & Al-Qaida Sanctions List: Removal of 01 Entry",,https://www.rbi.org.in/Scripts/NotificationUser.aspx?Id=12872&Mode=0,https://www.rbi.org.in/Scripts/NotificationUser.aspx,2026-05-30T08:45:59.712279+00:00
2025-06-16,Review of instructions issued vide Master Circular on Conduct of Government Business by Agency Banks - Payment of Agency Commission,,https://www.rbi.org.in/Scripts/NotificationUser.aspx?Id=12871&Mode=0,https://www.rbi.org.in/Scripts/NotificationUser.aspx,2026-05-30T08:45:59.712279+00:00
2025-06-16,"Master Direction – Reserve Bank of India (Electronic Trading Platforms) Directions, 2025",,https://www.rbi.org.in/Scripts/NotificationUser.aspx?Id=12870&Mode=0,https://www.rbi.org.in/Scripts/NotificationUser.aspx,2026-05-30T08:45:59.712279+00:00
2025-06-16,Master Circular - Credit facilities to Scheduled Castes (SCs) & Scheduled Tribes (STs),,https://www.rbi.org.in/Scripts/NotificationUser.aspx?Id=12869&Mode=0,https://www.rbi.org.in/Scripts/NotificationUser.aspx,2026-05-30T08:45:59.712279+00:00
2025-06-13,Import of Shipping Vessel - Relaxation,,https://www.rbi.org.in/Scripts/NotificationUser.aspx?Id=12868&Mode=0,https://www.rbi.org.in/Scripts/NotificationUser.aspx,2026-05-30T08:45:59.712279+00:00
2025-06-12,Stripping/Reconstitution in State Government Securities,,https://www.rbi.org.in/Scripts/NotificationUser.aspx?Id=12867&Mode=0,https://www.rbi.org.in/Scripts/NotificationUser.aspx,2026-05-30T08:45:59.712279+00:00
2025-06-06,"Foreign Exchange Management (Foreign Currency Accounts by a Person Resident in India) (Sixth Amendment) Regulations, 2025",,https://www.rbi.org.in/Scripts/NotificationUser.aspx?Id=12860&Mode=0,https://www.rbi.org.in/Scripts/NotificationUser.aspx,2026-05-30T08:45:59.712279+00:00
2025-06-06,Maintenance of Cash Reserve Ratio (CRR),,https://www.rbi.org.in/Scripts/NotificationUser.aspx?Id=12858&Mode=0,https://www.rbi.org.in/Scripts/NotificationUser.aspx,2026-05-30T08:45:59.712279+00:00
2025-06-06,Penal Interest on shortfall in CRR and SLR requirements - Change in Bank Rate,,https://www.rbi.org.in/Scripts/NotificationUser.aspx?Id=12857&Mode=0,https://www.rbi.org.in/Scripts/NotificationUser.aspx,2026-05-30T08:45:59.712279+00:00
2025-06-06,Standing Liquidity Facility for Primary Dealers,,https://www.rbi.org.in/Scripts/NotificationUser.aspx?Id=12855&Mode=0,https://www.rbi.org.in/Scripts/NotificationUser.aspx,2026-05-30T08:45:59.712279+00:00
2025-06-06,Liquidity Adjustment Facility - Change in rates,,https://www.rbi.org.in/Scripts/NotificationUser.aspx?Id=12854&Mode=0,https://www.rbi.org.in/Scripts/NotificationUser.aspx,2026-05-30T08:45:59.712279+00:00
2025-05-27,"Inclusion of “The Vishweshwar Sahakari Bank Ltd., Pune” in the Second Schedule of the Reserve Bank of India Act, 1934",,https://www.rbi.org.in/Scripts/NotificationUser.aspx?Id=12853&Mode=0,https://www.rbi.org.in/Scripts/NotificationUser.aspx,2026-05-30T08:46:02.245247+00:00
2025-05-23,Reporting on FIRMS portal – Issuance of Partly Paid Units by Investment Vehicles,,https://www.rbi.org.in/Scripts/NotificationUser.aspx?Id=12852&Mode=0,https://www.rbi.org.in/Scripts/NotificationUser.aspx,2026-05-30T08:46:02.245247+00:00
2025-05-22,Withdrawal of Master Circular on Deendayal Antyodaya Yojana – National Urban Livelihoods Mission (DAY-NULM) and related circulars,,https://www.rbi.org.in/Scripts/NotificationUser.aspx?Id=12851&Mode=0,https://www.rbi.org.in/Scripts/NotificationUser.aspx,2026-05-30T08:46:02.245247+00:00
2025-05-21,"Alteration in the name of “North East Small Finance Bank Limited” to “slice Small Finance Bank Limited” in the Second Schedule to the Reserve Bank of India Act, 1934",,https://www.rbi.org.in/Scripts/NotificationUser.aspx?Id=12850&Mode=0,https://www.rbi.org.in/Scripts/NotificationUser.aspx,2026-05-30T08:46:02.245247+00:00
2025-05-16,"Exim Bank’s GOI-supported Line of Credit (LOC) for USD 700 million to the Govt. of Mongolia (GO-MNG), for financing construction of Crude Oil Refinery Plant in Mongolia",,https://www.rbi.org.in/Scripts/NotificationUser.aspx?Id=12849&Mode=0,https://www.rbi.org.in/Scripts/NotificationUser.aspx,2026-05-30T08:46:02.245247+00:00
2025-05-08,Investments by Foreign Portfolio Investors in Corporate Debt Securities through the General Route – Relaxations,,https://www.rbi.org.in/Scripts/NotificationUser.aspx?Id=12847&Mode=0,https://www.rbi.org.in/Scripts/NotificationUser.aspx,2026-05-30T08:46:02.245247+00:00
2025-05-07,Policy Statement: Framework for Formulation of Regulations,,https://www.rbi.org.in/Scripts/NotificationUser.aspx?Id=12846&Mode=0,https://www.rbi.org.in/Scripts/NotificationUser.aspx,2026-05-30T08:46:02.245247+00:00
2007-12-28,Application of Capital Adequacy Norms to RRBs,,https://www.rbi.org.in/Scripts/NotificationUser.aspx?Id=3989&Mode=0,https://www.rbi.org.in/Scripts/NotificationUser.aspx,2026-05-30T08:46:04.824999+00:00
2007-12-20,Remuneration payable to the Statutory Central and Branch Auditors of Public Sector Banks from the year 2006-07,,https://www.rbi.org.in/Scripts/NotificationUser.aspx?Id=3988&Mode=0,https://www.rbi.org.in/Scripts/NotificationUser.aspx,2026-05-30T08:46:04.824999+00:00
2007-12-19,"Foreign Exchange Management (Transfer or Issue of any Foreign Security) (Third Amendment) Regulations, 2007",,https://www.rbi.org.in/Scripts/NotificationUser.aspx?Id=4652&Mode=0,https://www.rbi.org.in/Scripts/NotificationUser.aspx,2026-05-30T08:46:04.824999+00:00
2007-12-19,FDI by Citizen/Entity incorporated in Bangladesh,,https://www.rbi.org.in/Scripts/NotificationUser.aspx?Id=3986&Mode=0,https://www.rbi.org.in/Scripts/NotificationUser.aspx,2026-05-30T08:46:04.824999+00:00
2007-12-19,Exim Bank's Line of Credit to Republic of Mali,,https://www.rbi.org.in/Scripts/NotificationUser.aspx?Id=3985&Mode=0,https://www.rbi.org.in/Scripts/NotificationUser.aspx,2026-05-30T08:46:04.824999+00:00
2007-12-14,Memorandum of Instructions for Opening and Maintenance of Rupee / Foreign Currency Vostro Accounts of Non-resident Exchange Houses,,https://www.rbi.org.in/Scripts/NotificationUser.aspx?Id=3982&Mode=0,https://www.rbi.org.in/Scripts/NotificationUser.aspx,2026-05-30T08:46:04.824999+00:00
2007-12-14,Foreign Direct Investments (FDI) – Issue of shares under FDI and refund of advance remittances,,https://www.rbi.org.in/Scripts/NotificationUser.aspx?Id=3981&Mode=0,https://www.rbi.org.in/Scripts/NotificationUser.aspx,2026-05-30T08:46:04.824999+00:00
2007-12-14,Formation of two new districts in Karnataka – Assignment of Lead Bank responsibility,,https://www.rbi.org.in/Scripts/NotificationUser.aspx?Id=3979&Mode=0,https://www.rbi.org.in/Scripts/NotificationUser.aspx,2026-05-30T08:46:04.824999+00:00
2007-12-12,RRBs – Funds provided by Sponsor Banks/Commercial Banks,,https://www.rbi.org.in/Scripts/NotificationUser.aspx?Id=3984&Mode=0,https://www.rbi.org.in/Scripts/NotificationUser.aspx,2026-05-30T08:46:04.824999+00:00
2007-12-12,Exim Bank's Line of Credit (LOC) to USD 15 million to Eastern and Southern African Trade and Development Bank (PTA Bank),Southern,https://www.rbi.org.in/Scripts/NotificationUser.aspx?Id=3977&Mode=0,https://www.rbi.org.in/Scripts/NotificationUser.aspx,2026-05-30T08:46:04.824999+00:00
2007-12-10,"Foreign Exchange Management (Foreign Currency Account by a Person Resident in India) (Second Amendment) Regulations, 2007",,https://www.rbi.org.in/Scripts/NotificationUser.aspx?Id=4060&Mode=0,https://www.rbi.org.in/Scripts/NotificationUser.aspx,2026-05-30T08:46:04.824999+00:00
2007-12-10,"Lead Bank Scheme - Allocation of Lead Bank responsibility in respect of Anantnag, Budgam, Pulwana and Srinagar districts in J & K State on regular basis",,https://www.rbi.org.in/Scripts/NotificationUser.aspx?Id=3976&Mode=0,https://www.rbi.org.in/Scripts/NotificationUser.aspx,2026-05-30T08:46:04.824999+00:00
2007-12-07,Scheme for Non-competitive Bidding Facility in the Auctions of Government Securities,,https://www.rbi.org.in/Scripts/NotificationUser.aspx?Id=3975&Mode=0,https://www.rbi.org.in/Scripts/NotificationUser.aspx,2026-05-30T08:46:04.824999+00:00
2007-12-07,Tender for Non Competitive Bids - 8.33 per cent,,https://www.rbi.org.in/Scripts/NotificationUser.aspx?Id=3974&Mode=0,https://www.rbi.org.in/Scripts/NotificationUser.aspx,2026-05-30T08:46:04.824999+00:00
2007-12-07,Tender for Competitive Bids - 8.33 per cent,,https://www.rbi.org.in/Scripts/NotificationUser.aspx?Id=3973&Mode=0,https://www.rbi.org.in/Scripts/NotificationUser.aspx,2026-05-30T08:46:04.824999+00:00
2007-12-07,GOI Notification - 8.33 per cent - 2036,,https://www.rbi.org.in/Scripts/NotificationUser.aspx?Id=3972&Mode=0,https://www.rbi.org.in/Scripts/NotificationUser.aspx,2026-05-30T08:46:04.824999+00:00
2007-12-07,Tender for Non Competitive Bids - 7.99 per cent,,https://www.rbi.org.in/Scripts/NotificationUser.aspx?Id=3971&Mode=0,https://www.rbi.org.in/Scripts/NotificationUser.aspx,2026-05-30T08:46:04.824999+00:00
2007-12-07,Tender for Competitive Bids - 7.99 per cent,,https://www.rbi.org.in/Scripts/NotificationUser.aspx?Id=3970&Mode=0,https://www.rbi.org.in/Scripts/NotificationUser.aspx,2026-05-30T08:46:04.824999+00:00
2007-12-07,GOI Notification - 7.99 per cent - 2017,,https://www.rbi.org.in/Scripts/NotificationUser.aspx?Id=3969&Mode=0,https://www.rbi.org.in/Scripts/NotificationUser.aspx,2026-05-30T08:46:04.824999+00:00
2007-12-07,RBI Notification,,https://www.rbi.org.in/Scripts/NotificationUser.aspx?Id=3968&Mode=0,https://www.rbi.org.in/Scripts/NotificationUser.aspx,2026-05-30T08:46:04.824999+00:00
2007-12-06,Data Quality Concerns - OLTAS,,https://www.rbi.org.in/Scripts/NotificationUser.aspx?Id=3980&Mode=0,https://www.rbi.org.in/Scripts/NotificationUser.aspx,2026-05-30T08:46:04.824999+00:00
2007-12-06,"Prudential Norms for Classification, valuation and operation of investment portfolio by banks",,https://www.rbi.org.in/Scripts/NotificationUser.aspx?Id=3967&Mode=0,https://www.rbi.org.in/Scripts/NotificationUser.aspx,2026-05-30T08:46:04.824999+00:00
2025-04-28,Processing of Regulatory Authorisations/ Licenses/ Approvals through PRAVAAH,,https://www.rbi.org.in/Scripts/NotificationUser.aspx?Id=12845&Mode=0,https://www.rbi.org.in/Scripts/NotificationUser.aspx,2026-05-30T08:46:04.944398+00:00
2025-04-28,Dispensation of ₹100 and ₹200 denomination banknotes through ATMs,,https://www.rbi.org.in/Scripts/NotificationUser.aspx?Id=12844&Mode=0,https://www.rbi.org.in/Scripts/NotificationUser.aspx,2026-05-30T08:46:04.944398+00:00
2025-04-25,"Master Direction on Framework of incentives for Currency Distribution & Exchange Scheme for bank branches including currency chests ( Updated as on September 29, 2025 )",,https://www.rbi.org.in/Scripts/NotificationUser.aspx?Id=12843&Mode=0,https://www.rbi.org.in/Scripts/NotificationUser.aspx,2026-05-30T08:46:04.944398+00:00
2025-04-24,"Amendments to Directions - Compounding of Contraventions under FEMA, 1999",,https://www.rbi.org.in/Scripts/NotificationUser.aspx?Id=12842&Mode=0,https://www.rbi.org.in/Scripts/NotificationUser.aspx,2026-05-30T08:46:04.944398+00:00
2025-04-24,Note Sorting Machines: Standards issued by the Bureau of Indian Standards -Revised Timeline for Implementation,Sorting,https://www.rbi.org.in/Scripts/NotificationUser.aspx?Id=12841&Mode=0,https://www.rbi.org.in/Scripts/NotificationUser.aspx,2026-05-30T08:46:04.944398+00:00
2025-04-23,Exports through warehouses in ‘Bharat Mart’ in UAE – relaxations,,https://www.rbi.org.in/Scripts/NotificationUser.aspx?Id=12840&Mode=0,https://www.rbi.org.in/Scripts/NotificationUser.aspx,2026-05-30T08:46:04.944398+00:00
2025-04-22,"Master Directions - Compounding of Contraventions under FEMA, 1999, dated April 22, 2025 ( Updated as on April 24, 2025 ) (Supersedes Master Direction- Compounding of Contraventions under FEMA, 1999, (Updated as on May 24, 2022) )",,https://www.rbi.org.in/Scripts/NotificationUser.aspx?Id=12839&Mode=0,https://www.rbi.org.in/Scripts/NotificationUser.aspx,2026-05-30T08:46:04.944398+00:00
2025-04-22,"Amendments to Directions - Compounding of Contraventions under FEMA, 1999",,https://www.rbi.org.in/Scripts/NotificationUser.aspx?Id=12838&Mode=0,https://www.rbi.org.in/Scripts/NotificationUser.aspx,2026-05-30T08:46:04.944398+00:00
2025-04-22,Circular - Migration to '.bank.in' domain,,https://www.rbi.org.in/Scripts/NotificationUser.aspx?Id=12837&Mode=0,https://www.rbi.org.in/Scripts/NotificationUser.aspx,2026-05-30T08:46:04.944398+00:00
2025-04-11,Reorganisation of Districts in the State of Rajasthan – Review of Lead Bank Responsibility,,https://www.rbi.org.in/Scripts/NotificationUser.aspx?Id=12834&Mode=0,https://www.rbi.org.in/Scripts/NotificationUser.aspx,2026-05-30T08:46:04.944398+00:00
2025-04-09,Standing Liquidity Facility for Primary Dealers,,https://www.rbi.org.in/Scripts/NotificationUser.aspx?Id=12833&Mode=0,https://www.rbi.org.in/Scripts/NotificationUser.aspx,2026-05-30T08:46:04.944398+00:00
2025-04-09,Liquidity Adjustment Facility - Change in rates,,https://www.rbi.org.in/Scripts/NotificationUser.aspx?Id=12831&Mode=0,https://www.rbi.org.in/Scripts/NotificationUser.aspx,2026-05-30T08:46:04.944398+00:00
2025-04-08,Review of Regulatory Guidelines – Withdrawal of Circulars,,https://www.rbi.org.in/Scripts/NotificationUser.aspx?Id=12830&Mode=0,https://www.rbi.org.in/Scripts/NotificationUser.aspx,2026-05-30T08:46:04.944398+00:00
2025-04-03,Limits for investment in debt and sale of Credit Default Swaps by Foreign Portfolio Investors (FPIs),,https://www.rbi.org.in/Scripts/NotificationUser.aspx?Id=12829&Mode=0,https://www.rbi.org.in/Scripts/NotificationUser.aspx,2026-05-30T08:46:04.944398+00:00
2025-04-01,Master Direction – Facility for Exchange of Notes and Coins,,https://www.rbi.org.in/Scripts/NotificationUser.aspx?Id=12818&Mode=0,https://www.rbi.org.in/Scripts/NotificationUser.aspx,2026-05-30T08:46:04.944398+00:00
2025-04-01,"Reserve Bank of India (Classification, Valuation and Operation of the Investment Portfolio of Commercial Banks) Directions, 2023",,https://www.rbi.org.in/Scripts/NotificationUser.aspx?Id=12817&Mode=0,https://www.rbi.org.in/Scripts/NotificationUser.aspx,2026-05-30T08:46:04.944398+00:00
2025-04-01,"Master Direction on Counterfeit Notes, 2025 – Detection, Reporting and Monitoring",,https://www.rbi.org.in/Scripts/NotificationUser.aspx?Id=12814&Mode=0,https://www.rbi.org.in/Scripts/NotificationUser.aspx,2026-05-30T08:46:04.944398+00:00
2025-04-01,Master Circular on Conduct of Government Business by Agency Banks - Payment of Agency Commission,,https://www.rbi.org.in/Scripts/NotificationUser.aspx?Id=12812&Mode=0,https://www.rbi.org.in/Scripts/NotificationUser.aspx,2026-05-30T08:46:04.944398+00:00
2025-04-01,Master Circular - Disbursement of Government Pension by Agency Banks,,https://www.rbi.org.in/Scripts/NotificationUser.aspx?Id=12811&Mode=0,https://www.rbi.org.in/Scripts/NotificationUser.aspx,2026-05-30T08:46:04.944398+00:00
2025-04-01,Master Direction – Scheme of Penalties for bank branches and currency chests for deficiency in rendering customer service to the members of public,,https://www.rbi.org.in/Scripts/NotificationUser.aspx?Id=12810&Mode=0,https://www.rbi.org.in/Scripts/NotificationUser.aspx,2026-05-30T08:46:04.944398+00:00
2025-04-01,Master Direction on Penal Provisions in reporting of transactions / balances at Currency Chests,,https://www.rbi.org.in/Scripts/NotificationUser.aspx?Id=12809&Mode=0,https://www.rbi.org.in/Scripts/NotificationUser.aspx,2026-05-30T08:46:04.944398+00:00
2025-04-01,Master Circular – Lead Bank Scheme,,https://www.rbi.org.in/Scripts/NotificationUser.aspx?Id=12808&Mode=0,https://www.rbi.org.in/Scripts/NotificationUser.aspx,2026-05-30T08:46:04.944398+00:00
2025-04-01,Master Circular - Credit facilities to Scheduled Castes (SCs) & Scheduled Tribes (STs),,https://www.rbi.org.in/Scripts/NotificationUser.aspx?Id=12807&Mode=0,https://www.rbi.org.in/Scripts/NotificationUser.aspx,2026-05-30T08:46:04.944398+00:00
2025-04-01,Master Circular – Deendayal Antyodaya Yojana - National Rural Livelihoods Mission (DAY-NRLM),,https://www.rbi.org.in/Scripts/NotificationUser.aspx?Id=12806&Mode=0,https://www.rbi.org.in/Scripts/NotificationUser.aspx,2026-05-30T08:46:04.944398+00:00
2025-04-01,Master Circular on SHG-Bank Linkage Programme,,https://www.rbi.org.in/Scripts/NotificationUser.aspx?Id=12805&Mode=0,https://www.rbi.org.in/Scripts/NotificationUser.aspx,2026-05-30T08:46:04.944398+00:00
2007-11-30,Additional Interest Subvention of 2 per cent to specified Export Sectors,,https://www.rbi.org.in/Scripts/NotificationUser.aspx?Id=3964&Mode=0,https://www.rbi.org.in/Scripts/NotificationUser.aspx,2026-05-30T08:46:07.419982+00:00
2007-11-30,Revised Scheme of Underwriting Commitment and Liquidity Support,,https://www.rbi.org.in/Scripts/NotificationUser.aspx?Id=3963&Mode=0,https://www.rbi.org.in/Scripts/NotificationUser.aspx,2026-05-30T08:46:07.419982+00:00
2007-11-30,Guidelines on Settlement of Non Performing Assets – Obtaining Consent Decree from Court,,https://www.rbi.org.in/Scripts/NotificationUser.aspx?Id=3962&Mode=0,https://www.rbi.org.in/Scripts/NotificationUser.aspx,2026-05-30T08:46:07.419982+00:00
2007-11-30,Mid-Term Review of the Annual Policy for the year 2007- 08: Recovery Agents engaged by banks – Draft guidelines,,https://www.rbi.org.in/Scripts/NotificationUser.aspx?Id=3961&Mode=0,https://www.rbi.org.in/Scripts/NotificationUser.aspx,2026-05-30T08:46:07.419982+00:00
2007-11-27,CSGL Option on NDS – Order Matching,,https://www.rbi.org.in/Scripts/NotificationUser.aspx?Id=3957&Mode=0,https://www.rbi.org.in/Scripts/NotificationUser.aspx,2026-05-30T08:46:07.419982+00:00
2007-11-26,Gold Loan Payment-UCBs,,https://www.rbi.org.in/Scripts/NotificationUser.aspx?Id=3955&Mode=0,https://www.rbi.org.in/Scripts/NotificationUser.aspx,2026-05-30T08:46:07.419982+00:00
2007-11-26,Unsolicited Commercial Communications - National Do Not Call Registry,,https://www.rbi.org.in/Scripts/NotificationUser.aspx?Id=3954&Mode=0,https://www.rbi.org.in/Scripts/NotificationUser.aspx,2026-05-30T08:46:07.419982+00:00
2007-11-16,Scheme for Non-competitive Bidding Facility in the Auctions of Government Securities,,https://www.rbi.org.in/Scripts/NotificationUser.aspx?Id=3949&Mode=0,https://www.rbi.org.in/Scripts/NotificationUser.aspx,2026-05-30T08:46:07.419982+00:00
2007-11-16,Tender for Non Competitive Bids - 8.35 per cent,,https://www.rbi.org.in/Scripts/NotificationUser.aspx?Id=3948&Mode=0,https://www.rbi.org.in/Scripts/NotificationUser.aspx,2026-05-30T08:46:07.419982+00:00
2007-11-16,Tender for Competitive Bids - 8.35 per cent,,https://www.rbi.org.in/Scripts/NotificationUser.aspx?Id=3947&Mode=0,https://www.rbi.org.in/Scripts/NotificationUser.aspx,2026-05-30T08:46:07.419982+00:00
2007-11-16,GOI Notification - 8.35 per cent - 2022,,https://www.rbi.org.in/Scripts/NotificationUser.aspx?Id=3946&Mode=0,https://www.rbi.org.in/Scripts/NotificationUser.aspx,2026-05-30T08:46:07.419982+00:00
2007-11-16,Tender for Non Competitive Bids - 7.99 per cent,,https://www.rbi.org.in/Scripts/NotificationUser.aspx?Id=3945&Mode=0,https://www.rbi.org.in/Scripts/NotificationUser.aspx,2026-05-30T08:46:07.419982+00:00
2007-11-16,Tender for Competitive Bids - 7.99 per cent,,https://www.rbi.org.in/Scripts/NotificationUser.aspx?Id=3944&Mode=0,https://www.rbi.org.in/Scripts/NotificationUser.aspx,2026-05-30T08:46:07.419982+00:00
2007-11-16,GOI Notification - 7.99 per cent - 2017,,https://www.rbi.org.in/Scripts/NotificationUser.aspx?Id=3943&Mode=0,https://www.rbi.org.in/Scripts/NotificationUser.aspx,2026-05-30T08:46:07.419982+00:00
2007-11-16,RBI Notification,,https://www.rbi.org.in/Scripts/NotificationUser.aspx?Id=3942&Mode=0,https://www.rbi.org.in/Scripts/NotificationUser.aspx,2026-05-30T08:46:07.419982+00:00
2007-11-14,Revised Scheme of Underwriting Commitment and Liquidity Support,,https://www.rbi.org.in/Scripts/NotificationUser.aspx?Id=3936&Mode=0,https://www.rbi.org.in/Scripts/NotificationUser.aspx,2026-05-30T08:46:07.419982+00:00
2007-11-13,"Foreign Exchange Management (Transfer or Issue of Security by A Person Resident Outside India) (Third Amendment) Regulations, 2007",,https://www.rbi.org.in/Scripts/NotificationUser.aspx?Id=4002&Mode=0,https://www.rbi.org.in/Scripts/NotificationUser.aspx,2026-05-30T08:46:07.419982+00:00
2007-11-12,Misuse of banknotes,,https://www.rbi.org.in/Scripts/NotificationUser.aspx?Id=3928&Mode=0,https://www.rbi.org.in/Scripts/NotificationUser.aspx,2026-05-30T08:46:07.419982+00:00
2007-11-08,Maintenance of Government Accounts – Penal Interest on delayed remittances and excess/double reimbursement,,https://www.rbi.org.in/Scripts/NotificationUser.aspx?Id=3953&Mode=0,https://www.rbi.org.in/Scripts/NotificationUser.aspx,2026-05-30T08:46:07.419982+00:00
2007-11-07,Direct Receipt of Import Bills / Documents - Liberalisation,,https://www.rbi.org.in/Scripts/NotificationUser.aspx?Id=3927&Mode=0,https://www.rbi.org.in/Scripts/NotificationUser.aspx,2026-05-30T08:46:07.419982+00:00
2007-11-06,Commodity Hedging,,https://www.rbi.org.in/Scripts/NotificationUser.aspx?Id=3926&Mode=0,https://www.rbi.org.in/Scripts/NotificationUser.aspx,2026-05-30T08:46:07.419982+00:00
2007-11-02,Scheme for Non-competitive Bidding Facility in the Auctions of Government Securities,,https://www.rbi.org.in/Scripts/NotificationUser.aspx?Id=3924&Mode=0,https://www.rbi.org.in/Scripts/NotificationUser.aspx,2026-05-30T08:46:07.419982+00:00
2007-11-02,Tender for Non Competitive Bids - 8.33 per cent,,https://www.rbi.org.in/Scripts/NotificationUser.aspx?Id=3923&Mode=0,https://www.rbi.org.in/Scripts/NotificationUser.aspx,2026-05-30T08:46:07.419982+00:00
2007-11-02,Tender for Competitive Bids - 8.33 per cent,,https://www.rbi.org.in/Scripts/NotificationUser.aspx?Id=3922&Mode=0,https://www.rbi.org.in/Scripts/NotificationUser.aspx,2026-05-30T08:46:07.419982+00:00
2007-11-02,GOI Notification - 8.33 per cent - 2036,,https://www.rbi.org.in/Scripts/NotificationUser.aspx?Id=3921&Mode=0,https://www.rbi.org.in/Scripts/NotificationUser.aspx,2026-05-30T08:46:07.419982+00:00
2007-11-02,Tender for Non Competitive Bids - 8.20 per cent,,https://www.rbi.org.in/Scripts/NotificationUser.aspx?Id=3920&Mode=0,https://www.rbi.org.in/Scripts/NotificationUser.aspx,2026-05-30T08:46:07.419982+00:00
2007-11-02,Tender for Competitive Bids - 8.20 per cent,,https://www.rbi.org.in/Scripts/NotificationUser.aspx?Id=3919&Mode=0,https://www.rbi.org.in/Scripts/NotificationUser.aspx,2026-05-30T08:46:07.419982+00:00
2007-11-02,GOI Notification - 8.20 per cent - 2022,,https://www.rbi.org.in/Scripts/NotificationUser.aspx?Id=3918&Mode=0,https://www.rbi.org.in/Scripts/NotificationUser.aspx,2026-05-30T08:46:07.419982+00:00
2007-11-02,RBI Notification,,https://www.rbi.org.in/Scripts/NotificationUser.aspx?Id=3917&Mode=0,https://www.rbi.org.in/Scripts/NotificationUser.aspx,2026-05-30T08:46:07.419982+00:00
2007-11-01,UCBs – Maintenance of CRR,,https://www.rbi.org.in/Scripts/NotificationUser.aspx?Id=3915&Mode=0,https://www.rbi.org.in/Scripts/NotificationUser.aspx,2026-05-30T08:46:07.419982+00:00
2025-03-28,"Special Clearing Operations on March 31, 2025",,https://www.rbi.org.in/Scripts/NotificationUser.aspx?Id=12803&Mode=0,https://www.rbi.org.in/Scripts/NotificationUser.aspx,2026-05-30T08:46:07.992559+00:00
2025-03-27,General Notification for Sale and Issue of Government of India Securities (including Treasury Bills and Cash Management Bills),,https://www.rbi.org.in/Scripts/NotificationUser.aspx?Id=12802&Mode=0,https://www.rbi.org.in/Scripts/NotificationUser.aspx,2026-05-30T08:46:07.992559+00:00
2025-03-24,"Master Directions - Reserve Bank of India (Priority Sector Lending – Targets and Classification) Directions, 2025 ( Updated as on January 19, 2026 )",,https://www.rbi.org.in/Scripts/NotificationUser.aspx?Id=12799&Mode=0,https://www.rbi.org.in/Scripts/NotificationUser.aspx,2026-05-30T08:46:07.992559+00:00
2025-03-24,Priority Sector Lending Certificates,,https://www.rbi.org.in/Scripts/NotificationUser.aspx?Id=12798&Mode=0,https://www.rbi.org.in/Scripts/NotificationUser.aspx,2026-05-30T08:46:07.992559+00:00
2025-03-24,Review of Priority Sector Lending (PSL) Target – Urban Co-operative Banks (UCBs),,https://www.rbi.org.in/Scripts/NotificationUser.aspx?Id=12797&Mode=0,https://www.rbi.org.in/Scripts/NotificationUser.aspx,2026-05-30T08:46:07.992559+00:00
2025-03-24,"Currency Chest operations on March 31, 2025",,https://www.rbi.org.in/Scripts/NotificationUser.aspx?Id=12796&Mode=0,https://www.rbi.org.in/Scripts/NotificationUser.aspx,2026-05-30T08:46:07.992559+00:00
2025-03-17,Asian Clearing Union (ACU) Mechanism – Indo-Maldives trade,,https://www.rbi.org.in/Scripts/NotificationUser.aspx?Id=12792&Mode=0,https://www.rbi.org.in/Scripts/NotificationUser.aspx,2026-05-30T08:46:07.992559+00:00
2025-03-17,Annual Closing of Government Accounts – Transactions of Central / State Governments – Special Measures for the Current Financial Year (2024-25),,https://www.rbi.org.in/Scripts/NotificationUser.aspx?Id=12791&Mode=0,https://www.rbi.org.in/Scripts/NotificationUser.aspx,2026-05-30T08:46:07.992559+00:00
2025-03-15,"Implementation of Section 51A of UAPA, 1967: Updates to UNSC’s 1267/1989 ISIL (Da'esh) & Al-Qaida Sanctions List: Amendments in 12 Entries",,https://www.rbi.org.in/Scripts/NotificationUser.aspx?Id=12790&Mode=0,https://www.rbi.org.in/Scripts/NotificationUser.aspx,2026-05-30T08:46:07.992559+00:00
2007-10-31,Exim Bank's Line of Credit (LOC) of USD 10 million to Government of the Republic of Senagal for IT Training Project,,https://www.rbi.org.in/Scripts/NotificationUser.aspx?Id=3912&Mode=0,https://www.rbi.org.in/Scripts/NotificationUser.aspx,2026-05-30T08:46:10.149876+00:00
2007-10-30,"Alteration in the name of Bank in the Second Schedule to the Reserve Bank of India Act, 1934 - ""UTI Bank Ltd"" to ""Axis Bank Ltd"".",,https://www.rbi.org.in/Scripts/NotificationUser.aspx?Id=3910&Mode=0,https://www.rbi.org.in/Scripts/NotificationUser.aspx,2026-05-30T08:46:10.149876+00:00
2007-10-30,Mid - Term Review of the Annual Policy 2007-08,,https://www.rbi.org.in/Scripts/NotificationUser.aspx?Id=3908&Mode=0,https://www.rbi.org.in/Scripts/NotificationUser.aspx,2026-05-30T08:46:10.149876+00:00
2007-10-29,Scheme for Non-competitive Bidding Facility in the Auctions of Government Securities,,https://www.rbi.org.in/Scripts/NotificationUser.aspx?Id=3907&Mode=0,https://www.rbi.org.in/Scripts/NotificationUser.aspx,2026-05-30T08:46:10.149876+00:00
2007-10-29,Tender for Non Competitive Bids - 11.30 per cent,,https://www.rbi.org.in/Scripts/NotificationUser.aspx?Id=3906&Mode=0,https://www.rbi.org.in/Scripts/NotificationUser.aspx,2026-05-30T08:46:10.149876+00:00
2007-10-29,Tender for Competitive Bids - 11.30 per cent,,https://www.rbi.org.in/Scripts/NotificationUser.aspx?Id=3905&Mode=0,https://www.rbi.org.in/Scripts/NotificationUser.aspx,2026-05-30T08:46:10.149876+00:00
2007-10-29,GOI Notification - 11.30 per cent - 2010,,https://www.rbi.org.in/Scripts/NotificationUser.aspx?Id=3904&Mode=0,https://www.rbi.org.in/Scripts/NotificationUser.aspx,2026-05-30T08:46:10.149876+00:00
2007-10-29,Tender for Non Competitive Bids - 5.87 per cent,,https://www.rbi.org.in/Scripts/NotificationUser.aspx?Id=3903&Mode=0,https://www.rbi.org.in/Scripts/NotificationUser.aspx,2026-05-30T08:46:10.149876+00:00
2007-10-29,Tender for Competitive Bids - 5.87 per cent,,https://www.rbi.org.in/Scripts/NotificationUser.aspx?Id=3902&Mode=0,https://www.rbi.org.in/Scripts/NotificationUser.aspx,2026-05-30T08:46:10.149876+00:00
2007-10-29,GOI Notification - 5.87 per cent - 2010,,https://www.rbi.org.in/Scripts/NotificationUser.aspx?Id=3901&Mode=0,https://www.rbi.org.in/Scripts/NotificationUser.aspx,2026-05-30T08:46:10.149876+00:00
2007-10-29,Booking of Forward Contracts - Liberalisation,,https://www.rbi.org.in/Scripts/NotificationUser.aspx?Id=3900&Mode=0,https://www.rbi.org.in/Scripts/NotificationUser.aspx,2026-05-30T08:46:10.149876+00:00
2007-10-25,Deposit schemes with lock-in period,,https://www.rbi.org.in/Scripts/NotificationUser.aspx?Id=3898&Mode=0,https://www.rbi.org.in/Scripts/NotificationUser.aspx,2026-05-30T08:46:10.149876+00:00
2007-10-25,Interest Rate Ceiling on Rupee Export Credit,,https://www.rbi.org.in/Scripts/NotificationUser.aspx?Id=3897&Mode=0,https://www.rbi.org.in/Scripts/NotificationUser.aspx,2026-05-30T08:46:10.149876+00:00
2007-10-23,"Foreign Exchange Management (Realisation, Repatriation and Surrender of Foreign Exchange) (Amendment) Regulations, 2007",,https://www.rbi.org.in/Scripts/NotificationUser.aspx?Id=4008&Mode=0,https://www.rbi.org.in/Scripts/NotificationUser.aspx,2026-05-30T08:46:10.149876+00:00
2007-10-23,"Foreign Exchange Management (Transfer or Issue of Security by A Person Resident Outside India) (Second Amendment) Regulations, 2007",,https://www.rbi.org.in/Scripts/NotificationUser.aspx?Id=4007&Mode=0,https://www.rbi.org.in/Scripts/NotificationUser.aspx,2026-05-30T08:46:10.149876+00:00
2007-10-23,"Foreign Exchange Management (Deposit) (Fourth Amendment) Regulations, 2007",,https://www.rbi.org.in/Scripts/NotificationUser.aspx?Id=4006&Mode=0,https://www.rbi.org.in/Scripts/NotificationUser.aspx,2026-05-30T08:46:10.149876+00:00
2007-10-23,"Exclusion from the Second Schedule to the Reserve Bank of India Act, 1934 - Lord Krishna Bank Ltd",,https://www.rbi.org.in/Scripts/NotificationUser.aspx?Id=3895&Mode=0,https://www.rbi.org.in/Scripts/NotificationUser.aspx,2026-05-30T08:46:10.149876+00:00
2007-10-19,Unsolicited Commercial Communications – National Do Not Call Registry,,https://www.rbi.org.in/Scripts/NotificationUser.aspx?Id=3893&Mode=0,https://www.rbi.org.in/Scripts/NotificationUser.aspx,2026-05-30T08:46:10.149876+00:00
2007-10-19,Scheme for Non-competitive Bidding Facility in the Auctions of Government Securities,,https://www.rbi.org.in/Scripts/NotificationUser.aspx?Id=3892&Mode=0,https://www.rbi.org.in/Scripts/NotificationUser.aspx,2026-05-30T08:46:10.149876+00:00
2007-10-19,Tender for Non Competitive Bids - 11.30 per cent,,https://www.rbi.org.in/Scripts/NotificationUser.aspx?Id=3891&Mode=0,https://www.rbi.org.in/Scripts/NotificationUser.aspx,2026-05-30T08:46:10.149876+00:00
2007-10-19,Tender for Competitive Bids - 11.30 per cent,,https://www.rbi.org.in/Scripts/NotificationUser.aspx?Id=3890&Mode=0,https://www.rbi.org.in/Scripts/NotificationUser.aspx,2026-05-30T08:46:10.149876+00:00
2007-10-19,GOI Notification - 11.30 per cent - 2010,,https://www.rbi.org.in/Scripts/NotificationUser.aspx?Id=3889&Mode=0,https://www.rbi.org.in/Scripts/NotificationUser.aspx,2026-05-30T08:46:10.149876+00:00
2007-10-19,Tender for Non Competitive Bids - 5.87 per cent,,https://www.rbi.org.in/Scripts/NotificationUser.aspx?Id=3888&Mode=0,https://www.rbi.org.in/Scripts/NotificationUser.aspx,2026-05-30T08:46:10.149876+00:00
2007-10-19,Tender for Competitive Bids - 5.87 per cent,,https://www.rbi.org.in/Scripts/NotificationUser.aspx?Id=3887&Mode=0,https://www.rbi.org.in/Scripts/NotificationUser.aspx,2026-05-30T08:46:10.149876+00:00
2007-10-19,GOI Notification - 5.87 per cent - 2010,,https://www.rbi.org.in/Scripts/NotificationUser.aspx?Id=3886&Mode=0,https://www.rbi.org.in/Scripts/NotificationUser.aspx,2026-05-30T08:46:10.149876+00:00
2007-10-19,Scheme for Non-competitive Bidding Facility in the Auctions of Government Securities,,https://www.rbi.org.in/Scripts/NotificationUser.aspx?Id=3885&Mode=0,https://www.rbi.org.in/Scripts/NotificationUser.aspx,2026-05-30T08:46:10.149876+00:00
2007-10-19,Tender for Non Competitive Bids - 8.35 per cent,,https://www.rbi.org.in/Scripts/NotificationUser.aspx?Id=3884&Mode=0,https://www.rbi.org.in/Scripts/NotificationUser.aspx,2026-05-30T08:46:10.149876+00:00
2007-10-19,Tender for Competitive Bids - 8.35 per cent,,https://www.rbi.org.in/Scripts/NotificationUser.aspx?Id=3883&Mode=0,https://www.rbi.org.in/Scripts/NotificationUser.aspx,2026-05-30T08:46:10.149876+00:00
2007-10-19,GOI Notification - 8.35 per cent - 2022,,https://www.rbi.org.in/Scripts/NotificationUser.aspx?Id=3882&Mode=0,https://www.rbi.org.in/Scripts/NotificationUser.aspx,2026-05-30T08:46:10.149876+00:00
2007-10-19,Tender for Non Competitive Bids - 7.27 per cent,,https://www.rbi.org.in/Scripts/NotificationUser.aspx?Id=3881&Mode=0,https://www.rbi.org.in/Scripts/NotificationUser.aspx,2026-05-30T08:46:10.149876+00:00
2007-10-19,Tender for Competitive Bids - 7.27 per cent,,https://www.rbi.org.in/Scripts/NotificationUser.aspx?Id=3880&Mode=0,https://www.rbi.org.in/Scripts/NotificationUser.aspx,2026-05-30T08:46:10.149876+00:00
2007-10-19,GOI Notification - 7.27 per cent - 2013,,https://www.rbi.org.in/Scripts/NotificationUser.aspx?Id=3879&Mode=0,https://www.rbi.org.in/Scripts/NotificationUser.aspx,2026-05-30T08:46:10.149876+00:00
2007-10-19,RBI Notification,,https://www.rbi.org.in/Scripts/NotificationUser.aspx?Id=3878&Mode=0,https://www.rbi.org.in/Scripts/NotificationUser.aspx,2026-05-30T08:46:10.149876+00:00
2007-10-18,Opening of Currency Chests by RRBs,,https://www.rbi.org.in/Scripts/NotificationUser.aspx?Id=3877&Mode=0,https://www.rbi.org.in/Scripts/NotificationUser.aspx,2026-05-30T08:46:10.149876+00:00
2007-10-17,"Foreign Exchange Management (Transfer or Issue of Security by a Person Resident outside India) (Amendment) Regulations, 2007",,https://www.rbi.org.in/Scripts/NotificationUser.aspx?Id=10246&Mode=0,https://www.rbi.org.in/Scripts/NotificationUser.aspx,2026-05-30T08:46:10.149876+00:00
2007-10-17,Anti-Money Laundering Guidelines,,https://www.rbi.org.in/Scripts/NotificationUser.aspx?Id=3876&Mode=0,https://www.rbi.org.in/Scripts/NotificationUser.aspx,2026-05-30T08:46:10.149876+00:00
2007-10-15,Formation of new districts in Jammu & Kashmir State – Assignment of Lead Bank responsibility,,https://www.rbi.org.in/Scripts/NotificationUser.aspx?Id=3868&Mode=0,https://www.rbi.org.in/Scripts/NotificationUser.aspx,2026-05-30T08:46:10.149876+00:00
2007-10-12,Scheme for Non-competitive Bidding Facility in the Auctions of Government Securities,,https://www.rbi.org.in/Scripts/NotificationUser.aspx?Id=3875&Mode=0,https://www.rbi.org.in/Scripts/NotificationUser.aspx,2026-05-30T08:46:10.149876+00:00
2007-10-12,Tender for Non Competitive Bids - 11.30 per cent,,https://www.rbi.org.in/Scripts/NotificationUser.aspx?Id=3874&Mode=0,https://www.rbi.org.in/Scripts/NotificationUser.aspx,2026-05-30T08:46:10.149876+00:00
2007-10-12,Tender for Competitive Bids - 11.30 per cent,,https://www.rbi.org.in/Scripts/NotificationUser.aspx?Id=3873&Mode=0,https://www.rbi.org.in/Scripts/NotificationUser.aspx,2026-05-30T08:46:10.149876+00:00
2007-10-12,GOI Notification - 11.30 per cent - 2010,,https://www.rbi.org.in/Scripts/NotificationUser.aspx?Id=3872&Mode=0,https://www.rbi.org.in/Scripts/NotificationUser.aspx,2026-05-30T08:46:10.149876+00:00
2007-10-12,Tender for Non Competitive Bids - 5.87 per cent,,https://www.rbi.org.in/Scripts/NotificationUser.aspx?Id=3871&Mode=0,https://www.rbi.org.in/Scripts/NotificationUser.aspx,2026-05-30T08:46:10.149876+00:00
2007-10-12,Tender for Competitive Bids - 5.87 per cent,,https://www.rbi.org.in/Scripts/NotificationUser.aspx?Id=3870&Mode=0,https://www.rbi.org.in/Scripts/NotificationUser.aspx,2026-05-30T08:46:10.149876+00:00
2007-10-12,GOI Notification - 5.87 per cent - 2010,,https://www.rbi.org.in/Scripts/NotificationUser.aspx?Id=3869&Mode=0,https://www.rbi.org.in/Scripts/NotificationUser.aspx,2026-05-30T08:46:10.149876+00:00
2007-10-11,Revised Guidelines on Lending to Priority Sector – Weaker Sections,,https://www.rbi.org.in/Scripts/NotificationUser.aspx?Id=3867&Mode=0,https://www.rbi.org.in/Scripts/NotificationUser.aspx,2026-05-30T08:46:10.149876+00:00
2007-10-10,"Foreign Exchange Management (Permissible Capital Account Transactions) (Amendment) Regulations, 2007",,https://www.rbi.org.in/Scripts/NotificationUser.aspx?Id=4059&Mode=0,https://www.rbi.org.in/Scripts/NotificationUser.aspx,2026-05-30T08:46:10.149876+00:00
2007-10-10,Guidelines on Fair Practices Code for Non-Banking Financial Companies,,https://www.rbi.org.in/Scripts/NotificationUser.aspx?Id=3865&Mode=0,https://www.rbi.org.in/Scripts/NotificationUser.aspx,2026-05-30T08:46:10.149876+00:00
2007-10-09,"Foreign Exchange Management (Transfer or Issue of Any Foreign Security) (Amendment) Regulations, 2007",,https://www.rbi.org.in/Scripts/NotificationUser.aspx?Id=4058&Mode=0,https://www.rbi.org.in/Scripts/NotificationUser.aspx,2026-05-30T08:46:10.149876+00:00
2007-10-09,RRBs – Authorisation to Open/Maintain NRO/NRE Accounts in Rupees and Accept FCNR Deposits,,https://www.rbi.org.in/Scripts/NotificationUser.aspx?Id=3864&Mode=0,https://www.rbi.org.in/Scripts/NotificationUser.aspx,2026-05-30T08:46:10.149876+00:00
2007-10-08,Scheme for Non-competitive Bidding Facility in the Auctions of Government Securities,,https://www.rbi.org.in/Scripts/NotificationUser.aspx?Id=3862&Mode=0,https://www.rbi.org.in/Scripts/NotificationUser.aspx,2026-05-30T08:46:10.149876+00:00
2007-10-08,Tender for Non Competitive Bids - 11.30 per cent,,https://www.rbi.org.in/Scripts/NotificationUser.aspx?Id=3861&Mode=0,https://www.rbi.org.in/Scripts/NotificationUser.aspx,2026-05-30T08:46:10.149876+00:00
2007-10-08,Tender for Competitive Bids - 11.30 per cent,,https://www.rbi.org.in/Scripts/NotificationUser.aspx?Id=3860&Mode=0,https://www.rbi.org.in/Scripts/NotificationUser.aspx,2026-05-30T08:46:10.149876+00:00
2007-10-08,GOI Notification - 11.30 per cent - 2010,,https://www.rbi.org.in/Scripts/NotificationUser.aspx?Id=3859&Mode=0,https://www.rbi.org.in/Scripts/NotificationUser.aspx,2026-05-30T08:46:10.149876+00:00
2007-10-08,Tender for Non Competitive Bids - 5.87 per cent,,https://www.rbi.org.in/Scripts/NotificationUser.aspx?Id=3858&Mode=0,https://www.rbi.org.in/Scripts/NotificationUser.aspx,2026-05-30T08:46:10.149876+00:00
2007-10-08,Tender for Competitive Bids - 5.87 per cent,,https://www.rbi.org.in/Scripts/NotificationUser.aspx?Id=3857&Mode=0,https://www.rbi.org.in/Scripts/NotificationUser.aspx,2026-05-30T08:46:10.149876+00:00
2007-10-08,GOI Notification - 5.87 per cent - 2010,,https://www.rbi.org.in/Scripts/NotificationUser.aspx?Id=3856&Mode=0,https://www.rbi.org.in/Scripts/NotificationUser.aspx,2026-05-30T08:46:10.149876+00:00
2007-10-06,Rupee Export Credit Interest Rates – Extension of period & widening of coverage of sectors,,https://www.rbi.org.in/Scripts/NotificationUser.aspx?Id=3855&Mode=0,https://www.rbi.org.in/Scripts/NotificationUser.aspx,2026-05-30T08:46:10.149876+00:00
2007-10-06,Exchange Earner's Foreign Currency (EEFC) Account- Liberalisation,,https://www.rbi.org.in/Scripts/NotificationUser.aspx?Id=3854&Mode=0,https://www.rbi.org.in/Scripts/NotificationUser.aspx,2026-05-30T08:46:10.149876+00:00
2007-10-05,Scheme for Non-competitive Bidding Facility in the Auctions of Government Securities,,https://www.rbi.org.in/Scripts/NotificationUser.aspx?Id=3853&Mode=0,https://www.rbi.org.in/Scripts/NotificationUser.aspx,2026-05-30T08:46:10.149876+00:00
2007-10-05,Tender for Non Competitive Bids - 7.99 per cent,,https://www.rbi.org.in/Scripts/NotificationUser.aspx?Id=3852&Mode=0,https://www.rbi.org.in/Scripts/NotificationUser.aspx,2026-05-30T08:46:10.149876+00:00
2007-10-05,Tender for Competitive Bids - 7.99 per cent,,https://www.rbi.org.in/Scripts/NotificationUser.aspx?Id=3851&Mode=0,https://www.rbi.org.in/Scripts/NotificationUser.aspx,2026-05-30T08:46:10.149876+00:00
2007-10-05,GOI Notification - 7.99 per cent,,https://www.rbi.org.in/Scripts/NotificationUser.aspx?Id=3850&Mode=0,https://www.rbi.org.in/Scripts/NotificationUser.aspx,2026-05-30T08:46:10.149876+00:00
2007-10-05,Tender for Non Competitive Bids - 7.95 per cent,,https://www.rbi.org.in/Scripts/NotificationUser.aspx?Id=3849&Mode=0,https://www.rbi.org.in/Scripts/NotificationUser.aspx,2026-05-30T08:46:10.149876+00:00
2007-10-05,Tender for Competitive Bids - 7.95 per cent,,https://www.rbi.org.in/Scripts/NotificationUser.aspx?Id=3848&Mode=0,https://www.rbi.org.in/Scripts/NotificationUser.aspx,2026-05-30T08:46:10.149876+00:00
2007-10-05,GOI Notification - 7.95 per cent - 2032,,https://www.rbi.org.in/Scripts/NotificationUser.aspx?Id=3847&Mode=0,https://www.rbi.org.in/Scripts/NotificationUser.aspx,2026-05-30T08:46:10.149876+00:00
2007-10-05,RBI Notification,,https://www.rbi.org.in/Scripts/NotificationUser.aspx?Id=3846&Mode=0,https://www.rbi.org.in/Scripts/NotificationUser.aspx,2026-05-30T08:46:10.149876+00:00
2007-10-05,Review of loss making branches of banks,,https://www.rbi.org.in/Scripts/NotificationUser.aspx?Id=3845&Mode=0,https://www.rbi.org.in/Scripts/NotificationUser.aspx,2026-05-30T08:46:10.149876+00:00
2007-10-04,Guidelines on purchase/sale of Non Performing Assets,,https://www.rbi.org.in/Scripts/NotificationUser.aspx?Id=3844&Mode=0,https://www.rbi.org.in/Scripts/NotificationUser.aspx,2026-05-30T08:46:10.149876+00:00
2007-10-01,PMRY - Cut-Off date for disbursement for cases relating to milch animals extended,,https://www.rbi.org.in/Scripts/NotificationUser.aspx?Id=3843&Mode=0,https://www.rbi.org.in/Scripts/NotificationUser.aspx,2026-05-30T08:46:10.149876+00:00
2007-10-01,Target under PMRY 2007-08 revised,,https://www.rbi.org.in/Scripts/NotificationUser.aspx?Id=3842&Mode=0,https://www.rbi.org.in/Scripts/NotificationUser.aspx,2026-05-30T08:46:10.149876+00:00
2025-02-28,Reporting and Accounting of Central Government transactions for March 2025,,https://www.rbi.org.in/Scripts/NotificationUser.aspx?Id=12789&Mode=0,https://www.rbi.org.in/Scripts/NotificationUser.aspx,2026-05-30T08:46:10.416125+00:00
2025-02-27,"Implementation of Section 51A of UAPA, 1967: Updates to UNSC’s 1267/1989 ISIL (Da'esh) & Al-Qaida Sanctions List: Amendments in 01 Entry",,https://www.rbi.org.in/Scripts/NotificationUser.aspx?Id=12788&Mode=0,https://www.rbi.org.in/Scripts/NotificationUser.aspx,2026-05-30T08:46:10.416125+00:00
2025-02-21,"Reserve Bank of India (Forward Contracts in Government Securities) Directions, 2025",,https://www.rbi.org.in/Scripts/NotificationUser.aspx?Id=12784&Mode=0,https://www.rbi.org.in/Scripts/NotificationUser.aspx,2026-05-30T08:46:10.416125+00:00
2025-02-17,Government securities transactions between a Primary Member (PM) of NDS-OM and its own Gilt Account Holder (GAH) or between two GAHs of the same PM,,https://www.rbi.org.in/Scripts/NotificationUser.aspx?Id=12782&Mode=0,https://www.rbi.org.in/Scripts/NotificationUser.aspx,2026-05-30T08:46:10.416125+00:00
2025-02-13,Export-Import Bank of India’s GOI-supported Line of Credit of USD 120 mn to the Government of the Socialist Republic of Vietnam (GO-VNM) for procurement of High-Speed Guard Boats in the Borrower’s Country,Socialist,https://www.rbi.org.in/Scripts/NotificationUser.aspx?Id=12781&Mode=0,https://www.rbi.org.in/Scripts/NotificationUser.aspx,2026-05-30T08:46:10.416125+00:00
2025-02-13,Export-Import Bank of India’s GOI-supported Line of Credit of USD 180 mn to the Government of the Socialist Republic of Vietnam for procurement of 4 Offshore Patrol Vessels (OPV) in the Borrower’s Country,Socialist,https://www.rbi.org.in/Scripts/NotificationUser.aspx?Id=12780&Mode=0,https://www.rbi.org.in/Scripts/NotificationUser.aspx,2026-05-30T08:46:10.416125+00:00
2025-02-12,"Foreign Exchange Management (Manner of Receipt and Payment) (Amendment) Regulations, 2025",,https://www.rbi.org.in/Scripts/NotificationUser.aspx?Id=12779&Mode=0,https://www.rbi.org.in/Scripts/NotificationUser.aspx,2026-05-30T08:46:10.416125+00:00
2025-02-07,"Master Direction - Reserve Bank of India (Access Criteria for NDS-OM) Directions, 2025 ( Updated as on April 27, 2026 )",,https://www.rbi.org.in/Scripts/NotificationUser.aspx?Id=13376&Mode=0,https://www.rbi.org.in/Scripts/NotificationUser.aspx,2026-05-30T08:46:10.416125+00:00
2025-02-07,Access of SEBI-registered non-bank brokers to NDS-OM,,https://www.rbi.org.in/Scripts/NotificationUser.aspx?Id=12777&Mode=0,https://www.rbi.org.in/Scripts/NotificationUser.aspx,2026-05-30T08:46:10.416125+00:00
2025-02-07,Standing Liquidity Facility for Primary Dealers,,https://www.rbi.org.in/Scripts/NotificationUser.aspx?Id=12775&Mode=0,https://www.rbi.org.in/Scripts/NotificationUser.aspx,2026-05-30T08:46:10.416125+00:00
2025-02-07,Liquidity Adjustment Facility - Change in rates,,https://www.rbi.org.in/Scripts/NotificationUser.aspx?Id=12774&Mode=0,https://www.rbi.org.in/Scripts/NotificationUser.aspx,2026-05-30T08:46:10.416125+00:00
2007-09-28,Scheme for Non-competitive Bidding Facility in the Auctions of Government Securities,,https://www.rbi.org.in/Scripts/NotificationUser.aspx?Id=3841&Mode=0,https://www.rbi.org.in/Scripts/NotificationUser.aspx,2026-05-30T08:46:12.665698+00:00
2007-09-28,Tender for Non Competitive Bids - 11.30 per cent,,https://www.rbi.org.in/Scripts/NotificationUser.aspx?Id=3840&Mode=0,https://www.rbi.org.in/Scripts/NotificationUser.aspx,2026-05-30T08:46:12.665698+00:00
2007-09-28,Tender for Competitive Bids - 11.30 per cent,,https://www.rbi.org.in/Scripts/NotificationUser.aspx?Id=3839&Mode=0,https://www.rbi.org.in/Scripts/NotificationUser.aspx,2026-05-30T08:46:12.665698+00:00
2007-09-28,GOI Notification - 11.30 per cent,,https://www.rbi.org.in/Scripts/NotificationUser.aspx?Id=3838&Mode=0,https://www.rbi.org.in/Scripts/NotificationUser.aspx,2026-05-30T08:46:12.665698+00:00
2007-09-28,Tender for Non Competitive Bids - 5.87 per cent,,https://www.rbi.org.in/Scripts/NotificationUser.aspx?Id=3837&Mode=0,https://www.rbi.org.in/Scripts/NotificationUser.aspx,2026-05-30T08:46:12.665698+00:00
2007-09-28,Tender for Competitive Bids - 5.87 per cent,,https://www.rbi.org.in/Scripts/NotificationUser.aspx?Id=3836&Mode=0,https://www.rbi.org.in/Scripts/NotificationUser.aspx,2026-05-30T08:46:12.665698+00:00
2007-09-28,GOI Notification - 5.87 per cent,,https://www.rbi.org.in/Scripts/NotificationUser.aspx?Id=3835&Mode=0,https://www.rbi.org.in/Scripts/NotificationUser.aspx,2026-05-30T08:46:12.665698+00:00
2007-09-26,Overseas Investment by Mutual Funds - Liberalisation,,https://www.rbi.org.in/Scripts/NotificationUser.aspx?Id=3834&Mode=0,https://www.rbi.org.in/Scripts/NotificationUser.aspx,2026-05-30T08:46:12.665698+00:00
2007-09-26,Overseas Direct Investment- Liberalisation,,https://www.rbi.org.in/Scripts/NotificationUser.aspx?Id=3833&Mode=0,https://www.rbi.org.in/Scripts/NotificationUser.aspx,2026-05-30T08:46:12.665698+00:00
2007-09-26,Prepayment of External Commercial Borrowings,,https://www.rbi.org.in/Scripts/NotificationUser.aspx?Id=3832&Mode=0,https://www.rbi.org.in/Scripts/NotificationUser.aspx,2026-05-30T08:46:12.665698+00:00
2007-09-26,"Liberalised Remittance Scheme for Resident Individuals- Enhancement of limit from USD 100,000 to USD 200,000",,https://www.rbi.org.in/Scripts/NotificationUser.aspx?Id=3831&Mode=0,https://www.rbi.org.in/Scripts/NotificationUser.aspx,2026-05-30T08:46:12.665698+00:00
2007-09-24,Scheme for Non-competitive Bidding Facility in the Auctions of Government Securities,,https://www.rbi.org.in/Scripts/NotificationUser.aspx?Id=3830&Mode=0,https://www.rbi.org.in/Scripts/NotificationUser.aspx,2026-05-30T08:46:12.665698+00:00
2007-09-24,Tender for Non Competitive Bids - 5.87 per cent,,https://www.rbi.org.in/Scripts/NotificationUser.aspx?Id=3829&Mode=0,https://www.rbi.org.in/Scripts/NotificationUser.aspx,2026-05-30T08:46:12.665698+00:00
2007-09-24,Tender for Competitive Bids - 5.87 per cent,,https://www.rbi.org.in/Scripts/NotificationUser.aspx?Id=3828&Mode=0,https://www.rbi.org.in/Scripts/NotificationUser.aspx,2026-05-30T08:46:12.665698+00:00
2007-09-24,GOI Notification - 5.87 per cent,,https://www.rbi.org.in/Scripts/NotificationUser.aspx?Id=3827&Mode=0,https://www.rbi.org.in/Scripts/NotificationUser.aspx,2026-05-30T08:46:12.665698+00:00
2007-09-24,Tender for Non Competitive Bids - 5.48 per cent,,https://www.rbi.org.in/Scripts/NotificationUser.aspx?Id=3826&Mode=0,https://www.rbi.org.in/Scripts/NotificationUser.aspx,2026-05-30T08:46:12.665698+00:00
2007-09-24,Tender for Competitive Bids - 5.48 per cent,,https://www.rbi.org.in/Scripts/NotificationUser.aspx?Id=3825&Mode=0,https://www.rbi.org.in/Scripts/NotificationUser.aspx,2026-05-30T08:46:12.665698+00:00
2007-09-24,GOI Notification - 5.48 per cent,,https://www.rbi.org.in/Scripts/NotificationUser.aspx?Id=3824&Mode=0,https://www.rbi.org.in/Scripts/NotificationUser.aspx,2026-05-30T08:46:12.665698+00:00
2007-09-21,Exim Bank's Line of Credit (LOC) of USD 30 million to Government of the Republic of Honduras,,https://www.rbi.org.in/Scripts/NotificationUser.aspx?Id=3822&Mode=0,https://www.rbi.org.in/Scripts/NotificationUser.aspx,2026-05-30T08:46:12.665698+00:00
2007-09-19,"8% Savings (Taxable) Bonds, 2003 - Income Tax Act. 1961 - TDS",,https://www.rbi.org.in/Scripts/NotificationUser.aspx?Id=3820&Mode=0,https://www.rbi.org.in/Scripts/NotificationUser.aspx,2026-05-30T08:46:12.665698+00:00
2007-09-18,"Foreign Exchange Management (Deposit) (Third Amendment) Regulations, 2007",,https://www.rbi.org.in/Scripts/NotificationUser.aspx?Id=4083&Mode=0,https://www.rbi.org.in/Scripts/NotificationUser.aspx,2026-05-30T08:46:12.665698+00:00
2007-09-18,"Foreign Exchange Management (Remittance of Assets) (Second Amendment) Regulations, 2007",,https://www.rbi.org.in/Scripts/NotificationUser.aspx?Id=4082&Mode=0,https://www.rbi.org.in/Scripts/NotificationUser.aspx,2026-05-30T08:46:12.665698+00:00
2007-09-18,"Foreign Exchange Management (Borrowing and Lending in Rupees) (Amendment) Regulations, 2007",,https://www.rbi.org.in/Scripts/NotificationUser.aspx?Id=4005&Mode=0,https://www.rbi.org.in/Scripts/NotificationUser.aspx,2026-05-30T08:46:12.665698+00:00
2007-09-18,Investments in Non-SLR Securities by UCBs,,https://www.rbi.org.in/Scripts/NotificationUser.aspx?Id=3817&Mode=0,https://www.rbi.org.in/Scripts/NotificationUser.aspx,2026-05-30T08:46:12.665698+00:00
2007-09-17,"Foreign Exchange Management (Foreign Exchange Derivative Contracts) (Amendment) Regulations, 2007",,https://www.rbi.org.in/Scripts/NotificationUser.aspx?Id=4081&Mode=0,https://www.rbi.org.in/Scripts/NotificationUser.aspx,2026-05-30T08:46:12.665698+00:00
2007-09-12,Assignment of Lead Bank Responsibility in J&K,,https://www.rbi.org.in/Scripts/NotificationUser.aspx?Id=3810&Mode=0,https://www.rbi.org.in/Scripts/NotificationUser.aspx,2026-05-30T08:46:12.665698+00:00
2007-09-07,"Exclusion from the Second Schedule to the Reserve Bank of India Act, 1934 - The Sangli Bank Ltd",,https://www.rbi.org.in/Scripts/NotificationUser.aspx?Id=3806&Mode=0,https://www.rbi.org.in/Scripts/NotificationUser.aspx,2026-05-30T08:46:12.665698+00:00
2007-09-05,Guidelines on ALM – Draft Amendments,,https://www.rbi.org.in/Scripts/NotificationUser.aspx?Id=3803&Mode=0,https://www.rbi.org.in/Scripts/NotificationUser.aspx,2026-05-30T08:46:12.665698+00:00
2007-09-04,Future approach towards monitoring of frauds in NBFCs,,https://www.rbi.org.in/Scripts/NotificationUser.aspx?Id=3801&Mode=0,https://www.rbi.org.in/Scripts/NotificationUser.aspx,2026-05-30T08:46:12.665698+00:00
2007-09-03,"Foreign Exchange Management (Deposit) (Second Amendment) Regulations, 2007",,https://www.rbi.org.in/Scripts/NotificationUser.aspx?Id=4004&Mode=0,https://www.rbi.org.in/Scripts/NotificationUser.aspx,2026-05-30T08:46:12.665698+00:00
2007-09-03,Reporting Format for Priority Sector Lending Revised,,https://www.rbi.org.in/Scripts/NotificationUser.aspx?Id=3800&Mode=0,https://www.rbi.org.in/Scripts/NotificationUser.aspx,2026-05-30T08:46:12.665698+00:00
2025-01-30,"Framework for imposing monetary penalty and compounding of offences under the Payment and Settlement Systems Act, 2007",,https://www.rbi.org.in/Scripts/NotificationUser.aspx?Id=12773&Mode=0,https://www.rbi.org.in/Scripts/NotificationUser.aspx,2026-05-30T08:46:12.922919+00:00
2025-01-17,Prevention of financial frauds perpetrated using voice calls and SMS – Regulatory prescriptions and Institutional Safeguards,,https://www.rbi.org.in/Scripts/NotificationUser.aspx?Id=12770&Mode=0,https://www.rbi.org.in/Scripts/NotificationUser.aspx,2026-05-30T08:46:12.922919+00:00
2025-01-17,Coverage of customers under the nomination facility,,https://www.rbi.org.in/Scripts/NotificationUser.aspx?Id=12769&Mode=0,https://www.rbi.org.in/Scripts/NotificationUser.aspx,2026-05-30T08:46:12.922919+00:00
2025-01-16,"Foreign Exchange Management (Mode of Payment and Reporting of Non-Debt Instruments) (Third Amendment) Regulations, 2025",,https://www.rbi.org.in/Scripts/NotificationUser.aspx?Id=12768&Mode=0,https://www.rbi.org.in/Scripts/NotificationUser.aspx,2026-05-30T08:46:12.922919+00:00
2025-01-16,"Foreign Exchange Management (Foreign Currency Accounts by a person resident in India) (Fifth Amendment) Regulations, 2025",,https://www.rbi.org.in/Scripts/NotificationUser.aspx?Id=12767&Mode=0,https://www.rbi.org.in/Scripts/NotificationUser.aspx,2026-05-30T08:46:12.922919+00:00
2025-01-16,"Foreign Exchange Management (Deposit) (Fifth Amendment) Regulations, 2025",,https://www.rbi.org.in/Scripts/NotificationUser.aspx?Id=12766&Mode=0,https://www.rbi.org.in/Scripts/NotificationUser.aspx,2026-05-30T08:46:12.922919+00:00
2025-01-07,"Master Direction - Reserve Bank of India (Non-resident Investment in Debt Instruments) Directions, 2025 ( Updated as on April 10, 2026 )",,https://www.rbi.org.in/Scripts/NotificationUser.aspx?Id=12765&Mode=0,https://www.rbi.org.in/Scripts/NotificationUser.aspx,2026-05-30T08:46:12.922919+00:00
2025-01-03,"Status of March 30, 2025 for Government transactions through integration with e-Kuber",,https://www.rbi.org.in/Scripts/NotificationUser.aspx?Id=12763&Mode=0,https://www.rbi.org.in/Scripts/NotificationUser.aspx,2026-05-30T08:46:12.922919+00:00
2025-01-02,Formation of new district in the State of Nagaland – Assignment of Lead Bank Responsibility,,https://www.rbi.org.in/Scripts/NotificationUser.aspx?Id=12762&Mode=0,https://www.rbi.org.in/Scripts/NotificationUser.aspx,2026-05-30T08:46:12.922919+00:00
2025-01-01,Participation of NaBFID as an AIFI in financial markets,,https://www.rbi.org.in/Scripts/NotificationUser.aspx?Id=12761&Mode=0,https://www.rbi.org.in/Scripts/NotificationUser.aspx,2026-05-30T08:46:12.922919+00:00
2007-08-31,Scheme for Non-competitive Bidding Facility in the Auctions of Government Securities,,https://www.rbi.org.in/Scripts/NotificationUser.aspx?Id=3798&Mode=0,https://www.rbi.org.in/Scripts/NotificationUser.aspx,2026-05-30T08:46:15.282077+00:00
2007-08-31,Tender for Non Competitive Bids - 8.33 per cent,,https://www.rbi.org.in/Scripts/NotificationUser.aspx?Id=3797&Mode=0,https://www.rbi.org.in/Scripts/NotificationUser.aspx,2026-05-30T08:46:15.282077+00:00
2007-08-31,Tender for Competitive Bids - 8.33 per cent,,https://www.rbi.org.in/Scripts/NotificationUser.aspx?Id=3796&Mode=0,https://www.rbi.org.in/Scripts/NotificationUser.aspx,2026-05-30T08:46:15.282077+00:00
2007-08-31,GOI Notification - 8.33 per cent,,https://www.rbi.org.in/Scripts/NotificationUser.aspx?Id=3795&Mode=0,https://www.rbi.org.in/Scripts/NotificationUser.aspx,2026-05-30T08:46:15.282077+00:00
2007-08-31,Tender for Non Competitive Bids - 8.20 per cent,,https://www.rbi.org.in/Scripts/NotificationUser.aspx?Id=3794&Mode=0,https://www.rbi.org.in/Scripts/NotificationUser.aspx,2026-05-30T08:46:15.282077+00:00
2007-08-31,Tender for Competitive Bids - 8.20 per cent,,https://www.rbi.org.in/Scripts/NotificationUser.aspx?Id=3793&Mode=0,https://www.rbi.org.in/Scripts/NotificationUser.aspx,2026-05-30T08:46:15.282077+00:00
2007-08-31,GOI Notification - 8.20 per cent,,https://www.rbi.org.in/Scripts/NotificationUser.aspx?Id=3792&Mode=0,https://www.rbi.org.in/Scripts/NotificationUser.aspx,2026-05-30T08:46:15.282077+00:00
2007-08-31,RBI Notification,,https://www.rbi.org.in/Scripts/NotificationUser.aspx?Id=3791&Mode=0,https://www.rbi.org.in/Scripts/NotificationUser.aspx,2026-05-30T08:46:15.282077+00:00
2007-08-30,"Foreign Exchange Management (Borrowing or Lending in Foreign Exchange) (Amendment) Regulations, 2007",,https://www.rbi.org.in/Scripts/NotificationUser.aspx?Id=4003&Mode=0,https://www.rbi.org.in/Scripts/NotificationUser.aspx,2026-05-30T08:46:15.282077+00:00
2007-08-30,Settlement of PPF Claims of Subscribers who go missing,,https://www.rbi.org.in/Scripts/NotificationUser.aspx?Id=3788&Mode=0,https://www.rbi.org.in/Scripts/NotificationUser.aspx,2026-05-30T08:46:15.282077+00:00
2007-08-28,Banks to provide free remittance facility to Government Departments,,https://www.rbi.org.in/Scripts/NotificationUser.aspx?Id=3787&Mode=0,https://www.rbi.org.in/Scripts/NotificationUser.aspx,2026-05-30T08:46:15.282077+00:00
2007-08-23,Reporting Platform for OTC Interest Rate Derivatives,,https://www.rbi.org.in/Scripts/NotificationUser.aspx?Id=3780&Mode=0,https://www.rbi.org.in/Scripts/NotificationUser.aspx,2026-05-30T08:46:15.282077+00:00
2007-08-22,Rupee Loans to NRI Employees of Indian Companies under Employees Stock Option (ESOP) Scheme,,https://www.rbi.org.in/Scripts/NotificationUser.aspx?Id=3784&Mode=0,https://www.rbi.org.in/Scripts/NotificationUser.aspx,2026-05-30T08:46:15.282077+00:00
2007-08-22,Guidelines on Lending to Priority Sector – Revised,,https://www.rbi.org.in/Scripts/NotificationUser.aspx?Id=3781&Mode=0,https://www.rbi.org.in/Scripts/NotificationUser.aspx,2026-05-30T08:46:15.282077+00:00
2007-08-20,Scheme for Non-competitive Bidding Facility in the Auctions of Government Securities,,https://www.rbi.org.in/Scripts/NotificationUser.aspx?Id=3776&Mode=0,https://www.rbi.org.in/Scripts/NotificationUser.aspx,2026-05-30T08:46:15.282077+00:00
2007-08-20,Tender for Non Competitive Bids - 5.48 per cent,,https://www.rbi.org.in/Scripts/NotificationUser.aspx?Id=3775&Mode=0,https://www.rbi.org.in/Scripts/NotificationUser.aspx,2026-05-30T08:46:15.282077+00:00
2007-08-20,Tender for Competitive Bids - 5.48 per cent,,https://www.rbi.org.in/Scripts/NotificationUser.aspx?Id=3774&Mode=0,https://www.rbi.org.in/Scripts/NotificationUser.aspx,2026-05-30T08:46:15.282077+00:00
2007-08-20,GOI Notification - 5.48 per cent,,https://www.rbi.org.in/Scripts/NotificationUser.aspx?Id=3773&Mode=0,https://www.rbi.org.in/Scripts/NotificationUser.aspx,2026-05-30T08:46:15.282077+00:00
2007-08-17,"Exim Bank's Line of Credit (LOC) of USD 5 million to the Eastern African Development Bank, Kampala, Uganda",,https://www.rbi.org.in/Scripts/NotificationUser.aspx?Id=3783&Mode=0,https://www.rbi.org.in/Scripts/NotificationUser.aspx,2026-05-30T08:46:15.282077+00:00
2007-08-17,Exim Bank's Line of Credit (LOC) of USD 30 million to the Government of the Republic of Mali,,https://www.rbi.org.in/Scripts/NotificationUser.aspx?Id=3782&Mode=0,https://www.rbi.org.in/Scripts/NotificationUser.aspx,2026-05-30T08:46:15.282077+00:00
2007-08-17,Scheme for Non-competitive Bidding Facility in the Auctions of Government Securities,,https://www.rbi.org.in/Scripts/NotificationUser.aspx?Id=3772&Mode=0,https://www.rbi.org.in/Scripts/NotificationUser.aspx,2026-05-30T08:46:15.282077+00:00
2007-08-17,Tender for Non Competitive Bids - 7.99 per cent,,https://www.rbi.org.in/Scripts/NotificationUser.aspx?Id=3771&Mode=0,https://www.rbi.org.in/Scripts/NotificationUser.aspx,2026-05-30T08:46:15.282077+00:00
2007-08-17,Tender for Competitive Bids - 7.99 per cent,,https://www.rbi.org.in/Scripts/NotificationUser.aspx?Id=3770&Mode=0,https://www.rbi.org.in/Scripts/NotificationUser.aspx,2026-05-30T08:46:15.282077+00:00
2007-08-17,GOI Notification - 7.99 per cent,,https://www.rbi.org.in/Scripts/NotificationUser.aspx?Id=3769&Mode=0,https://www.rbi.org.in/Scripts/NotificationUser.aspx,2026-05-30T08:46:15.282077+00:00
2007-08-17,Tender for Non Competitive Bids - 7.27 per cent,,https://www.rbi.org.in/Scripts/NotificationUser.aspx?Id=3768&Mode=0,https://www.rbi.org.in/Scripts/NotificationUser.aspx,2026-05-30T08:46:15.282077+00:00
2007-08-17,Tender for Competitive Bids - 7.27 per cent,,https://www.rbi.org.in/Scripts/NotificationUser.aspx?Id=3767&Mode=0,https://www.rbi.org.in/Scripts/NotificationUser.aspx,2026-05-30T08:46:15.282077+00:00
2007-08-17,GOI Notification - 7.27 per cent,,https://www.rbi.org.in/Scripts/NotificationUser.aspx?Id=3766&Mode=0,https://www.rbi.org.in/Scripts/NotificationUser.aspx,2026-05-30T08:46:15.282077+00:00
2007-08-17,RBI Notification,,https://www.rbi.org.in/Scripts/NotificationUser.aspx?Id=3765&Mode=0,https://www.rbi.org.in/Scripts/NotificationUser.aspx,2026-05-30T08:46:15.282077+00:00
2007-08-13,Priority Sector Advances- Loans for Housing Purposes,,https://www.rbi.org.in/Scripts/NotificationUser.aspx?Id=3764&Mode=0,https://www.rbi.org.in/Scripts/NotificationUser.aspx,2026-05-30T08:46:15.282077+00:00
2007-08-13,Scheme for Non-competitive Bidding Facility in the Auctions of Government Securities,,https://www.rbi.org.in/Scripts/NotificationUser.aspx?Id=3763&Mode=0,https://www.rbi.org.in/Scripts/NotificationUser.aspx,2026-05-30T08:46:15.282077+00:00
2007-08-13,Tender for Non Competitive Bids - 5.48 per cent,,https://www.rbi.org.in/Scripts/NotificationUser.aspx?Id=3762&Mode=0,https://www.rbi.org.in/Scripts/NotificationUser.aspx,2026-05-30T08:46:15.282077+00:00
2007-08-13,Tender for Competitive Bids - 5.48 per cent,,https://www.rbi.org.in/Scripts/NotificationUser.aspx?Id=3761&Mode=0,https://www.rbi.org.in/Scripts/NotificationUser.aspx,2026-05-30T08:46:15.282077+00:00
2007-08-13,GOI Notification - 5.48 per cent,,https://www.rbi.org.in/Scripts/NotificationUser.aspx?Id=3760&Mode=0,https://www.rbi.org.in/Scripts/NotificationUser.aspx,2026-05-30T08:46:15.282077+00:00
2007-08-09,"Monitoring Bank Advances To Priority Sectors - Special Returns I, II and III",,https://www.rbi.org.in/Scripts/NotificationUser.aspx?Id=3759&Mode=0,https://www.rbi.org.in/Scripts/NotificationUser.aspx,2026-05-30T08:46:15.282077+00:00
2007-08-07,Review of External Commercial Borrowings (ECB) Policy,,https://www.rbi.org.in/Scripts/NotificationUser.aspx?Id=3758&Mode=0,https://www.rbi.org.in/Scripts/NotificationUser.aspx,2026-05-30T08:46:15.282077+00:00
2007-08-06,Scheme for Non-competitive Bidding Facility in the Auctions of Government Securities,,https://www.rbi.org.in/Scripts/NotificationUser.aspx?Id=3757&Mode=0,https://www.rbi.org.in/Scripts/NotificationUser.aspx,2026-05-30T08:46:15.282077+00:00
2007-08-06,Tender for Non Competitive Bids - 5.48 per cent,,https://www.rbi.org.in/Scripts/NotificationUser.aspx?Id=3756&Mode=0,https://www.rbi.org.in/Scripts/NotificationUser.aspx,2026-05-30T08:46:15.282077+00:00
2007-08-06,Tender for Competitive Bids - 5.48 per cent,,https://www.rbi.org.in/Scripts/NotificationUser.aspx?Id=3755&Mode=0,https://www.rbi.org.in/Scripts/NotificationUser.aspx,2026-05-30T08:46:15.282077+00:00
2007-08-06,GOI Notification - 5.48 per cent,,https://www.rbi.org.in/Scripts/NotificationUser.aspx?Id=3754&Mode=0,https://www.rbi.org.in/Scripts/NotificationUser.aspx,2026-05-30T08:46:15.282077+00:00
2007-07-31,FIMMDA Reporting Platform for Corporate Bond Transactions,,https://www.rbi.org.in/Scripts/NotificationUser.aspx?Id=3777&Mode=0,https://www.rbi.org.in/Scripts/NotificationUser.aspx,2026-05-30T08:46:18.160742+00:00
2007-07-31,"Urban Cooperative Banks - Section 42(1) of Reserve Bank of India Act, 1934-Maintenance of Cash Reserve Ratio (CRR)",,https://www.rbi.org.in/Scripts/NotificationUser.aspx?Id=3752&Mode=0,https://www.rbi.org.in/Scripts/NotificationUser.aspx,2026-05-30T08:46:18.160742+00:00
2007-07-31,Liquidity Adjustment Facility,,https://www.rbi.org.in/Scripts/NotificationUser.aspx?Id=3748&Mode=0,https://www.rbi.org.in/Scripts/NotificationUser.aspx,2026-05-30T08:46:18.160742+00:00
2007-07-31,NBFCs - FIMMDA Reporting Platform for Corporate Bond Transactions,,https://www.rbi.org.in/Scripts/NotificationUser.aspx?Id=3746&Mode=0,https://www.rbi.org.in/Scripts/NotificationUser.aspx,2026-05-30T08:46:18.160742+00:00
2007-07-31,First Quarter Review of Annual Monetary Policy for the Year 2007-08,,https://www.rbi.org.in/Scripts/NotificationUser.aspx?Id=3745&Mode=0,https://www.rbi.org.in/Scripts/NotificationUser.aspx,2026-05-30T08:46:18.160742+00:00
2007-07-30,Scheme for Non-competitive Bidding Facility in the Auctions of Government Securities,,https://www.rbi.org.in/Scripts/NotificationUser.aspx?Id=3744&Mode=0,https://www.rbi.org.in/Scripts/NotificationUser.aspx,2026-05-30T08:46:18.160742+00:00
2007-07-30,Tender for Non Competitive Bids - 5.48 per cent,,https://www.rbi.org.in/Scripts/NotificationUser.aspx?Id=3743&Mode=0,https://www.rbi.org.in/Scripts/NotificationUser.aspx,2026-05-30T08:46:18.160742+00:00
2007-07-30,Tender for Competitive Bids - 5.48 per cent,,https://www.rbi.org.in/Scripts/NotificationUser.aspx?Id=3742&Mode=0,https://www.rbi.org.in/Scripts/NotificationUser.aspx,2026-05-30T08:46:18.160742+00:00
2007-07-30,GOI Notification - 5.48 per cent,,https://www.rbi.org.in/Scripts/NotificationUser.aspx?Id=3741&Mode=0,https://www.rbi.org.in/Scripts/NotificationUser.aspx,2026-05-30T08:46:18.160742+00:00
2007-07-27,Scheme for Non-competitive Bidding Facility in the Auctions of Government Securities,,https://www.rbi.org.in/Scripts/NotificationUser.aspx?Id=3740&Mode=0,https://www.rbi.org.in/Scripts/NotificationUser.aspx,2026-05-30T08:46:18.160742+00:00
2007-07-27,Tender for Non Competitive Bids - 7.99 per cent,,https://www.rbi.org.in/Scripts/NotificationUser.aspx?Id=3739&Mode=0,https://www.rbi.org.in/Scripts/NotificationUser.aspx,2026-05-30T08:46:18.160742+00:00
2007-07-27,Tender for Competitive Bids - 7.99 per cent,,https://www.rbi.org.in/Scripts/NotificationUser.aspx?Id=3738&Mode=0,https://www.rbi.org.in/Scripts/NotificationUser.aspx,2026-05-30T08:46:18.160742+00:00
2007-07-27,GOI Notification - 7.99 per cent,,https://www.rbi.org.in/Scripts/NotificationUser.aspx?Id=3737&Mode=0,https://www.rbi.org.in/Scripts/NotificationUser.aspx,2026-05-30T08:46:18.160742+00:00
2007-07-27,Tender for Non Competitive Bids - 7.95 per cent,,https://www.rbi.org.in/Scripts/NotificationUser.aspx?Id=3736&Mode=0,https://www.rbi.org.in/Scripts/NotificationUser.aspx,2026-05-30T08:46:18.160742+00:00
2007-07-27,Tender for Competitive Bids - 7.95 per cent,,https://www.rbi.org.in/Scripts/NotificationUser.aspx?Id=3735&Mode=0,https://www.rbi.org.in/Scripts/NotificationUser.aspx,2026-05-30T08:46:18.160742+00:00
2007-07-27,GOI Notification - 7.95 per cent,,https://www.rbi.org.in/Scripts/NotificationUser.aspx?Id=3734&Mode=0,https://www.rbi.org.in/Scripts/NotificationUser.aspx,2026-05-30T08:46:18.160742+00:00
2007-07-27,RBI Notification,,https://www.rbi.org.in/Scripts/NotificationUser.aspx?Id=3733&Mode=0,https://www.rbi.org.in/Scripts/NotificationUser.aspx,2026-05-30T08:46:18.160742+00:00
2007-07-25,Remuneration payable to the Statutory Central and Branch Auditors of Public Sector Banks from the year 2006-07,,https://www.rbi.org.in/Scripts/NotificationUser.aspx?Id=3732&Mode=0,https://www.rbi.org.in/Scripts/NotificationUser.aspx,2026-05-30T08:46:18.160742+00:00
2007-07-23,Scheme for Non-competitive Bidding Facility in the Auctions of Government Securities,,https://www.rbi.org.in/Scripts/NotificationUser.aspx?Id=3731&Mode=0,https://www.rbi.org.in/Scripts/NotificationUser.aspx,2026-05-30T08:46:18.160742+00:00
2007-07-23,Tender for Non Competitive Bids - 7.55 per cent,,https://www.rbi.org.in/Scripts/NotificationUser.aspx?Id=3730&Mode=0,https://www.rbi.org.in/Scripts/NotificationUser.aspx,2026-05-30T08:46:18.160742+00:00
2007-07-23,Tender for Competitive Bids - 7.55 per cent,,https://www.rbi.org.in/Scripts/NotificationUser.aspx?Id=3729&Mode=0,https://www.rbi.org.in/Scripts/NotificationUser.aspx,2026-05-30T08:46:18.160742+00:00
2007-07-23,GOI Notification - 7.55 per cent,,https://www.rbi.org.in/Scripts/NotificationUser.aspx?Id=3728&Mode=0,https://www.rbi.org.in/Scripts/NotificationUser.aspx,2026-05-30T08:46:18.160742+00:00
2007-07-19,Remittances to non-residents - Deduction of tax at source,source,https://www.rbi.org.in/Scripts/NotificationUser.aspx?Id=3727&Mode=0,https://www.rbi.org.in/Scripts/NotificationUser.aspx,2026-05-30T08:46:18.160742+00:00
2007-07-19,Maintenance of collateral by FIIs for transactions in derivative segment- Opening of demat accounts by Clearing Corporations and Clearing Members,,https://www.rbi.org.in/Scripts/NotificationUser.aspx?Id=3726&Mode=0,https://www.rbi.org.in/Scripts/NotificationUser.aspx,2026-05-30T08:46:18.160742+00:00
2007-07-16,Credit Flow to Minority Communities – Additional Districts,,https://www.rbi.org.in/Scripts/NotificationUser.aspx?Id=3725&Mode=0,https://www.rbi.org.in/Scripts/NotificationUser.aspx,2026-05-30T08:46:18.160742+00:00
2007-07-16,Scheme for Non-competitive Bidding Facility in the Auctions of Government Securities,,https://www.rbi.org.in/Scripts/NotificationUser.aspx?Id=3723&Mode=0,https://www.rbi.org.in/Scripts/NotificationUser.aspx,2026-05-30T08:46:18.160742+00:00
2007-07-16,Tender for Non Competitive Bids - 6.65 per cent,,https://www.rbi.org.in/Scripts/NotificationUser.aspx?Id=3722&Mode=0,https://www.rbi.org.in/Scripts/NotificationUser.aspx,2026-05-30T08:46:18.160742+00:00
2007-07-16,Tender for Competitive Bids - 6.65 per cent,,https://www.rbi.org.in/Scripts/NotificationUser.aspx?Id=3721&Mode=0,https://www.rbi.org.in/Scripts/NotificationUser.aspx,2026-05-30T08:46:18.160742+00:00
2007-07-16,GOI Notification - 6.65 per cent,,https://www.rbi.org.in/Scripts/NotificationUser.aspx?Id=3720&Mode=0,https://www.rbi.org.in/Scripts/NotificationUser.aspx,2026-05-30T08:46:18.160742+00:00
2007-07-13,Guidelines for issue of ATM-cum-Debit Cards by UCBs,,https://www.rbi.org.in/Scripts/NotificationUser.aspx?Id=3717&Mode=0,https://www.rbi.org.in/Scripts/NotificationUser.aspx,2026-05-30T08:46:18.160742+00:00
2007-07-13,Scheme for Non-competitive Bidding Facility in the Auctions of Government Securities,,https://www.rbi.org.in/Scripts/NotificationUser.aspx?Id=3716&Mode=0,https://www.rbi.org.in/Scripts/NotificationUser.aspx,2026-05-30T08:46:18.160742+00:00
2007-07-13,Tender for Non Competitive Bids - 7.95 per cent,,https://www.rbi.org.in/Scripts/NotificationUser.aspx?Id=3715&Mode=0,https://www.rbi.org.in/Scripts/NotificationUser.aspx,2026-05-30T08:46:18.160742+00:00
2007-07-13,Tender for Competitive Bids - 7.95 per cent,,https://www.rbi.org.in/Scripts/NotificationUser.aspx?Id=3714&Mode=0,https://www.rbi.org.in/Scripts/NotificationUser.aspx,2026-05-30T08:46:18.160742+00:00
2007-07-13,GOI Notification - 7.95 per cent,,https://www.rbi.org.in/Scripts/NotificationUser.aspx?Id=3713&Mode=0,https://www.rbi.org.in/Scripts/NotificationUser.aspx,2026-05-30T08:46:18.160742+00:00
2007-07-13,Tender for Non Competitive Bids - 7.27 per cent,,https://www.rbi.org.in/Scripts/NotificationUser.aspx?Id=3712&Mode=0,https://www.rbi.org.in/Scripts/NotificationUser.aspx,2026-05-30T08:46:18.160742+00:00
2007-07-13,Tender for Competitive Bids - 7.27 per cent,,https://www.rbi.org.in/Scripts/NotificationUser.aspx?Id=3711&Mode=0,https://www.rbi.org.in/Scripts/NotificationUser.aspx,2026-05-30T08:46:18.160742+00:00
2007-07-13,GOI Notification - 7.27 per cent,,https://www.rbi.org.in/Scripts/NotificationUser.aspx?Id=3710&Mode=0,https://www.rbi.org.in/Scripts/NotificationUser.aspx,2026-05-30T08:46:18.160742+00:00
2007-07-13,RBI Notification,,https://www.rbi.org.in/Scripts/NotificationUser.aspx?Id=3709&Mode=0,https://www.rbi.org.in/Scripts/NotificationUser.aspx,2026-05-30T08:46:18.160742+00:00
2007-07-13,Rupee Export Credit Interest Rates,,https://www.rbi.org.in/Scripts/NotificationUser.aspx?Id=3708&Mode=0,https://www.rbi.org.in/Scripts/NotificationUser.aspx,2026-05-30T08:46:18.160742+00:00
2007-07-11,Guidelines on Corporate Governance for NBFCs,,https://www.rbi.org.in/Scripts/NotificationUser.aspx?Id=3706&Mode=0,https://www.rbi.org.in/Scripts/NotificationUser.aspx,2026-05-30T08:46:18.160742+00:00
2007-07-05,Master Circular-Priority Sector Lending - Credit facilities to Minority Communities,,https://www.rbi.org.in/Scripts/NotificationUser.aspx?Id=3703&Mode=0,https://www.rbi.org.in/Scripts/NotificationUser.aspx,2026-05-30T08:46:18.160742+00:00
2007-07-05,Acceptance of FCNR(B) Deposits by Regional Rural Banks (RRBs),,https://www.rbi.org.in/Scripts/NotificationUser.aspx?Id=3701&Mode=0,https://www.rbi.org.in/Scripts/NotificationUser.aspx,2026-05-30T08:46:18.160742+00:00
2007-07-03,Unsolicited Commercial Communications – National Do Not Call Registry,,https://www.rbi.org.in/Scripts/NotificationUser.aspx?Id=3676&Mode=0,https://www.rbi.org.in/Scripts/NotificationUser.aspx,2026-05-30T08:46:18.160742+00:00
2007-07-02,Master Circular on Priority Sector Lending- Special Programmes- Swarnajayanti Gram Swarozgar Yojana (SGSY),,https://www.rbi.org.in/Scripts/NotificationUser.aspx?Id=3697&Mode=0,https://www.rbi.org.in/Scripts/NotificationUser.aspx,2026-05-30T08:46:18.160742+00:00
2007-07-02,Master Circular Priority Sector Lending- Special Programmes Swarna Jayanti Shahari Rozgar Yojana (SJSRY),,https://www.rbi.org.in/Scripts/NotificationUser.aspx?Id=3694&Mode=0,https://www.rbi.org.in/Scripts/NotificationUser.aspx,2026-05-30T08:46:18.160742+00:00
2007-07-02,Master Circular Priority Sector Lending-Credit facilities to Scheduled Castes (SCs) & Scheduled Tribes (STs),,https://www.rbi.org.in/Scripts/NotificationUser.aspx?Id=3693&Mode=0,https://www.rbi.org.in/Scripts/NotificationUser.aspx,2026-05-30T08:46:18.160742+00:00
2007-07-02,Master Circular - Priority Sector Lending- Special Programmes Scheme for Liberation and Rehabilitation of Scavengers (SLRS),,https://www.rbi.org.in/Scripts/NotificationUser.aspx?Id=3692&Mode=0,https://www.rbi.org.in/Scripts/NotificationUser.aspx,2026-05-30T08:46:18.160742+00:00
2007-07-02,Master Circular on Appointment & delisting of Brokers for Relief / Savings Bonds,,https://www.rbi.org.in/Scripts/NotificationUser.aspx?Id=3690&Mode=0,https://www.rbi.org.in/Scripts/NotificationUser.aspx,2026-05-30T08:46:18.160742+00:00
2007-07-02,Master Circular on Rates of Brokerage etc. for Relief / Savings Bonds,,https://www.rbi.org.in/Scripts/NotificationUser.aspx?Id=3689&Mode=0,https://www.rbi.org.in/Scripts/NotificationUser.aspx,2026-05-30T08:46:18.160742+00:00
2007-07-02,Master Circular on Nomination facility in Relief / Savings Bonds,,https://www.rbi.org.in/Scripts/NotificationUser.aspx?Id=3688&Mode=0,https://www.rbi.org.in/Scripts/NotificationUser.aspx,2026-05-30T08:46:18.160742+00:00
2007-07-02,Master Circular on Conduct of Government Business by Agency Banks- Payment of Agency Commission,,https://www.rbi.org.in/Scripts/NotificationUser.aspx?Id=3685&Mode=0,https://www.rbi.org.in/Scripts/NotificationUser.aspx,2026-05-30T08:46:18.160742+00:00
2007-07-02,Master Circular on Export of Goods and Services,,https://www.rbi.org.in/Scripts/NotificationUser.aspx?Id=3684&Mode=0,https://www.rbi.org.in/Scripts/NotificationUser.aspx,2026-05-30T08:46:18.160742+00:00
2007-07-02,Master Circular- Disbursement of Pension by Agency Banks,,https://www.rbi.org.in/Scripts/NotificationUser.aspx?Id=3682&Mode=0,https://www.rbi.org.in/Scripts/NotificationUser.aspx,2026-05-30T08:46:18.160742+00:00
2007-07-02,Master Circular – Collection of Direct Taxes- OLTAS,,https://www.rbi.org.in/Scripts/NotificationUser.aspx?Id=3680&Mode=0,https://www.rbi.org.in/Scripts/NotificationUser.aspx,2026-05-30T08:46:18.160742+00:00
2007-07-02,Master Circular on Export Credit Refinance Facility,,https://www.rbi.org.in/Scripts/NotificationUser.aspx?Id=3674&Mode=0,https://www.rbi.org.in/Scripts/NotificationUser.aspx,2026-05-30T08:46:18.160742+00:00
2007-07-02,Master Circular - Levy of Penal Interest for Delayed Reporting / Wrong Reporting / Non-Reporting of Currency Chest Transactions and Cases involving Shortages/Inclusion of Counterfeit Banknotes in Chest Balances / Chest remittances.,,https://www.rbi.org.in/Scripts/NotificationUser.aspx?Id=3672&Mode=0,https://www.rbi.org.in/Scripts/NotificationUser.aspx,2026-05-30T08:46:18.160742+00:00
2007-07-02,Master Circular – Facility for Exchange of Notes and Coins,,https://www.rbi.org.in/Scripts/NotificationUser.aspx?Id=3671&Mode=0,https://www.rbi.org.in/Scripts/NotificationUser.aspx,2026-05-30T08:46:18.160742+00:00
2007-07-02,Master Circular on Capital Adequacy Standards and Risk Management Guidelines for standalone Primary Dealers,,https://www.rbi.org.in/Scripts/NotificationUser.aspx?Id=3669&Mode=0,https://www.rbi.org.in/Scripts/NotificationUser.aspx,2026-05-30T08:46:18.160742+00:00
2007-07-02,Master Circular: Operational guidelines for banks undertaking/ proposing to undertake Primary Dealer Business in Government Securities Market,,https://www.rbi.org.in/Scripts/NotificationUser.aspx?Id=3668&Mode=0,https://www.rbi.org.in/Scripts/NotificationUser.aspx,2026-05-30T08:46:18.160742+00:00
2007-07-02,Master Circular – Operational Guidelines to Primary Dealers,,https://www.rbi.org.in/Scripts/NotificationUser.aspx?Id=3667&Mode=0,https://www.rbi.org.in/Scripts/NotificationUser.aspx,2026-05-30T08:46:18.160742+00:00
2007-07-02,Master Circular on Prime Minister’s Rozgar Yojana (PMRY),,https://www.rbi.org.in/Scripts/NotificationUser.aspx?Id=3666&Mode=0,https://www.rbi.org.in/Scripts/NotificationUser.aspx,2026-05-30T08:46:18.160742+00:00
2007-07-02,Master Circular on Micro Credit,,https://www.rbi.org.in/Scripts/NotificationUser.aspx?Id=3651&Mode=0,https://www.rbi.org.in/Scripts/NotificationUser.aspx,2026-05-30T08:46:18.160742+00:00
2007-07-02,Master Circular - Lending To Small & Medium Enterprises (Smes) Sector,,https://www.rbi.org.in/Scripts/NotificationUser.aspx?Id=3650&Mode=0,https://www.rbi.org.in/Scripts/NotificationUser.aspx,2026-05-30T08:46:18.160742+00:00
2007-07-02,Master Circular - Lending To Priority Sector,,https://www.rbi.org.in/Scripts/NotificationUser.aspx?Id=3648&Mode=0,https://www.rbi.org.in/Scripts/NotificationUser.aspx,2026-05-30T08:46:18.160742+00:00
2007-07-02,Master Circular – Detection and impounding of counterfeit banknotes,,https://www.rbi.org.in/Scripts/NotificationUser.aspx?Id=3643&Mode=0,https://www.rbi.org.in/Scripts/NotificationUser.aspx,2026-05-30T08:46:18.160742+00:00
2007-07-02,Master Circular on Import of Goods and Services,,https://www.rbi.org.in/Scripts/NotificationUser.aspx?Id=3641&Mode=0,https://www.rbi.org.in/Scripts/NotificationUser.aspx,2026-05-30T08:46:18.160742+00:00
2007-07-02,Master Circular on External Commercial Borrowings and Trade Credits,,https://www.rbi.org.in/Scripts/NotificationUser.aspx?Id=3640&Mode=0,https://www.rbi.org.in/Scripts/NotificationUser.aspx,2026-05-30T08:46:18.160742+00:00
2007-07-02,Master Circular on Risk Management and Inter-Bank Dealings,,https://www.rbi.org.in/Scripts/NotificationUser.aspx?Id=3639&Mode=0,https://www.rbi.org.in/Scripts/NotificationUser.aspx,2026-05-30T08:46:18.160742+00:00
2007-07-02,Primary (Urban) Co-operative Banks-Frauds – Classification and Reporting,,https://www.rbi.org.in/Scripts/NotificationUser.aspx?Id=3638&Mode=0,https://www.rbi.org.in/Scripts/NotificationUser.aspx,2026-05-30T08:46:18.160742+00:00
2007-07-02,Commercial Banks and Financial Institutions - Frauds – Classification and Reporting,,https://www.rbi.org.in/Scripts/NotificationUser.aspx?Id=3636&Mode=0,https://www.rbi.org.in/Scripts/NotificationUser.aspx,2026-05-30T08:46:18.160742+00:00
2007-07-02,Master Circular on Call/Notice Money Market Operations,,https://www.rbi.org.in/Scripts/NotificationUser.aspx?Id=3634&Mode=0,https://www.rbi.org.in/Scripts/NotificationUser.aspx,2026-05-30T08:46:18.160742+00:00
2007-07-02,Guidelines for Issue of Certificates of Deposit,,https://www.rbi.org.in/Scripts/NotificationUser.aspx?Id=3633&Mode=0,https://www.rbi.org.in/Scripts/NotificationUser.aspx,2026-05-30T08:46:18.160742+00:00
2007-07-02,Guidelines for Issue of Commercial Paper,,https://www.rbi.org.in/Scripts/NotificationUser.aspx?Id=3631&Mode=0,https://www.rbi.org.in/Scripts/NotificationUser.aspx,2026-05-30T08:46:18.160742+00:00
2007-07-02,Master Circular on Foreign Investment in India,,https://www.rbi.org.in/Scripts/NotificationUser.aspx?Id=3630&Mode=0,https://www.rbi.org.in/Scripts/NotificationUser.aspx,2026-05-30T08:46:18.160742+00:00
2007-07-02,Master Circular on Direct Investment by Residents in Joint Venture (JV)/ Wholly Owned Subsidiary (WOS) abroad,,https://www.rbi.org.in/Scripts/NotificationUser.aspx?Id=3629&Mode=0,https://www.rbi.org.in/Scripts/NotificationUser.aspx,2026-05-30T08:46:18.160742+00:00
2007-07-02,Master Circular - Guidelines For Relief Masures By Banks in Areas Affected By Natural Calamities,,https://www.rbi.org.in/Scripts/NotificationUser.aspx?Id=3626&Mode=0,https://www.rbi.org.in/Scripts/NotificationUser.aspx,2026-05-30T08:46:18.160742+00:00
2024-12-30,Introduction of beneficiary bank account name look-up facility for Real Time Gross Settlement (RTGS) and National Electronic Funds Transfer (NEFT) Systems,,https://www.rbi.org.in/Scripts/NotificationUser.aspx?Id=12759&Mode=0,https://www.rbi.org.in/Scripts/NotificationUser.aspx,2026-05-30T08:46:18.855369+00:00
2024-12-27,Reporting Platform for transactions undertaken to hedge price risk of gold,,https://www.rbi.org.in/Scripts/NotificationUser.aspx?Id=12757&Mode=0,https://www.rbi.org.in/Scripts/NotificationUser.aspx,2026-05-30T08:46:18.855369+00:00
2024-12-27,Unified Payments Interface (UPI) access for Prepaid Payment Instruments (PPIs) through third-party applications,,https://www.rbi.org.in/Scripts/NotificationUser.aspx?Id=12756&Mode=0,https://www.rbi.org.in/Scripts/NotificationUser.aspx,2026-05-30T08:46:18.855369+00:00
2024-12-06,Credit Flow to Agriculture – Collateral free agricultural loans,,https://www.rbi.org.in/Scripts/NotificationUser.aspx?Id=12755&Mode=0,https://www.rbi.org.in/Scripts/NotificationUser.aspx,2026-05-30T08:46:18.855369+00:00
2024-12-04,Amendment to Framework for Facilitating Small Value Digital Payments in Offline Mode,,https://www.rbi.org.in/Scripts/NotificationUser.aspx?Id=12752&Mode=0,https://www.rbi.org.in/Scripts/NotificationUser.aspx,2026-05-30T08:46:18.855369+00:00
2024-12-04,"Implementation of Section 51A of UAPA,1967: Updates to UNSC’s 1267/ 1989 ISIL (Da'esh) & Al-Qaida Sanctions List: Amendments in 03 Entries",,https://www.rbi.org.in/Scripts/NotificationUser.aspx?Id=12751&Mode=0,https://www.rbi.org.in/Scripts/NotificationUser.aspx,2026-05-30T08:46:18.855369+00:00
2024-12-02,Inoperative Accounts / Unclaimed Deposits in banks,,https://www.rbi.org.in/Scripts/NotificationUser.aspx?Id=12750&Mode=0,https://www.rbi.org.in/Scripts/NotificationUser.aspx,2026-05-30T08:46:18.855369+00:00
2007-06-29,Scheme for Non-competitive Bidding Facility in the Auctions of Government Securities,,https://www.rbi.org.in/Scripts/NotificationUser.aspx?Id=3617&Mode=0,https://www.rbi.org.in/Scripts/NotificationUser.aspx,2026-05-30T08:46:20.909984+00:00
2007-06-29,Tender for Non Competitive Bids - Application Form for 10-year Stock,,https://www.rbi.org.in/Scripts/NotificationUser.aspx?Id=3616&Mode=0,https://www.rbi.org.in/Scripts/NotificationUser.aspx,2026-05-30T08:46:20.909984+00:00
2007-06-29,Tender for Competitive Bids - Application Form for 10-year Stock,,https://www.rbi.org.in/Scripts/NotificationUser.aspx?Id=3615&Mode=0,https://www.rbi.org.in/Scripts/NotificationUser.aspx,2026-05-30T08:46:20.909984+00:00
2007-06-29,GOI Notification - New Security 2017,,https://www.rbi.org.in/Scripts/NotificationUser.aspx?Id=3614&Mode=0,https://www.rbi.org.in/Scripts/NotificationUser.aspx,2026-05-30T08:46:20.909984+00:00
2007-06-29,Tender for Non Competitive Bids - 8.33 per cent,,https://www.rbi.org.in/Scripts/NotificationUser.aspx?Id=3613&Mode=0,https://www.rbi.org.in/Scripts/NotificationUser.aspx,2026-05-30T08:46:20.909984+00:00
2007-06-29,Tender for Competitive Bids - 8.33 per cent,,https://www.rbi.org.in/Scripts/NotificationUser.aspx?Id=3612&Mode=0,https://www.rbi.org.in/Scripts/NotificationUser.aspx,2026-05-30T08:46:20.909984+00:00
2007-06-29,GOI Notification - 8.33 per cent,,https://www.rbi.org.in/Scripts/NotificationUser.aspx?Id=3611&Mode=0,https://www.rbi.org.in/Scripts/NotificationUser.aspx,2026-05-30T08:46:20.909984+00:00
2007-06-29,RBI Notification,,https://www.rbi.org.in/Scripts/NotificationUser.aspx?Id=3610&Mode=0,https://www.rbi.org.in/Scripts/NotificationUser.aspx,2026-05-30T08:46:20.909984+00:00
2007-06-29,Advance Remittance for Import of aircrafts / helicopters / other aviation related purchases,,https://www.rbi.org.in/Scripts/NotificationUser.aspx?Id=3607&Mode=0,https://www.rbi.org.in/Scripts/NotificationUser.aspx,2026-05-30T08:46:20.909984+00:00
2007-06-28,Authorisation to open/maintain NRO/NRE Accounts in rupees and to accept FCNR deposits,,https://www.rbi.org.in/Scripts/NotificationUser.aspx?Id=3608&Mode=0,https://www.rbi.org.in/Scripts/NotificationUser.aspx,2026-05-30T08:46:20.909984+00:00
2007-06-28,Pension Funds Management by banks,,https://www.rbi.org.in/Scripts/NotificationUser.aspx?Id=3606&Mode=0,https://www.rbi.org.in/Scripts/NotificationUser.aspx,2026-05-30T08:46:20.909984+00:00
2007-06-21,Draft for Prudential Guidelines on Restructuring/Rescheduling of dues by banks,,https://www.rbi.org.in/Scripts/NotificationUser.aspx?Id=3601&Mode=0,https://www.rbi.org.in/Scripts/NotificationUser.aspx,2026-05-30T08:46:20.909984+00:00
2007-06-20,Microfinance - Submission of progress reports,,https://www.rbi.org.in/Scripts/NotificationUser.aspx?Id=3600&Mode=0,https://www.rbi.org.in/Scripts/NotificationUser.aspx,2026-05-30T08:46:20.909984+00:00
2007-06-19,Hedging of Overseas Direct Investments By Residents - Liberalisation,,https://www.rbi.org.in/Scripts/NotificationUser.aspx?Id=3599&Mode=0,https://www.rbi.org.in/Scripts/NotificationUser.aspx,2026-05-30T08:46:20.909984+00:00
2007-06-14,Overseas Direct Investment- Liberalisation,,https://www.rbi.org.in/Scripts/NotificationUser.aspx?Id=3597&Mode=0,https://www.rbi.org.in/Scripts/NotificationUser.aspx,2026-05-30T08:46:20.909984+00:00
2007-06-13,"Foreign Exchange Management (Deposit) ( Amendment) Regulations, 2007",,https://www.rbi.org.in/Scripts/NotificationUser.aspx?Id=3814&Mode=0,https://www.rbi.org.in/Scripts/NotificationUser.aspx,2026-05-30T08:46:20.909984+00:00
2007-06-13,Revision of Differential Rate of Interest Scheme.,,https://www.rbi.org.in/Scripts/NotificationUser.aspx?Id=3596&Mode=0,https://www.rbi.org.in/Scripts/NotificationUser.aspx,2026-05-30T08:46:20.909984+00:00
2007-06-08,Scheme for Non-competitive Bidding Facility in the Auctions of Government Securities,,https://www.rbi.org.in/Scripts/NotificationUser.aspx?Id=3595&Mode=0,https://www.rbi.org.in/Scripts/NotificationUser.aspx,2026-05-30T08:46:20.909984+00:00
2007-06-08,Tender for Non Competitive Bids - 7.49 per cent,,https://www.rbi.org.in/Scripts/NotificationUser.aspx?Id=3594&Mode=0,https://www.rbi.org.in/Scripts/NotificationUser.aspx,2026-05-30T08:46:20.909984+00:00
2007-06-08,Tender for Competitive Bids - 7.49 per cent,,https://www.rbi.org.in/Scripts/NotificationUser.aspx?Id=3593&Mode=0,https://www.rbi.org.in/Scripts/NotificationUser.aspx,2026-05-30T08:46:20.909984+00:00
2007-06-08,GOI Notification - 7.49 per cent,,https://www.rbi.org.in/Scripts/NotificationUser.aspx?Id=3592&Mode=0,https://www.rbi.org.in/Scripts/NotificationUser.aspx,2026-05-30T08:46:20.909984+00:00
2007-06-08,RBI Notification,,https://www.rbi.org.in/Scripts/NotificationUser.aspx?Id=3591&Mode=0,https://www.rbi.org.in/Scripts/NotificationUser.aspx,2026-05-30T08:46:20.909984+00:00
2007-06-08,Scheme for Non-competitive Bidding Facility in the Auctions of Government Securities,,https://www.rbi.org.in/Scripts/NotificationUser.aspx?Id=3590&Mode=0,https://www.rbi.org.in/Scripts/NotificationUser.aspx,2026-05-30T08:46:20.909984+00:00
2007-06-08,Tender for Non Competitive Bids - 7.49 per cent,,https://www.rbi.org.in/Scripts/NotificationUser.aspx?Id=3589&Mode=0,https://www.rbi.org.in/Scripts/NotificationUser.aspx,2026-05-30T08:46:20.909984+00:00
2007-06-08,Tender for Competitive Bids - 7.49 per cent,,https://www.rbi.org.in/Scripts/NotificationUser.aspx?Id=3588&Mode=0,https://www.rbi.org.in/Scripts/NotificationUser.aspx,2026-05-30T08:46:20.909984+00:00
2007-06-08,GOI Notification - 7.49 per cent,,https://www.rbi.org.in/Scripts/NotificationUser.aspx?Id=3587&Mode=0,https://www.rbi.org.in/Scripts/NotificationUser.aspx,2026-05-30T08:46:20.909984+00:00
2007-06-08,RBI Notification,,https://www.rbi.org.in/Scripts/NotificationUser.aspx?Id=3586&Mode=0,https://www.rbi.org.in/Scripts/NotificationUser.aspx,2026-05-30T08:46:20.909984+00:00
2007-06-08,Foreign Investments in Preference Shares—Revised Guidelines,,https://www.rbi.org.in/Scripts/NotificationUser.aspx?Id=3585&Mode=0,https://www.rbi.org.in/Scripts/NotificationUser.aspx,2026-05-30T08:46:20.909984+00:00
2007-06-08,Foreign Investments in Debentures —Revised Guidelines,,https://www.rbi.org.in/Scripts/NotificationUser.aspx?Id=3584&Mode=0,https://www.rbi.org.in/Scripts/NotificationUser.aspx,2026-05-30T08:46:20.909984+00:00
2007-06-08,Investment by Mutual Funds in Overseas Securities - Liberalisation,,https://www.rbi.org.in/Scripts/NotificationUser.aspx?Id=3583&Mode=0,https://www.rbi.org.in/Scripts/NotificationUser.aspx,2026-05-30T08:46:20.909984+00:00
2007-06-08,Data on Project Export Finance,,https://www.rbi.org.in/Scripts/NotificationUser.aspx?Id=3582&Mode=0,https://www.rbi.org.in/Scripts/NotificationUser.aspx,2026-05-30T08:46:20.909984+00:00
2007-06-08,"Senior Citizens Savings Scheme, 2004-Opening of multiple account in a calendar month in the same deposit office",,https://www.rbi.org.in/Scripts/NotificationUser.aspx?Id=3581&Mode=0,https://www.rbi.org.in/Scripts/NotificationUser.aspx,2026-05-30T08:46:20.909984+00:00
2007-06-07,"Foreign Exchange Management (Acquisition and Transfer of Immovable Property Outside India) (Amendment) Regulations, 2007",,https://www.rbi.org.in/Scripts/NotificationUser.aspx?Id=3813&Mode=0,https://www.rbi.org.in/Scripts/NotificationUser.aspx,2026-05-30T08:46:20.909984+00:00
2007-06-07,"Foreign Exchange Management (Foreign Currency Account by a Person Resident in India) (Amendment) Regulations, 2007",,https://www.rbi.org.in/Scripts/NotificationUser.aspx?Id=3811&Mode=0,https://www.rbi.org.in/Scripts/NotificationUser.aspx,2026-05-30T08:46:20.909984+00:00
2007-06-07,Deferred Payment Protocols between GOI and erstwhile USSR.,,https://www.rbi.org.in/Scripts/NotificationUser.aspx?Id=3580&Mode=0,https://www.rbi.org.in/Scripts/NotificationUser.aspx,2026-05-30T08:46:20.909984+00:00
2007-06-06,Remuneration payable to the Statutory Central and Branch Auditors of Public Sector Banks from the year 2006-07,,https://www.rbi.org.in/Scripts/NotificationUser.aspx?Id=3579&Mode=0,https://www.rbi.org.in/Scripts/NotificationUser.aspx,2026-05-30T08:46:20.909984+00:00
2007-06-05,Exim Bank's Line of Credit (LOC) of USD 8 million to the Government of Seychelles,,https://www.rbi.org.in/Scripts/NotificationUser.aspx?Id=3578&Mode=0,https://www.rbi.org.in/Scripts/NotificationUser.aspx,2026-05-30T08:46:20.909984+00:00
2007-06-04,Scheme for Non-competitive Bidding Facility in the Auctions of Government Securities,,https://www.rbi.org.in/Scripts/NotificationUser.aspx?Id=3577&Mode=0,https://www.rbi.org.in/Scripts/NotificationUser.aspx,2026-05-30T08:46:20.909984+00:00
2007-06-04,Tender for Non Competitive Bids - 6.65 per cent,,https://www.rbi.org.in/Scripts/NotificationUser.aspx?Id=3576&Mode=0,https://www.rbi.org.in/Scripts/NotificationUser.aspx,2026-05-30T08:46:20.909984+00:00
2007-06-04,Tender for Competitive Bids - 6.65 per cent,,https://www.rbi.org.in/Scripts/NotificationUser.aspx?Id=3575&Mode=0,https://www.rbi.org.in/Scripts/NotificationUser.aspx,2026-05-30T08:46:20.909984+00:00
2007-06-04,GOI Notification - 6.65 per cent,,https://www.rbi.org.in/Scripts/NotificationUser.aspx?Id=3574&Mode=0,https://www.rbi.org.in/Scripts/NotificationUser.aspx,2026-05-30T08:46:20.909984+00:00
2007-06-04,Norms for maintaining NRE/NRO accounts - UCBs,,https://www.rbi.org.in/Scripts/NotificationUser.aspx?Id=3573&Mode=0,https://www.rbi.org.in/Scripts/NotificationUser.aspx,2026-05-30T08:46:20.909984+00:00
2007-06-01,Scheme for Non-competitive Bidding Facility in the Auctions of Government Securities,,https://www.rbi.org.in/Scripts/NotificationUser.aspx?Id=3571&Mode=0,https://www.rbi.org.in/Scripts/NotificationUser.aspx,2026-05-30T08:46:20.909984+00:00
2007-06-01,Tender for Non Competitive Bids - 8.33 per cent,,https://www.rbi.org.in/Scripts/NotificationUser.aspx?Id=3570&Mode=0,https://www.rbi.org.in/Scripts/NotificationUser.aspx,2026-05-30T08:46:20.909984+00:00
2007-06-01,Tender for Competitive Bids - 8.33 per cent,,https://www.rbi.org.in/Scripts/NotificationUser.aspx?Id=3569&Mode=0,https://www.rbi.org.in/Scripts/NotificationUser.aspx,2026-05-30T08:46:20.909984+00:00
2007-06-01,GOI Notification - 8.33 per cent,,https://www.rbi.org.in/Scripts/NotificationUser.aspx?Id=3568&Mode=0,https://www.rbi.org.in/Scripts/NotificationUser.aspx,2026-05-30T08:46:20.909984+00:00
2007-06-01,Tender for Non - Competitive Bids - 7.49 per cent,,https://www.rbi.org.in/Scripts/NotificationUser.aspx?Id=3567&Mode=0,https://www.rbi.org.in/Scripts/NotificationUser.aspx,2026-05-30T08:46:20.909984+00:00
2007-06-01,Tender for Competitive Bids - 7.49 per cent,,https://www.rbi.org.in/Scripts/NotificationUser.aspx?Id=3566&Mode=0,https://www.rbi.org.in/Scripts/NotificationUser.aspx,2026-05-30T08:46:20.909984+00:00
2007-06-01,GOI Notification - 7.49 per cent,,https://www.rbi.org.in/Scripts/NotificationUser.aspx?Id=3565&Mode=0,https://www.rbi.org.in/Scripts/NotificationUser.aspx,2026-05-30T08:46:20.909984+00:00
2007-06-01,RBI Notification,,https://www.rbi.org.in/Scripts/NotificationUser.aspx?Id=3564&Mode=0,https://www.rbi.org.in/Scripts/NotificationUser.aspx,2026-05-30T08:46:20.909984+00:00
2007-06-01,Overseas Direct Investment - Rationalisation of Forms,,https://www.rbi.org.in/Scripts/NotificationUser.aspx?Id=3563&Mode=0,https://www.rbi.org.in/Scripts/NotificationUser.aspx,2026-05-30T08:46:20.909984+00:00
2007-06-01,"Deferred Payment Protocols dated April 30, 1981 and December 23, 1985 between Government of India and erstwhile USSR",,https://www.rbi.org.in/Scripts/NotificationUser.aspx?Id=3562&Mode=0,https://www.rbi.org.in/Scripts/NotificationUser.aspx,2026-05-30T08:46:20.909984+00:00
2024-11-19,"Foreign Exchange Management (Foreign Currency Accounts by a Person Resident in India) (Fourth Amendment) Regulations, 2024",,https://www.rbi.org.in/Scripts/NotificationUser.aspx?Id=12758&Mode=0,https://www.rbi.org.in/Scripts/NotificationUser.aspx,2026-05-30T08:46:21.827831+00:00
2024-11-11,Operational framework for reclassification of Foreign Portfolio Investment to Foreign Direct Investment (FDI),,https://www.rbi.org.in/Scripts/NotificationUser.aspx?Id=12749&Mode=0,https://www.rbi.org.in/Scripts/NotificationUser.aspx,2026-05-30T08:46:21.827831+00:00
2024-11-08,Reporting of Foreign Exchange Transactions to Trade Repository,,https://www.rbi.org.in/Scripts/NotificationUser.aspx?Id=12748&Mode=0,https://www.rbi.org.in/Scripts/NotificationUser.aspx,2026-05-30T08:46:21.827831+00:00
2024-11-07,‘Fully Accessible Route’ for Investment by Non-residents in Government Securities – Inclusion of Sovereign Green Bonds,Sovereign,https://www.rbi.org.in/Scripts/NotificationUser.aspx?Id=12747&Mode=0,https://www.rbi.org.in/Scripts/NotificationUser.aspx,2026-05-30T08:46:21.827831+00:00
2007-05-31,"Foreign Exchange Management (Transfer or Issue of Security by a Person Resident Outside India) (Amendment) Regulations, 2007",,https://www.rbi.org.in/Scripts/NotificationUser.aspx?Id=4094&Mode=0,https://www.rbi.org.in/Scripts/NotificationUser.aspx,2026-05-30T08:46:23.531382+00:00
2007-05-31,"Income Tax Act, 1961 - Section 193 - 8 % Savings (Taxable) Bonds, 2003 - TDS",,https://www.rbi.org.in/Scripts/NotificationUser.aspx?Id=3561&Mode=0,https://www.rbi.org.in/Scripts/NotificationUser.aspx,2026-05-30T08:46:23.531382+00:00
2007-05-31,Risk Management and Inter-Bank Dealings - Commodity Hedging,,https://www.rbi.org.in/Scripts/NotificationUser.aspx?Id=3560&Mode=0,https://www.rbi.org.in/Scripts/NotificationUser.aspx,2026-05-30T08:46:23.531382+00:00
2007-05-31,Remittance on winding up of companies,,https://www.rbi.org.in/Scripts/NotificationUser.aspx?Id=3559&Mode=0,https://www.rbi.org.in/Scripts/NotificationUser.aspx,2026-05-30T08:46:23.531382+00:00
2007-05-29,PMRY Guidelines Revised,,https://www.rbi.org.in/Scripts/NotificationUser.aspx?Id=3558&Mode=0,https://www.rbi.org.in/Scripts/NotificationUser.aspx,2026-05-30T08:46:23.531382+00:00
2007-05-28,Guidelines on declaration of Net Asset Value of Security Receipts issued by Securitisation Company/ Reconstruction Company,,https://www.rbi.org.in/Scripts/NotificationUser.aspx?Id=3557&Mode=0,https://www.rbi.org.in/Scripts/NotificationUser.aspx,2026-05-30T08:46:23.531382+00:00
2007-05-25,Operation of NRO Account by Power of Attorney Holder,,https://www.rbi.org.in/Scripts/NotificationUser.aspx?Id=3556&Mode=0,https://www.rbi.org.in/Scripts/NotificationUser.aspx,2026-05-30T08:46:23.531382+00:00
2007-05-25,Import of Equipments by BPO Companies in India for International Call Centre,,https://www.rbi.org.in/Scripts/NotificationUser.aspx?Id=3555&Mode=0,https://www.rbi.org.in/Scripts/NotificationUser.aspx,2026-05-30T08:46:23.531382+00:00
2007-05-25,CSGL Option on NDS – Order Matching,,https://www.rbi.org.in/Scripts/NotificationUser.aspx?Id=3554&Mode=0,https://www.rbi.org.in/Scripts/NotificationUser.aspx,2026-05-30T08:46:23.531382+00:00
2007-05-25,UCBs – Wire Transfers,,https://www.rbi.org.in/Scripts/NotificationUser.aspx?Id=3552&Mode=0,https://www.rbi.org.in/Scripts/NotificationUser.aspx,2026-05-30T08:46:23.531382+00:00
2007-05-24,Complaints about excessive interest charged by NBFCs,,https://www.rbi.org.in/Scripts/NotificationUser.aspx?Id=3550&Mode=0,https://www.rbi.org.in/Scripts/NotificationUser.aspx,2026-05-30T08:46:23.531382+00:00
2007-05-24,Opening of Escrow / Special Accounts by Non-Resident Corporates for open offers / delisting / exit offers,,https://www.rbi.org.in/Scripts/NotificationUser.aspx?Id=3549&Mode=0,https://www.rbi.org.in/Scripts/NotificationUser.aspx,2026-05-30T08:46:23.531382+00:00
2007-05-24,"Amendments to the Banking Ombudsman Scheme, 2006",,https://www.rbi.org.in/Scripts/NotificationUser.aspx?Id=3547&Mode=0,https://www.rbi.org.in/Scripts/NotificationUser.aspx,2026-05-30T08:46:23.531382+00:00
2007-05-24,Payment towards Cash Calls for the purpose of Oil exploration in India,,https://www.rbi.org.in/Scripts/NotificationUser.aspx?Id=3546&Mode=0,https://www.rbi.org.in/Scripts/NotificationUser.aspx,2026-05-30T08:46:23.531382+00:00
2007-05-23,Interest on Delayed Remittances and Excess/Double Reimbursement,,https://www.rbi.org.in/Scripts/NotificationUser.aspx?Id=3553&Mode=0,https://www.rbi.org.in/Scripts/NotificationUser.aspx,2026-05-30T08:46:23.531382+00:00
2007-05-21,Agency Commission – PPF/SCSS,,https://www.rbi.org.in/Scripts/NotificationUser.aspx?Id=3545&Mode=0,https://www.rbi.org.in/Scripts/NotificationUser.aspx,2026-05-30T08:46:23.531382+00:00
2007-05-21,External Commercial Borrowings (ECB) – End-use and All-in-cost ceilings - Revised,,https://www.rbi.org.in/Scripts/NotificationUser.aspx?Id=3544&Mode=0,https://www.rbi.org.in/Scripts/NotificationUser.aspx,2026-05-30T08:46:23.531382+00:00
2007-05-21,Draft Circular for feedback - Requirement of minimum NOF of Rs. 200 lakh for all deposit taking NBFCs,,https://www.rbi.org.in/Scripts/NotificationUser.aspx?Id=3543&Mode=0,https://www.rbi.org.in/Scripts/NotificationUser.aspx,2026-05-30T08:46:23.531382+00:00
2007-05-21,RRBs – Wire Transfers,,https://www.rbi.org.in/Scripts/NotificationUser.aspx?Id=3542&Mode=0,https://www.rbi.org.in/Scripts/NotificationUser.aspx,2026-05-30T08:46:23.531382+00:00
2007-05-21,RRBs – IT enabled Financial Inclusion,,https://www.rbi.org.in/Scripts/NotificationUser.aspx?Id=3541&Mode=0,https://www.rbi.org.in/Scripts/NotificationUser.aspx,2026-05-30T08:46:23.531382+00:00
2007-05-18,STCBs/DCCBs – Wire Transfers,,https://www.rbi.org.in/Scripts/NotificationUser.aspx?Id=3540&Mode=0,https://www.rbi.org.in/Scripts/NotificationUser.aspx,2026-05-30T08:46:23.531382+00:00
2007-05-18,Scheme for Non-competitive Bidding Facility in the Auctions of Government Securities,,https://www.rbi.org.in/Scripts/NotificationUser.aspx?Id=3539&Mode=0,https://www.rbi.org.in/Scripts/NotificationUser.aspx,2026-05-30T08:46:23.531382+00:00
2007-05-18,Tender for Non Competitive Bids - 8.35 per cent,,https://www.rbi.org.in/Scripts/NotificationUser.aspx?Id=3538&Mode=0,https://www.rbi.org.in/Scripts/NotificationUser.aspx,2026-05-30T08:46:23.531382+00:00
2007-05-18,Tender for Competitive Bids - 8.35 per cent,,https://www.rbi.org.in/Scripts/NotificationUser.aspx?Id=3537&Mode=0,https://www.rbi.org.in/Scripts/NotificationUser.aspx,2026-05-30T08:46:23.531382+00:00
2007-05-18,GOI Notification - 8.35 per cent,,https://www.rbi.org.in/Scripts/NotificationUser.aspx?Id=3536&Mode=0,https://www.rbi.org.in/Scripts/NotificationUser.aspx,2026-05-30T08:46:23.531382+00:00
2007-05-18,Tender for Non - Competitive Bids - 7.38 per cent,,https://www.rbi.org.in/Scripts/NotificationUser.aspx?Id=3535&Mode=0,https://www.rbi.org.in/Scripts/NotificationUser.aspx,2026-05-30T08:46:23.531382+00:00
2007-05-18,Tender for Competitive Bids - 7.38 per cent,,https://www.rbi.org.in/Scripts/NotificationUser.aspx?Id=3534&Mode=0,https://www.rbi.org.in/Scripts/NotificationUser.aspx,2026-05-30T08:46:23.531382+00:00
2007-05-18,GOI Notification - 7.38 per cent,,https://www.rbi.org.in/Scripts/NotificationUser.aspx?Id=3533&Mode=0,https://www.rbi.org.in/Scripts/NotificationUser.aspx,2026-05-30T08:46:23.531382+00:00
2007-05-18,RBI Notification,,https://www.rbi.org.in/Scripts/NotificationUser.aspx?Id=3532&Mode=0,https://www.rbi.org.in/Scripts/NotificationUser.aspx,2026-05-30T08:46:23.531382+00:00
2007-05-18,Revised Guidelines On Lending To Priority Sector – Weaker Sections,,https://www.rbi.org.in/Scripts/NotificationUser.aspx?Id=3531&Mode=0,https://www.rbi.org.in/Scripts/NotificationUser.aspx,2026-05-30T08:46:23.531382+00:00
2007-05-18,Investment by Navaratna PSUs in unincorporated entities in oil sector abroad,,https://www.rbi.org.in/Scripts/NotificationUser.aspx?Id=3527&Mode=0,https://www.rbi.org.in/Scripts/NotificationUser.aspx,2026-05-30T08:46:23.531382+00:00
2007-05-18,Repatriation of maturity proceeds of FCNR(B) deposits,,https://www.rbi.org.in/Scripts/NotificationUser.aspx?Id=3525&Mode=0,https://www.rbi.org.in/Scripts/NotificationUser.aspx,2026-05-30T08:46:23.531382+00:00
2007-05-18,Uniform Period of 180 days prescribed for surrendering recieved /realized/unspent foreign exchange,,https://www.rbi.org.in/Scripts/NotificationUser.aspx?Id=3524&Mode=0,https://www.rbi.org.in/Scripts/NotificationUser.aspx,2026-05-30T08:46:23.531382+00:00
2007-05-17,Exclusion Of Bharat Overseas Bank Ltd,,https://www.rbi.org.in/Scripts/NotificationUser.aspx?Id=3522&Mode=0,https://www.rbi.org.in/Scripts/NotificationUser.aspx,2026-05-30T08:46:23.531382+00:00
2007-05-16,Draft Guidelines on Credit Default Swaps,,https://www.rbi.org.in/Scripts/NotificationUser.aspx?Id=3521&Mode=0,https://www.rbi.org.in/Scripts/NotificationUser.aspx,2026-05-30T08:46:23.531382+00:00
2007-05-16,Guidelines on purchase / sale of Non Performing Assets,,https://www.rbi.org.in/Scripts/NotificationUser.aspx?Id=3520&Mode=0,https://www.rbi.org.in/Scripts/NotificationUser.aspx,2026-05-30T08:46:23.531382+00:00
2007-05-15,"Foreign Exchange Management (Remittance of Assets) (Amendment) Regulations, 2007",,https://www.rbi.org.in/Scripts/NotificationUser.aspx?Id=3812&Mode=0,https://www.rbi.org.in/Scripts/NotificationUser.aspx,2026-05-30T08:46:23.531382+00:00
2007-05-14,RBI asks RRBs not to deal with 918 defaulted companies following Patna High Court Order,,https://www.rbi.org.in/Scripts/NotificationUser.aspx?Id=3519&Mode=0,https://www.rbi.org.in/Scripts/NotificationUser.aspx,2026-05-30T08:46:23.531382+00:00
2007-05-11,Scheme for Non-competitive Bidding Facility in the Auctions of Government Securities,,https://www.rbi.org.in/Scripts/NotificationUser.aspx?Id=3517&Mode=0,https://www.rbi.org.in/Scripts/NotificationUser.aspx,2026-05-30T08:46:23.531382+00:00
2007-05-11,Tender for Non - Competitive Bids - 7.55 per cent,,https://www.rbi.org.in/Scripts/NotificationUser.aspx?Id=3516&Mode=0,https://www.rbi.org.in/Scripts/NotificationUser.aspx,2026-05-30T08:46:23.531382+00:00
2007-05-11,Tender for Competitive Bids - 7.55 per cent,,https://www.rbi.org.in/Scripts/NotificationUser.aspx?Id=3515&Mode=0,https://www.rbi.org.in/Scripts/NotificationUser.aspx,2026-05-30T08:46:23.531382+00:00
2007-05-11,GOI Notification - 7.55 per cent,,https://www.rbi.org.in/Scripts/NotificationUser.aspx?Id=3514&Mode=0,https://www.rbi.org.in/Scripts/NotificationUser.aspx,2026-05-30T08:46:23.531382+00:00
2007-05-10,Interest Subvention Scheme for Short Term Crop Loans extended,,https://www.rbi.org.in/Scripts/NotificationUser.aspx?Id=3510&Mode=0,https://www.rbi.org.in/Scripts/NotificationUser.aspx,2026-05-30T08:46:23.531382+00:00
2007-05-10,Issue of ACU Dollar accounting statements,,https://www.rbi.org.in/Scripts/NotificationUser.aspx?Id=3509&Mode=0,https://www.rbi.org.in/Scripts/NotificationUser.aspx,2026-05-30T08:46:23.531382+00:00
2007-05-10,RRBs - Refusal to accept Small denomination Notes/Coins,,https://www.rbi.org.in/Scripts/NotificationUser.aspx?Id=3508&Mode=0,https://www.rbi.org.in/Scripts/NotificationUser.aspx,2026-05-30T08:46:23.531382+00:00
2007-05-09,NRD-CSR Application Package upgraded to Version 3.0,,https://www.rbi.org.in/Scripts/NotificationUser.aspx?Id=3505&Mode=0,https://www.rbi.org.in/Scripts/NotificationUser.aspx,2026-05-30T08:46:23.531382+00:00
2007-05-08,Reporting Mechanism- Data of Authorised Dealer Category Branches,,https://www.rbi.org.in/Scripts/NotificationUser.aspx?Id=3504&Mode=0,https://www.rbi.org.in/Scripts/NotificationUser.aspx,2026-05-30T08:46:23.531382+00:00
2007-05-08,Overseas Investment by Mutual Funds - Liberalisation,,https://www.rbi.org.in/Scripts/NotificationUser.aspx?Id=3502&Mode=0,https://www.rbi.org.in/Scripts/NotificationUser.aspx,2026-05-30T08:46:23.531382+00:00
2007-05-08,Booking of Forward Contracts Based on Past Performance,,https://www.rbi.org.in/Scripts/NotificationUser.aspx?Id=3501&Mode=0,https://www.rbi.org.in/Scripts/NotificationUser.aspx,2026-05-30T08:46:23.531382+00:00
2007-05-08,"Liberalised Remittance Scheme for Resident Individuals- Enhancement of limit from USD 50,000 to USD 100,000",,https://www.rbi.org.in/Scripts/NotificationUser.aspx?Id=3500&Mode=0,https://www.rbi.org.in/Scripts/NotificationUser.aspx,2026-05-30T08:46:23.531382+00:00
2007-05-07,Scheme for Non-competitive Bidding Facility in the Auctions of Government Securities,,https://www.rbi.org.in/Scripts/NotificationUser.aspx?Id=3496&Mode=0,https://www.rbi.org.in/Scripts/NotificationUser.aspx,2026-05-30T08:46:23.531382+00:00
2007-05-07,Tender for Non - Competitive Bids - 7.55 per cent,,https://www.rbi.org.in/Scripts/NotificationUser.aspx?Id=3495&Mode=0,https://www.rbi.org.in/Scripts/NotificationUser.aspx,2026-05-30T08:46:23.531382+00:00
2007-05-07,Tender for Competitive Bids - 7.55 per cent,,https://www.rbi.org.in/Scripts/NotificationUser.aspx?Id=3494&Mode=0,https://www.rbi.org.in/Scripts/NotificationUser.aspx,2026-05-30T08:46:23.531382+00:00
2007-05-07,GOI Notification - 7.55 per cent,,https://www.rbi.org.in/Scripts/NotificationUser.aspx?Id=3493&Mode=0,https://www.rbi.org.in/Scripts/NotificationUser.aspx,2026-05-30T08:46:23.531382+00:00
2007-05-07,Complaints about excessive interest charged by banks,,https://www.rbi.org.in/Scripts/NotificationUser.aspx?Id=3491&Mode=0,https://www.rbi.org.in/Scripts/NotificationUser.aspx,2026-05-30T08:46:23.531382+00:00
2007-05-04,Overseas Investment by Venture Capital Funds (VCFs),,https://www.rbi.org.in/Scripts/NotificationUser.aspx?Id=3503&Mode=0,https://www.rbi.org.in/Scripts/NotificationUser.aspx,2026-05-30T08:46:23.531382+00:00
2007-05-04,Scheme for Non-competitive Bidding Facility in the Auctions of Government Securities,,https://www.rbi.org.in/Scripts/NotificationUser.aspx?Id=3490&Mode=0,https://www.rbi.org.in/Scripts/NotificationUser.aspx,2026-05-30T08:46:23.531382+00:00
2007-05-04,Tender for Non Competitive Bids - 8.33 per cent,,https://www.rbi.org.in/Scripts/NotificationUser.aspx?Id=3489&Mode=0,https://www.rbi.org.in/Scripts/NotificationUser.aspx,2026-05-30T08:46:23.531382+00:00
2007-05-04,Tender for Competitive Bids - 8.33 per cent,,https://www.rbi.org.in/Scripts/NotificationUser.aspx?Id=3488&Mode=0,https://www.rbi.org.in/Scripts/NotificationUser.aspx,2026-05-30T08:46:23.531382+00:00
2007-05-04,GOI Notification - 8.33 per cent,,https://www.rbi.org.in/Scripts/NotificationUser.aspx?Id=3487&Mode=0,https://www.rbi.org.in/Scripts/NotificationUser.aspx,2026-05-30T08:46:23.531382+00:00
2007-05-04,Tender for Non - Competitive Bids - 7.49 per cent,,https://www.rbi.org.in/Scripts/NotificationUser.aspx?Id=3486&Mode=0,https://www.rbi.org.in/Scripts/NotificationUser.aspx,2026-05-30T08:46:23.531382+00:00
2007-05-04,Tender for Competitive Bids - 7.49 per cent,,https://www.rbi.org.in/Scripts/NotificationUser.aspx?Id=3485&Mode=0,https://www.rbi.org.in/Scripts/NotificationUser.aspx,2026-05-30T08:46:23.531382+00:00
2007-05-04,GOI Notification - 7.49 per cent,,https://www.rbi.org.in/Scripts/NotificationUser.aspx?Id=3484&Mode=0,https://www.rbi.org.in/Scripts/NotificationUser.aspx,2026-05-30T08:46:23.531382+00:00
2007-05-04,RBI Notification,,https://www.rbi.org.in/Scripts/NotificationUser.aspx?Id=3483&Mode=0,https://www.rbi.org.in/Scripts/NotificationUser.aspx,2026-05-30T08:46:23.531382+00:00
2007-05-04,RBI asks UCBs not to deal with 918 defaulted companies following Patna High Court Order,,https://www.rbi.org.in/Scripts/NotificationUser.aspx?Id=3482&Mode=0,https://www.rbi.org.in/Scripts/NotificationUser.aspx,2026-05-30T08:46:23.531382+00:00
2024-10-30,Note Sorting Machines: Standards issued by the Bureau of Indian Standards,Sorting,https://www.rbi.org.in/Scripts/NotificationUser.aspx?Id=12745&Mode=0,https://www.rbi.org.in/Scripts/NotificationUser.aspx,2026-05-30T08:46:24.289072+00:00
2024-10-28,Directions for Central Counterparties (CCPs),,https://www.rbi.org.in/Scripts/NotificationUser.aspx?Id=12744&Mode=0,https://www.rbi.org.in/Scripts/NotificationUser.aspx,2026-05-30T08:46:24.289072+00:00
2024-10-19,"Designation of one organisation under Section 35(1) (a) and 2(1) (m) of the Unlawful Activities (Prevention) Act, 1967 and its listing in the First Schedule of the Act- Reg.",,https://www.rbi.org.in/Scripts/NotificationUser.aspx?Id=12743&Mode=0,https://www.rbi.org.in/Scripts/NotificationUser.aspx,2026-05-30T08:46:24.289072+00:00
2024-10-18,"Reserve Bank of India (Access Criteria for NDS-OM) Directions, 2024",,https://www.rbi.org.in/Scripts/NotificationUser.aspx?Id=12742&Mode=0,https://www.rbi.org.in/Scripts/NotificationUser.aspx,2026-05-30T08:46:24.289072+00:00
2024-10-11,Facilitating accessibility to digital payment systems for Persons with Disabilities - Guidelines,,https://www.rbi.org.in/Scripts/NotificationUser.aspx?Id=12741&Mode=0,https://www.rbi.org.in/Scripts/NotificationUser.aspx,2026-05-30T08:46:24.289072+00:00
2024-10-10,Implementation of Credit Information Reporting Mechanism subsequent to cancellation of licence or Certificate of Registration,,https://www.rbi.org.in/Scripts/NotificationUser.aspx?Id=12739&Mode=0,https://www.rbi.org.in/Scripts/NotificationUser.aspx,2026-05-30T08:46:24.289072+00:00
2024-10-04,Due diligence in relation to non-resident guarantees availed by persons resident in India,,https://www.rbi.org.in/Scripts/NotificationUser.aspx?Id=12737&Mode=0,https://www.rbi.org.in/Scripts/NotificationUser.aspx,2026-05-30T08:46:24.289072+00:00
2024-10-01,"Directions - Compounding of Contraventions under FEMA, 1999",,https://www.rbi.org.in/Scripts/NotificationUser.aspx?Id=12736&Mode=0,https://www.rbi.org.in/Scripts/NotificationUser.aspx,2026-05-30T08:46:24.289072+00:00
2007-04-30,Overseas Investment by Venture Capital Funds (VCFs),,https://www.rbi.org.in/Scripts/NotificationUser.aspx?Id=3477&Mode=0,https://www.rbi.org.in/Scripts/NotificationUser.aspx,2026-05-30T08:46:26.467725+00:00
2007-04-30,Opening of foreign currency accounts in India by ship-manning / crew-management agencies,,https://www.rbi.org.in/Scripts/NotificationUser.aspx?Id=3476&Mode=0,https://www.rbi.org.in/Scripts/NotificationUser.aspx,2026-05-30T08:46:26.467725+00:00
2007-04-30,Remittance for consultancy services - Liberalisation,,https://www.rbi.org.in/Scripts/NotificationUser.aspx?Id=3475&Mode=0,https://www.rbi.org.in/Scripts/NotificationUser.aspx,2026-05-30T08:46:26.467725+00:00
2007-04-30,External Commercial Borrowings (ECB),,https://www.rbi.org.in/Scripts/NotificationUser.aspx?Id=3474&Mode=0,https://www.rbi.org.in/Scripts/NotificationUser.aspx,2026-05-30T08:46:26.467725+00:00
2007-04-30,Reimbursement of pre-incorporation expenses - Liberalisation,,https://www.rbi.org.in/Scripts/NotificationUser.aspx?Id=3473&Mode=0,https://www.rbi.org.in/Scripts/NotificationUser.aspx,2026-05-30T08:46:26.467725+00:00
2007-04-30,Remittance towards donation by Corporates - Liberalisation,,https://www.rbi.org.in/Scripts/NotificationUser.aspx?Id=3472&Mode=0,https://www.rbi.org.in/Scripts/NotificationUser.aspx,2026-05-30T08:46:26.467725+00:00
2007-04-30,RBI asks UCBs not to deal with 918 defaulted companies following Patna High Court Order,,https://www.rbi.org.in/Scripts/NotificationUser.aspx?Id=3471&Mode=0,https://www.rbi.org.in/Scripts/NotificationUser.aspx,2026-05-30T08:46:26.467725+00:00
2007-04-30,Procedures/Processes for Agricultural Loans Simplified,,https://www.rbi.org.in/Scripts/NotificationUser.aspx?Id=3469&Mode=0,https://www.rbi.org.in/Scripts/NotificationUser.aspx,2026-05-30T08:46:26.467725+00:00
2007-04-30,Provision for e-payment facilities to Government Departments,,https://www.rbi.org.in/Scripts/NotificationUser.aspx?Id=3467&Mode=0,https://www.rbi.org.in/Scripts/NotificationUser.aspx,2026-05-30T08:46:26.467725+00:00
2007-04-30,"SCSS, 2004 -Rate of Iinterest in Death Cases.",,https://www.rbi.org.in/Scripts/NotificationUser.aspx?Id=3466&Mode=0,https://www.rbi.org.in/Scripts/NotificationUser.aspx,2026-05-30T08:46:26.467725+00:00
2007-04-30,Guidelines On Lending To Priority Sector – Revised,,https://www.rbi.org.in/Scripts/NotificationUser.aspx?Id=3465&Mode=0,https://www.rbi.org.in/Scripts/NotificationUser.aspx,2026-05-30T08:46:26.467725+00:00
2007-04-27,Monitoring of Credit Flow to Minority Communities,,https://www.rbi.org.in/Scripts/NotificationUser.aspx?Id=3468&Mode=0,https://www.rbi.org.in/Scripts/NotificationUser.aspx,2026-05-30T08:46:26.467725+00:00
2007-04-27,Supervisory Framework for Systemically Important non-deposit taking/holding NBFCs (NBFC-ND-SI),,https://www.rbi.org.in/Scripts/NotificationUser.aspx?Id=3457&Mode=0,https://www.rbi.org.in/Scripts/NotificationUser.aspx,2026-05-30T08:46:26.467725+00:00
2007-04-26,EXIM Bank’s Line of Credit to Government of Republic of Sudan,,https://www.rbi.org.in/Scripts/NotificationUser.aspx?Id=3455&Mode=0,https://www.rbi.org.in/Scripts/NotificationUser.aspx,2026-05-30T08:46:26.467725+00:00
2007-04-25,Acceptance of Small Denomination Notes and Coins,,https://www.rbi.org.in/Scripts/NotificationUser.aspx?Id=3456&Mode=0,https://www.rbi.org.in/Scripts/NotificationUser.aspx,2026-05-30T08:46:26.467725+00:00
2007-04-25,Maintenance of CRR – UCBs,,https://www.rbi.org.in/Scripts/NotificationUser.aspx?Id=3453&Mode=0,https://www.rbi.org.in/Scripts/NotificationUser.aspx,2026-05-30T08:46:26.467725+00:00
2007-04-25,Maintenance of CRR on Exempted Categories – UCBs,,https://www.rbi.org.in/Scripts/NotificationUser.aspx?Id=3452&Mode=0,https://www.rbi.org.in/Scripts/NotificationUser.aspx,2026-05-30T08:46:26.467725+00:00
2007-04-25,Quarterly Statement to be submitted by Securitisation/Reconstruction Companies,,https://www.rbi.org.in/Scripts/NotificationUser.aspx?Id=3450&Mode=0,https://www.rbi.org.in/Scripts/NotificationUser.aspx,2026-05-30T08:46:26.467725+00:00
2007-04-24,Interest Rates on Non-Resident (External) Rupee (NRE) Deposits and FCNR(B) deposits,,https://www.rbi.org.in/Scripts/NotificationUser.aspx?Id=3448&Mode=0,https://www.rbi.org.in/Scripts/NotificationUser.aspx,2026-05-30T08:46:26.467725+00:00
2007-04-24,Maintenance of Cash Reserve Ratio (CRR) on Exempted Categories,,https://www.rbi.org.in/Scripts/NotificationUser.aspx?Id=3447&Mode=0,https://www.rbi.org.in/Scripts/NotificationUser.aspx,2026-05-30T08:46:26.467725+00:00
2007-04-24,Maintenance of Cash Reserve Ratio (CRR) - StCBs,,https://www.rbi.org.in/Scripts/NotificationUser.aspx?Id=3446&Mode=0,https://www.rbi.org.in/Scripts/NotificationUser.aspx,2026-05-30T08:46:26.467725+00:00
2007-04-24,"Annual Policy Statement for the Year 2007-08 by Dr. Y. Venugopal Reddy, Governor, Reserve Bank of India",,https://www.rbi.org.in/Scripts/NotificationUser.aspx?Id=3445&Mode=0,https://www.rbi.org.in/Scripts/NotificationUser.aspx,2026-05-30T08:46:26.467725+00:00
2007-04-23,Working Group to review the existing guidelines on restructuring of advances and align them with the guidelines on CDR Mechanism,,https://www.rbi.org.in/Scripts/NotificationUser.aspx?Id=3443&Mode=0,https://www.rbi.org.in/Scripts/NotificationUser.aspx,2026-05-30T08:46:26.467725+00:00
2007-04-23,Overseas Foreign Currency Borrowings by Authorised Dealer Banks,,https://www.rbi.org.in/Scripts/NotificationUser.aspx?Id=3442&Mode=0,https://www.rbi.org.in/Scripts/NotificationUser.aspx,2026-05-30T08:46:26.467725+00:00
2007-04-20,Reporting under FDI Scheme - Revised Form FC-GPR,,https://www.rbi.org.in/Scripts/NotificationUser.aspx?Id=3441&Mode=0,https://www.rbi.org.in/Scripts/NotificationUser.aspx,2026-05-30T08:46:26.467725+00:00
2007-04-20,Scheme for Non-competitive Bidding Facility in the Auctions of Government Securities,,https://www.rbi.org.in/Scripts/NotificationUser.aspx?Id=3440&Mode=0,https://www.rbi.org.in/Scripts/NotificationUser.aspx,2026-05-30T08:46:26.467725+00:00
2007-04-20,Tender for Non-competitive Bids - 8.07 per cent,,https://www.rbi.org.in/Scripts/NotificationUser.aspx?Id=3439&Mode=0,https://www.rbi.org.in/Scripts/NotificationUser.aspx,2026-05-30T08:46:26.467725+00:00
2007-04-20,Tender for competitive Bids - 8.07 per cent,,https://www.rbi.org.in/Scripts/NotificationUser.aspx?Id=3438&Mode=0,https://www.rbi.org.in/Scripts/NotificationUser.aspx,2026-05-30T08:46:26.467725+00:00
2007-04-20,GOI Notification - 8.07 Per cent,,https://www.rbi.org.in/Scripts/NotificationUser.aspx?Id=3437&Mode=0,https://www.rbi.org.in/Scripts/NotificationUser.aspx,2026-05-30T08:46:26.467725+00:00
2007-04-20,RBI - Notification,,https://www.rbi.org.in/Scripts/NotificationUser.aspx?Id=3436&Mode=0,https://www.rbi.org.in/Scripts/NotificationUser.aspx,2026-05-30T08:46:26.467725+00:00
2007-04-20,"Prudential Norms for Classification, Valuation and Operation of Investment Portfolio by Banks",,https://www.rbi.org.in/Scripts/NotificationUser.aspx?Id=3435&Mode=0,https://www.rbi.org.in/Scripts/NotificationUser.aspx,2026-05-30T08:46:26.467725+00:00
2007-04-20,Overseas Direct Investment- Rationalisation,,https://www.rbi.org.in/Scripts/NotificationUser.aspx?Id=3434&Mode=0,https://www.rbi.org.in/Scripts/NotificationUser.aspx,2026-05-30T08:46:26.467725+00:00
2007-04-20,Compliance function in banks,,https://www.rbi.org.in/Scripts/NotificationUser.aspx?Id=3433&Mode=0,https://www.rbi.org.in/Scripts/NotificationUser.aspx,2026-05-30T08:46:26.467725+00:00
2007-04-20,Comprehensive Guidelines on Derivatives,,https://www.rbi.org.in/Scripts/NotificationUser.aspx?Id=3432&Mode=0,https://www.rbi.org.in/Scripts/NotificationUser.aspx,2026-05-30T08:46:26.467725+00:00
2007-04-20,Maintenance of Cash Reserve Ratio (CRR),,https://www.rbi.org.in/Scripts/NotificationUser.aspx?Id=3429&Mode=0,https://www.rbi.org.in/Scripts/NotificationUser.aspx,2026-05-30T08:46:26.467725+00:00
2007-04-18,Introduction of ‘Protected Disclosures Scheme for Private Sector and Foreign banks',,https://www.rbi.org.in/Scripts/NotificationUser.aspx?Id=3427&Mode=0,https://www.rbi.org.in/Scripts/NotificationUser.aspx,2026-05-30T08:46:26.467725+00:00
2007-04-18,Guidelines - Accounting Standard 17( Segment Reporting) – Enhancement of disclosures,,https://www.rbi.org.in/Scripts/NotificationUser.aspx?Id=3424&Mode=0,https://www.rbi.org.in/Scripts/NotificationUser.aspx,2026-05-30T08:46:26.467725+00:00
2007-04-16,Scheme for Non-competitive Bidding Facility in the Auctions of Government Securities,,https://www.rbi.org.in/Scripts/NotificationUser.aspx?Id=3421&Mode=0,https://www.rbi.org.in/Scripts/NotificationUser.aspx,2026-05-30T08:46:26.467725+00:00
2007-04-16,Tender for Non-competitive Bids - 7.55 per cent,,https://www.rbi.org.in/Scripts/NotificationUser.aspx?Id=3420&Mode=0,https://www.rbi.org.in/Scripts/NotificationUser.aspx,2026-05-30T08:46:26.467725+00:00
2007-04-16,Tender for competitive Bids - 7.55 per cent,,https://www.rbi.org.in/Scripts/NotificationUser.aspx?Id=3419&Mode=0,https://www.rbi.org.in/Scripts/NotificationUser.aspx,2026-05-30T08:46:26.467725+00:00
2007-04-16,GOI Notification - 7.55 Per cent,,https://www.rbi.org.in/Scripts/NotificationUser.aspx?Id=3418&Mode=0,https://www.rbi.org.in/Scripts/NotificationUser.aspx,2026-05-30T08:46:26.467725+00:00
2007-04-16,Exim Bank's Line of Credit (LOC) of USD 11 million to the Government of the Republic of Senegal,,https://www.rbi.org.in/Scripts/NotificationUser.aspx?Id=3417&Mode=0,https://www.rbi.org.in/Scripts/NotificationUser.aspx,2026-05-30T08:46:26.467725+00:00
2007-04-13,Wire Transfers,,https://www.rbi.org.in/Scripts/NotificationUser.aspx?Id=3415&Mode=0,https://www.rbi.org.in/Scripts/NotificationUser.aspx,2026-05-30T08:46:26.467725+00:00
2007-04-12,Asset Classification Norms for Infrastructure Projects Modified,,https://www.rbi.org.in/Scripts/NotificationUser.aspx?Id=3413&Mode=0,https://www.rbi.org.in/Scripts/NotificationUser.aspx,2026-05-30T08:46:26.467725+00:00
2007-04-12,Interest Rate Ceiling on Rupee Export Credit,,https://www.rbi.org.in/Scripts/NotificationUser.aspx?Id=3412&Mode=0,https://www.rbi.org.in/Scripts/NotificationUser.aspx,2026-05-30T08:46:26.467725+00:00
2007-04-10,Prime Minister Rozgar Yojana – Extension of date of validity of sanction for the programme year 2006-07,,https://www.rbi.org.in/Scripts/NotificationUser.aspx?Id=3408&Mode=0,https://www.rbi.org.in/Scripts/NotificationUser.aspx,2026-05-30T08:46:26.467725+00:00
2007-04-05,Scheme for Non-competitive Bidding Facility in the Auctions of Government Securities,,https://www.rbi.org.in/Scripts/NotificationUser.aspx?Id=3406&Mode=0,https://www.rbi.org.in/Scripts/NotificationUser.aspx,2026-05-30T08:46:26.467725+00:00
2007-04-05,Tender for Non-competitive Bids - 8.33 per cent,,https://www.rbi.org.in/Scripts/NotificationUser.aspx?Id=3405&Mode=0,https://www.rbi.org.in/Scripts/NotificationUser.aspx,2026-05-30T08:46:26.467725+00:00
2007-04-05,Tender for competitive Bids - 8.33 per cent,,https://www.rbi.org.in/Scripts/NotificationUser.aspx?Id=3404&Mode=0,https://www.rbi.org.in/Scripts/NotificationUser.aspx,2026-05-30T08:46:26.467725+00:00
2007-04-05,GOI Notification - 8.33 Per cent,,https://www.rbi.org.in/Scripts/NotificationUser.aspx?Id=3403&Mode=0,https://www.rbi.org.in/Scripts/NotificationUser.aspx,2026-05-30T08:46:26.467725+00:00
2007-04-05,Tender for Non-competitive Bids - 7.38 per cent,,https://www.rbi.org.in/Scripts/NotificationUser.aspx?Id=3402&Mode=0,https://www.rbi.org.in/Scripts/NotificationUser.aspx,2026-05-30T08:46:26.467725+00:00
2007-04-05,GOI Notification - 7.38 Per cent,,https://www.rbi.org.in/Scripts/NotificationUser.aspx?Id=3401&Mode=0,https://www.rbi.org.in/Scripts/NotificationUser.aspx,2026-05-30T08:46:26.467725+00:00
2007-04-05,RBI - Notification,,https://www.rbi.org.in/Scripts/NotificationUser.aspx?Id=3400&Mode=0,https://www.rbi.org.in/Scripts/NotificationUser.aspx,2026-05-30T08:46:26.467725+00:00
2007-04-05,Export of Goods and Services Refund of Export Proceeds - Liberalisation,,https://www.rbi.org.in/Scripts/NotificationUser.aspx?Id=3398&Mode=0,https://www.rbi.org.in/Scripts/NotificationUser.aspx,2026-05-30T08:46:26.467725+00:00
2007-04-05,Exim Bank's Line of Credit (LOC) of USD 7.50 million to the Government of Jamaica,,https://www.rbi.org.in/Scripts/NotificationUser.aspx?Id=3397&Mode=0,https://www.rbi.org.in/Scripts/NotificationUser.aspx,2026-05-30T08:46:26.467725+00:00
2007-04-05,"Foreign Exchange Management Act (FEMA), 1999 Current Account Transaction Rules – Amendment",,https://www.rbi.org.in/Scripts/NotificationUser.aspx?Id=3396&Mode=0,https://www.rbi.org.in/Scripts/NotificationUser.aspx,2026-05-30T08:46:26.467725+00:00
2007-04-05,UCBs – Maintenance of CRR,,https://www.rbi.org.in/Scripts/NotificationUser.aspx?Id=3395&Mode=0,https://www.rbi.org.in/Scripts/NotificationUser.aspx,2026-05-30T08:46:26.467725+00:00
2007-04-05,Exim Bank's Line of Credit (LOC) of USD 25 million to the Government of the Republic of Guinea Bissau,,https://www.rbi.org.in/Scripts/NotificationUser.aspx?Id=3392&Mode=0,https://www.rbi.org.in/Scripts/NotificationUser.aspx,2026-05-30T08:46:26.467725+00:00
2007-04-04,StCBs – Maintenance of CRR,,https://www.rbi.org.in/Scripts/NotificationUser.aspx?Id=3393&Mode=0,https://www.rbi.org.in/Scripts/NotificationUser.aspx,2026-05-30T08:46:26.467725+00:00
2007-04-04,"Credit flow to Micro, Small and Medium Enterprises Sector",,https://www.rbi.org.in/Scripts/NotificationUser.aspx?Id=3391&Mode=0,https://www.rbi.org.in/Scripts/NotificationUser.aspx,2026-05-30T08:46:26.467725+00:00
2007-04-02,Tender For Non-Competitive Bids 7.55 per cent,,https://www.rbi.org.in/Scripts/NotificationUser.aspx?Id=3386&Mode=0,https://www.rbi.org.in/Scripts/NotificationUser.aspx,2026-05-30T08:46:26.467725+00:00
2007-04-02,Tender For Competitive Bids 7.55 per cent,,https://www.rbi.org.in/Scripts/NotificationUser.aspx?Id=3385&Mode=0,https://www.rbi.org.in/Scripts/NotificationUser.aspx,2026-05-30T08:46:26.467725+00:00
2007-04-02,GOI Notification - 7.55 Per cent,,https://www.rbi.org.in/Scripts/NotificationUser.aspx?Id=3384&Mode=0,https://www.rbi.org.in/Scripts/NotificationUser.aspx,2026-05-30T08:46:26.467725+00:00
2007-04-02,Draft Guidelines on Operations of Mortgage Guarantee Companies,,https://www.rbi.org.in/Scripts/NotificationUser.aspx?Id=3382&Mode=0,https://www.rbi.org.in/Scripts/NotificationUser.aspx,2026-05-30T08:46:26.467725+00:00
2024-09-30,Gold loans - Irregular practices observed in grant of loans against pledge of gold ornaments and jewellery,,https://www.rbi.org.in/Scripts/NotificationUser.aspx?Id=12735&Mode=0,https://www.rbi.org.in/Scripts/NotificationUser.aspx,2026-05-30T08:46:26.832910+00:00
2024-09-19,"Implementation of Section 12A of the Weapons of Mass Destruction and their Delivery Systems (Prohibition of Unlawful Activities) Act, 2005: Designated List (Amendments)",,https://www.rbi.org.in/Scripts/NotificationUser.aspx?Id=12733&Mode=0,https://www.rbi.org.in/Scripts/NotificationUser.aspx,2026-05-30T08:46:26.832910+00:00
2024-09-06,Liberalised Remittance Scheme (LRS) for Resident Individuals- Discontinuation of Reporting of monthly return,,https://www.rbi.org.in/Scripts/NotificationUser.aspx?Id=12732&Mode=0,https://www.rbi.org.in/Scripts/NotificationUser.aspx,2026-05-30T08:46:26.832910+00:00
2024-09-02,Review of Extant Instructions – Withdrawal of Circulars,,https://www.rbi.org.in/Scripts/NotificationUser.aspx?Id=12731&Mode=0,https://www.rbi.org.in/Scripts/NotificationUser.aspx,2026-05-30T08:46:26.832910+00:00
2007-03-30,Returns on priority sector advances – Inconsistency in reporting data,,https://www.rbi.org.in/Scripts/NotificationUser.aspx?Id=3414&Mode=0,https://www.rbi.org.in/Scripts/NotificationUser.aspx,2026-05-30T08:46:29.034487+00:00
2007-03-30,Liquidity Adjustment Facility – Repo And Reverse Repo Rates,,https://www.rbi.org.in/Scripts/NotificationUser.aspx?Id=3381&Mode=0,https://www.rbi.org.in/Scripts/NotificationUser.aspx,2026-05-30T08:46:29.034487+00:00
2007-03-30,Standing Liquidity Facilities for Banks and Primary Dealers,,https://www.rbi.org.in/Scripts/NotificationUser.aspx?Id=3380&Mode=0,https://www.rbi.org.in/Scripts/NotificationUser.aspx,2026-05-30T08:46:29.034487+00:00
2007-03-30,Rounding off cheques to the nearest rupee,,https://www.rbi.org.in/Scripts/NotificationUser.aspx?Id=3379&Mode=0,https://www.rbi.org.in/Scripts/NotificationUser.aspx,2026-05-30T08:46:29.034487+00:00
2007-03-30,Liquidity Adjustment Facility – Acceptance of State Development Loans under Repos,,https://www.rbi.org.in/Scripts/NotificationUser.aspx?Id=3377&Mode=0,https://www.rbi.org.in/Scripts/NotificationUser.aspx,2026-05-30T08:46:29.034487+00:00
2007-03-29,Credit Mobilisation Target under SGSY during 2007-08,,https://www.rbi.org.in/Scripts/NotificationUser.aspx?Id=3411&Mode=0,https://www.rbi.org.in/Scripts/NotificationUser.aspx,2026-05-30T08:46:29.034487+00:00
2007-03-29,"Lead Bank Scheme Allocation of Lead Bank responsibility in respect of Anantnag, Budgam, Pulwana and Srinagar districts in J & K State",,https://www.rbi.org.in/Scripts/NotificationUser.aspx?Id=3376&Mode=0,https://www.rbi.org.in/Scripts/NotificationUser.aspx,2026-05-30T08:46:29.034487+00:00
2007-03-28,Scheme to cover term loans for agriculture & allied activities under KCC,,https://www.rbi.org.in/Scripts/NotificationUser.aspx?Id=3383&Mode=0,https://www.rbi.org.in/Scripts/NotificationUser.aspx,2026-05-30T08:46:29.034487+00:00
2007-03-26,Scheme for Non-competitive Bidding Facility in the Auctions of Government Securities,,https://www.rbi.org.in/Scripts/NotificationUser.aspx?Id=3375&Mode=0,https://www.rbi.org.in/Scripts/NotificationUser.aspx,2026-05-30T08:46:29.034487+00:00
2007-03-26,Tender for Non-competitive Bids,,https://www.rbi.org.in/Scripts/NotificationUser.aspx?Id=3374&Mode=0,https://www.rbi.org.in/Scripts/NotificationUser.aspx,2026-05-30T08:46:29.034487+00:00
2007-03-26,Tender for competitive Bids,,https://www.rbi.org.in/Scripts/NotificationUser.aspx?Id=3373&Mode=0,https://www.rbi.org.in/Scripts/NotificationUser.aspx,2026-05-30T08:46:29.034487+00:00
2007-03-26,GOI Notification - 6.65 Per cent,,https://www.rbi.org.in/Scripts/NotificationUser.aspx?Id=3372&Mode=0,https://www.rbi.org.in/Scripts/NotificationUser.aspx,2026-05-30T08:46:29.034487+00:00
2007-03-23,Special Measures for the Annual Closing of Government Accounts (2006-07),,https://www.rbi.org.in/Scripts/NotificationUser.aspx?Id=3369&Mode=0,https://www.rbi.org.in/Scripts/NotificationUser.aspx,2026-05-30T08:46:29.034487+00:00
2007-03-21,Maintenance of State Government Accounts – Recovery of Interest on delayed remittances (State Government Transactions),,https://www.rbi.org.in/Scripts/NotificationUser.aspx?Id=3368&Mode=0,https://www.rbi.org.in/Scripts/NotificationUser.aspx,2026-05-30T08:46:29.034487+00:00
2007-03-20,Revised Draft Guidelines for implementation of New Capital Adequacy Framework,,https://www.rbi.org.in/Scripts/NotificationUser.aspx?Id=3367&Mode=0,https://www.rbi.org.in/Scripts/NotificationUser.aspx,2026-05-30T08:46:29.034487+00:00
2007-03-19,Scheme for Non-competitive Bidding Facility in the Auctions of Government Securities,,https://www.rbi.org.in/Scripts/NotificationUser.aspx?Id=3366&Mode=0,https://www.rbi.org.in/Scripts/NotificationUser.aspx,2026-05-30T08:46:29.034487+00:00
2007-03-19,Tender for Non-competitive Bids,,https://www.rbi.org.in/Scripts/NotificationUser.aspx?Id=3365&Mode=0,https://www.rbi.org.in/Scripts/NotificationUser.aspx,2026-05-30T08:46:29.034487+00:00
2007-03-19,Tender for competitive Bids,,https://www.rbi.org.in/Scripts/NotificationUser.aspx?Id=3364&Mode=0,https://www.rbi.org.in/Scripts/NotificationUser.aspx,2026-05-30T08:46:29.034487+00:00
2007-03-19,GOI Notification - 6.65 Per cent,,https://www.rbi.org.in/Scripts/NotificationUser.aspx?Id=3363&Mode=0,https://www.rbi.org.in/Scripts/NotificationUser.aspx,2026-05-30T08:46:29.034487+00:00
2007-03-16,"Agency Commission - Public Provident Fund Scheme, 1968 (PPF) and Senior Citizen Savings Scheme 2004 (SCSS).",,https://www.rbi.org.in/Scripts/NotificationUser.aspx?Id=3350&Mode=0,https://www.rbi.org.in/Scripts/NotificationUser.aspx,2026-05-30T08:46:29.034487+00:00
2007-03-12,Scheme for Non-competitive Bidding Facility in the Auctions of Government Securities,,https://www.rbi.org.in/Scripts/NotificationUser.aspx?Id=3323&Mode=0,https://www.rbi.org.in/Scripts/NotificationUser.aspx,2026-05-30T08:46:29.034487+00:00
2007-03-12,Tender for Non - Competitive Bids,,https://www.rbi.org.in/Scripts/NotificationUser.aspx?Id=3322&Mode=0,https://www.rbi.org.in/Scripts/NotificationUser.aspx,2026-05-30T08:46:29.034487+00:00
2007-03-12,Tender for Competitive Bids,,https://www.rbi.org.in/Scripts/NotificationUser.aspx?Id=3321&Mode=0,https://www.rbi.org.in/Scripts/NotificationUser.aspx,2026-05-30T08:46:29.034487+00:00
2007-03-12,GOI Notification - 6.65 per cent,,https://www.rbi.org.in/Scripts/NotificationUser.aspx?Id=3320&Mode=0,https://www.rbi.org.in/Scripts/NotificationUser.aspx,2026-05-30T08:46:29.034487+00:00
2007-03-12,RBI Notification,,https://www.rbi.org.in/Scripts/NotificationUser.aspx?Id=3319&Mode=0,https://www.rbi.org.in/Scripts/NotificationUser.aspx,2026-05-30T08:46:29.034487+00:00
2007-03-09,Incentive for improving service to non-chest bank branches,,https://www.rbi.org.in/Scripts/NotificationUser.aspx?Id=3348&Mode=0,https://www.rbi.org.in/Scripts/NotificationUser.aspx,2026-05-30T08:46:29.034487+00:00
2007-03-07,"Exclusion from the Second Schedule to the Reserve Bank of India Act,1934 - The United Western Bank Ltd",,https://www.rbi.org.in/Scripts/NotificationUser.aspx?Id=3317&Mode=0,https://www.rbi.org.in/Scripts/NotificationUser.aspx,2026-05-30T08:46:29.034487+00:00
2007-03-05,Scheme for Non-competitive Bidding Facility in the Auctions of Government Securities,,https://www.rbi.org.in/Scripts/NotificationUser.aspx?Id=3312&Mode=0,https://www.rbi.org.in/Scripts/NotificationUser.aspx,2026-05-30T08:46:29.034487+00:00
2007-03-05,Tender for Non - Competitive Bids 6.65 per cent,,https://www.rbi.org.in/Scripts/NotificationUser.aspx?Id=3311&Mode=0,https://www.rbi.org.in/Scripts/NotificationUser.aspx,2026-05-30T08:46:29.034487+00:00
2007-03-05,Tender for Competitive Bids - 6.65 per cent,,https://www.rbi.org.in/Scripts/NotificationUser.aspx?Id=3310&Mode=0,https://www.rbi.org.in/Scripts/NotificationUser.aspx,2026-05-30T08:46:29.034487+00:00
2007-03-05,GOI Notification - 6.65 per cent,,https://www.rbi.org.in/Scripts/NotificationUser.aspx?Id=3309&Mode=0,https://www.rbi.org.in/Scripts/NotificationUser.aspx,2026-05-30T08:46:29.034487+00:00
2007-03-05,RBI Notification,,https://www.rbi.org.in/Scripts/NotificationUser.aspx?Id=3308&Mode=0,https://www.rbi.org.in/Scripts/NotificationUser.aspx,2026-05-30T08:46:29.034487+00:00
2007-03-02,StCBs - Maintenance of CRR,,https://www.rbi.org.in/Scripts/NotificationUser.aspx?Id=3314&Mode=0,https://www.rbi.org.in/Scripts/NotificationUser.aspx,2026-05-30T08:46:29.034487+00:00
2007-03-02,Scheme for Non-competitive Bidding Facility in the Auctions of Government Securities,,https://www.rbi.org.in/Scripts/NotificationUser.aspx?Id=3307&Mode=0,https://www.rbi.org.in/Scripts/NotificationUser.aspx,2026-05-30T08:46:29.034487+00:00
2007-03-02,Tender for Non - Competitive Bids,,https://www.rbi.org.in/Scripts/NotificationUser.aspx?Id=3306&Mode=0,https://www.rbi.org.in/Scripts/NotificationUser.aspx,2026-05-30T08:46:29.034487+00:00
2007-03-02,Tender for Competitive Bids,,https://www.rbi.org.in/Scripts/NotificationUser.aspx?Id=3305&Mode=0,https://www.rbi.org.in/Scripts/NotificationUser.aspx,2026-05-30T08:46:29.034487+00:00
2007-03-02,GOI Notification - 8.33 per cent,,https://www.rbi.org.in/Scripts/NotificationUser.aspx?Id=3304&Mode=0,https://www.rbi.org.in/Scripts/NotificationUser.aspx,2026-05-30T08:46:29.034487+00:00
2007-03-02,Tender for Non - Competitive Bids,,https://www.rbi.org.in/Scripts/NotificationUser.aspx?Id=3303&Mode=0,https://www.rbi.org.in/Scripts/NotificationUser.aspx,2026-05-30T08:46:29.034487+00:00
2007-03-02,Tender for Competitive Bids,,https://www.rbi.org.in/Scripts/NotificationUser.aspx?Id=3302&Mode=0,https://www.rbi.org.in/Scripts/NotificationUser.aspx,2026-05-30T08:46:29.034487+00:00
2007-03-02,GOI Notification - 8.07 per cent,,https://www.rbi.org.in/Scripts/NotificationUser.aspx?Id=3301&Mode=0,https://www.rbi.org.in/Scripts/NotificationUser.aspx,2026-05-30T08:46:29.034487+00:00
2007-03-02,RBI Notification,,https://www.rbi.org.in/Scripts/NotificationUser.aspx?Id=3300&Mode=0,https://www.rbi.org.in/Scripts/NotificationUser.aspx,2026-05-30T08:46:29.034487+00:00
2007-03-02,Liquidity Adjustment Facility – Modified Arrangements,,https://www.rbi.org.in/Scripts/NotificationUser.aspx?Id=3299&Mode=0,https://www.rbi.org.in/Scripts/NotificationUser.aspx,2026-05-30T08:46:29.034487+00:00
2007-03-02,Advance Remittance for Import of Rough Diamonds,,https://www.rbi.org.in/Scripts/NotificationUser.aspx?Id=3298&Mode=0,https://www.rbi.org.in/Scripts/NotificationUser.aspx,2026-05-30T08:46:29.034487+00:00
2007-03-01,UCBs Maintenance of CRR on Exempted Categories,,https://www.rbi.org.in/Scripts/NotificationUser.aspx?Id=3295&Mode=0,https://www.rbi.org.in/Scripts/NotificationUser.aspx,2026-05-30T08:46:29.034487+00:00
2007-03-01,UCBs - Maintenance of Cash Reserve Ratio,,https://www.rbi.org.in/Scripts/NotificationUser.aspx?Id=3294&Mode=0,https://www.rbi.org.in/Scripts/NotificationUser.aspx,2026-05-30T08:46:29.034487+00:00
2024-08-29,Scheme for Trading and Settlement of Sovereign Green Bonds in the International Financial Services Centre in India,Sovereign,https://www.rbi.org.in/Scripts/NotificationUser.aspx?Id=12730&Mode=0,https://www.rbi.org.in/Scripts/NotificationUser.aspx,2026-05-30T08:46:29.410631+00:00
2024-08-27,"Implementation of Section 51A of UAPA, 1967: Updates to UNSC’s 1267/1989 ISIL (Da'esh) & Al-Qaida Sanctions List: Amendments in 01 Entry",,https://www.rbi.org.in/Scripts/NotificationUser.aspx?Id=12728&Mode=0,https://www.rbi.org.in/Scripts/NotificationUser.aspx,2026-05-30T08:46:29.410631+00:00
2024-08-22,"Cessation of “Credit Suisse AG” as a banking company within the meaning of sub section (2) of Section 36 (A) of the Banking Regulation Act, 1949",,https://www.rbi.org.in/Scripts/NotificationUser.aspx?Id=12727&Mode=0,https://www.rbi.org.in/Scripts/NotificationUser.aspx,2026-05-30T08:46:29.410631+00:00
2024-08-22,"Inclusion of “UBS AG” in the Second Schedule of the Reserve Bank of India Act, 1934",,https://www.rbi.org.in/Scripts/NotificationUser.aspx?Id=12726&Mode=0,https://www.rbi.org.in/Scripts/NotificationUser.aspx,2026-05-30T08:46:29.410631+00:00
2024-08-22,"Cessation of “Krung Thai Bank Public Company Limited” as a banking company within the meaning of sub section (2) of Section 36 (A) of the Banking Regulation Act, 1949",,https://www.rbi.org.in/Scripts/NotificationUser.aspx?Id=12725&Mode=0,https://www.rbi.org.in/Scripts/NotificationUser.aspx,2026-05-30T08:46:29.410631+00:00
2024-08-22,"Exclusion of “Credit Suisse AG” from the Second Schedule of the Reserve Bank of India Act, 1934",,https://www.rbi.org.in/Scripts/NotificationUser.aspx?Id=12724&Mode=0,https://www.rbi.org.in/Scripts/NotificationUser.aspx,2026-05-30T08:46:29.410631+00:00
2024-08-22,"Exclusion of “Krung Thai Bank Public Company Limited” from the Second Schedule of the Reserve Bank of India Act, 1934",,https://www.rbi.org.in/Scripts/NotificationUser.aspx?Id=12723&Mode=0,https://www.rbi.org.in/Scripts/NotificationUser.aspx,2026-05-30T08:46:29.410631+00:00
2024-08-22,Processing of e-mandates for recurring transactions,,https://www.rbi.org.in/Scripts/NotificationUser.aspx?Id=12722&Mode=0,https://www.rbi.org.in/Scripts/NotificationUser.aspx,2026-05-30T08:46:29.410631+00:00
2024-08-08,Frequency of reporting of credit information by Credit Institutions to Credit Information Companies,,https://www.rbi.org.in/Scripts/NotificationUser.aspx?Id=12718&Mode=0,https://www.rbi.org.in/Scripts/NotificationUser.aspx,2026-05-30T08:46:29.410631+00:00
2024-08-06,Modified Interest Subvention Scheme for Short Term Loans for Agriculture and Allied Activities availed through Kisan Credit Card (KCC) during the financial year 2024-25,,https://www.rbi.org.in/Scripts/NotificationUser.aspx?Id=12717&Mode=0,https://www.rbi.org.in/Scripts/NotificationUser.aspx,2026-05-30T08:46:29.410631+00:00
2024-08-02,"Foreign Exchange Management (Debt Instruments) (Third Amendment) Regulations, 2024",,https://www.rbi.org.in/Scripts/NotificationUser.aspx?Id=12913&Mode=0,https://www.rbi.org.in/Scripts/NotificationUser.aspx,2026-05-30T08:46:29.410631+00:00
2007-02-28,Liberalisation of Export and Import procedures,,https://www.rbi.org.in/Scripts/NotificationUser.aspx?Id=3291&Mode=0,https://www.rbi.org.in/Scripts/NotificationUser.aspx,2026-05-30T08:46:31.639396+00:00
2007-02-22,Analysis and Disclosure of complaints - Disclosure of complaints / unimplemented awards of Banking Ombudsmen alongwith Financial Results,,https://www.rbi.org.in/Scripts/NotificationUser.aspx?Id=3289&Mode=0,https://www.rbi.org.in/Scripts/NotificationUser.aspx,2026-05-30T08:46:31.639396+00:00
2007-02-22,Prudential Norms Directions – Deposit taking and Non-deposit taking Non-Banking Financial Companies (NBFCs),,https://www.rbi.org.in/Scripts/NotificationUser.aspx?Id=3288&Mode=0,https://www.rbi.org.in/Scripts/NotificationUser.aspx,2026-05-30T08:46:31.639396+00:00
2007-02-22,Scheme for Collection of Dues -Special Arrangements - Financial Year 2006-2007,,https://www.rbi.org.in/Scripts/NotificationUser.aspx?Id=3287&Mode=0,https://www.rbi.org.in/Scripts/NotificationUser.aspx,2026-05-30T08:46:31.639396+00:00
2007-02-22,Inclusion of Service Tax in EASIEST,,https://www.rbi.org.in/Scripts/NotificationUser.aspx?Id=3286&Mode=0,https://www.rbi.org.in/Scripts/NotificationUser.aspx,2026-05-30T08:46:31.639396+00:00
2007-02-14,UCBs – CRR Increased,,https://www.rbi.org.in/Scripts/NotificationUser.aspx?Id=3281&Mode=0,https://www.rbi.org.in/Scripts/NotificationUser.aspx,2026-05-30T08:46:31.639396+00:00
2007-02-12,Clean Note Policy – Sorting of banknotes,Sorting,https://www.rbi.org.in/Scripts/NotificationUser.aspx?Id=3280&Mode=0,https://www.rbi.org.in/Scripts/NotificationUser.aspx,2026-05-30T08:46:31.639396+00:00
2007-02-08,Forward cover for Foreign Institutional Investors – Rebooking of cancelled contracts,,https://www.rbi.org.in/Scripts/NotificationUser.aspx?Id=3277&Mode=0,https://www.rbi.org.in/Scripts/NotificationUser.aspx,2026-05-30T08:46:31.639396+00:00
2007-02-08,"Repayment of 8% Relief Bonds, 2002",,https://www.rbi.org.in/Scripts/NotificationUser.aspx?Id=3276&Mode=0,https://www.rbi.org.in/Scripts/NotificationUser.aspx,2026-05-30T08:46:31.639396+00:00
2007-02-07,Exim Bank's Line of Credit (LOC) of USD 20 million to the Government of the Republic of Mozambique,,https://www.rbi.org.in/Scripts/NotificationUser.aspx?Id=3275&Mode=0,https://www.rbi.org.in/Scripts/NotificationUser.aspx,2026-05-30T08:46:31.639396+00:00
2007-02-05,Issue of American Depository Receipts (ADRs)/Global Depository Receipts (GDRs) – Depository Agreement,,https://www.rbi.org.in/Scripts/NotificationUser.aspx?Id=3270&Mode=0,https://www.rbi.org.in/Scripts/NotificationUser.aspx,2026-05-30T08:46:31.639396+00:00
2007-02-05,EXIM Bank’s Line of Credit to PTA Bank,,https://www.rbi.org.in/Scripts/NotificationUser.aspx?Id=3269&Mode=0,https://www.rbi.org.in/Scripts/NotificationUser.aspx,2026-05-30T08:46:31.639396+00:00
2007-02-02,Scheme for Non-competitive Bidding Facility in the Auctions of Government Securities,,https://www.rbi.org.in/Scripts/NotificationUser.aspx?Id=3267&Mode=0,https://www.rbi.org.in/Scripts/NotificationUser.aspx,2026-05-30T08:46:31.639396+00:00
2007-02-02,Tender for Non - Competitive Bids,,https://www.rbi.org.in/Scripts/NotificationUser.aspx?Id=3266&Mode=0,https://www.rbi.org.in/Scripts/NotificationUser.aspx,2026-05-30T08:46:31.639396+00:00
2007-02-02,Tender for Competitive Bids,,https://www.rbi.org.in/Scripts/NotificationUser.aspx?Id=3265&Mode=0,https://www.rbi.org.in/Scripts/NotificationUser.aspx,2026-05-30T08:46:31.639396+00:00
2007-02-02,GOI Notification - 8.33 per cent,,https://www.rbi.org.in/Scripts/NotificationUser.aspx?Id=3264&Mode=0,https://www.rbi.org.in/Scripts/NotificationUser.aspx,2026-05-30T08:46:31.639396+00:00
2007-02-02,Tender for Non - Competitive Bids,,https://www.rbi.org.in/Scripts/NotificationUser.aspx?Id=3263&Mode=0,https://www.rbi.org.in/Scripts/NotificationUser.aspx,2026-05-30T08:46:31.639396+00:00
2007-02-02,Tender for Competitive Bids,,https://www.rbi.org.in/Scripts/NotificationUser.aspx?Id=3262&Mode=0,https://www.rbi.org.in/Scripts/NotificationUser.aspx,2026-05-30T08:46:31.639396+00:00
2007-02-02,GOI Notification - 7.37 per cent,,https://www.rbi.org.in/Scripts/NotificationUser.aspx?Id=3261&Mode=0,https://www.rbi.org.in/Scripts/NotificationUser.aspx,2026-05-30T08:46:31.639396+00:00
2007-02-02,RBI Notification,,https://www.rbi.org.in/Scripts/NotificationUser.aspx?Id=3260&Mode=0,https://www.rbi.org.in/Scripts/NotificationUser.aspx,2026-05-30T08:46:31.639396+00:00
2024-07-30,Master Directions on Cyber Resilience and Digital Payment Security Controls for non-bank Payment System Operators,,https://www.rbi.org.in/Scripts/NotificationUser.aspx?Id=12715&Mode=0,https://www.rbi.org.in/Scripts/NotificationUser.aspx,2026-05-30T08:46:31.935895+00:00
2024-07-29,‘Fully Accessible Route’ for Investment by Non-residents in Government Securities – Exclusion of new issuances in 14-year and 30-year tenor securities,,https://www.rbi.org.in/Scripts/NotificationUser.aspx?Id=12712&Mode=0,https://www.rbi.org.in/Scripts/NotificationUser.aspx,2026-05-30T08:46:31.935895+00:00
2024-07-26,Prompt Corrective Action (PCA) Framework for Primary (Urban) Co-operative Banks (UCBs),,https://www.rbi.org.in/Scripts/NotificationUser.aspx?Id=12711&Mode=0,https://www.rbi.org.in/Scripts/NotificationUser.aspx,2026-05-30T08:46:31.935895+00:00
2024-07-24,"Master Direction - Overseas Investment ( Updated as on April 01, 2026 )",,https://www.rbi.org.in/Scripts/NotificationUser.aspx?Id=12710&Mode=0,https://www.rbi.org.in/Scripts/NotificationUser.aspx,2026-05-30T08:46:31.935895+00:00
2024-07-24,Domestic Money Transfer – Review of Framework,,https://www.rbi.org.in/Scripts/NotificationUser.aspx?Id=12707&Mode=0,https://www.rbi.org.in/Scripts/NotificationUser.aspx,2026-05-30T08:46:31.935895+00:00
2024-07-15,Master Directions on Fraud Risk Management in Non-Banking Financial Companies (NBFCs) (including Housing Finance Companies),,https://www.rbi.org.in/Scripts/NotificationUser.aspx?Id=12704&Mode=0,https://www.rbi.org.in/Scripts/NotificationUser.aspx,2026-05-30T08:46:31.935895+00:00
2024-07-15,Master Directions on Fraud Risk Management in Urban Cooperative Banks (UCBs) / State Cooperative Banks (StCBs) / Central Cooperative Banks (CCBs),,https://www.rbi.org.in/Scripts/NotificationUser.aspx?Id=12703&Mode=0,https://www.rbi.org.in/Scripts/NotificationUser.aspx,2026-05-30T08:46:31.935895+00:00
2024-07-15,Master Directions on Fraud Risk Management in Commercial Banks (including Regional Rural Banks) and All India Financial Institutions,,https://www.rbi.org.in/Scripts/NotificationUser.aspx?Id=12702&Mode=0,https://www.rbi.org.in/Scripts/NotificationUser.aspx,2026-05-30T08:46:31.935895+00:00
2024-07-12,Withdrawal of Circulars – Internal Review,,https://www.rbi.org.in/Scripts/NotificationUser.aspx?Id=12701&Mode=0,https://www.rbi.org.in/Scripts/NotificationUser.aspx,2026-05-30T08:46:31.935895+00:00
2024-07-10,Remittances to International Financial Services Centres (IFSCs) under the Liberalised Remittance Scheme (LRS),,https://www.rbi.org.in/Scripts/NotificationUser.aspx?Id=12699&Mode=0,https://www.rbi.org.in/Scripts/NotificationUser.aspx,2026-05-30T08:46:31.935895+00:00
2024-07-08,"Export-Import Bank of India’s GOI-supported Line of Credit of USD 2.50 mn to the Government of Co-operative Republic of Guyana, for installation of Solar Photo Voltaic Power Plant at Cheddi Jagan International Airport",Solar,https://www.rbi.org.in/Scripts/NotificationUser.aspx?Id=12698&Mode=0,https://www.rbi.org.in/Scripts/NotificationUser.aspx,2026-05-30T08:46:31.935895+00:00
2024-07-03,Online submission of Form A2: Removal of limits on amount of remittance,,https://www.rbi.org.in/Scripts/NotificationUser.aspx?Id=12697&Mode=0,https://www.rbi.org.in/Scripts/NotificationUser.aspx,2026-05-30T08:46:31.935895+00:00
2024-07-03,Release of foreign exchange for Miscellaneous Remittances,,https://www.rbi.org.in/Scripts/NotificationUser.aspx?Id=12696&Mode=0,https://www.rbi.org.in/Scripts/NotificationUser.aspx,2026-05-30T08:46:31.935895+00:00
2007-01-31,Clean Note Policy - Stapling of Note Packets,,https://www.rbi.org.in/Scripts/NotificationUser.aspx?Id=3259&Mode=0,https://www.rbi.org.in/Scripts/NotificationUser.aspx,2026-05-30T08:46:34.211978+00:00
2007-01-31,Loans to NRIs/Third Parties against NR (E) RA/FCNR(B) Deposits,,https://www.rbi.org.in/Scripts/NotificationUser.aspx?Id=3258&Mode=0,https://www.rbi.org.in/Scripts/NotificationUser.aspx,2026-05-30T08:46:34.211978+00:00
2007-01-31,Interest Rates on Non-Resident (External) Rupee (NRE) Deposits and FCNR(B) deposits,,https://www.rbi.org.in/Scripts/NotificationUser.aspx?Id=3257&Mode=0,https://www.rbi.org.in/Scripts/NotificationUser.aspx,2026-05-30T08:46:34.211978+00:00
2007-01-31,Secondary Market Transactions in Government Securities - Short-selling,,https://www.rbi.org.in/Scripts/NotificationUser.aspx?Id=3255&Mode=0,https://www.rbi.org.in/Scripts/NotificationUser.aspx,2026-05-30T08:46:34.211978+00:00
2007-01-31,Standing Liquidity Facilities for Banks and Primary Dealers,,https://www.rbi.org.in/Scripts/NotificationUser.aspx?Id=3254&Mode=0,https://www.rbi.org.in/Scripts/NotificationUser.aspx,2026-05-30T08:46:34.211978+00:00
2007-01-31,Liquidity Adjustment Facility – Repo and Reverse Repo Rates,,https://www.rbi.org.in/Scripts/NotificationUser.aspx?Id=3253&Mode=0,https://www.rbi.org.in/Scripts/NotificationUser.aspx,2026-05-30T08:46:34.211978+00:00
2007-01-31,Third Quarter Review of Annual Monetary Policy for the Year 2006-07,,https://www.rbi.org.in/Scripts/NotificationUser.aspx?Id=3252&Mode=0,https://www.rbi.org.in/Scripts/NotificationUser.aspx,2026-05-30T08:46:34.211978+00:00
2007-01-29,"Exclusion from the Second Schedule to the Reserve Bank of India Act, 1934 - “The Ganesh Bank of Kurundwad Ltd”",,https://www.rbi.org.in/Scripts/NotificationUser.aspx?Id=3251&Mode=0,https://www.rbi.org.in/Scripts/NotificationUser.aspx,2026-05-30T08:46:34.211978+00:00
2007-01-24,Delay in Remittance of Government Receipts - Delayed Period Interest,,https://www.rbi.org.in/Scripts/NotificationUser.aspx?Id=3273&Mode=0,https://www.rbi.org.in/Scripts/NotificationUser.aspx,2026-05-30T08:46:34.211978+00:00
2007-01-19,Scheme for Non-competitive Bidding Facility in the Auctions of Government Securities,,https://www.rbi.org.in/Scripts/NotificationUser.aspx?Id=3249&Mode=0,https://www.rbi.org.in/Scripts/NotificationUser.aspx,2026-05-30T08:46:34.211978+00:00
2007-01-19,Tender for Non - Competitive Bids,,https://www.rbi.org.in/Scripts/NotificationUser.aspx?Id=3248&Mode=0,https://www.rbi.org.in/Scripts/NotificationUser.aspx,2026-05-30T08:46:34.211978+00:00
2007-01-19,Tender for Competitive Bids,,https://www.rbi.org.in/Scripts/NotificationUser.aspx?Id=3247&Mode=0,https://www.rbi.org.in/Scripts/NotificationUser.aspx,2026-05-30T08:46:34.211978+00:00
2007-01-19,GOI Notification - 7.94 per cent,,https://www.rbi.org.in/Scripts/NotificationUser.aspx?Id=3246&Mode=0,https://www.rbi.org.in/Scripts/NotificationUser.aspx,2026-05-30T08:46:34.211978+00:00
2007-01-19,RBI Notification,,https://www.rbi.org.in/Scripts/NotificationUser.aspx?Id=3245&Mode=0,https://www.rbi.org.in/Scripts/NotificationUser.aspx,2026-05-30T08:46:34.211978+00:00
2007-01-18,Assignment of Lead Bank Responsibility for New Districts in Assam,,https://www.rbi.org.in/Scripts/NotificationUser.aspx?Id=3244&Mode=0,https://www.rbi.org.in/Scripts/NotificationUser.aspx,2026-05-30T08:46:34.211978+00:00
2007-01-15,Exim Bank's Line of Credit of USD 2.10 million to the Government of the Cooperative Republic of Guyana,,https://www.rbi.org.in/Scripts/NotificationUser.aspx?Id=3243&Mode=0,https://www.rbi.org.in/Scripts/NotificationUser.aspx,2026-05-30T08:46:34.211978+00:00
2007-01-10,Assignment of Lead Bank for New District in Punjab,,https://www.rbi.org.in/Scripts/NotificationUser.aspx?Id=3241&Mode=0,https://www.rbi.org.in/Scripts/NotificationUser.aspx,2026-05-30T08:46:34.211978+00:00
2007-01-09,"Exim Bank's Line of Credit to USD 10 million to the Banco de Comercio Exterior de Colombia S.A. (Bancoldex), Colombia",,https://www.rbi.org.in/Scripts/NotificationUser.aspx?Id=3240&Mode=0,https://www.rbi.org.in/Scripts/NotificationUser.aspx,2026-05-30T08:46:34.211978+00:00
2007-01-08,Liberalisations in Project and Service Exports,,https://www.rbi.org.in/Scripts/NotificationUser.aspx?Id=3238&Mode=0,https://www.rbi.org.in/Scripts/NotificationUser.aspx,2026-05-30T08:46:34.211978+00:00
2007-01-05,Scheme for Non-competitive Bidding Facility in the Auctions of Government Securities,,https://www.rbi.org.in/Scripts/NotificationUser.aspx?Id=3237&Mode=0,https://www.rbi.org.in/Scripts/NotificationUser.aspx,2026-05-30T08:46:34.211978+00:00
2007-01-05,Tender for Non - Competitive Bids,,https://www.rbi.org.in/Scripts/NotificationUser.aspx?Id=3236&Mode=0,https://www.rbi.org.in/Scripts/NotificationUser.aspx,2026-05-30T08:46:34.211978+00:00
2007-01-05,Tender for Competitive Bids,,https://www.rbi.org.in/Scripts/NotificationUser.aspx?Id=3235&Mode=0,https://www.rbi.org.in/Scripts/NotificationUser.aspx,2026-05-30T08:46:34.211978+00:00
2007-01-05,GOI Notification - 8.33 per cent,,https://www.rbi.org.in/Scripts/NotificationUser.aspx?Id=3234&Mode=0,https://www.rbi.org.in/Scripts/NotificationUser.aspx,2026-05-30T08:46:34.211978+00:00
2007-01-05,RBI Notification,,https://www.rbi.org.in/Scripts/NotificationUser.aspx?Id=3233&Mode=0,https://www.rbi.org.in/Scripts/NotificationUser.aspx,2026-05-30T08:46:34.211978+00:00
2007-01-04,"Foreign Exchange Management (Guarantees) Regulations, 2000 – Amendment of Regulation",,https://www.rbi.org.in/Scripts/NotificationUser.aspx?Id=3894&Mode=0,https://www.rbi.org.in/Scripts/NotificationUser.aspx,2026-05-30T08:46:34.211978+00:00
2007-01-04,Cover for public deposits – creation of floating charge on Liquid Assets,,https://www.rbi.org.in/Scripts/NotificationUser.aspx?Id=3230&Mode=0,https://www.rbi.org.in/Scripts/NotificationUser.aspx,2026-05-30T08:46:34.211978+00:00
2007-01-03,Installation of Coin Vending Machines,,https://www.rbi.org.in/Scripts/NotificationUser.aspx?Id=3431&Mode=0,https://www.rbi.org.in/Scripts/NotificationUser.aspx,2026-05-30T08:46:34.211978+00:00
2024-06-28,"Exclusion of “Nagar Urban Co-operative Bank Limited” from the Second Schedule of the Reserve Bank of India Act, 1934",,https://www.rbi.org.in/Scripts/NotificationUser.aspx?Id=12695&Mode=0,https://www.rbi.org.in/Scripts/NotificationUser.aspx,2026-05-30T08:46:34.382839+00:00
2024-06-21,Priority Sector Lending – Amendments to the Master Directions,,https://www.rbi.org.in/Scripts/NotificationUser.aspx?Id=12694&Mode=0,https://www.rbi.org.in/Scripts/NotificationUser.aspx,2026-05-30T08:46:34.382839+00:00
2024-06-11,International Trade Settlement in Indian Rupees (INR) – Opening of additional Current Account for settlement of trade transactions,,https://www.rbi.org.in/Scripts/NotificationUser.aspx?Id=12693&Mode=0,https://www.rbi.org.in/Scripts/NotificationUser.aspx,2026-05-30T08:46:34.382839+00:00
2024-06-11,"Export-Import Bank of India (Exim Bank)’s Government of India-supported Line of Credit of USD 23.37 mn to the Government of the Co-operative Republic of Guyana (GO-GUY), for procurement of two Hindustan 228-201 aircraft from Hindustan Aeronautics Ltd.",,https://www.rbi.org.in/Scripts/NotificationUser.aspx?Id=12692&Mode=0,https://www.rbi.org.in/Scripts/NotificationUser.aspx,2026-05-30T08:46:34.382839+00:00
2024-06-07,"Foreign Exchange Management (Overseas Investment) Directions, 2022 - Investments in Overseas Funds",,https://www.rbi.org.in/Scripts/NotificationUser.aspx?Id=12691&Mode=0,https://www.rbi.org.in/Scripts/NotificationUser.aspx,2026-05-30T08:46:34.382839+00:00
2024-05-27,Instructions on Money Changing Activities,,https://www.rbi.org.in/Scripts/NotificationUser.aspx?Id=12689&Mode=0,https://www.rbi.org.in/Scripts/NotificationUser.aspx,2026-05-30T08:46:36.667253+00:00
2024-05-24,"Exclusion of ""Fincare Small Finance Bank Limited"" from the Second Schedule to the Reserve Bank of India Act, 1934 and cessation as a banking company",,https://www.rbi.org.in/Scripts/NotificationUser.aspx?Id=12688&Mode=0,https://www.rbi.org.in/Scripts/NotificationUser.aspx,2026-05-30T08:46:36.667253+00:00
2024-05-22,Internal Review – Interim Recommendations – Withdrawal of Circulars,,https://www.rbi.org.in/Scripts/NotificationUser.aspx?Id=12687&Mode=0,https://www.rbi.org.in/Scripts/NotificationUser.aspx,2026-05-30T08:46:36.667253+00:00
2024-05-21,"Issuance of partly paid units to persons resident outside India by investment vehicles under Foreign Exchange Management (Non-debt Instruments) Rules, 2019",,https://www.rbi.org.in/Scripts/NotificationUser.aspx?Id=12686&Mode=0,https://www.rbi.org.in/Scripts/NotificationUser.aspx,2026-05-30T08:46:36.667253+00:00
2024-05-16,Formation of new district in the State of Assam – Assignment of Lead Bank Responsibility,,https://www.rbi.org.in/Scripts/NotificationUser.aspx?Id=12685&Mode=0,https://www.rbi.org.in/Scripts/NotificationUser.aspx,2026-05-30T08:46:36.667253+00:00
2024-05-10,"Foreign Exchange Management (Deposit) (Fourth Amendment) Regulations, 2024",,https://www.rbi.org.in/Scripts/NotificationUser.aspx?Id=12684&Mode=0,https://www.rbi.org.in/Scripts/NotificationUser.aspx,2026-05-30T08:46:36.667253+00:00
2024-05-08,Margin for Derivative Contracts,,https://www.rbi.org.in/Scripts/NotificationUser.aspx?Id=12683&Mode=0,https://www.rbi.org.in/Scripts/NotificationUser.aspx,2026-05-30T08:46:36.667253+00:00
2024-05-08,"Master Direction – Reserve Bank of India (Margining for Non-Centrally Cleared OTC Derivatives) Directions, 2024 ( Updated as on February 21, 2025 )",,https://www.rbi.org.in/Scripts/NotificationUser.aspx?Id=12682&Mode=0,https://www.rbi.org.in/Scripts/NotificationUser.aspx,2026-05-30T08:46:36.667253+00:00
2024-05-03,Master Direction – Risk Management and Inter-Bank Dealings: Amendments,,https://www.rbi.org.in/Scripts/NotificationUser.aspx?Id=12680&Mode=0,https://www.rbi.org.in/Scripts/NotificationUser.aspx,2026-05-30T08:46:36.667253+00:00
2024-04-29,Fair Practices Code for Lenders – Charging of Interest,,https://www.rbi.org.in/Scripts/NotificationUser.aspx?Id=12678&Mode=0,https://www.rbi.org.in/Scripts/NotificationUser.aspx,2026-05-30T08:46:39.340272+00:00
2024-04-26,"Implementation of Section 51A of UAPA,1967: Updates to UNSC’s 1267/ 1989 ISIL (Da'esh) & Al-Qaida Sanctions List: Amendments in 01 Entry",,https://www.rbi.org.in/Scripts/NotificationUser.aspx?Id=12677&Mode=0,https://www.rbi.org.in/Scripts/NotificationUser.aspx,2026-05-30T08:46:39.340272+00:00
2024-04-26,Limits for investment in debt and sale of Credit Default Swaps by Foreign Portfolio Investors (FPIs),,https://www.rbi.org.in/Scripts/NotificationUser.aspx?Id=12675&Mode=0,https://www.rbi.org.in/Scripts/NotificationUser.aspx,2026-05-30T08:46:39.340272+00:00
2024-04-25,"Foreign Exchange Management (Foreign Currency Accounts by a person resident in India) (Amendment) Regulations, 2024",,https://www.rbi.org.in/Scripts/NotificationUser.aspx?Id=12674&Mode=0,https://www.rbi.org.in/Scripts/NotificationUser.aspx,2026-05-30T08:46:39.340272+00:00
2024-04-25,"Foreign Exchange Management (Mode of Payment and Reporting of Non-Debt Instruments) (Amendment) Regulations, 2024",,https://www.rbi.org.in/Scripts/NotificationUser.aspx?Id=12673&Mode=0,https://www.rbi.org.in/Scripts/NotificationUser.aspx,2026-05-30T08:46:39.340272+00:00
2024-04-25,"Alteration in the name of ""AB Bank Limited"" to ""AB Bank PLC"" in the Second Schedule to the Reserve Bank of India Act, 1934",,https://www.rbi.org.in/Scripts/NotificationUser.aspx?Id=12672&Mode=0,https://www.rbi.org.in/Scripts/NotificationUser.aspx,2026-05-30T08:46:39.340272+00:00
2024-04-24,Unauthorised foreign exchange transactions,,https://www.rbi.org.in/Scripts/NotificationUser.aspx?Id=12671&Mode=0,https://www.rbi.org.in/Scripts/NotificationUser.aspx,2026-05-30T08:46:39.340272+00:00
2024-04-18,Formation of new district in the State of Assam – Assignment of Lead Bank Responsibility,,https://www.rbi.org.in/Scripts/NotificationUser.aspx?Id=12667&Mode=0,https://www.rbi.org.in/Scripts/NotificationUser.aspx,2026-05-30T08:46:39.340272+00:00
2024-04-16,"Implementation of Section 12A of the Weapons of Mass Destruction and their Delivery Systems (Prohibition of Unlawful Activities) Act, 2005: Designated List (Amendments)",,https://www.rbi.org.in/Scripts/NotificationUser.aspx?Id=12666&Mode=0,https://www.rbi.org.in/Scripts/NotificationUser.aspx,2026-05-30T08:46:39.340272+00:00
2024-04-16,Master Circular – Deendayal Antyodaya Yojana - National Rural Livelihoods Mission (DAY-NRLM),,https://www.rbi.org.in/Scripts/NotificationUser.aspx?Id=12665&Mode=0,https://www.rbi.org.in/Scripts/NotificationUser.aspx,2026-05-30T08:46:39.340272+00:00
2024-04-16,Master Circular - Credit facilities to Scheduled Castes (SCs) & Scheduled Tribes (STs),,https://www.rbi.org.in/Scripts/NotificationUser.aspx?Id=12664&Mode=0,https://www.rbi.org.in/Scripts/NotificationUser.aspx,2026-05-30T08:46:39.340272+00:00
2024-04-15,Hedging of Gold Price Risk in Overseas Markets,,https://www.rbi.org.in/Scripts/NotificationUser.aspx?Id=12662&Mode=0,https://www.rbi.org.in/Scripts/NotificationUser.aspx,2026-05-30T08:46:39.340272+00:00
2024-04-10,"Alteration in the name of ""Sonali Bank Limited"" to ""Sonali Bank PLC"" in the Second Schedule to the Reserve Bank of India Act, 1934",Sonali,https://www.rbi.org.in/Scripts/NotificationUser.aspx?Id=12660&Mode=0,https://www.rbi.org.in/Scripts/NotificationUser.aspx,2026-05-30T08:46:39.340272+00:00
2024-04-05,"Exclusion of “Kapol Co-operative Bank Limited” from the Second Schedule to the Reserve Bank of India Act, 1934",,https://www.rbi.org.in/Scripts/NotificationUser.aspx?Id=12659&Mode=0,https://www.rbi.org.in/Scripts/NotificationUser.aspx,2026-05-30T08:46:39.340272+00:00
2024-04-01,"Master Direction on Counterfeit Notes, 2024 – Detection, Reporting and Monitoring",,https://www.rbi.org.in/Scripts/NotificationUser.aspx?Id=12653&Mode=0,https://www.rbi.org.in/Scripts/NotificationUser.aspx,2026-05-30T08:46:39.340272+00:00
2024-04-01,Master Circular on Conduct of Government Business by Agency Banks - Payment of Agency Commission,,https://www.rbi.org.in/Scripts/NotificationUser.aspx?Id=12651&Mode=0,https://www.rbi.org.in/Scripts/NotificationUser.aspx,2026-05-30T08:46:39.340272+00:00
2024-04-01,Master Circular - Disbursement of Government Pension by Agency Banks,,https://www.rbi.org.in/Scripts/NotificationUser.aspx?Id=12650&Mode=0,https://www.rbi.org.in/Scripts/NotificationUser.aspx,2026-05-30T08:46:39.340272+00:00
2024-04-01,Master Circular on SHG-Bank Linkage Programme,,https://www.rbi.org.in/Scripts/NotificationUser.aspx?Id=12649&Mode=0,https://www.rbi.org.in/Scripts/NotificationUser.aspx,2026-05-30T08:46:39.340272+00:00
2024-04-01,Master Direction on Penal Provisions in reporting of transactions / balances at Currency Chests,,https://www.rbi.org.in/Scripts/NotificationUser.aspx?Id=12648&Mode=0,https://www.rbi.org.in/Scripts/NotificationUser.aspx,2026-05-30T08:46:39.340272+00:00
2024-04-01,Master Direction on Framework of incentives for Currency Distribution & Exchange Scheme for bank branches including currency chests,,https://www.rbi.org.in/Scripts/NotificationUser.aspx?Id=12646&Mode=0,https://www.rbi.org.in/Scripts/NotificationUser.aspx,2026-05-30T08:46:39.340272+00:00
2024-04-01,Master Direction – Scheme of Penalties for bank branches and Currency Chests for deficiency in rendering customer service to the members of public,,https://www.rbi.org.in/Scripts/NotificationUser.aspx?Id=12645&Mode=0,https://www.rbi.org.in/Scripts/NotificationUser.aspx,2026-05-30T08:46:39.340272+00:00
2024-04-01,Master Circular – Lead Bank Scheme,,https://www.rbi.org.in/Scripts/NotificationUser.aspx?Id=12643&Mode=0,https://www.rbi.org.in/Scripts/NotificationUser.aspx,2026-05-30T08:46:39.340272+00:00
2024-04-01,Master Circular on Board of Directors - UCBs,,https://www.rbi.org.in/Scripts/NotificationUser.aspx?Id=12642&Mode=0,https://www.rbi.org.in/Scripts/NotificationUser.aspx,2026-05-30T08:46:39.340272+00:00
2006-12-22,"NRIs and PIOs as Nominees under Senior Citizens Savings Scheme, 2004- Clarification",,https://www.rbi.org.in/Scripts/NotificationUser.aspx?Id=3222&Mode=0,https://www.rbi.org.in/Scripts/NotificationUser.aspx,2026-05-30T08:46:40.280366+00:00
2006-12-22,Foreign investment in Infrastructure Companies in Securities Markets,,https://www.rbi.org.in/Scripts/NotificationUser.aspx?Id=3221&Mode=0,https://www.rbi.org.in/Scripts/NotificationUser.aspx,2026-05-30T08:46:40.280366+00:00
2006-12-20,"Liberalised Remittance Scheme of USD 50,000 for Resident Individuals",,https://www.rbi.org.in/Scripts/NotificationUser.aspx?Id=3220&Mode=0,https://www.rbi.org.in/Scripts/NotificationUser.aspx,2026-05-30T08:46:40.280366+00:00
2006-12-19,Draft Guidelines – Enhanced Disclosures under Segment Reporting,,https://www.rbi.org.in/Scripts/NotificationUser.aspx?Id=3219&Mode=0,https://www.rbi.org.in/Scripts/NotificationUser.aspx,2026-05-30T08:46:40.280366+00:00
2006-12-18,Special Deposit Scheme 1975 – Payment of interest for the calendar year 2006,,https://www.rbi.org.in/Scripts/NotificationUser.aspx?Id=3216&Mode=0,https://www.rbi.org.in/Scripts/NotificationUser.aspx,2026-05-30T08:46:40.280366+00:00
2006-12-18,"Senior Citizens Savings Scheme, 2004 – Payment of interest in case of Pre-mature withdrawal- Clarification",,https://www.rbi.org.in/Scripts/NotificationUser.aspx?Id=3215&Mode=0,https://www.rbi.org.in/Scripts/NotificationUser.aspx,2026-05-30T08:46:40.280366+00:00
2006-12-18,"Deferred Payment Protocols dated April 30, 1981 and December 23, 1985 between Government of India and erstwhile USSR",,https://www.rbi.org.in/Scripts/NotificationUser.aspx?Id=3214&Mode=0,https://www.rbi.org.in/Scripts/NotificationUser.aspx,2026-05-30T08:46:40.280366+00:00
2006-12-13,Exim Bank's Line of Credit of USD 250 million to Ecowas Bank for Investment and Development (EBID),,https://www.rbi.org.in/Scripts/NotificationUser.aspx?Id=3212&Mode=0,https://www.rbi.org.in/Scripts/NotificationUser.aspx,2026-05-30T08:46:40.280366+00:00
2006-12-13,Booking of Forward Contracts Based on Past Performance,,https://www.rbi.org.in/Scripts/NotificationUser.aspx?Id=3210&Mode=0,https://www.rbi.org.in/Scripts/NotificationUser.aspx,2026-05-30T08:46:40.280366+00:00
2006-12-13,Booking Forward Contracts for the Customs Duty Component of Imports,,https://www.rbi.org.in/Scripts/NotificationUser.aspx?Id=3209&Mode=0,https://www.rbi.org.in/Scripts/NotificationUser.aspx,2026-05-30T08:46:40.280366+00:00
2006-12-12,Financial Regulation of Systemically Important NBFCs and Banks’ Relationship with them – for NBFCs’,,https://www.rbi.org.in/Scripts/NotificationUser.aspx?Id=3207&Mode=0,https://www.rbi.org.in/Scripts/NotificationUser.aspx,2026-05-30T08:46:40.280366+00:00
2006-12-11,UCBs - Increase in CRR,,https://www.rbi.org.in/Scripts/NotificationUser.aspx?Id=3204&Mode=0,https://www.rbi.org.in/Scripts/NotificationUser.aspx,2026-05-30T08:46:40.280366+00:00
2006-12-11,Draft Comprehensive Guidelines on Derivatives,,https://www.rbi.org.in/Scripts/NotificationUser.aspx?Id=3203&Mode=0,https://www.rbi.org.in/Scripts/NotificationUser.aspx,2026-05-30T08:46:40.280366+00:00
2006-12-06,Re-classification of NBFCs,,https://www.rbi.org.in/Scripts/NotificationUser.aspx?Id=3200&Mode=0,https://www.rbi.org.in/Scripts/NotificationUser.aspx,2026-05-30T08:46:40.280366+00:00
2006-12-06,Exim Bank's Line of Credit of USD 20 million to Myanma Foreign Trade Bank,,https://www.rbi.org.in/Scripts/NotificationUser.aspx?Id=3197&Mode=0,https://www.rbi.org.in/Scripts/NotificationUser.aspx,2026-05-30T08:46:40.280366+00:00
2006-12-04,Draft Circular on Safe Deposit Lockers,,https://www.rbi.org.in/Scripts/NotificationUser.aspx?Id=3196&Mode=0,https://www.rbi.org.in/Scripts/NotificationUser.aspx,2026-05-30T08:46:40.280366+00:00
2006-12-04,Issue of Co-branded Credit Cards,,https://www.rbi.org.in/Scripts/NotificationUser.aspx?Id=3195&Mode=0,https://www.rbi.org.in/Scripts/NotificationUser.aspx,2026-05-30T08:46:40.280366+00:00
2006-12-04,Distribution of Mutual Fund products by NBFCs,,https://www.rbi.org.in/Scripts/NotificationUser.aspx?Id=3194&Mode=0,https://www.rbi.org.in/Scripts/NotificationUser.aspx,2026-05-30T08:46:40.280366+00:00
2006-12-04,Establishment of Offices Abroad,,https://www.rbi.org.in/Scripts/NotificationUser.aspx?Id=3193&Mode=0,https://www.rbi.org.in/Scripts/NotificationUser.aspx,2026-05-30T08:46:40.280366+00:00
2006-12-04,External Commercial Borrowings (ECB),,https://www.rbi.org.in/Scripts/NotificationUser.aspx?Id=3192&Mode=0,https://www.rbi.org.in/Scripts/NotificationUser.aspx,2026-05-30T08:46:40.280366+00:00
2006-12-01,Scheme for Non-competitive Bidding Facility in the Auctions of Government Securities,,https://www.rbi.org.in/Scripts/NotificationUser.aspx?Id=3191&Mode=0,https://www.rbi.org.in/Scripts/NotificationUser.aspx,2026-05-30T08:46:40.280366+00:00
2006-12-01,Tender for Non - Competitive Bids,,https://www.rbi.org.in/Scripts/NotificationUser.aspx?Id=3190&Mode=0,https://www.rbi.org.in/Scripts/NotificationUser.aspx,2026-05-30T08:46:40.280366+00:00
2006-12-01,Tender for Competitive Bids,,https://www.rbi.org.in/Scripts/NotificationUser.aspx?Id=3189&Mode=0,https://www.rbi.org.in/Scripts/NotificationUser.aspx,2026-05-30T08:46:40.280366+00:00
2006-12-01,GOI Notification - 8.33 per cent,,https://www.rbi.org.in/Scripts/NotificationUser.aspx?Id=3188&Mode=0,https://www.rbi.org.in/Scripts/NotificationUser.aspx,2026-05-30T08:46:40.280366+00:00
2006-12-01,Tender for Non - Competitive Bids,,https://www.rbi.org.in/Scripts/NotificationUser.aspx?Id=3187&Mode=0,https://www.rbi.org.in/Scripts/NotificationUser.aspx,2026-05-30T08:46:40.280366+00:00
2006-12-01,Tender for Competitive Bids,,https://www.rbi.org.in/Scripts/NotificationUser.aspx?Id=3186&Mode=0,https://www.rbi.org.in/Scripts/NotificationUser.aspx,2026-05-30T08:46:40.280366+00:00
2006-12-01,GOI Notification - 7.37 per cent,,https://www.rbi.org.in/Scripts/NotificationUser.aspx?Id=3185&Mode=0,https://www.rbi.org.in/Scripts/NotificationUser.aspx,2026-05-30T08:46:40.280366+00:00
2006-12-01,Text of Advertisement,,https://www.rbi.org.in/Scripts/NotificationUser.aspx?Id=3184&Mode=0,https://www.rbi.org.in/Scripts/NotificationUser.aspx,2026-05-30T08:46:40.280366+00:00
2006-12-01,RBI Notification,,https://www.rbi.org.in/Scripts/NotificationUser.aspx?Id=3183&Mode=0,https://www.rbi.org.in/Scripts/NotificationUser.aspx,2026-05-30T08:46:40.280366+00:00
2024-03-27,"Currency Chests (CCs) operations on March 31, 2024",,https://www.rbi.org.in/Scripts/NotificationUser.aspx?Id=12641&Mode=0,https://www.rbi.org.in/Scripts/NotificationUser.aspx,2026-05-30T08:46:41.800865+00:00
2024-03-27,"Special Clearing Operations on March 30 & 31, 2024",,https://www.rbi.org.in/Scripts/NotificationUser.aspx?Id=12640&Mode=0,https://www.rbi.org.in/Scripts/NotificationUser.aspx,2026-05-30T08:46:41.800865+00:00
2024-03-22,Reassignment of Lead Bank Responsibility,,https://www.rbi.org.in/Scripts/NotificationUser.aspx?Id=12638&Mode=0,https://www.rbi.org.in/Scripts/NotificationUser.aspx,2026-05-30T08:46:41.800865+00:00
2024-03-22,Annual Closing of Government Accounts – Transactions of Central / State Governments – Special Measures for the Current Financial Year (2023-24),,https://www.rbi.org.in/Scripts/NotificationUser.aspx?Id=12637&Mode=0,https://www.rbi.org.in/Scripts/NotificationUser.aspx,2026-05-30T08:46:41.800865+00:00
2024-03-21,Omnibus Framework for recognising Self-Regulatory Organisations (SROs) for Regulated Entities (REs) of the Reserve Bank of India,,https://www.rbi.org.in/Scripts/NotificationUser.aspx?Id=12636&Mode=0,https://www.rbi.org.in/Scripts/NotificationUser.aspx,2026-05-30T08:46:41.800865+00:00
2024-03-13,"Cut-off time for uploading of GST, ICEGATE and TIN 2.0 luggage files",,https://www.rbi.org.in/Scripts/NotificationUser.aspx?Id=12624&Mode=0,https://www.rbi.org.in/Scripts/NotificationUser.aspx,2026-05-30T08:46:41.800865+00:00
2024-03-13,Reporting and Accounting of Central Government transactions for March 2024,,https://www.rbi.org.in/Scripts/NotificationUser.aspx?Id=12623&Mode=0,https://www.rbi.org.in/Scripts/NotificationUser.aspx,2026-05-30T08:46:41.800865+00:00
2024-03-11,"Implementation of Section 12A of the Weapons of Mass Destruction and their Delivery Systems (Prohibition of Unlawful Activities) Act, 2005: Designated List (Amendments)",,https://www.rbi.org.in/Scripts/NotificationUser.aspx?Id=12622&Mode=0,https://www.rbi.org.in/Scripts/NotificationUser.aspx,2026-05-30T08:46:41.800865+00:00
2024-03-08,"Designation of an individual under clause (a) of Sub-section (1) and Sub-section (2) of Section 35 of the Unlawful Activities (Prevention) Act (UAPA), 1967 and listing in the Fourth Schedule of the Act- Reg.",,https://www.rbi.org.in/Scripts/NotificationUser.aspx?Id=12621&Mode=0,https://www.rbi.org.in/Scripts/NotificationUser.aspx,2026-05-30T08:46:41.800865+00:00
2024-03-06,Arrangements with Card Networks for issue of Credit Cards,,https://www.rbi.org.in/Scripts/NotificationUser.aspx?Id=12619&Mode=0,https://www.rbi.org.in/Scripts/NotificationUser.aspx,2026-05-30T08:46:41.800865+00:00
2024-03-05,Money Transfer Service Scheme - Submission of Statement on CIMS,,https://www.rbi.org.in/Scripts/NotificationUser.aspx?Id=12618&Mode=0,https://www.rbi.org.in/Scripts/NotificationUser.aspx,2026-05-30T08:46:41.800865+00:00
2024-03-01,Review of Guidelines - Withdrawal of Circulars,,https://www.rbi.org.in/Scripts/NotificationUser.aspx?Id=12617&Mode=0,https://www.rbi.org.in/Scripts/NotificationUser.aspx,2026-05-30T08:46:41.800865+00:00
2006-11-30,Exim Bank's Line of Credit of USD 10 million to the Government of Angola,,https://www.rbi.org.in/Scripts/NotificationUser.aspx?Id=3182&Mode=0,https://www.rbi.org.in/Scripts/NotificationUser.aspx,2026-05-30T08:46:43.117704+00:00
2006-11-30,Financial Regulation of Systemically Important NBFCs and Banks’ Relationship with them,,https://www.rbi.org.in/Scripts/NotificationUser.aspx?Id=3181&Mode=0,https://www.rbi.org.in/Scripts/NotificationUser.aspx,2026-05-30T08:46:43.117704+00:00
2006-11-30,Exchange Earner's Foreign Currency (EEFC) Account-Liberalisation of Procedure,,https://www.rbi.org.in/Scripts/NotificationUser.aspx?Id=3180&Mode=0,https://www.rbi.org.in/Scripts/NotificationUser.aspx,2026-05-30T08:46:43.117704+00:00
2006-11-28,Priority Sector Lending – Loans to Self-Help Groups,,https://www.rbi.org.in/Scripts/NotificationUser.aspx?Id=3179&Mode=0,https://www.rbi.org.in/Scripts/NotificationUser.aspx,2026-05-30T08:46:43.117704+00:00
2006-11-28,Current Account Transactions – Liberalisation,,https://www.rbi.org.in/Scripts/NotificationUser.aspx?Id=3178&Mode=0,https://www.rbi.org.in/Scripts/NotificationUser.aspx,2026-05-30T08:46:43.117704+00:00
2006-11-22,Microfinance - Joint fact-finding study with the banks,,https://www.rbi.org.in/Scripts/NotificationUser.aspx?Id=3175&Mode=0,https://www.rbi.org.in/Scripts/NotificationUser.aspx,2026-05-30T08:46:43.117704+00:00
2006-11-22,RRBs: Housing Loans – Implimentation of Delhi High Court Orders,,https://www.rbi.org.in/Scripts/NotificationUser.aspx?Id=3174&Mode=0,https://www.rbi.org.in/Scripts/NotificationUser.aspx,2026-05-30T08:46:43.117704+00:00
2006-11-22,STCBs/DCCBs: Housing Loans – Implementation of Delhi High Court Orders,,https://www.rbi.org.in/Scripts/NotificationUser.aspx?Id=3173&Mode=0,https://www.rbi.org.in/Scripts/NotificationUser.aspx,2026-05-30T08:46:43.117704+00:00
2006-11-17,Tender for Non - Competitive Bids,,https://www.rbi.org.in/Scripts/NotificationUser.aspx?Id=3172&Mode=0,https://www.rbi.org.in/Scripts/NotificationUser.aspx,2026-05-30T08:46:43.117704+00:00
2006-11-17,Tender for Competitive Bids,,https://www.rbi.org.in/Scripts/NotificationUser.aspx?Id=3171&Mode=0,https://www.rbi.org.in/Scripts/NotificationUser.aspx,2026-05-30T08:46:43.117704+00:00
2006-11-17,GOI Notification,,https://www.rbi.org.in/Scripts/NotificationUser.aspx?Id=3170&Mode=0,https://www.rbi.org.in/Scripts/NotificationUser.aspx,2026-05-30T08:46:43.117704+00:00
2006-11-17,Text of Advertisement,,https://www.rbi.org.in/Scripts/NotificationUser.aspx?Id=3169&Mode=0,https://www.rbi.org.in/Scripts/NotificationUser.aspx,2026-05-30T08:46:43.117704+00:00
2006-11-17,RBI Notification,,https://www.rbi.org.in/Scripts/NotificationUser.aspx?Id=3168&Mode=0,https://www.rbi.org.in/Scripts/NotificationUser.aspx,2026-05-30T08:46:43.117704+00:00
2006-11-17,Issue of Bank Guarantee on behalf of service importers,,https://www.rbi.org.in/Scripts/NotificationUser.aspx?Id=3163&Mode=0,https://www.rbi.org.in/Scripts/NotificationUser.aspx,2026-05-30T08:46:43.117704+00:00
2006-11-17,Banks’ exposure to Capital Markets – Rationalisation of Norms,,https://www.rbi.org.in/Scripts/NotificationUser.aspx?Id=3162&Mode=0,https://www.rbi.org.in/Scripts/NotificationUser.aspx,2026-05-30T08:46:43.117704+00:00
2006-11-16,Working group on Cost of NRI Remittances- Implementation of the Recommendations,,https://www.rbi.org.in/Scripts/NotificationUser.aspx?Id=3167&Mode=0,https://www.rbi.org.in/Scripts/NotificationUser.aspx,2026-05-30T08:46:43.117704+00:00
2006-11-16,Facilities to NRIs/PIOs and Foreign Nationals Liberalised,,https://www.rbi.org.in/Scripts/NotificationUser.aspx?Id=3161&Mode=0,https://www.rbi.org.in/Scripts/NotificationUser.aspx,2026-05-30T08:46:43.117704+00:00
2006-11-16,Ceiling on Overseas Investments by Mutual Funds Enhanced,,https://www.rbi.org.in/Scripts/NotificationUser.aspx?Id=3160&Mode=0,https://www.rbi.org.in/Scripts/NotificationUser.aspx,2026-05-30T08:46:43.117704+00:00
2006-11-16,When Issued (WI) transactions in Central Government Securities,,https://www.rbi.org.in/Scripts/NotificationUser.aspx?Id=3159&Mode=0,https://www.rbi.org.in/Scripts/NotificationUser.aspx,2026-05-30T08:46:43.117704+00:00
2006-11-16,Compliance function in banks,,https://www.rbi.org.in/Scripts/NotificationUser.aspx?Id=3158&Mode=0,https://www.rbi.org.in/Scripts/NotificationUser.aspx,2026-05-30T08:46:43.117704+00:00
2006-11-15,Lead Bank Scheme – Inclusion of National Horticulture Board as a permanent member of the State Level Bankers’ Committees (SLBC) of the respective State,,https://www.rbi.org.in/Scripts/NotificationUser.aspx?Id=3211&Mode=0,https://www.rbi.org.in/Scripts/NotificationUser.aspx,2026-05-30T08:46:43.117704+00:00
2006-11-13,Relief Measures to assist Distressed Farmers,,https://www.rbi.org.in/Scripts/NotificationUser.aspx?Id=3157&Mode=0,https://www.rbi.org.in/Scripts/NotificationUser.aspx,2026-05-30T08:46:43.117704+00:00
2006-11-10,"TDS on interest payable under Senior Citizens Savings Scheme, 2004",,https://www.rbi.org.in/Scripts/NotificationUser.aspx?Id=3152&Mode=0,https://www.rbi.org.in/Scripts/NotificationUser.aspx,2026-05-30T08:46:43.117704+00:00
2006-11-09,"Senior Citizens Savings Scheme, 2004 – Frequently Asked Questions (FAQs)",,https://www.rbi.org.in/Scripts/NotificationUser.aspx?Id=3151&Mode=0,https://www.rbi.org.in/Scripts/NotificationUser.aspx,2026-05-30T08:46:43.117704+00:00
2006-11-07,Maintenance of Government Accounts - Interest on Delayed Remittances and Excess/Double Reimbursement,,https://www.rbi.org.in/Scripts/NotificationUser.aspx?Id=3155&Mode=0,https://www.rbi.org.in/Scripts/NotificationUser.aspx,2026-05-30T08:46:43.117704+00:00
2006-11-03,Mid-Term Review of Annual Policy Statement for the Year 2006-07- Financial Regulation of Systemically Important NBFCs and Banks' Relationship with them,,https://www.rbi.org.in/Scripts/NotificationUser.aspx?Id=3147&Mode=0,https://www.rbi.org.in/Scripts/NotificationUser.aspx,2026-05-30T08:46:43.117704+00:00
2024-02-29,"Master Direction – Reserve Bank of India (Bharat Bill Payment System) Directions, 2024",,https://www.rbi.org.in/Scripts/NotificationUser.aspx?Id=12616&Mode=0,https://www.rbi.org.in/Scripts/NotificationUser.aspx,2026-05-30T08:46:44.579402+00:00
2024-02-28,Enabling Framework for Regulatory Sandbox,,https://www.rbi.org.in/Scripts/NotificationUser.aspx?Id=13375&Mode=0,https://www.rbi.org.in/Scripts/NotificationUser.aspx,2026-05-30T08:46:44.579402+00:00
2024-02-27,"Appointment/re-appointment of Director, Managing Director or Chief Executive Officer in Asset Reconstruction Companies",,https://www.rbi.org.in/Scripts/NotificationUser.aspx?Id=12614&Mode=0,https://www.rbi.org.in/Scripts/NotificationUser.aspx,2026-05-30T08:46:44.579402+00:00
2024-02-27,Master Direction – Reserve Bank of India (Filing of Supervisory Returns) Directions - 2024,,https://www.rbi.org.in/Scripts/NotificationUser.aspx?Id=12613&Mode=0,https://www.rbi.org.in/Scripts/NotificationUser.aspx,2026-05-30T08:46:44.579402+00:00
2024-02-23,Amendment to Master Direction on Prepaid Payment Instruments,,https://www.rbi.org.in/Scripts/NotificationUser.aspx?Id=12612&Mode=0,https://www.rbi.org.in/Scripts/NotificationUser.aspx,2026-05-30T08:46:44.579402+00:00
2024-02-20,Formation of new district in the State of Assam – Assignment of Lead Bank Responsibility,,https://www.rbi.org.in/Scripts/NotificationUser.aspx?Id=12609&Mode=0,https://www.rbi.org.in/Scripts/NotificationUser.aspx,2026-05-30T08:46:44.579402+00:00
2024-02-15,"Exclusion of “Rupee Co-operative Bank Limited” from the Second Schedule to the Reserve Bank of India Act, 1934",,https://www.rbi.org.in/Scripts/NotificationUser.aspx?Id=12608&Mode=0,https://www.rbi.org.in/Scripts/NotificationUser.aspx,2026-05-30T08:46:44.579402+00:00
2024-02-08,"Implementation of Section 51A of UAPA, 1967: Updates to UNSC’s 1267/ 1989 ISIL (Da'esh) & Al-Qaida Sanctions List: Amendments in 85 Entries",,https://www.rbi.org.in/Scripts/NotificationUser.aspx?Id=12605&Mode=0,https://www.rbi.org.in/Scripts/NotificationUser.aspx,2026-05-30T08:46:44.579402+00:00
2006-10-31,Standing Liquidity Facilities for Banks and Primary Dealers,,https://www.rbi.org.in/Scripts/NotificationUser.aspx?Id=3145&Mode=0,https://www.rbi.org.in/Scripts/NotificationUser.aspx,2026-05-30T08:46:45.794018+00:00
2006-10-31,Liquidity Adjustment Facility – Repo and Reverse Repo Rates,,https://www.rbi.org.in/Scripts/NotificationUser.aspx?Id=3143&Mode=0,https://www.rbi.org.in/Scripts/NotificationUser.aspx,2026-05-30T08:46:45.794018+00:00
2006-10-31,Mid-term Review of Annual Policy for the Year 2006-07,,https://www.rbi.org.in/Scripts/NotificationUser.aspx?Id=3142&Mode=0,https://www.rbi.org.in/Scripts/NotificationUser.aspx,2026-05-30T08:46:45.794018+00:00
2006-10-27,Tender for Non - Competitive Bids,,https://www.rbi.org.in/Scripts/NotificationUser.aspx?Id=3141&Mode=0,https://www.rbi.org.in/Scripts/NotificationUser.aspx,2026-05-30T08:46:45.794018+00:00
2006-10-27,Tender for Competitive Bids,,https://www.rbi.org.in/Scripts/NotificationUser.aspx?Id=3140&Mode=0,https://www.rbi.org.in/Scripts/NotificationUser.aspx,2026-05-30T08:46:45.794018+00:00
2006-10-27,GOI Notification,,https://www.rbi.org.in/Scripts/NotificationUser.aspx?Id=3139&Mode=0,https://www.rbi.org.in/Scripts/NotificationUser.aspx,2026-05-30T08:46:45.794018+00:00
2006-10-27,Tender for Non - Competitive Bids,,https://www.rbi.org.in/Scripts/NotificationUser.aspx?Id=3138&Mode=0,https://www.rbi.org.in/Scripts/NotificationUser.aspx,2026-05-30T08:46:45.794018+00:00
2006-10-27,Tender for Competitive Bids,,https://www.rbi.org.in/Scripts/NotificationUser.aspx?Id=3137&Mode=0,https://www.rbi.org.in/Scripts/NotificationUser.aspx,2026-05-30T08:46:45.794018+00:00
2006-10-27,GOI Notification,,https://www.rbi.org.in/Scripts/NotificationUser.aspx?Id=3136&Mode=0,https://www.rbi.org.in/Scripts/NotificationUser.aspx,2026-05-30T08:46:45.794018+00:00
2006-10-27,Text of Advertisement,,https://www.rbi.org.in/Scripts/NotificationUser.aspx?Id=3135&Mode=0,https://www.rbi.org.in/Scripts/NotificationUser.aspx,2026-05-30T08:46:45.794018+00:00
2006-10-27,Press Communique,,https://www.rbi.org.in/Scripts/NotificationUser.aspx?Id=3134&Mode=0,https://www.rbi.org.in/Scripts/NotificationUser.aspx,2026-05-30T08:46:45.794018+00:00
2006-10-27,RBI Notification,,https://www.rbi.org.in/Scripts/NotificationUser.aspx?Id=3133&Mode=0,https://www.rbi.org.in/Scripts/NotificationUser.aspx,2026-05-30T08:46:45.794018+00:00
2006-10-27,Prior Public Notice about change in control / management,,https://www.rbi.org.in/Scripts/NotificationUser.aspx?Id=3131&Mode=0,https://www.rbi.org.in/Scripts/NotificationUser.aspx,2026-05-30T08:46:45.794018+00:00
2006-10-23,Guidelines for Compilation of R-Returns Bank-wide consolidated R-Return,,https://www.rbi.org.in/Scripts/NotificationUser.aspx?Id=3130&Mode=0,https://www.rbi.org.in/Scripts/NotificationUser.aspx,2026-05-30T08:46:45.794018+00:00
2006-10-19,"Amendment to NBFC regulations - Certificate of Registration (CoR) issued under Section 45-IA of the RBI Act, 1934 – Continuation of business of NBFI - Submission of Statutory Auditors Certificate - Clarification",,https://www.rbi.org.in/Scripts/NotificationUser.aspx?Id=3128&Mode=0,https://www.rbi.org.in/Scripts/NotificationUser.aspx,2026-05-30T08:46:45.794018+00:00
2006-10-19,"The Securitisation Companies and Reconstruction Companies (Reserve Bank) (Amendment) Guidelines and Directions, 2006",,https://www.rbi.org.in/Scripts/NotificationUser.aspx?Id=3127&Mode=0,https://www.rbi.org.in/Scripts/NotificationUser.aspx,2026-05-30T08:46:45.794018+00:00
2006-10-18,"Package of relief measures for the debt stressed farmers of 25 districts in the states of Andhra Pradesh, Karnataka & Kerala",,https://www.rbi.org.in/Scripts/NotificationUser.aspx?Id=3144&Mode=0,https://www.rbi.org.in/Scripts/NotificationUser.aspx,2026-05-30T08:46:45.794018+00:00
2006-10-17,Prime Minister's 15 Point Programme for the Welfare of Minorities -UCBs,,https://www.rbi.org.in/Scripts/NotificationUser.aspx?Id=3126&Mode=0,https://www.rbi.org.in/Scripts/NotificationUser.aspx,2026-05-30T08:46:45.794018+00:00
2006-10-11,Interest Rate Ceiling on Rupee Export Credit,,https://www.rbi.org.in/Scripts/NotificationUser.aspx?Id=3120&Mode=0,https://www.rbi.org.in/Scripts/NotificationUser.aspx,2026-05-30T08:46:45.794018+00:00
2006-10-09,Tender for Non - Competitive Bids,,https://www.rbi.org.in/Scripts/NotificationUser.aspx?Id=3117&Mode=0,https://www.rbi.org.in/Scripts/NotificationUser.aspx,2026-05-30T08:46:45.794018+00:00
2006-10-09,Tender for Competitive Bids,,https://www.rbi.org.in/Scripts/NotificationUser.aspx?Id=3116&Mode=0,https://www.rbi.org.in/Scripts/NotificationUser.aspx,2026-05-30T08:46:45.794018+00:00
2006-10-09,GOI Notification,,https://www.rbi.org.in/Scripts/NotificationUser.aspx?Id=3115&Mode=0,https://www.rbi.org.in/Scripts/NotificationUser.aspx,2026-05-30T08:46:45.794018+00:00
2006-10-09,Tender for Non - Competitive Bids,,https://www.rbi.org.in/Scripts/NotificationUser.aspx?Id=3114&Mode=0,https://www.rbi.org.in/Scripts/NotificationUser.aspx,2026-05-30T08:46:45.794018+00:00
2006-10-09,Tender for Competitive Bids,,https://www.rbi.org.in/Scripts/NotificationUser.aspx?Id=3113&Mode=0,https://www.rbi.org.in/Scripts/NotificationUser.aspx,2026-05-30T08:46:45.794018+00:00
2006-10-09,GOI Notification,,https://www.rbi.org.in/Scripts/NotificationUser.aspx?Id=3112&Mode=0,https://www.rbi.org.in/Scripts/NotificationUser.aspx,2026-05-30T08:46:45.794018+00:00
2006-10-09,Text of Advertisement,,https://www.rbi.org.in/Scripts/NotificationUser.aspx?Id=3111&Mode=0,https://www.rbi.org.in/Scripts/NotificationUser.aspx,2026-05-30T08:46:45.794018+00:00
2006-10-09,RBI Notification,,https://www.rbi.org.in/Scripts/NotificationUser.aspx?Id=3110&Mode=0,https://www.rbi.org.in/Scripts/NotificationUser.aspx,2026-05-30T08:46:45.794018+00:00
2006-10-06,Exim Bank's Line of Credit of USD 30.97 million to the Government of Burkina Faso,,https://www.rbi.org.in/Scripts/NotificationUser.aspx?Id=3108&Mode=0,https://www.rbi.org.in/Scripts/NotificationUser.aspx,2026-05-30T08:46:45.794018+00:00
2006-10-05,Operational guidelines for banks undertaking/proposing to undertake Primary Dealer Business,,https://www.rbi.org.in/Scripts/NotificationUser.aspx?Id=3107&Mode=0,https://www.rbi.org.in/Scripts/NotificationUser.aspx,2026-05-30T08:46:45.794018+00:00
2024-01-31,Guidelines on import of gold by Tariff Rate Quota (TRQ) holders under the India-UAE CEPA as notified by–The International Financial Services Centres Authority (IFSCA),,https://www.rbi.org.in/Scripts/NotificationUser.aspx?Id=12604&Mode=0,https://www.rbi.org.in/Scripts/NotificationUser.aspx,2026-05-30T08:46:47.035159+00:00
2024-01-31,Streamlining of Internal Compliance monitoring function – leveraging use of technology,,https://www.rbi.org.in/Scripts/NotificationUser.aspx?Id=12603&Mode=0,https://www.rbi.org.in/Scripts/NotificationUser.aspx,2026-05-30T08:46:47.035159+00:00
2024-01-19,Formation of new districts in the State of Madhya Pradesh – Assignment of Lead Bank Responsibility,,https://www.rbi.org.in/Scripts/NotificationUser.aspx?Id=12602&Mode=0,https://www.rbi.org.in/Scripts/NotificationUser.aspx,2026-05-30T08:46:47.035159+00:00
2024-01-15,Guidelines on Appointment / Re-appointment of Statutory Auditors of State Co-operative Banks and Central Co-operative Banks,,https://www.rbi.org.in/Scripts/NotificationUser.aspx?Id=12599&Mode=0,https://www.rbi.org.in/Scripts/NotificationUser.aspx,2026-05-30T08:46:47.035159+00:00
2024-01-11,"Implementation of Section 51A of UAPA,1967: Updates to UNSC’s 1267/ 1989 ISIL (Da'esh) & Al-Qaida Sanctions List: Amendments in 14 Entries",,https://www.rbi.org.in/Scripts/NotificationUser.aspx?Id=12597&Mode=0,https://www.rbi.org.in/Scripts/NotificationUser.aspx,2026-05-30T08:46:47.035159+00:00
2024-01-06,"Implementation of Section 51A of UAPA, 1967 Updates to UNSC’s 1267 / 1989 ISIL (Da'esh) & Al-Qaida Sanctions List Amendments in 07 Entries",,https://www.rbi.org.in/Scripts/NotificationUser.aspx?Id=12596&Mode=0,https://www.rbi.org.in/Scripts/NotificationUser.aspx,2026-05-30T08:46:47.035159+00:00
2024-01-06,"Implementation of Section 12A of the Weapons of Mass Destruction and their Delivery Systems (Prohibition of Unlawful Activities) Act, 2005: Designated List (Amendments)",,https://www.rbi.org.in/Scripts/NotificationUser.aspx?Id=12595&Mode=0,https://www.rbi.org.in/Scripts/NotificationUser.aspx,2026-05-30T08:46:47.035159+00:00
2024-01-05,Risk Management and Inter-Bank Dealings – Hedging of foreign exchange risk,,https://www.rbi.org.in/Scripts/NotificationUser.aspx?Id=12594&Mode=0,https://www.rbi.org.in/Scripts/NotificationUser.aspx,2026-05-30T08:46:47.035159+00:00
2024-01-03,"Master Direction – Reserve Bank of India (Commercial Paper and Non-Convertible Debentures of original or initial maturity upto one year) Directions, 2024",,https://www.rbi.org.in/Scripts/NotificationUser.aspx?Id=12592&Mode=0,https://www.rbi.org.in/Scripts/NotificationUser.aspx,2026-05-30T08:46:47.035159+00:00
2024-01-02,"Designation of 2 individuals as ‘Terrorists’ under Section 35 (1) (a) of the Unlawful Activities (Prevention) Act (UAPA), 1967 and their listing in the Schedule IV of the Act- Reg",,https://www.rbi.org.in/Scripts/NotificationUser.aspx?Id=12591&Mode=0,https://www.rbi.org.in/Scripts/NotificationUser.aspx,2026-05-30T08:46:47.035159+00:00
2006-09-28,Guidelines on Fair Practices Code for Non-Banking Financial Companies,,https://www.rbi.org.in/Scripts/NotificationUser.aspx?Id=3105&Mode=0,https://www.rbi.org.in/Scripts/NotificationUser.aspx,2026-05-30T08:46:48.807100+00:00
2006-09-25,Exim Bank's Line of Credit of USD 10 million to the Government of Mauritius,,https://www.rbi.org.in/Scripts/NotificationUser.aspx?Id=3102&Mode=0,https://www.rbi.org.in/Scripts/NotificationUser.aspx,2026-05-30T08:46:48.807100+00:00
2006-09-25,Exim Bank's Line of Credit of USD 17 million to the Government of Niger,,https://www.rbi.org.in/Scripts/NotificationUser.aspx?Id=3101&Mode=0,https://www.rbi.org.in/Scripts/NotificationUser.aspx,2026-05-30T08:46:48.807100+00:00
2006-09-20,Appropriation from Reserve Fund,,https://www.rbi.org.in/Scripts/NotificationUser.aspx?Id=3098&Mode=0,https://www.rbi.org.in/Scripts/NotificationUser.aspx,2026-05-30T08:46:48.807100+00:00
2006-09-20,"The Securitisation Companies and Reconstruction Companies (Reserve Bank) Guidelines and Directions, 2003",,https://www.rbi.org.in/Scripts/NotificationUser.aspx?Id=3096&Mode=0,https://www.rbi.org.in/Scripts/NotificationUser.aspx,2026-05-30T08:46:48.807100+00:00
2006-09-18,"Alteration in the name of the bank in the Second Schedule to the Reserve Bank of India Act, 1934 - "" Chohung Bank to Shinhan Bank""",,https://www.rbi.org.in/Scripts/NotificationUser.aspx?Id=3093&Mode=0,https://www.rbi.org.in/Scripts/NotificationUser.aspx,2026-05-30T08:46:48.807100+00:00
2006-09-14,Delegation of adequate powers to the Bank Managers for sanctioning loans without referring to higher authorities and following of the procedure for calculating interest on loans excluding subsidy amount under SGSY Scheme,,https://www.rbi.org.in/Scripts/NotificationUser.aspx?Id=3092&Mode=0,https://www.rbi.org.in/Scripts/NotificationUser.aspx,2026-05-30T08:46:48.807100+00:00
2006-09-06,Overseas Direct Investment by Regulated Entities in the Financial Sector,,https://www.rbi.org.in/Scripts/NotificationUser.aspx?Id=3091&Mode=0,https://www.rbi.org.in/Scripts/NotificationUser.aspx,2026-05-30T08:46:48.807100+00:00
2006-09-04,Guidelines on Relief Measures to be extended by Banks in Areas Affected by Natural Calamities,,https://www.rbi.org.in/Scripts/NotificationUser.aspx?Id=3089&Mode=0,https://www.rbi.org.in/Scripts/NotificationUser.aspx,2026-05-30T08:46:48.807100+00:00
2006-09-01,Tender for Non - Competitive Bids,,https://www.rbi.org.in/Scripts/NotificationUser.aspx?Id=3088&Mode=0,https://www.rbi.org.in/Scripts/NotificationUser.aspx,2026-05-30T08:46:48.807100+00:00
2006-09-01,Tender for Competitive Bids,,https://www.rbi.org.in/Scripts/NotificationUser.aspx?Id=3087&Mode=0,https://www.rbi.org.in/Scripts/NotificationUser.aspx,2026-05-30T08:46:48.807100+00:00
2006-09-01,GOI Notification,,https://www.rbi.org.in/Scripts/NotificationUser.aspx?Id=3086&Mode=0,https://www.rbi.org.in/Scripts/NotificationUser.aspx,2026-05-30T08:46:48.807100+00:00
2006-09-01,Tender for Non - Competitive Bids,,https://www.rbi.org.in/Scripts/NotificationUser.aspx?Id=3085&Mode=0,https://www.rbi.org.in/Scripts/NotificationUser.aspx,2026-05-30T08:46:48.807100+00:00
2006-09-01,Tender for Competitive Bids,,https://www.rbi.org.in/Scripts/NotificationUser.aspx?Id=3084&Mode=0,https://www.rbi.org.in/Scripts/NotificationUser.aspx,2026-05-30T08:46:48.807100+00:00
2006-09-01,GOI Notification,,https://www.rbi.org.in/Scripts/NotificationUser.aspx?Id=3083&Mode=0,https://www.rbi.org.in/Scripts/NotificationUser.aspx,2026-05-30T08:46:48.807100+00:00
2006-09-01,Text of Advertisement,,https://www.rbi.org.in/Scripts/NotificationUser.aspx?Id=3082&Mode=0,https://www.rbi.org.in/Scripts/NotificationUser.aspx,2026-05-30T08:46:48.807100+00:00
2006-09-01,RBI Notification,,https://www.rbi.org.in/Scripts/NotificationUser.aspx?Id=3081&Mode=0,https://www.rbi.org.in/Scripts/NotificationUser.aspx,2026-05-30T08:46:48.807100+00:00
2006-09-01,Prime Minister's 15 Point Programme for the Welfare of Minorities-,,https://www.rbi.org.in/Scripts/NotificationUser.aspx?Id=3079&Mode=0,https://www.rbi.org.in/Scripts/NotificationUser.aspx,2026-05-30T08:46:48.807100+00:00
2006-08-31,Detection and Impounding of Counterfeit Banknotes- Updated Master Circular (2006),,https://www.rbi.org.in/Scripts/NotificationUser.aspx?Id=3078&Mode=0,https://www.rbi.org.in/Scripts/NotificationUser.aspx,2026-05-30T08:46:51.523740+00:00
2006-08-24,Bank Credit to Khadi and Village Industries (KVI) Sector,,https://www.rbi.org.in/Scripts/NotificationUser.aspx?Id=3077&Mode=0,https://www.rbi.org.in/Scripts/NotificationUser.aspx,2026-05-30T08:46:51.523740+00:00
2006-08-24,Payment of half-yearly interest / principal of Relief / Savings Bonds to investors at a place of their choice,,https://www.rbi.org.in/Scripts/NotificationUser.aspx?Id=3075&Mode=0,https://www.rbi.org.in/Scripts/NotificationUser.aspx,2026-05-30T08:46:51.523740+00:00
2006-08-23,Prudential Guidelines - Bank’s Investment in Venture Capital Funds (VCFs ),,https://www.rbi.org.in/Scripts/NotificationUser.aspx?Id=3073&Mode=0,https://www.rbi.org.in/Scripts/NotificationUser.aspx,2026-05-30T08:46:51.523740+00:00
2006-08-21,"Foreign Exchange Management (Transfer or Issue of any Foreign Security) (Amendment) Regulations, 2006",,https://www.rbi.org.in/Scripts/NotificationUser.aspx?Id=3463&Mode=0,https://www.rbi.org.in/Scripts/NotificationUser.aspx,2026-05-30T08:46:51.523740+00:00
2006-08-18,When Issued transactions in Central Government Securities – accounting and related aspects - UCBs,,https://www.rbi.org.in/Scripts/NotificationUser.aspx?Id=3068&Mode=0,https://www.rbi.org.in/Scripts/NotificationUser.aspx,2026-05-30T08:46:51.523740+00:00
2006-08-16,UCBs - Penal Interest for Non-maintenance of CRR,,https://www.rbi.org.in/Scripts/NotificationUser.aspx?Id=3071&Mode=0,https://www.rbi.org.in/Scripts/NotificationUser.aspx,2026-05-30T08:46:51.523740+00:00
2006-08-16,NRIs/PIOs to use banking channels for purchase of immovable property,,https://www.rbi.org.in/Scripts/NotificationUser.aspx?Id=3067&Mode=0,https://www.rbi.org.in/Scripts/NotificationUser.aspx,2026-05-30T08:46:51.523740+00:00
2006-08-11,Tender for Non - Competitive Bids,,https://www.rbi.org.in/Scripts/NotificationUser.aspx?Id=3066&Mode=0,https://www.rbi.org.in/Scripts/NotificationUser.aspx,2026-05-30T08:46:51.523740+00:00
2006-08-11,Tender for Competitive Bids,,https://www.rbi.org.in/Scripts/NotificationUser.aspx?Id=3065&Mode=0,https://www.rbi.org.in/Scripts/NotificationUser.aspx,2026-05-30T08:46:51.523740+00:00
2006-08-11,GOI Notification,,https://www.rbi.org.in/Scripts/NotificationUser.aspx?Id=3064&Mode=0,https://www.rbi.org.in/Scripts/NotificationUser.aspx,2026-05-30T08:46:51.523740+00:00
2006-08-11,Tender for Non - Competitive Bids,,https://www.rbi.org.in/Scripts/NotificationUser.aspx?Id=3063&Mode=0,https://www.rbi.org.in/Scripts/NotificationUser.aspx,2026-05-30T08:46:51.523740+00:00
2006-08-11,Tender for Competitive Bids,,https://www.rbi.org.in/Scripts/NotificationUser.aspx?Id=3062&Mode=0,https://www.rbi.org.in/Scripts/NotificationUser.aspx,2026-05-30T08:46:51.523740+00:00
2006-08-11,GOI Notification,,https://www.rbi.org.in/Scripts/NotificationUser.aspx?Id=3061&Mode=0,https://www.rbi.org.in/Scripts/NotificationUser.aspx,2026-05-30T08:46:51.523740+00:00
2006-08-11,Text of Advertisement,,https://www.rbi.org.in/Scripts/NotificationUser.aspx?Id=3060&Mode=0,https://www.rbi.org.in/Scripts/NotificationUser.aspx,2026-05-30T08:46:51.523740+00:00
2006-08-11,RBI Notification,,https://www.rbi.org.in/Scripts/NotificationUser.aspx?Id=3059&Mode=0,https://www.rbi.org.in/Scripts/NotificationUser.aspx,2026-05-30T08:46:51.523740+00:00
2006-08-11,Penalties on Default in Maintenance of CRR,,https://www.rbi.org.in/Scripts/NotificationUser.aspx?Id=3058&Mode=0,https://www.rbi.org.in/Scripts/NotificationUser.aspx,2026-05-30T08:46:51.523740+00:00
2006-08-10,Penalties on default in maintenance of CRR,,https://www.rbi.org.in/Scripts/NotificationUser.aspx?Id=3057&Mode=0,https://www.rbi.org.in/Scripts/NotificationUser.aspx,2026-05-30T08:46:51.523740+00:00
2006-08-09,Guidelines on Relief Measures to be extended by Banks in Areas Affected by Natural Calamities,,https://www.rbi.org.in/Scripts/NotificationUser.aspx?Id=3056&Mode=0,https://www.rbi.org.in/Scripts/NotificationUser.aspx,2026-05-30T08:46:51.523740+00:00
2006-08-09,Guidelines for banks undertaking PD business,,https://www.rbi.org.in/Scripts/NotificationUser.aspx?Id=3055&Mode=0,https://www.rbi.org.in/Scripts/NotificationUser.aspx,2026-05-30T08:46:51.523740+00:00
2006-08-07,Providing Clearing and Settlement services for internet based electronic purse schemes,,https://www.rbi.org.in/Scripts/NotificationUser.aspx?Id=3051&Mode=0,https://www.rbi.org.in/Scripts/NotificationUser.aspx,2026-05-30T08:46:51.523740+00:00
2006-08-07,Providing Clearing and Settlement services for internet based electronic purse schemes,,https://www.rbi.org.in/Scripts/NotificationUser.aspx?Id=3050&Mode=0,https://www.rbi.org.in/Scripts/NotificationUser.aspx,2026-05-30T08:46:51.523740+00:00
2006-08-03,Formation of new district in Punjab – Assignment of Lead Bank responsibility,,https://www.rbi.org.in/Scripts/NotificationUser.aspx?Id=3048&Mode=0,https://www.rbi.org.in/Scripts/NotificationUser.aspx,2026-05-30T08:46:51.523740+00:00
2006-08-02,"Senior Citizens Savings Scheme, 2004 - Transfer Fee",,https://www.rbi.org.in/Scripts/NotificationUser.aspx?Id=3052&Mode=0,https://www.rbi.org.in/Scripts/NotificationUser.aspx,2026-05-30T08:46:51.523740+00:00
2006-08-02,Master Circular on Capital Adequacy Standards and Risk Management Guidelines for standalone Primary Dealers,,https://www.rbi.org.in/Scripts/NotificationUser.aspx?Id=3046&Mode=0,https://www.rbi.org.in/Scripts/NotificationUser.aspx,2026-05-30T08:46:51.523740+00:00
2023-12-29,"Master Direction - Reserve Bank of India (Internal Ombudsman for Regulated Entities) Directions, 2023",,https://www.rbi.org.in/Scripts/NotificationUser.aspx?Id=12586&Mode=0,https://www.rbi.org.in/Scripts/NotificationUser.aspx,2026-05-30T08:46:52.436490+00:00
2023-12-29,Payments Infrastructure Development Fund – Extension of Scheme and Enhancements,,https://www.rbi.org.in/Scripts/NotificationUser.aspx?Id=12584&Mode=0,https://www.rbi.org.in/Scripts/NotificationUser.aspx,2026-05-30T08:46:52.436490+00:00
2023-12-28,Framework for Dealing with Domestic Systemically Important Banks (D-SIBs),,https://www.rbi.org.in/Scripts/NotificationUser.aspx?Id=12590&Mode=0,https://www.rbi.org.in/Scripts/NotificationUser.aspx,2026-05-30T08:46:52.436490+00:00
2023-12-28,Classification of MSMEs,,https://www.rbi.org.in/Scripts/NotificationUser.aspx?Id=12583&Mode=0,https://www.rbi.org.in/Scripts/NotificationUser.aspx,2026-05-30T08:46:52.436490+00:00
2023-12-28,"Reserve Bank of India (Financial Benchmark Administrators) Directions, 2023",,https://www.rbi.org.in/Scripts/NotificationUser.aspx?Id=12581&Mode=0,https://www.rbi.org.in/Scripts/NotificationUser.aspx,2026-05-30T08:46:52.436490+00:00
2023-12-27,"Reserve Bank of India (Government Securities Lending) Directions, 2023",,https://www.rbi.org.in/Scripts/NotificationUser.aspx?Id=12580&Mode=0,https://www.rbi.org.in/Scripts/NotificationUser.aspx,2026-05-30T08:46:52.436490+00:00
2023-12-22,"Foreign Exchange Management (Manner of Receipt and Payment) Regulations, 2023 (Amended up to February 12, 2025)",,https://www.rbi.org.in/Scripts/NotificationUser.aspx?Id=12579&Mode=0,https://www.rbi.org.in/Scripts/NotificationUser.aspx,2026-05-30T08:46:52.436490+00:00
2023-12-22,Trade Credit for imports into India – Submission of return on issuance of bank guarantees for Trade Credits on the Centralised Information Management System (CIMS),,https://www.rbi.org.in/Scripts/NotificationUser.aspx?Id=12578&Mode=0,https://www.rbi.org.in/Scripts/NotificationUser.aspx,2026-05-30T08:46:52.436490+00:00
2023-12-22,Rupee Drawing Arrangement - Submission of statement/return on CIMS Portal,,https://www.rbi.org.in/Scripts/NotificationUser.aspx?Id=12577&Mode=0,https://www.rbi.org.in/Scripts/NotificationUser.aspx,2026-05-30T08:46:52.436490+00:00
2023-12-22,CIMS Project implementation - Discontinuation of submission in legacy XBRL,,https://www.rbi.org.in/Scripts/NotificationUser.aspx?Id=12576&Mode=0,https://www.rbi.org.in/Scripts/NotificationUser.aspx,2026-05-30T08:46:52.436490+00:00
2023-12-22,Liberalised Remittance Scheme (LRS) for Resident Individuals- Reporting of monthly return and daily transactions,,https://www.rbi.org.in/Scripts/NotificationUser.aspx?Id=12575&Mode=0,https://www.rbi.org.in/Scripts/NotificationUser.aspx,2026-05-30T08:46:52.436490+00:00
2023-12-22,Reverse Repo transactions - Reporting in Form ‘A’ Return,,https://www.rbi.org.in/Scripts/NotificationUser.aspx?Id=12574&Mode=0,https://www.rbi.org.in/Scripts/NotificationUser.aspx,2026-05-30T08:46:52.436490+00:00
2023-12-20,Card-on-File Tokenisation (CoFT) – Enabling Tokenisation through Card Issuing Banks,,https://www.rbi.org.in/Scripts/NotificationUser.aspx?Id=12573&Mode=0,https://www.rbi.org.in/Scripts/NotificationUser.aspx,2026-05-30T08:46:52.436490+00:00
2023-12-18,Formation of new district Mauganj in the State of Madhya Pradesh – Assignment of Lead Bank Responsibility,,https://www.rbi.org.in/Scripts/NotificationUser.aspx?Id=12571&Mode=0,https://www.rbi.org.in/Scripts/NotificationUser.aspx,2026-05-30T08:46:52.436490+00:00
2023-12-12,Processing of e-mandates for recurring transactions,,https://www.rbi.org.in/Scripts/NotificationUser.aspx?Id=12570&Mode=0,https://www.rbi.org.in/Scripts/NotificationUser.aspx,2026-05-30T08:46:52.436490+00:00
2023-12-11,Sovereign Gold Bond (SGB) Scheme 2023-24,Sovereign,https://www.rbi.org.in/Scripts/NotificationUser.aspx?Id=12569&Mode=0,https://www.rbi.org.in/Scripts/NotificationUser.aspx,2026-05-30T08:46:52.436490+00:00
2006-07-31,Tender for Non - Competitive Bids,,https://www.rbi.org.in/Scripts/NotificationUser.aspx?Id=3044&Mode=0,https://www.rbi.org.in/Scripts/NotificationUser.aspx,2026-05-30T08:46:54.321041+00:00
2006-07-31,Tender for Competitive Bids,,https://www.rbi.org.in/Scripts/NotificationUser.aspx?Id=3043&Mode=0,https://www.rbi.org.in/Scripts/NotificationUser.aspx,2026-05-30T08:46:54.321041+00:00
2006-07-31,GOI Notification,,https://www.rbi.org.in/Scripts/NotificationUser.aspx?Id=3042&Mode=0,https://www.rbi.org.in/Scripts/NotificationUser.aspx,2026-05-30T08:46:54.321041+00:00
2006-07-31,Tender for Non - Competitive Bids,,https://www.rbi.org.in/Scripts/NotificationUser.aspx?Id=3041&Mode=0,https://www.rbi.org.in/Scripts/NotificationUser.aspx,2026-05-30T08:46:54.321041+00:00
2006-07-31,Tender for Competitive Bids,,https://www.rbi.org.in/Scripts/NotificationUser.aspx?Id=3040&Mode=0,https://www.rbi.org.in/Scripts/NotificationUser.aspx,2026-05-30T08:46:54.321041+00:00
2006-07-31,GOI Notification,,https://www.rbi.org.in/Scripts/NotificationUser.aspx?Id=3039&Mode=0,https://www.rbi.org.in/Scripts/NotificationUser.aspx,2026-05-30T08:46:54.321041+00:00
2006-07-31,Text of Advertisement,,https://www.rbi.org.in/Scripts/NotificationUser.aspx?Id=3038&Mode=0,https://www.rbi.org.in/Scripts/NotificationUser.aspx,2026-05-30T08:46:54.321041+00:00
2006-07-31,RBI Notification,,https://www.rbi.org.in/Scripts/NotificationUser.aspx?Id=3037&Mode=0,https://www.rbi.org.in/Scripts/NotificationUser.aspx,2026-05-30T08:46:54.321041+00:00
2006-07-28,Master Circular - Facility for Exchange of Notes and Coins,,https://www.rbi.org.in/Scripts/NotificationUser.aspx?Id=3036&Mode=0,https://www.rbi.org.in/Scripts/NotificationUser.aspx,2026-05-30T08:46:54.321041+00:00
2006-07-28,Maintenance of collateral by Foreign Institutional Investors (FIIs) for transactions in derivative segment,,https://www.rbi.org.in/Scripts/NotificationUser.aspx?Id=3033&Mode=0,https://www.rbi.org.in/Scripts/NotificationUser.aspx,2026-05-30T08:46:54.321041+00:00
2006-07-27,Frauds – Classification and Reporting,,https://www.rbi.org.in/Scripts/NotificationUser.aspx?Id=3035&Mode=0,https://www.rbi.org.in/Scripts/NotificationUser.aspx,2026-05-30T08:46:54.321041+00:00
2006-07-27,Master Circular on Appointment & delisting of Brokers for Relief / Savings Bonds,,https://www.rbi.org.in/Scripts/NotificationUser.aspx?Id=3034&Mode=0,https://www.rbi.org.in/Scripts/NotificationUser.aspx,2026-05-30T08:46:54.321041+00:00
2006-07-27,Master Circular on Rates of Brokerage etc. for Relief / Savings Bonds,,https://www.rbi.org.in/Scripts/NotificationUser.aspx?Id=3030&Mode=0,https://www.rbi.org.in/Scripts/NotificationUser.aspx,2026-05-30T08:46:54.321041+00:00
2006-07-27,Master Circular on Nomination facility in Relief / Savings Bonds,,https://www.rbi.org.in/Scripts/NotificationUser.aspx?Id=3029&Mode=0,https://www.rbi.org.in/Scripts/NotificationUser.aspx,2026-05-30T08:46:54.321041+00:00
2006-07-26,Investment by Mutual Funds in Overseas Securities - Liberalisation of,,https://www.rbi.org.in/Scripts/NotificationUser.aspx?Id=3028&Mode=0,https://www.rbi.org.in/Scripts/NotificationUser.aspx,2026-05-30T08:46:54.321041+00:00
2006-07-26,Providing Clearing and Settlement services for internet based electronic purse schemes-UCBs,,https://www.rbi.org.in/Scripts/NotificationUser.aspx?Id=3027&Mode=0,https://www.rbi.org.in/Scripts/NotificationUser.aspx,2026-05-30T08:46:54.321041+00:00
2006-07-25,Frauds – Classification and Reporting,,https://www.rbi.org.in/Scripts/NotificationUser.aspx?Id=3026&Mode=0,https://www.rbi.org.in/Scripts/NotificationUser.aspx,2026-05-30T08:46:54.321041+00:00
2006-07-25,Standing Liquidity Facilities for Banks and Primary Dealers,,https://www.rbi.org.in/Scripts/NotificationUser.aspx?Id=3025&Mode=0,https://www.rbi.org.in/Scripts/NotificationUser.aspx,2026-05-30T08:46:54.321041+00:00
2006-07-25,Liquidity Adjustment Facility – Repo and Reverse Repo Rates,,https://www.rbi.org.in/Scripts/NotificationUser.aspx?Id=3024&Mode=0,https://www.rbi.org.in/Scripts/NotificationUser.aspx,2026-05-30T08:46:54.321041+00:00
2006-07-25,First Quarter Review of Annual Monetary Policy for the Year 2006-07,,https://www.rbi.org.in/Scripts/NotificationUser.aspx?Id=3023&Mode=0,https://www.rbi.org.in/Scripts/NotificationUser.aspx,2026-05-30T08:46:54.321041+00:00
2006-07-21,Scheme for Non-competitive Bidding Facility,,https://www.rbi.org.in/Scripts/NotificationUser.aspx?Id=3020&Mode=0,https://www.rbi.org.in/Scripts/NotificationUser.aspx,2026-05-30T08:46:54.321041+00:00
2006-07-21,Tender for Non-competitive Bids,,https://www.rbi.org.in/Scripts/NotificationUser.aspx?Id=3019&Mode=0,https://www.rbi.org.in/Scripts/NotificationUser.aspx,2026-05-30T08:46:54.321041+00:00
2006-07-21,Tender for Competitive Bids,,https://www.rbi.org.in/Scripts/NotificationUser.aspx?Id=3018&Mode=0,https://www.rbi.org.in/Scripts/NotificationUser.aspx,2026-05-30T08:46:54.321041+00:00
2006-07-21,GOI Notification,,https://www.rbi.org.in/Scripts/NotificationUser.aspx?Id=3017&Mode=0,https://www.rbi.org.in/Scripts/NotificationUser.aspx,2026-05-30T08:46:54.321041+00:00
2006-07-21,Text of Advertisement,,https://www.rbi.org.in/Scripts/NotificationUser.aspx?Id=3016&Mode=0,https://www.rbi.org.in/Scripts/NotificationUser.aspx,2026-05-30T08:46:54.321041+00:00
2006-07-21,Auction of Government of India Dated Securities,,https://www.rbi.org.in/Scripts/NotificationUser.aspx?Id=3015&Mode=0,https://www.rbi.org.in/Scripts/NotificationUser.aspx,2026-05-30T08:46:54.321041+00:00
2006-07-20,Annual Policy Statement for the year 2006-07-Fair Practices Code- Display of Bank Charges,,https://www.rbi.org.in/Scripts/NotificationUser.aspx?Id=3013&Mode=0,https://www.rbi.org.in/Scripts/NotificationUser.aspx,2026-05-30T08:46:54.321041+00:00
2006-07-19,Master Circular – Collection of Direct Taxes - OLTAS,,https://www.rbi.org.in/Scripts/NotificationUser.aspx?Id=3047&Mode=0,https://www.rbi.org.in/Scripts/NotificationUser.aspx,2026-05-30T08:46:54.321041+00:00
2006-07-19,Master Circular- Disbursement of Pension by Agency Banks,,https://www.rbi.org.in/Scripts/NotificationUser.aspx?Id=3032&Mode=0,https://www.rbi.org.in/Scripts/NotificationUser.aspx,2026-05-30T08:46:54.321041+00:00
2006-07-19,Master Circular on Conduct of Government Business by Agency Banks- Payment of Agency Commission,,https://www.rbi.org.in/Scripts/NotificationUser.aspx?Id=3031&Mode=0,https://www.rbi.org.in/Scripts/NotificationUser.aspx,2026-05-30T08:46:54.321041+00:00
2006-07-18,Master Circular – Operational Guidelines to Primary Dealers,,https://www.rbi.org.in/Scripts/NotificationUser.aspx?Id=3012&Mode=0,https://www.rbi.org.in/Scripts/NotificationUser.aspx,2026-05-30T08:46:54.321041+00:00
2006-07-17,Package of Relief Measures to the Vidarbha Region in Maharashtra,,https://www.rbi.org.in/Scripts/NotificationUser.aspx?Id=3010&Mode=0,https://www.rbi.org.in/Scripts/NotificationUser.aspx,2026-05-30T08:46:54.321041+00:00
2006-07-17,Issue of Encashment Certificate (EC),,https://www.rbi.org.in/Scripts/NotificationUser.aspx?Id=3009&Mode=0,https://www.rbi.org.in/Scripts/NotificationUser.aspx,2026-05-30T08:46:54.321041+00:00
2006-07-14,Providing Clearing and Settlement services for internet based electronic purse schemes,,https://www.rbi.org.in/Scripts/NotificationUser.aspx?Id=3008&Mode=0,https://www.rbi.org.in/Scripts/NotificationUser.aspx,2026-05-30T08:46:54.321041+00:00
2006-07-13,Master Circular on Call/Notice Money Market Operations,,https://www.rbi.org.in/Scripts/NotificationUser.aspx?Id=3006&Mode=0,https://www.rbi.org.in/Scripts/NotificationUser.aspx,2026-05-30T08:46:54.321041+00:00
2006-07-13,Master Circular on Guidelines for Issue of Certificates of Deposit,,https://www.rbi.org.in/Scripts/NotificationUser.aspx?Id=3004&Mode=0,https://www.rbi.org.in/Scripts/NotificationUser.aspx,2026-05-30T08:46:54.321041+00:00
2006-07-13,Guidelines for Issue of Commercial Paper,,https://www.rbi.org.in/Scripts/NotificationUser.aspx?Id=3003&Mode=0,https://www.rbi.org.in/Scripts/NotificationUser.aspx,2026-05-30T08:46:54.321041+00:00
2006-07-12,Master Circular on Export Credit Refinance Facility,,https://www.rbi.org.in/Scripts/NotificationUser.aspx?Id=3007&Mode=0,https://www.rbi.org.in/Scripts/NotificationUser.aspx,2026-05-30T08:46:54.321041+00:00
2006-07-12,Master Circular-Levy of Penal Interest for Delayed Reporting / Wrong Reporting / Non-Reporting of Currency Chest Transactions and Cases involving Shortages/Inclusion of Counterfeit Banknotes in Chest Balances,,https://www.rbi.org.in/Scripts/NotificationUser.aspx?Id=3005&Mode=0,https://www.rbi.org.in/Scripts/NotificationUser.aspx,2026-05-30T08:46:54.321041+00:00
2006-07-12,Draft revised guidelines on classification and valuation of investments,,https://www.rbi.org.in/Scripts/NotificationUser.aspx?Id=2999&Mode=0,https://www.rbi.org.in/Scripts/NotificationUser.aspx,2026-05-30T08:46:54.321041+00:00
2006-07-10,Master Circular - Guidelines for Relief Measures by Banks in areas affected by Natural Calamities,,https://www.rbi.org.in/Scripts/NotificationUser.aspx?Id=2992&Mode=0,https://www.rbi.org.in/Scripts/NotificationUser.aspx,2026-05-30T08:46:54.321041+00:00
2006-07-07,Priority Sector Lending- Special Programmes- Swarnajayanti Gram Swarozgar Yojana (SGSY),,https://www.rbi.org.in/Scripts/NotificationUser.aspx?Id=2994&Mode=0,https://www.rbi.org.in/Scripts/NotificationUser.aspx,2026-05-30T08:46:54.321041+00:00
2006-07-06,Tender for Non - Competitive Bids,,https://www.rbi.org.in/Scripts/NotificationUser.aspx?Id=2991&Mode=0,https://www.rbi.org.in/Scripts/NotificationUser.aspx,2026-05-30T08:46:54.321041+00:00
2006-07-06,Tender for Competitive Bids,,https://www.rbi.org.in/Scripts/NotificationUser.aspx?Id=2990&Mode=0,https://www.rbi.org.in/Scripts/NotificationUser.aspx,2026-05-30T08:46:54.321041+00:00
2006-07-06,GOI Notification,,https://www.rbi.org.in/Scripts/NotificationUser.aspx?Id=2989&Mode=0,https://www.rbi.org.in/Scripts/NotificationUser.aspx,2026-05-30T08:46:54.321041+00:00
2006-07-06,Tender for Non - Competitive Bids,,https://www.rbi.org.in/Scripts/NotificationUser.aspx?Id=2988&Mode=0,https://www.rbi.org.in/Scripts/NotificationUser.aspx,2026-05-30T08:46:54.321041+00:00
2006-07-06,Tender for Competitive Bids,,https://www.rbi.org.in/Scripts/NotificationUser.aspx?Id=2987&Mode=0,https://www.rbi.org.in/Scripts/NotificationUser.aspx,2026-05-30T08:46:54.321041+00:00
2006-07-06,GOI Notification,,https://www.rbi.org.in/Scripts/NotificationUser.aspx?Id=2986&Mode=0,https://www.rbi.org.in/Scripts/NotificationUser.aspx,2026-05-30T08:46:54.321041+00:00
2006-07-06,RBI Notification,,https://www.rbi.org.in/Scripts/NotificationUser.aspx?Id=2985&Mode=0,https://www.rbi.org.in/Scripts/NotificationUser.aspx,2026-05-30T08:46:54.321041+00:00
2006-07-06,"Deferred Payment Protocols dated April 30, 1981 and December 23, 1985 between Government of India and erstwhile USSR",,https://www.rbi.org.in/Scripts/NotificationUser.aspx?Id=2980&Mode=0,https://www.rbi.org.in/Scripts/NotificationUser.aspx,2026-05-30T08:46:54.321041+00:00
2006-07-05,Master Circular-Priority Sector Lending - Credit facilities to Minority Communities,,https://www.rbi.org.in/Scripts/NotificationUser.aspx?Id=2983&Mode=0,https://www.rbi.org.in/Scripts/NotificationUser.aspx,2026-05-30T08:46:54.321041+00:00
2006-07-05,Master Circular - Priority Sector Lending- Special Programmes Swarna Jayanti Shahari Rozgar Yojana (SJSRY),,https://www.rbi.org.in/Scripts/NotificationUser.aspx?Id=2982&Mode=0,https://www.rbi.org.in/Scripts/NotificationUser.aspx,2026-05-30T08:46:54.321041+00:00
2006-07-05,Master Circular - Priority Sector Lending-Credit facilities to Scheduled Castes (SCs) & Scheduled Tribes (STs),,https://www.rbi.org.in/Scripts/NotificationUser.aspx?Id=2981&Mode=0,https://www.rbi.org.in/Scripts/NotificationUser.aspx,2026-05-30T08:46:54.321041+00:00
2006-07-05,Diversification of activities by stand-alone Primary Dealers - Operational Guidelines,,https://www.rbi.org.in/Scripts/NotificationUser.aspx?Id=2979&Mode=0,https://www.rbi.org.in/Scripts/NotificationUser.aspx,2026-05-30T08:46:54.321041+00:00
2006-07-04,Electronic Clearing Service - Debit Clearing – Customer Mandates,,https://www.rbi.org.in/Scripts/NotificationUser.aspx?Id=2977&Mode=0,https://www.rbi.org.in/Scripts/NotificationUser.aspx,2026-05-30T08:46:54.321041+00:00
2006-07-03,Master Circular on Micro Credit,,https://www.rbi.org.in/Scripts/NotificationUser.aspx?Id=2978&Mode=0,https://www.rbi.org.in/Scripts/NotificationUser.aspx,2026-05-30T08:46:54.321041+00:00
2006-07-03,Master Circular - Lending to Priority Sector,,https://www.rbi.org.in/Scripts/NotificationUser.aspx?Id=2972&Mode=0,https://www.rbi.org.in/Scripts/NotificationUser.aspx,2026-05-30T08:46:54.321041+00:00
2006-07-01,Master Circular - Priority Sector Lending- Special Programmes Scheme for Liberation and Rehabilitation of Scavengers (SLRS),,https://www.rbi.org.in/Scripts/NotificationUser.aspx?Id=2970&Mode=0,https://www.rbi.org.in/Scripts/NotificationUser.aspx,2026-05-30T08:46:54.321041+00:00
2006-07-01,Master Circular - Lending to Small & Medium Enterprises Sector (SMEs),,https://www.rbi.org.in/Scripts/NotificationUser.aspx?Id=2969&Mode=0,https://www.rbi.org.in/Scripts/NotificationUser.aspx,2026-05-30T08:46:54.321041+00:00
2006-07-01,"Master Circular – “Miscellaneous Non-Banking Companies (Reserve Bank) Directions, 1977”",,https://www.rbi.org.in/Scripts/NotificationUser.aspx?Id=2966&Mode=0,https://www.rbi.org.in/Scripts/NotificationUser.aspx,2026-05-30T08:46:54.321041+00:00
2006-07-01,"Master Circular – “Non-Banking Financial Companies Prudential Norms (Reserve Bank) Directions, 1998”",,https://www.rbi.org.in/Scripts/NotificationUser.aspx?Id=2964&Mode=0,https://www.rbi.org.in/Scripts/NotificationUser.aspx,2026-05-30T08:46:54.321041+00:00
2006-07-01,Master Circular on External Commercial Borrowings and Trade Credits,,https://www.rbi.org.in/Scripts/NotificationUser.aspx?Id=2953&Mode=0,https://www.rbi.org.in/Scripts/NotificationUser.aspx,2026-05-30T08:46:54.321041+00:00
2006-07-01,Master Circular on Risk Management and Inter-Bank Dealings,,https://www.rbi.org.in/Scripts/NotificationUser.aspx?Id=2952&Mode=0,https://www.rbi.org.in/Scripts/NotificationUser.aspx,2026-05-30T08:46:54.321041+00:00
2006-07-01,Master Circular on Miscellaneous Remittances from India – Facilities for Residents,,https://www.rbi.org.in/Scripts/NotificationUser.aspx?Id=2951&Mode=0,https://www.rbi.org.in/Scripts/NotificationUser.aspx,2026-05-30T08:46:54.321041+00:00
2006-07-01,Master Circular on Remittance facilities for Non-Resident Indians/ Persons of Indian Origin/Foreign Nationals,,https://www.rbi.org.in/Scripts/NotificationUser.aspx?Id=2950&Mode=0,https://www.rbi.org.in/Scripts/NotificationUser.aspx,2026-05-30T08:46:54.321041+00:00
2006-07-01,Master Circular on Non-Resident Ordinary Rupee (NRO) Account,,https://www.rbi.org.in/Scripts/NotificationUser.aspx?Id=2949&Mode=0,https://www.rbi.org.in/Scripts/NotificationUser.aspx,2026-05-30T08:46:54.321041+00:00
2006-07-01,Master Circular on Foreign Investments in India,,https://www.rbi.org.in/Scripts/NotificationUser.aspx?Id=2948&Mode=0,https://www.rbi.org.in/Scripts/NotificationUser.aspx,2026-05-30T08:46:54.321041+00:00
2006-07-01,Master Circular on Direct Investment by Residents in Joint Venture (JV)/Wholly Owned Subsidiary (WOS) abroad,,https://www.rbi.org.in/Scripts/NotificationUser.aspx?Id=2947&Mode=0,https://www.rbi.org.in/Scripts/NotificationUser.aspx,2026-05-30T08:46:54.321041+00:00
2006-07-01,"Master Circular on Export Credit - Customer Service, Simplification of Procedures for delivery and reporting requirements",,https://www.rbi.org.in/Scripts/NotificationUser.aspx?Id=2937&Mode=0,https://www.rbi.org.in/Scripts/NotificationUser.aspx,2026-05-30T08:46:54.321041+00:00
2006-07-01,Master Circular - Disclosure Norms for Financial Institutions,,https://www.rbi.org.in/Scripts/NotificationUser.aspx?Id=2932&Mode=0,https://www.rbi.org.in/Scripts/NotificationUser.aspx,2026-05-30T08:46:54.321041+00:00
2006-07-01,Master Circular- Resource Raising Norms for Financial Institutions,,https://www.rbi.org.in/Scripts/NotificationUser.aspx?Id=2931&Mode=0,https://www.rbi.org.in/Scripts/NotificationUser.aspx,2026-05-30T08:46:54.321041+00:00
2006-07-01,Master Circular on Prime Minister’s Rozgar Yojana (PMRY),,https://www.rbi.org.in/Scripts/NotificationUser.aspx?Id=2930&Mode=0,https://www.rbi.org.in/Scripts/NotificationUser.aspx,2026-05-30T08:46:54.321041+00:00
2023-11-17,International Trade Settlement in Indian Rupees (INR) – Opening of additional Current Account for exports proceeds,,https://www.rbi.org.in/Scripts/NotificationUser.aspx?Id=12568&Mode=0,https://www.rbi.org.in/Scripts/NotificationUser.aspx,2026-05-30T08:46:54.957030+00:00
2023-11-15,"Implementation of Section 51A of UAPA,1967: Updates to UNSC’s 1267/1989 ISIL (Da'esh) & Al-Qaida Sanctions List: Amendments in 05 Entries",,https://www.rbi.org.in/Scripts/NotificationUser.aspx?Id=12566&Mode=0,https://www.rbi.org.in/Scripts/NotificationUser.aspx,2026-05-30T08:46:54.957030+00:00
2023-11-10,Guidelines on import of silver by Qualified Jewellers as notified by – The International Financial Services Centres Authority (IFSCA),,https://www.rbi.org.in/Scripts/NotificationUser.aspx?Id=12565&Mode=0,https://www.rbi.org.in/Scripts/NotificationUser.aspx,2026-05-30T08:46:54.957030+00:00
2023-11-10,Formation of new districts in the State of Rajasthan – Assignment of Lead Bank Responsibility,,https://www.rbi.org.in/Scripts/NotificationUser.aspx?Id=12564&Mode=0,https://www.rbi.org.in/Scripts/NotificationUser.aspx,2026-05-30T08:46:54.957030+00:00
2023-11-08,‘Fully Accessible Route’ for Investment by Non-residents in Government Securities – Inclusion of Sovereign Green Bonds,Sovereign,https://www.rbi.org.in/Scripts/NotificationUser.aspx?Id=12563&Mode=0,https://www.rbi.org.in/Scripts/NotificationUser.aspx,2026-05-30T08:46:54.957030+00:00
2023-11-07,"Master Direction on Information Technology Governance, Risk, Controls and Assurance Practices",,https://www.rbi.org.in/Scripts/NotificationUser.aspx?Id=12562&Mode=0,https://www.rbi.org.in/Scripts/NotificationUser.aspx,2026-05-30T08:46:54.957030+00:00
2006-06-28,Discussion Paper on Derivative and Hedge Accounting by banks,,https://www.rbi.org.in/Scripts/NotificationUser.aspx?Id=2929&Mode=0,https://www.rbi.org.in/Scripts/NotificationUser.aspx,2026-05-30T08:46:56.854868+00:00
2006-06-27,Introduction of National Electronic Clearing Service (National ECS),,https://www.rbi.org.in/Scripts/NotificationUser.aspx?Id=2927&Mode=0,https://www.rbi.org.in/Scripts/NotificationUser.aspx,2026-05-30T08:46:56.854868+00:00
2006-06-26,Anti-Money Laundering Guidelines,,https://www.rbi.org.in/Scripts/NotificationUser.aspx?Id=2926&Mode=0,https://www.rbi.org.in/Scripts/NotificationUser.aspx,2026-05-30T08:46:56.854868+00:00
2006-06-22,UCBs - Maintenance of CRR on Exempted Categories,,https://www.rbi.org.in/Scripts/NotificationUser.aspx?Id=2925&Mode=0,https://www.rbi.org.in/Scripts/NotificationUser.aspx,2026-05-30T08:46:56.854868+00:00
2006-06-22,"UCBs - Section 42(1) of Reserve Bank of India Act, 1934 – Maintenance of CRR",,https://www.rbi.org.in/Scripts/NotificationUser.aspx?Id=2924&Mode=0,https://www.rbi.org.in/Scripts/NotificationUser.aspx,2026-05-30T08:46:56.854868+00:00
2006-06-22,"StcBs / RRBs - Section 42(1) of Reserve Bank of India Act, 1934 – Maintenance of CRR",,https://www.rbi.org.in/Scripts/NotificationUser.aspx?Id=2923&Mode=0,https://www.rbi.org.in/Scripts/NotificationUser.aspx,2026-05-30T08:46:56.854868+00:00
2006-06-22,StcBs / RRBs - Maintenance of CRR on Exempted Categories,,https://www.rbi.org.in/Scripts/NotificationUser.aspx?Id=2922&Mode=0,https://www.rbi.org.in/Scripts/NotificationUser.aspx,2026-05-30T08:46:56.854868+00:00
2006-06-22,Maintenance of CRR on Exempted Categories,,https://www.rbi.org.in/Scripts/NotificationUser.aspx?Id=2919&Mode=0,https://www.rbi.org.in/Scripts/NotificationUser.aspx,2026-05-30T08:46:56.854868+00:00
2006-06-16,Tender for Non - Competitive Bids,,https://www.rbi.org.in/Scripts/NotificationUser.aspx?Id=2915&Mode=0,https://www.rbi.org.in/Scripts/NotificationUser.aspx,2026-05-30T08:46:56.854868+00:00
2006-06-16,Tender for Competitive Bids,,https://www.rbi.org.in/Scripts/NotificationUser.aspx?Id=2914&Mode=0,https://www.rbi.org.in/Scripts/NotificationUser.aspx,2026-05-30T08:46:56.854868+00:00
2006-06-16,GOI Notification,,https://www.rbi.org.in/Scripts/NotificationUser.aspx?Id=2913&Mode=0,https://www.rbi.org.in/Scripts/NotificationUser.aspx,2026-05-30T08:46:56.854868+00:00
2006-06-16,Tender for Non - Competitive Bids,,https://www.rbi.org.in/Scripts/NotificationUser.aspx?Id=2912&Mode=0,https://www.rbi.org.in/Scripts/NotificationUser.aspx,2026-05-30T08:46:56.854868+00:00
2006-06-16,Tender for Competitive Bids,,https://www.rbi.org.in/Scripts/NotificationUser.aspx?Id=2911&Mode=0,https://www.rbi.org.in/Scripts/NotificationUser.aspx,2026-05-30T08:46:56.854868+00:00
2006-06-16,GOI Notification,,https://www.rbi.org.in/Scripts/NotificationUser.aspx?Id=2910&Mode=0,https://www.rbi.org.in/Scripts/NotificationUser.aspx,2026-05-30T08:46:56.854868+00:00
2006-06-16,Scheme for Non-competitive Bidding Facility,,https://www.rbi.org.in/Scripts/NotificationUser.aspx?Id=2909&Mode=0,https://www.rbi.org.in/Scripts/NotificationUser.aspx,2026-05-30T08:46:56.854868+00:00
2006-06-16,RBI Notification,,https://www.rbi.org.in/Scripts/NotificationUser.aspx?Id=2908&Mode=0,https://www.rbi.org.in/Scripts/NotificationUser.aspx,2026-05-30T08:46:56.854868+00:00
2006-06-15,PMRY– Cut-Off date for lapsing of sanction and completion of disbursement of loans for the programme year 2005-06 – Further extension regarding,,https://www.rbi.org.in/Scripts/NotificationUser.aspx?Id=2906&Mode=0,https://www.rbi.org.in/Scripts/NotificationUser.aspx,2026-05-30T08:46:56.854868+00:00
2006-06-15,Exim Bank's Line of Credit of USD 27.7 million to the Government of the Republic of Mali and Senegal (Mali- USD 20.62 mn. Senegal - USD 7.08 mn.),,https://www.rbi.org.in/Scripts/NotificationUser.aspx?Id=2903&Mode=0,https://www.rbi.org.in/Scripts/NotificationUser.aspx,2026-05-30T08:46:56.854868+00:00
2006-06-15,Exim Bank's Line of Credit of USD 27 million to the Government of Senegal,,https://www.rbi.org.in/Scripts/NotificationUser.aspx?Id=2902&Mode=0,https://www.rbi.org.in/Scripts/NotificationUser.aspx,2026-05-30T08:46:56.854868+00:00
2006-06-15,Exim Bank's Line of Credit of USD 6.70 million to the Government of Gambia,,https://www.rbi.org.in/Scripts/NotificationUser.aspx?Id=2901&Mode=0,https://www.rbi.org.in/Scripts/NotificationUser.aspx,2026-05-30T08:46:56.854868+00:00
2006-06-09,"Foreign Exchange Management (Transfer or Issue of Security by a Person Resident outside India) (Second Amendment) Regulations, 2006",,https://www.rbi.org.in/Scripts/NotificationUser.aspx?Id=3462&Mode=0,https://www.rbi.org.in/Scripts/NotificationUser.aspx,2026-05-30T08:46:56.854868+00:00
2006-06-09,Standing Liquidity Facilities for Banks and Primary Dealers,,https://www.rbi.org.in/Scripts/NotificationUser.aspx?Id=2899&Mode=0,https://www.rbi.org.in/Scripts/NotificationUser.aspx,2026-05-30T08:46:56.854868+00:00
2006-06-08,Liquidity Adjustment Facility - Repo and Reverse Repo Rates,,https://www.rbi.org.in/Scripts/NotificationUser.aspx?Id=2897&Mode=0,https://www.rbi.org.in/Scripts/NotificationUser.aspx,2026-05-30T08:46:56.854868+00:00
2006-06-07,Assignment Lead Bank responsibility for new district in Punjab,,https://www.rbi.org.in/Scripts/NotificationUser.aspx?Id=2896&Mode=0,https://www.rbi.org.in/Scripts/NotificationUser.aspx,2026-05-30T08:46:56.854868+00:00
2006-06-07,"Deferred Payment Protocols dated April 30, 1981 and December 23, 1985 between the Government of India and erstwhile USSR",,https://www.rbi.org.in/Scripts/NotificationUser.aspx?Id=2895&Mode=0,https://www.rbi.org.in/Scripts/NotificationUser.aspx,2026-05-30T08:46:56.854868+00:00
2006-06-06,PMRY - disbursement for purchase of milch animals - cut-off date extended,,https://www.rbi.org.in/Scripts/NotificationUser.aspx?Id=2894&Mode=0,https://www.rbi.org.in/Scripts/NotificationUser.aspx,2026-05-30T08:46:56.854868+00:00
2006-06-05,Union Budget – 2006-07 – Proposal for ensuring Short Term Credit to Farmers at the interest rate of 7% p.a.,,https://www.rbi.org.in/Scripts/NotificationUser.aspx?Id=2892&Mode=0,https://www.rbi.org.in/Scripts/NotificationUser.aspx,2026-05-30T08:46:56.854868+00:00
2006-06-02,Monthly Returns - NBFCs not accepting/holding Public Deposits,,https://www.rbi.org.in/Scripts/NotificationUser.aspx?Id=2891&Mode=0,https://www.rbi.org.in/Scripts/NotificationUser.aspx,2026-05-30T08:46:56.854868+00:00
2006-06-01,Tender for Non - Competitive Bids,,https://www.rbi.org.in/Scripts/NotificationUser.aspx?Id=2890&Mode=0,https://www.rbi.org.in/Scripts/NotificationUser.aspx,2026-05-30T08:46:56.854868+00:00
2006-06-01,Tender for Competitive Bids,,https://www.rbi.org.in/Scripts/NotificationUser.aspx?Id=2889&Mode=0,https://www.rbi.org.in/Scripts/NotificationUser.aspx,2026-05-30T08:46:56.854868+00:00
2006-06-01,GOI Notification,,https://www.rbi.org.in/Scripts/NotificationUser.aspx?Id=2888&Mode=0,https://www.rbi.org.in/Scripts/NotificationUser.aspx,2026-05-30T08:46:56.854868+00:00
2006-06-01,Tender for Non - Competitive Bids,,https://www.rbi.org.in/Scripts/NotificationUser.aspx?Id=2887&Mode=0,https://www.rbi.org.in/Scripts/NotificationUser.aspx,2026-05-30T08:46:56.854868+00:00
2006-06-01,Tender for Competitive Bids,,https://www.rbi.org.in/Scripts/NotificationUser.aspx?Id=2886&Mode=0,https://www.rbi.org.in/Scripts/NotificationUser.aspx,2026-05-30T08:46:56.854868+00:00
2006-06-01,GOI Notification,,https://www.rbi.org.in/Scripts/NotificationUser.aspx?Id=2885&Mode=0,https://www.rbi.org.in/Scripts/NotificationUser.aspx,2026-05-30T08:46:56.854868+00:00
2006-06-01,RBI Notification,,https://www.rbi.org.in/Scripts/NotificationUser.aspx?Id=2884&Mode=0,https://www.rbi.org.in/Scripts/NotificationUser.aspx,2026-05-30T08:46:56.854868+00:00
2023-10-31,Regulation of Payment Aggregator – Cross Border (PA - Cross Border),,https://www.rbi.org.in/Scripts/NotificationUser.aspx?Id=12561&Mode=0,https://www.rbi.org.in/Scripts/NotificationUser.aspx,2026-05-30T08:46:57.673852+00:00
2023-10-26,Framework for compensation to customers for delayed updation/ rectification of credit information,,https://www.rbi.org.in/Scripts/NotificationUser.aspx?Id=12554&Mode=0,https://www.rbi.org.in/Scripts/NotificationUser.aspx,2026-05-30T08:46:57.673852+00:00
2023-10-26,Strengthening of customer service rendered by Credit Information Companies and Credit Institutions,,https://www.rbi.org.in/Scripts/NotificationUser.aspx?Id=12553&Mode=0,https://www.rbi.org.in/Scripts/NotificationUser.aspx,2026-05-30T08:46:57.673852+00:00
2023-10-25,"Reserve Bank of India (Financial Statements - Presentation and Disclosures) Directions, 2021: Presentation of unclaimed liabilities transferred to Depositor Education and Awareness (DEA) Fund",,https://www.rbi.org.in/Scripts/NotificationUser.aspx?Id=12552&Mode=0,https://www.rbi.org.in/Scripts/NotificationUser.aspx,2026-05-30T08:46:57.673852+00:00
2023-10-16,"Foreign Exchange Management (Debt Instruments) (Second Amendment) Regulations, 2023",,https://www.rbi.org.in/Scripts/NotificationUser.aspx?Id=12706&Mode=0,https://www.rbi.org.in/Scripts/NotificationUser.aspx,2026-05-30T08:46:57.673852+00:00
2023-10-16,Reverse Repo transactions - Reporting in Form ‘A’ Return,,https://www.rbi.org.in/Scripts/NotificationUser.aspx?Id=12548&Mode=0,https://www.rbi.org.in/Scripts/NotificationUser.aspx,2026-05-30T08:46:57.673852+00:00
2023-10-10,Prompt Corrective Action (PCA) Framework for Non-Banking Financial Companies (NBFCs) – Extension to Government NBFCs,,https://www.rbi.org.in/Scripts/NotificationUser.aspx?Id=12543&Mode=0,https://www.rbi.org.in/Scripts/NotificationUser.aspx,2026-05-30T08:46:57.673852+00:00
2023-10-06,Gold Loan – Bullet Repayment – Primary (Urban) Co-operative Banks (UCBs),,https://www.rbi.org.in/Scripts/NotificationUser.aspx?Id=12542&Mode=0,https://www.rbi.org.in/Scripts/NotificationUser.aspx,2026-05-30T08:46:57.673852+00:00
2023-10-03,"Status of March 31, 2024 for Government transactions through integration with e-Kuber",,https://www.rbi.org.in/Scripts/NotificationUser.aspx?Id=12541&Mode=0,https://www.rbi.org.in/Scripts/NotificationUser.aspx,2026-05-30T08:46:57.673852+00:00
2006-05-29,Disclosure in Balance Sheets – Provisions and Contingencies,,https://www.rbi.org.in/Scripts/NotificationUser.aspx?Id=2882&Mode=0,https://www.rbi.org.in/Scripts/NotificationUser.aspx,2026-05-30T08:46:59.617584+00:00
2006-05-23,Guidelines for Relief Measures by Banks to Poultry Industry,,https://www.rbi.org.in/Scripts/NotificationUser.aspx?Id=2877&Mode=0,https://www.rbi.org.in/Scripts/NotificationUser.aspx,2026-05-30T08:46:59.617584+00:00
2006-05-18,Tender for Non - Competitive Bids,,https://www.rbi.org.in/Scripts/NotificationUser.aspx?Id=2876&Mode=0,https://www.rbi.org.in/Scripts/NotificationUser.aspx,2026-05-30T08:46:59.617584+00:00
2006-05-18,Tender for Competitive Bids,,https://www.rbi.org.in/Scripts/NotificationUser.aspx?Id=2875&Mode=0,https://www.rbi.org.in/Scripts/NotificationUser.aspx,2026-05-30T08:46:59.617584+00:00
2006-05-18,GOI Notification,,https://www.rbi.org.in/Scripts/NotificationUser.aspx?Id=2874&Mode=0,https://www.rbi.org.in/Scripts/NotificationUser.aspx,2026-05-30T08:46:59.617584+00:00
2006-05-18,Scheme for Non-competitive Bidding Facility,,https://www.rbi.org.in/Scripts/NotificationUser.aspx?Id=2873&Mode=0,https://www.rbi.org.in/Scripts/NotificationUser.aspx,2026-05-30T08:46:59.617584+00:00
2006-05-18,RBI Notification,,https://www.rbi.org.in/Scripts/NotificationUser.aspx?Id=2872&Mode=0,https://www.rbi.org.in/Scripts/NotificationUser.aspx,2026-05-30T08:46:59.617584+00:00
2006-05-17,PMRY - Cut-off Date for Lapsing of Sanction/Completion of Disbursement of Loans extended,,https://www.rbi.org.in/Scripts/NotificationUser.aspx?Id=2870&Mode=0,https://www.rbi.org.in/Scripts/NotificationUser.aspx,2026-05-30T08:46:59.617584+00:00
2006-05-17,Maintenance of Government Accounts – Interest on Delayed Remittances and Excess/Double Reimbursement,,https://www.rbi.org.in/Scripts/NotificationUser.aspx?Id=2869&Mode=0,https://www.rbi.org.in/Scripts/NotificationUser.aspx,2026-05-30T08:46:59.617584+00:00
2006-05-12,External Commercial Borrowing - clarification on Overseas Corporate Bodies (OCBs) as recognised lenders,,https://www.rbi.org.in/Scripts/NotificationUser.aspx?Id=2865&Mode=0,https://www.rbi.org.in/Scripts/NotificationUser.aspx,2026-05-30T08:46:59.617584+00:00
2006-05-08,Agency Commission Rates Revised for Conducting Government Business,,https://www.rbi.org.in/Scripts/NotificationUser.aspx?Id=2864&Mode=0,https://www.rbi.org.in/Scripts/NotificationUser.aspx,2026-05-30T08:46:59.617584+00:00
2006-05-08,Errors in Annual Information Returns filed by Agency Banks,,https://www.rbi.org.in/Scripts/NotificationUser.aspx?Id=2863&Mode=0,https://www.rbi.org.in/Scripts/NotificationUser.aspx,2026-05-30T08:46:59.617584+00:00
2006-05-03,When Issued transactions in Central Government Securities,,https://www.rbi.org.in/Scripts/NotificationUser.aspx?Id=2862&Mode=0,https://www.rbi.org.in/Scripts/NotificationUser.aspx,2026-05-30T08:46:59.617584+00:00
2006-05-02,Credit Mobilisation target under Swarnajayanti Gram Swarozgar Yojana (SGSY) during the year 2006-07,,https://www.rbi.org.in/Scripts/NotificationUser.aspx?Id=2861&Mode=0,https://www.rbi.org.in/Scripts/NotificationUser.aspx,2026-05-30T08:46:59.617584+00:00
2023-09-30,₹2000 Denomination Banknotes – Withdrawal from Circulation – Review,,https://www.rbi.org.in/Scripts/NotificationUser.aspx?Id=12540&Mode=0,https://www.rbi.org.in/Scripts/NotificationUser.aspx,2026-05-30T08:47:00.235887+00:00
2023-09-25,"Display of information - Secured assets possessed under the SARFAESI Act, 2002",,https://www.rbi.org.in/Scripts/NotificationUser.aspx?Id=12539&Mode=0,https://www.rbi.org.in/Scripts/NotificationUser.aspx,2026-05-30T08:47:00.235887+00:00
2023-09-20,Data Quality Index for Commercial and Microfinance Segments by Credit Information Companies,,https://www.rbi.org.in/Scripts/NotificationUser.aspx?Id=12537&Mode=0,https://www.rbi.org.in/Scripts/NotificationUser.aspx,2026-05-30T08:47:00.235887+00:00
2023-09-13,PM Vishwakarma Scheme,,https://www.rbi.org.in/Scripts/NotificationUser.aspx?Id=12536&Mode=0,https://www.rbi.org.in/Scripts/NotificationUser.aspx,2026-05-30T08:47:00.235887+00:00
2023-09-04,"Operation of Pre-Sanctioned Credit Lines at Banks through Unified Payments Interface (UPI) ( Updated as on February 12, 2025 )",,https://www.rbi.org.in/Scripts/NotificationUser.aspx?Id=12532&Mode=0,https://www.rbi.org.in/Scripts/NotificationUser.aspx,2026-05-30T08:47:00.235887+00:00
2006-04-28,Tender for Non - Competitive Bids,,https://www.rbi.org.in/Scripts/NotificationUser.aspx?Id=2858&Mode=0,https://www.rbi.org.in/Scripts/NotificationUser.aspx,2026-05-30T08:47:02.279617+00:00
2006-04-28,Tender for Competitive Bids,,https://www.rbi.org.in/Scripts/NotificationUser.aspx?Id=2857&Mode=0,https://www.rbi.org.in/Scripts/NotificationUser.aspx,2026-05-30T08:47:02.279617+00:00
2006-04-28,GOI Notification,,https://www.rbi.org.in/Scripts/NotificationUser.aspx?Id=2856&Mode=0,https://www.rbi.org.in/Scripts/NotificationUser.aspx,2026-05-30T08:47:02.279617+00:00
2006-04-28,Tender for Non - Competitive Bids,,https://www.rbi.org.in/Scripts/NotificationUser.aspx?Id=2855&Mode=0,https://www.rbi.org.in/Scripts/NotificationUser.aspx,2026-05-30T08:47:02.279617+00:00
2006-04-28,Tender for Competitive Bids,,https://www.rbi.org.in/Scripts/NotificationUser.aspx?Id=2854&Mode=0,https://www.rbi.org.in/Scripts/NotificationUser.aspx,2026-05-30T08:47:02.279617+00:00
2006-04-28,GOI Notification,,https://www.rbi.org.in/Scripts/NotificationUser.aspx?Id=2853&Mode=0,https://www.rbi.org.in/Scripts/NotificationUser.aspx,2026-05-30T08:47:02.279617+00:00
2006-04-28,Scheme for Non-competitive Bidding Facility,,https://www.rbi.org.in/Scripts/NotificationUser.aspx?Id=2852&Mode=0,https://www.rbi.org.in/Scripts/NotificationUser.aspx,2026-05-30T08:47:02.279617+00:00
2006-04-28,RBI Notification,,https://www.rbi.org.in/Scripts/NotificationUser.aspx?Id=2851&Mode=0,https://www.rbi.org.in/Scripts/NotificationUser.aspx,2026-05-30T08:47:02.279617+00:00
2006-04-27,"Exim Bank’s Line of Credit of US$50.40 Million to the Fiji Sugar Corporation Ltd., Fiji Islands",,https://www.rbi.org.in/Scripts/NotificationUser.aspx?Id=2848&Mode=0,https://www.rbi.org.in/Scripts/NotificationUser.aspx,2026-05-30T08:47:02.279617+00:00
2006-04-26,Introduction of Star Series Numbering System,,https://www.rbi.org.in/Scripts/NotificationUser.aspx?Id=2871&Mode=0,https://www.rbi.org.in/Scripts/NotificationUser.aspx,2026-05-30T08:47:02.279617+00:00
2006-04-24,Interest Rate Ceiling on Rupee Export Credit,,https://www.rbi.org.in/Scripts/NotificationUser.aspx?Id=2846&Mode=0,https://www.rbi.org.in/Scripts/NotificationUser.aspx,2026-05-30T08:47:02.279617+00:00
2006-04-21,Remittance of initial and recurring expenses for Branch offices opened abroad,,https://www.rbi.org.in/Scripts/NotificationUser.aspx?Id=2847&Mode=0,https://www.rbi.org.in/Scripts/NotificationUser.aspx,2026-05-30T08:47:02.279617+00:00
2006-04-21,Export of Goods and Services – Extension of period of realization,,https://www.rbi.org.in/Scripts/NotificationUser.aspx?Id=2844&Mode=0,https://www.rbi.org.in/Scripts/NotificationUser.aspx,2026-05-30T08:47:02.279617+00:00
2006-04-20,Tender for Non - Competitive Bids,,https://www.rbi.org.in/Scripts/NotificationUser.aspx?Id=2839&Mode=0,https://www.rbi.org.in/Scripts/NotificationUser.aspx,2026-05-30T08:47:02.279617+00:00
2006-04-20,Tender for Competitive Bids,,https://www.rbi.org.in/Scripts/NotificationUser.aspx?Id=2838&Mode=0,https://www.rbi.org.in/Scripts/NotificationUser.aspx,2026-05-30T08:47:02.279617+00:00
2006-04-20,GOI Notification,,https://www.rbi.org.in/Scripts/NotificationUser.aspx?Id=2837&Mode=0,https://www.rbi.org.in/Scripts/NotificationUser.aspx,2026-05-30T08:47:02.279617+00:00
2006-04-20,Tender for Non - Competitive Bids,,https://www.rbi.org.in/Scripts/NotificationUser.aspx?Id=2836&Mode=0,https://www.rbi.org.in/Scripts/NotificationUser.aspx,2026-05-30T08:47:02.279617+00:00
2006-04-20,Tender for Competitive Bids,,https://www.rbi.org.in/Scripts/NotificationUser.aspx?Id=2835&Mode=0,https://www.rbi.org.in/Scripts/NotificationUser.aspx,2026-05-30T08:47:02.279617+00:00
2006-04-20,GOI Notification,,https://www.rbi.org.in/Scripts/NotificationUser.aspx?Id=2834&Mode=0,https://www.rbi.org.in/Scripts/NotificationUser.aspx,2026-05-30T08:47:02.279617+00:00
2006-04-20,Scheme for Non-competitive Bidding Facility,,https://www.rbi.org.in/Scripts/NotificationUser.aspx?Id=2833&Mode=0,https://www.rbi.org.in/Scripts/NotificationUser.aspx,2026-05-30T08:47:02.279617+00:00
2006-04-20,RBI Notification,,https://www.rbi.org.in/Scripts/NotificationUser.aspx?Id=2832&Mode=0,https://www.rbi.org.in/Scripts/NotificationUser.aspx,2026-05-30T08:47:02.279617+00:00
2006-04-18,Interest Rate on Non-Resident (External) Rupee (NRE) Deposits,,https://www.rbi.org.in/Scripts/NotificationUser.aspx?Id=2828&Mode=0,https://www.rbi.org.in/Scripts/NotificationUser.aspx,2026-05-30T08:47:02.279617+00:00
2006-04-18,"Annual Policy Statement for the Year 2006-07 by Dr. Y. Venugopal Reddy, Governor, Reserve Bank of India",,https://www.rbi.org.in/Scripts/NotificationUser.aspx?Id=2827&Mode=0,https://www.rbi.org.in/Scripts/NotificationUser.aspx,2026-05-30T08:47:02.279617+00:00
2006-04-17,Draft guidelines on improvements to banks’ Asset Liability Management framework,,https://www.rbi.org.in/Scripts/NotificationUser.aspx?Id=2826&Mode=0,https://www.rbi.org.in/Scripts/NotificationUser.aspx,2026-05-30T08:47:02.279617+00:00
2006-04-13,Target under PMRY for 2006-07,,https://www.rbi.org.in/Scripts/NotificationUser.aspx?Id=2822&Mode=0,https://www.rbi.org.in/Scripts/NotificationUser.aspx,2026-05-30T08:47:02.279617+00:00
2006-04-12,Date of Closure of Residual March Transactions extended,,https://www.rbi.org.in/Scripts/NotificationUser.aspx?Id=2825&Mode=0,https://www.rbi.org.in/Scripts/NotificationUser.aspx,2026-05-30T08:47:02.279617+00:00
2006-04-12,"SCSS, 2004 - Charges for transferring Account from one deposit Office to another",,https://www.rbi.org.in/Scripts/NotificationUser.aspx?Id=2824&Mode=0,https://www.rbi.org.in/Scripts/NotificationUser.aspx,2026-05-30T08:47:02.279617+00:00
2006-04-12,"6.5 % Savings Bonds, 2003 (Non-Taxable) - Premature Encashment",,https://www.rbi.org.in/Scripts/NotificationUser.aspx?Id=2821&Mode=0,https://www.rbi.org.in/Scripts/NotificationUser.aspx,2026-05-30T08:47:02.279617+00:00
2006-04-12,Annual Reporting System in respect of Non-SSI (Sick/Weak ) Industrial Units,,https://www.rbi.org.in/Scripts/NotificationUser.aspx?Id=2820&Mode=0,https://www.rbi.org.in/Scripts/NotificationUser.aspx,2026-05-30T08:47:02.279617+00:00
2006-04-05,Guidelines on compliance with Accounting Standard (AS) 11 (revised 2003) - 'The Effects of Changes in Foreign Exchange Rates',,https://www.rbi.org.in/Scripts/NotificationUser.aspx?Id=2819&Mode=0,https://www.rbi.org.in/Scripts/NotificationUser.aspx,2026-05-30T08:47:02.279617+00:00
2006-04-05,Overseas Investment – Liberalisation under ESOP scheme,,https://www.rbi.org.in/Scripts/NotificationUser.aspx?Id=2817&Mode=0,https://www.rbi.org.in/Scripts/NotificationUser.aspx,2026-05-30T08:47:02.279617+00:00
2006-04-05,NBFCs not accepting/ holding public deposits and having assets size of Rs. 100 crore and above - format of monthly returns revised,,https://www.rbi.org.in/Scripts/NotificationUser.aspx?Id=2815&Mode=0,https://www.rbi.org.in/Scripts/NotificationUser.aspx,2026-05-30T08:47:02.279617+00:00
2006-04-05,Relief/Savings Bonds - One BLA per Investor,,https://www.rbi.org.in/Scripts/NotificationUser.aspx?Id=2814&Mode=0,https://www.rbi.org.in/Scripts/NotificationUser.aspx,2026-05-30T08:47:02.279617+00:00
2006-04-04,Tender for Non - Competitive Bids,,https://www.rbi.org.in/Scripts/NotificationUser.aspx?Id=2813&Mode=0,https://www.rbi.org.in/Scripts/NotificationUser.aspx,2026-05-30T08:47:02.279617+00:00
2006-04-04,Tender for Competitive Bids,,https://www.rbi.org.in/Scripts/NotificationUser.aspx?Id=2812&Mode=0,https://www.rbi.org.in/Scripts/NotificationUser.aspx,2026-05-30T08:47:02.279617+00:00
2006-04-04,GOI Notification,,https://www.rbi.org.in/Scripts/NotificationUser.aspx?Id=2811&Mode=0,https://www.rbi.org.in/Scripts/NotificationUser.aspx,2026-05-30T08:47:02.279617+00:00
2006-04-04,Tender for Non - Competitive Bids,,https://www.rbi.org.in/Scripts/NotificationUser.aspx?Id=2810&Mode=0,https://www.rbi.org.in/Scripts/NotificationUser.aspx,2026-05-30T08:47:02.279617+00:00
2006-04-04,Tender for Competitive Bids,,https://www.rbi.org.in/Scripts/NotificationUser.aspx?Id=2809&Mode=0,https://www.rbi.org.in/Scripts/NotificationUser.aspx,2026-05-30T08:47:02.279617+00:00
2006-04-04,GOI Notification,,https://www.rbi.org.in/Scripts/NotificationUser.aspx?Id=2808&Mode=0,https://www.rbi.org.in/Scripts/NotificationUser.aspx,2026-05-30T08:47:02.279617+00:00
2006-04-04,Scheme for Non-competitive Bidding Facility,,https://www.rbi.org.in/Scripts/NotificationUser.aspx?Id=2807&Mode=0,https://www.rbi.org.in/Scripts/NotificationUser.aspx,2026-05-30T08:47:02.279617+00:00
2006-04-04,RBI Notification,,https://www.rbi.org.in/Scripts/NotificationUser.aspx?Id=2806&Mode=0,https://www.rbi.org.in/Scripts/NotificationUser.aspx,2026-05-30T08:47:02.279617+00:00
2006-04-04,Guidelines for Relief Measures by Banks to Poultry Industry,,https://www.rbi.org.in/Scripts/NotificationUser.aspx?Id=2805&Mode=0,https://www.rbi.org.in/Scripts/NotificationUser.aspx,2026-05-30T08:47:02.279617+00:00
2006-04-04,Revised Scheme of Underwriting Commitment and Liquidity Support,,https://www.rbi.org.in/Scripts/NotificationUser.aspx?Id=2804&Mode=0,https://www.rbi.org.in/Scripts/NotificationUser.aspx,2026-05-30T08:47:02.279617+00:00
2006-04-04,Maintenance of directed investments by RNBCs- Clarification,,https://www.rbi.org.in/Scripts/NotificationUser.aspx?Id=2803&Mode=0,https://www.rbi.org.in/Scripts/NotificationUser.aspx,2026-05-30T08:47:02.279617+00:00
2023-08-24,Enhancing transaction limits for Small Value Digital Payments in Offline Mode,,https://www.rbi.org.in/Scripts/NotificationUser.aspx?Id=12531&Mode=0,https://www.rbi.org.in/Scripts/NotificationUser.aspx,2026-05-30T08:47:02.696440+00:00
2023-08-18,"Implementation of Section 12A of the Weapons of Mass Destruction and their Delivery Systems (Prohibition of Unlawful Activities) Act, 2005: Designated List (Amendments)",,https://www.rbi.org.in/Scripts/NotificationUser.aspx?Id=12530&Mode=0,https://www.rbi.org.in/Scripts/NotificationUser.aspx,2026-05-30T08:47:02.696440+00:00
2023-08-18,Review of Regulatory Framework for IDF-NBFCs,,https://www.rbi.org.in/Scripts/NotificationUser.aspx?Id=12528&Mode=0,https://www.rbi.org.in/Scripts/NotificationUser.aspx,2026-05-30T08:47:02.696440+00:00
2006-03-29,"Senior Citizens Savings Scheme, 200 - TDS - Clarifications",,https://www.rbi.org.in/Scripts/NotificationUser.aspx?Id=2800&Mode=0,https://www.rbi.org.in/Scripts/NotificationUser.aspx,2026-05-30T08:47:05.347684+00:00
2006-03-29,Interest Rate on FCNR(B) Deposits,,https://www.rbi.org.in/Scripts/NotificationUser.aspx?Id=2798&Mode=0,https://www.rbi.org.in/Scripts/NotificationUser.aspx,2026-05-30T08:47:05.347684+00:00
2006-03-29,UCBs - Investment Portfolio - Classification & Valuation of Investments,,https://www.rbi.org.in/Scripts/NotificationUser.aspx?Id=2797&Mode=0,https://www.rbi.org.in/Scripts/NotificationUser.aspx,2026-05-30T08:47:05.347684+00:00
2006-03-27,Overseas Investment - Liberalisation,,https://www.rbi.org.in/Scripts/NotificationUser.aspx?Id=2795&Mode=0,https://www.rbi.org.in/Scripts/NotificationUser.aspx,2026-05-30T08:47:05.347684+00:00
2006-03-24,Currency Chest facility for UCBs,,https://www.rbi.org.in/Scripts/NotificationUser.aspx?Id=2794&Mode=0,https://www.rbi.org.in/Scripts/NotificationUser.aspx,2026-05-30T08:47:05.347684+00:00
2006-03-24,PMRY - Cut-Off date for lapsing of sanctions and completion of disbursement against the sanction cases of the Programme year 2005-06 - Extension thereof,,https://www.rbi.org.in/Scripts/NotificationUser.aspx?Id=2793&Mode=0,https://www.rbi.org.in/Scripts/NotificationUser.aspx,2026-05-30T08:47:05.347684+00:00
2006-03-24,Exim Bank’s Line of Credit of US$ 33.5 Million to the Government of Democratic Republic of Congo (DR Congo),,https://www.rbi.org.in/Scripts/NotificationUser.aspx?Id=2792&Mode=0,https://www.rbi.org.in/Scripts/NotificationUser.aspx,2026-05-30T08:47:05.347684+00:00
2006-03-24,Exim Bank’s Line of Credit of US$ 60 Million to the Government of Ghana,,https://www.rbi.org.in/Scripts/NotificationUser.aspx?Id=2791&Mode=0,https://www.rbi.org.in/Scripts/NotificationUser.aspx,2026-05-30T08:47:05.347684+00:00
2006-03-24,Exim Bank's Line of Credit of USD 5 Million to Eastern and Southern African Trade & Development Bank (PTA)Bank,Southern,https://www.rbi.org.in/Scripts/NotificationUser.aspx?Id=2790&Mode=0,https://www.rbi.org.in/Scripts/NotificationUser.aspx,2026-05-30T08:47:05.347684+00:00
2006-03-21,Annual Closing of Accounts - Receipt of Central /State Government Taxes (Direct/Indirect) –Arrangements for the Current Financial Year (2005-06),,https://www.rbi.org.in/Scripts/NotificationUser.aspx?Id=2788&Mode=0,https://www.rbi.org.in/Scripts/NotificationUser.aspx,2026-05-30T08:47:05.347684+00:00
2006-03-21,"UCBs - PMLA, 2002 - Obligation of Banks",,https://www.rbi.org.in/Scripts/NotificationUser.aspx?Id=2786&Mode=0,https://www.rbi.org.in/Scripts/NotificationUser.aspx,2026-05-30T08:47:05.347684+00:00
2006-03-17,"Exclusion from the Second Schedule to the Reserve Bank of India Act, 1934 - ""UFJ Bank Ltd""",,https://www.rbi.org.in/Scripts/NotificationUser.aspx?Id=2785&Mode=0,https://www.rbi.org.in/Scripts/NotificationUser.aspx,2026-05-30T08:47:05.347684+00:00
2006-03-17,"Alteration in the name of bank in the Second Schedule to the Reserve Bank of India Act, 1934",,https://www.rbi.org.in/Scripts/NotificationUser.aspx?Id=2784&Mode=0,https://www.rbi.org.in/Scripts/NotificationUser.aspx,2026-05-30T08:47:05.347684+00:00
2006-03-16,"Foreign Exchange Management (Foreign Exchange Derivative Contracts) (Second Amendment) Regulations, 2006",,https://www.rbi.org.in/Scripts/NotificationUser.aspx?Id=3513&Mode=0,https://www.rbi.org.in/Scripts/NotificationUser.aspx,2026-05-30T08:47:05.347684+00:00
2006-03-16,"Foreign Exchange Management (Foreign Exchange Derivative Contracts) (Amendment) Regulations, 2006",,https://www.rbi.org.in/Scripts/NotificationUser.aspx?Id=3512&Mode=0,https://www.rbi.org.in/Scripts/NotificationUser.aspx,2026-05-30T08:47:05.347684+00:00
2006-03-16,Relaxation to trade and industry in the State of Jammu and Kashmir,,https://www.rbi.org.in/Scripts/NotificationUser.aspx?Id=2783&Mode=0,https://www.rbi.org.in/Scripts/NotificationUser.aspx,2026-05-30T08:47:05.347684+00:00
2006-03-09,"Prevention of Money Laundering Act, 2002 - Obligation of RRBs",,https://www.rbi.org.in/Scripts/NotificationUser.aspx?Id=2782&Mode=0,https://www.rbi.org.in/Scripts/NotificationUser.aspx,2026-05-30T08:47:05.347684+00:00
2006-03-09,"Banks advised to credit Interest Relief to Farmers' Accounts before March 31, 2006",,https://www.rbi.org.in/Scripts/NotificationUser.aspx?Id=2779&Mode=0,https://www.rbi.org.in/Scripts/NotificationUser.aspx,2026-05-30T08:47:05.347684+00:00
2006-03-09,StCBs/DCCBs - Advances against Gold Ornaments/Jewellery,,https://www.rbi.org.in/Scripts/NotificationUser.aspx?Id=2778&Mode=0,https://www.rbi.org.in/Scripts/NotificationUser.aspx,2026-05-30T08:47:05.347684+00:00
2006-03-07,Know Your Customer Guidelines- Anti-Money Laundering Standards,,https://www.rbi.org.in/Scripts/NotificationUser.aspx?Id=2776&Mode=0,https://www.rbi.org.in/Scripts/NotificationUser.aspx,2026-05-30T08:47:05.347684+00:00
2006-03-06,Authorised Persons- Categorisation,,https://www.rbi.org.in/Scripts/NotificationUser.aspx?Id=2775&Mode=0,https://www.rbi.org.in/Scripts/NotificationUser.aspx,2026-05-30T08:47:05.347684+00:00
2006-03-06,"Exclusion from the Second Schedule to the Reserve Bank of India Act, 1934 - ' Bank of Punjab Limited '",,https://www.rbi.org.in/Scripts/NotificationUser.aspx?Id=2773&Mode=0,https://www.rbi.org.in/Scripts/NotificationUser.aspx,2026-05-30T08:47:05.347684+00:00
2006-03-06,"Alteration in the name of bank in the Second Schedule to the Reserve Bank of India Act, 1934",,https://www.rbi.org.in/Scripts/NotificationUser.aspx?Id=2772&Mode=0,https://www.rbi.org.in/Scripts/NotificationUser.aspx,2026-05-30T08:47:05.347684+00:00
2006-03-03,"Prevention of Money Laundering Act, 2002 – Obligation of banks in terms of Rules notified thereunder",,https://www.rbi.org.in/Scripts/NotificationUser.aspx?Id=2774&Mode=0,https://www.rbi.org.in/Scripts/NotificationUser.aspx,2026-05-30T08:47:05.347684+00:00
2006-03-03,Printing of Indian Financial System Code (IFSC) on Cheques,,https://www.rbi.org.in/Scripts/NotificationUser.aspx?Id=2770&Mode=0,https://www.rbi.org.in/Scripts/NotificationUser.aspx,2026-05-30T08:47:05.347684+00:00
2006-03-02,Advances against Gold Ornaments and Jewellery - UCBs,,https://www.rbi.org.in/Scripts/NotificationUser.aspx?Id=2767&Mode=0,https://www.rbi.org.in/Scripts/NotificationUser.aspx,2026-05-30T08:47:05.347684+00:00
2023-07-24,"Implementation of Section 51A of UAPA,1967: Updates to UNSC’s 1267/ 1989 ISIL (Da'esh) & Al-Qaida Sanctions List: Amendments in 02 Entries",,https://www.rbi.org.in/Scripts/NotificationUser.aspx?Id=12524&Mode=0,https://www.rbi.org.in/Scripts/NotificationUser.aspx,2026-05-30T08:47:05.548586+00:00
2023-07-18,"Inclusion of “NongHyup Bank” in the Second Schedule of the Reserve Bank of India Act, 1934",,https://www.rbi.org.in/Scripts/NotificationUser.aspx?Id=12523&Mode=0,https://www.rbi.org.in/Scripts/NotificationUser.aspx,2026-05-30T08:47:05.548586+00:00
2023-07-04,"Implementation of Section 12A of the Weapons of Mass Destruction and their Delivery Systems (Prohibition of Unlawful Activities) Act, 2005: Designated List (Amendments)",,https://www.rbi.org.in/Scripts/NotificationUser.aspx?Id=12522&Mode=0,https://www.rbi.org.in/Scripts/NotificationUser.aspx,2026-05-30T08:47:05.548586+00:00
2023-07-04,"Implementation of Section 12A of the Weapons of Mass Destruction and their Delivery Systems (Prohibition of Unlawful Activities) Act, 2005: Designated List (Consolidated)",,https://www.rbi.org.in/Scripts/NotificationUser.aspx?Id=12521&Mode=0,https://www.rbi.org.in/Scripts/NotificationUser.aspx,2026-05-30T08:47:05.548586+00:00
2023-06-23,Status of MIFOR as a Significant Benchmark,,https://www.rbi.org.in/Scripts/NotificationUser.aspx?Id=12519&Mode=0,https://www.rbi.org.in/Scripts/NotificationUser.aspx,2026-05-30T08:47:07.885720+00:00
2023-06-22,Remittances to International Financial Services Centres (IFSCs) under the Liberalised Remittance Scheme (LRS),,https://www.rbi.org.in/Scripts/NotificationUser.aspx?Id=12518&Mode=0,https://www.rbi.org.in/Scripts/NotificationUser.aspx,2026-05-30T08:47:07.885720+00:00
2023-06-15,Sovereign Gold Bond (SGB) Scheme 2023-24,Sovereign,https://www.rbi.org.in/Scripts/NotificationUser.aspx?Id=12517&Mode=0,https://www.rbi.org.in/Scripts/NotificationUser.aspx,2026-05-30T08:47:07.885720+00:00
2023-06-14,Agency Commission for collection of indirect taxes through ICEGATE payment gateway,,https://www.rbi.org.in/Scripts/NotificationUser.aspx?Id=12516&Mode=0,https://www.rbi.org.in/Scripts/NotificationUser.aspx,2026-05-30T08:47:07.885720+00:00
2023-06-08,Priority Sector Lending (PSL) targets / sub-targets and contribution against shortfall in achievement of PSL targets – Primary (Urban) Co-operative Banks (UCBs) - Extension of time,,https://www.rbi.org.in/Scripts/NotificationUser.aspx?Id=12515&Mode=0,https://www.rbi.org.in/Scripts/NotificationUser.aspx,2026-05-30T08:47:07.885720+00:00
2023-06-08,"Reserve Bank of India (Call, Notice and Term Money Markets) Directions, 2021-Review",,https://www.rbi.org.in/Scripts/NotificationUser.aspx?Id=12511&Mode=0,https://www.rbi.org.in/Scripts/NotificationUser.aspx,2026-05-30T08:47:07.885720+00:00
2023-06-07,Expanding the Scope of Trade Receivables Discounting System,,https://www.rbi.org.in/Scripts/NotificationUser.aspx?Id=12510&Mode=0,https://www.rbi.org.in/Scripts/NotificationUser.aspx,2026-05-30T08:47:07.885720+00:00
2023-06-06,Risk Management and Inter-Bank Dealings - Non-deliverable derivative contracts (NDDCs),,https://www.rbi.org.in/Scripts/NotificationUser.aspx?Id=12509&Mode=0,https://www.rbi.org.in/Scripts/NotificationUser.aspx,2026-05-30T08:47:07.885720+00:00
2023-06-06,"Implementation of Section 51A of UAPA,1967: Updates to UNSC’s 1267/ 1989 ISIL (Da'esh) & Al-Qaida Sanctions List: Removal of 02 entries from Sanction List",,https://www.rbi.org.in/Scripts/NotificationUser.aspx?Id=12508&Mode=0,https://www.rbi.org.in/Scripts/NotificationUser.aspx,2026-05-30T08:47:07.885720+00:00
2023-06-05,"Implementation of Section 51A of UAPA,1967: Updates to UNSC’s 1267/ 1989 ISIL (Da'esh) & Al-Qaida Sanctions List: Amendments in 01 Entry",,https://www.rbi.org.in/Scripts/NotificationUser.aspx?Id=12507&Mode=0,https://www.rbi.org.in/Scripts/NotificationUser.aspx,2026-05-30T08:47:07.885720+00:00
2006-02-28,Secondary Market Transactions in Government Securities - Intra-day short-selling,,https://www.rbi.org.in/Scripts/NotificationUser.aspx?Id=2764&Mode=0,https://www.rbi.org.in/Scripts/NotificationUser.aspx,2026-05-30T08:47:08.216263+00:00
2006-02-27,Guidelines for banks' undertaking PD business,,https://www.rbi.org.in/Scripts/NotificationUser.aspx?Id=2755&Mode=0,https://www.rbi.org.in/Scripts/NotificationUser.aspx,2026-05-30T08:47:08.216263+00:00
2006-02-27,RRBs - Advances against Gold Ornaments and Jewellery,,https://www.rbi.org.in/Scripts/NotificationUser.aspx?Id=2754&Mode=0,https://www.rbi.org.in/Scripts/NotificationUser.aspx,2026-05-30T08:47:08.216263+00:00
2006-02-23,Master Circular on Rates of Brokerage etc. for Relief/Savings Bonds,,https://www.rbi.org.in/Scripts/NotificationUser.aspx?Id=2768&Mode=0,https://www.rbi.org.in/Scripts/NotificationUser.aspx,2026-05-30T08:47:08.216263+00:00
2006-02-22,"Repayment of 8.5% Relief Bonds, 2001",,https://www.rbi.org.in/Scripts/NotificationUser.aspx?Id=2740&Mode=0,https://www.rbi.org.in/Scripts/NotificationUser.aspx,2026-05-30T08:47:08.216263+00:00
2006-02-20,Master Circular on Lending to Priority Sector-Modification,,https://www.rbi.org.in/Scripts/NotificationUser.aspx?Id=2741&Mode=0,https://www.rbi.org.in/Scripts/NotificationUser.aspx,2026-05-30T08:47:08.216263+00:00
2006-02-15,"Prevention of Money Laundering Act, 2002 – Obligation of banks in terms of Rules notified thereunder",,https://www.rbi.org.in/Scripts/NotificationUser.aspx?Id=2738&Mode=0,https://www.rbi.org.in/Scripts/NotificationUser.aspx,2026-05-30T08:47:08.216263+00:00
2006-02-14,Scheme for Collection of Dues of ( i ) Central Board of Direct Taxes ( ii ) Central Board of Excise and Customs ( iii) Departmentalised Ministries Account - Reporting and Accounting of March Transactions - Special Arrangements - Financial Year 2005-2006,,https://www.rbi.org.in/Scripts/NotificationUser.aspx?Id=2737&Mode=0,https://www.rbi.org.in/Scripts/NotificationUser.aspx,2026-05-30T08:47:08.216263+00:00
2006-02-10,"Foreign Exchange Management (Acquisition and Transfer of Immovable Property in India) (Amendment) Regulations, 2006",,https://www.rbi.org.in/Scripts/NotificationUser.aspx?Id=3511&Mode=0,https://www.rbi.org.in/Scripts/NotificationUser.aspx,2026-05-30T08:47:08.216263+00:00
2006-02-10,Liquidity Adjustment Facility – Modifications,,https://www.rbi.org.in/Scripts/NotificationUser.aspx?Id=2736&Mode=0,https://www.rbi.org.in/Scripts/NotificationUser.aspx,2026-05-30T08:47:08.216263+00:00
2006-02-08,Interest Rates on Non-Resident Deposits,,https://www.rbi.org.in/Scripts/NotificationUser.aspx?Id=2735&Mode=0,https://www.rbi.org.in/Scripts/NotificationUser.aspx,2026-05-30T08:47:08.216263+00:00
2006-02-06,Dearness Relief to Pensioners,,https://www.rbi.org.in/Scripts/NotificationUser.aspx?Id=2734&Mode=0,https://www.rbi.org.in/Scripts/NotificationUser.aspx,2026-05-30T08:47:08.216263+00:00
2006-02-02,OLTAS - Sending Daily Scrolls by E-mail to ZAOs,,https://www.rbi.org.in/Scripts/NotificationUser.aspx?Id=2732&Mode=0,https://www.rbi.org.in/Scripts/NotificationUser.aspx,2026-05-30T08:47:08.216263+00:00
2006-02-02,Tender for Non - Competitive Bids,,https://www.rbi.org.in/Scripts/NotificationUser.aspx?Id=2731&Mode=0,https://www.rbi.org.in/Scripts/NotificationUser.aspx,2026-05-30T08:47:08.216263+00:00
2006-02-02,Tender for Competitive Bids,,https://www.rbi.org.in/Scripts/NotificationUser.aspx?Id=2730&Mode=0,https://www.rbi.org.in/Scripts/NotificationUser.aspx,2026-05-30T08:47:08.216263+00:00
2006-02-02,GOI Notification,,https://www.rbi.org.in/Scripts/NotificationUser.aspx?Id=2729&Mode=0,https://www.rbi.org.in/Scripts/NotificationUser.aspx,2026-05-30T08:47:08.216263+00:00
2006-02-02,Tender for Non - Competitive Bids,,https://www.rbi.org.in/Scripts/NotificationUser.aspx?Id=2728&Mode=0,https://www.rbi.org.in/Scripts/NotificationUser.aspx,2026-05-30T08:47:08.216263+00:00
2006-02-02,Tender for Competitive Bids,,https://www.rbi.org.in/Scripts/NotificationUser.aspx?Id=2727&Mode=0,https://www.rbi.org.in/Scripts/NotificationUser.aspx,2026-05-30T08:47:08.216263+00:00
2006-02-02,GOI Notification,,https://www.rbi.org.in/Scripts/NotificationUser.aspx?Id=2726&Mode=0,https://www.rbi.org.in/Scripts/NotificationUser.aspx,2026-05-30T08:47:08.216263+00:00
2006-02-02,Scheme for Non-competitive Bidding Facility,,https://www.rbi.org.in/Scripts/NotificationUser.aspx?Id=2725&Mode=0,https://www.rbi.org.in/Scripts/NotificationUser.aspx,2026-05-30T08:47:08.216263+00:00
2006-02-02,RBI Notification,,https://www.rbi.org.in/Scripts/NotificationUser.aspx?Id=2724&Mode=0,https://www.rbi.org.in/Scripts/NotificationUser.aspx,2026-05-30T08:47:08.216263+00:00
2006-02-02,Guidelines on Securitisation of Standard Assets,,https://www.rbi.org.in/Scripts/NotificationUser.aspx?Id=2723&Mode=0,https://www.rbi.org.in/Scripts/NotificationUser.aspx,2026-05-30T08:47:08.216263+00:00
2023-05-22,₹2000 Denomination Banknotes – Withdrawal from Circulation; Will continue as Legal Tender,,https://www.rbi.org.in/Scripts/NotificationUser.aspx?Id=12506&Mode=0,https://www.rbi.org.in/Scripts/NotificationUser.aspx,2026-05-30T08:47:10.384355+00:00
2023-05-19,₹2000 Denomination Banknotes – Withdrawal from Circulation; Will continue as Legal Tender,,https://www.rbi.org.in/Scripts/NotificationUser.aspx?Id=12505&Mode=0,https://www.rbi.org.in/Scripts/NotificationUser.aspx,2026-05-30T08:47:10.384355+00:00
2023-05-12,LIBOR Transition,,https://www.rbi.org.in/Scripts/NotificationUser.aspx?Id=12503&Mode=0,https://www.rbi.org.in/Scripts/NotificationUser.aspx,2026-05-30T08:47:10.384355+00:00
2023-05-09,"Levy of charges on forex prepaid cards/store value cards/travel cards, etc.",,https://www.rbi.org.in/Scripts/NotificationUser.aspx?Id=12502&Mode=0,https://www.rbi.org.in/Scripts/NotificationUser.aspx,2026-05-30T08:47:10.384355+00:00
2023-05-09,Formation of new district in the State of Arunachal Pradesh – Assignment of Lead Bank Responsibility,,https://www.rbi.org.in/Scripts/NotificationUser.aspx?Id=12501&Mode=0,https://www.rbi.org.in/Scripts/NotificationUser.aspx,2026-05-30T08:47:10.384355+00:00
2023-05-09,Formalisation of Informal Micro Enterprises on Udyam Assist Platform,,https://www.rbi.org.in/Scripts/NotificationUser.aspx?Id=12500&Mode=0,https://www.rbi.org.in/Scripts/NotificationUser.aspx,2026-05-30T08:47:10.384355+00:00
2006-01-31,"Exclusion from the Second Schedule to the Reserve Bank of India Act, 1934 - ING Bank N.V.",,https://www.rbi.org.in/Scripts/NotificationUser.aspx?Id=2722&Mode=0,https://www.rbi.org.in/Scripts/NotificationUser.aspx,2026-05-30T08:47:11.086143+00:00
2006-01-25,Financial Inclusion by Extension of Banking Services - Use of Business Facilitators and Correspondents,,https://www.rbi.org.in/Scripts/NotificationUser.aspx?Id=2718&Mode=0,https://www.rbi.org.in/Scripts/NotificationUser.aspx,2026-05-30T08:47:11.086143+00:00
2006-01-25,Foreign Investment in Tier I and Tier II instruments issued by banks in India,,https://www.rbi.org.in/Scripts/NotificationUser.aspx?Id=2717&Mode=0,https://www.rbi.org.in/Scripts/NotificationUser.aspx,2026-05-30T08:47:11.086143+00:00
2006-01-25,Enhancement of banks’ capital raising options for capital adequacy purposes,,https://www.rbi.org.in/Scripts/NotificationUser.aspx?Id=2716&Mode=0,https://www.rbi.org.in/Scripts/NotificationUser.aspx,2026-05-30T08:47:11.086143+00:00
2006-01-24,Standing Liquidity Facilities for Banks and Primary Dealers,,https://www.rbi.org.in/Scripts/NotificationUser.aspx?Id=2715&Mode=0,https://www.rbi.org.in/Scripts/NotificationUser.aspx,2026-05-30T08:47:11.086143+00:00
2006-01-24,Liquidity Adjustment Facility - Repo and Reverse Repo Rates,,https://www.rbi.org.in/Scripts/NotificationUser.aspx?Id=2713&Mode=0,https://www.rbi.org.in/Scripts/NotificationUser.aspx,2026-05-30T08:47:11.086143+00:00
2006-01-24,Prior Public Notice about change in control/management,,https://www.rbi.org.in/Scripts/NotificationUser.aspx?Id=2712&Mode=0,https://www.rbi.org.in/Scripts/NotificationUser.aspx,2026-05-30T08:47:11.086143+00:00
2006-01-23,Collection of account payee cheque – Prohibition on crediting proceeds to third party account,,https://www.rbi.org.in/Scripts/NotificationUser.aspx?Id=2711&Mode=0,https://www.rbi.org.in/Scripts/NotificationUser.aspx,2026-05-30T08:47:11.086143+00:00
2006-01-23,External Commercial Borrowings (ECB) by Multi-State Co-operative Societies,Societies,https://www.rbi.org.in/Scripts/NotificationUser.aspx?Id=2708&Mode=0,https://www.rbi.org.in/Scripts/NotificationUser.aspx,2026-05-30T08:47:11.086143+00:00
2006-01-19,StCBs/DCCBs - Charging of Depreciation on Computers,,https://www.rbi.org.in/Scripts/NotificationUser.aspx?Id=2707&Mode=0,https://www.rbi.org.in/Scripts/NotificationUser.aspx,2026-05-30T08:47:11.086143+00:00
2006-01-19,"Exim Bank’s Line of Credit of US$ 10 Million to Absolut Bank, Russia.",,https://www.rbi.org.in/Scripts/NotificationUser.aspx?Id=2706&Mode=0,https://www.rbi.org.in/Scripts/NotificationUser.aspx,2026-05-30T08:47:11.086143+00:00
2006-01-18,G.S.R.No.41(E)/28.01.2006,G.S.R.No.41(E)/28.01.2006,https://www.rbi.org.in/Scripts/NotificationUser.aspx?Id=3934&Mode=0,https://www.rbi.org.in/Scripts/NotificationUser.aspx,2026-05-30T08:47:11.086143+00:00
2006-01-10,Export of Goods and Services - Liberalisation - GR Approval for export,,https://www.rbi.org.in/Scripts/NotificationUser.aspx?Id=2705&Mode=0,https://www.rbi.org.in/Scripts/NotificationUser.aspx,2026-05-30T08:47:11.086143+00:00
2006-01-09,Scheme for Small Enterprises Financial Centres (SEFCs),,https://www.rbi.org.in/Scripts/NotificationUser.aspx?Id=2704&Mode=0,https://www.rbi.org.in/Scripts/NotificationUser.aspx,2026-05-30T08:47:11.086143+00:00
2006-01-05,Exim Bank’s Line of Credit of US$26.8 Million to the Government of Cote d’Ivoire,,https://www.rbi.org.in/Scripts/NotificationUser.aspx?Id=2690&Mode=0,https://www.rbi.org.in/Scripts/NotificationUser.aspx,2026-05-30T08:47:11.086143+00:00
2006-01-04,Tender for Non - Competitive Bids,,https://www.rbi.org.in/Scripts/NotificationUser.aspx?Id=2689&Mode=0,https://www.rbi.org.in/Scripts/NotificationUser.aspx,2026-05-30T08:47:11.086143+00:00
2006-01-04,Tender for Competitive Bids,,https://www.rbi.org.in/Scripts/NotificationUser.aspx?Id=2688&Mode=0,https://www.rbi.org.in/Scripts/NotificationUser.aspx,2026-05-30T08:47:11.086143+00:00
2006-01-04,GOI Notification,,https://www.rbi.org.in/Scripts/NotificationUser.aspx?Id=2687&Mode=0,https://www.rbi.org.in/Scripts/NotificationUser.aspx,2026-05-30T08:47:11.086143+00:00
2006-01-04,Tender for Non - Competitive Bids,,https://www.rbi.org.in/Scripts/NotificationUser.aspx?Id=2686&Mode=0,https://www.rbi.org.in/Scripts/NotificationUser.aspx,2026-05-30T08:47:11.086143+00:00
2006-01-04,Tender for Competitive Bids,,https://www.rbi.org.in/Scripts/NotificationUser.aspx?Id=2685&Mode=0,https://www.rbi.org.in/Scripts/NotificationUser.aspx,2026-05-30T08:47:11.086143+00:00
2006-01-04,GOI Notification,,https://www.rbi.org.in/Scripts/NotificationUser.aspx?Id=2684&Mode=0,https://www.rbi.org.in/Scripts/NotificationUser.aspx,2026-05-30T08:47:11.086143+00:00
2006-01-04,Scheme for Non-competitive Bidding Facility,,https://www.rbi.org.in/Scripts/NotificationUser.aspx?Id=2683&Mode=0,https://www.rbi.org.in/Scripts/NotificationUser.aspx,2026-05-30T08:47:11.086143+00:00
2006-01-04,RBI Notification,,https://www.rbi.org.in/Scripts/NotificationUser.aspx?Id=2682&Mode=0,https://www.rbi.org.in/Scripts/NotificationUser.aspx,2026-05-30T08:47:11.086143+00:00
2006-01-02,Exim Bank’s Line of Credit of US$ 27 Million to The Government of the Republic of Mali,,https://www.rbi.org.in/Scripts/NotificationUser.aspx?Id=2679&Mode=0,https://www.rbi.org.in/Scripts/NotificationUser.aspx,2026-05-30T08:47:11.086143+00:00
2023-04-27,"Implementation of Section 51A of UAPA, 1967: Updates to UNSC’s 1267/ 1989 ISIL (Da'esh) & Al-Qaida Sanctions List: Addition of two entries",,https://www.rbi.org.in/Scripts/NotificationUser.aspx?Id=12496&Mode=0,https://www.rbi.org.in/Scripts/NotificationUser.aspx,2026-05-30T08:47:12.981547+00:00
2023-04-26,Merger of Districts in the state of Assam – Assignment of Lead Bank Responsibility,,https://www.rbi.org.in/Scripts/NotificationUser.aspx?Id=12495&Mode=0,https://www.rbi.org.in/Scripts/NotificationUser.aspx,2026-05-30T08:47:12.981547+00:00
2023-04-26,Remittances to International Financial Services Centres (IFSCs) under the Liberalised Remittance Scheme (LRS),,https://www.rbi.org.in/Scripts/NotificationUser.aspx?Id=12494&Mode=0,https://www.rbi.org.in/Scripts/NotificationUser.aspx,2026-05-30T08:47:12.981547+00:00
2023-04-26,Master Circular – Deendayal Antyodaya Yojana - National Rural Livelihoods Mission (DAY-NRLM),,https://www.rbi.org.in/Scripts/NotificationUser.aspx?Id=12493&Mode=0,https://www.rbi.org.in/Scripts/NotificationUser.aspx,2026-05-30T08:47:12.981547+00:00
2023-04-25,General Credit Card (GCC) Facility – Review,,https://www.rbi.org.in/Scripts/NotificationUser.aspx?Id=12492&Mode=0,https://www.rbi.org.in/Scripts/NotificationUser.aspx,2026-05-30T08:47:12.981547+00:00
2023-04-12,Authorised Dealers Category-II - Online submission of Form A2,,https://www.rbi.org.in/Scripts/NotificationUser.aspx?Id=12489&Mode=0,https://www.rbi.org.in/Scripts/NotificationUser.aspx,2026-05-30T08:47:12.981547+00:00
2023-04-06,APConnect - Online application for Full Fledged Money Changers and non-bank Authorised Dealers Category-II,,https://www.rbi.org.in/Scripts/NotificationUser.aspx?Id=12485&Mode=0,https://www.rbi.org.in/Scripts/NotificationUser.aspx,2026-05-30T08:47:12.981547+00:00
2023-04-03,Master Direction on Framework of Incentives for Currency Distribution & Exchange Scheme for bank branches including currency chests based on performance in rendering customer service to the members of public,,https://www.rbi.org.in/Scripts/NotificationUser.aspx?Id=12483&Mode=0,https://www.rbi.org.in/Scripts/NotificationUser.aspx,2026-05-30T08:47:12.981547+00:00
2023-04-03,Master Direction – Scheme of Penalties for bank branches and Currency Chests for deficiency in rendering customer service to the members of public,,https://www.rbi.org.in/Scripts/NotificationUser.aspx?Id=12482&Mode=0,https://www.rbi.org.in/Scripts/NotificationUser.aspx,2026-05-30T08:47:12.981547+00:00
2023-04-03,Master Direction on Penal Provisions in reporting of transactions/ balances at Currency Chests,,https://www.rbi.org.in/Scripts/NotificationUser.aspx?Id=12481&Mode=0,https://www.rbi.org.in/Scripts/NotificationUser.aspx,2026-05-30T08:47:12.981547+00:00
2023-04-03,"Master Direction on Counterfeit Notes, 2023 - Detection, Reporting and Monitoring",,https://www.rbi.org.in/Scripts/NotificationUser.aspx?Id=12480&Mode=0,https://www.rbi.org.in/Scripts/NotificationUser.aspx,2026-05-30T08:47:12.981547+00:00
2023-04-03,"Master Direction – Facility for Exchange of Notes and Coins (Updated as on May 15, 2023)",,https://www.rbi.org.in/Scripts/NotificationUser.aspx?Id=12479&Mode=0,https://www.rbi.org.in/Scripts/NotificationUser.aspx,2026-05-30T08:47:12.981547+00:00
2023-04-03,Master Circular – Lead Bank Scheme,,https://www.rbi.org.in/Scripts/NotificationUser.aspx?Id=12478&Mode=0,https://www.rbi.org.in/Scripts/NotificationUser.aspx,2026-05-30T08:47:12.981547+00:00
2023-04-03,Master Circular - Disbursement of Government Pension by Agency Banks,,https://www.rbi.org.in/Scripts/NotificationUser.aspx?Id=12477&Mode=0,https://www.rbi.org.in/Scripts/NotificationUser.aspx,2026-05-30T08:47:12.981547+00:00
2023-04-01,Master Circular on Conduct of Government Business by Agency Banks - Payment of Agency Commission,,https://www.rbi.org.in/Scripts/NotificationUser.aspx?Id=12474&Mode=0,https://www.rbi.org.in/Scripts/NotificationUser.aspx,2026-05-30T08:47:12.981547+00:00
2023-04-01,Master Circular on SHG-Bank Linkage Programme,,https://www.rbi.org.in/Scripts/NotificationUser.aspx?Id=12470&Mode=0,https://www.rbi.org.in/Scripts/NotificationUser.aspx,2026-05-30T08:47:12.981547+00:00
2023-04-01,Master Circular - Credit facilities to Scheduled Castes (SCs) & Scheduled Tribes (STs),,https://www.rbi.org.in/Scripts/NotificationUser.aspx?Id=12468&Mode=0,https://www.rbi.org.in/Scripts/NotificationUser.aspx,2026-05-30T08:47:12.981547+00:00
2023-04-01,Master Circular on Credit Facilities to Minority Communities,,https://www.rbi.org.in/Scripts/NotificationUser.aspx?Id=12467&Mode=0,https://www.rbi.org.in/Scripts/NotificationUser.aspx,2026-05-30T08:47:12.981547+00:00
2023-03-27,"Cessation of “Abu Dhabi Commercial Bank PJSC” as a banking company within the meaning of sub section (2) of Section 36 A of Banking Regulation Act, 1949",,https://www.rbi.org.in/Scripts/NotificationUser.aspx?Id=12464&Mode=0,https://www.rbi.org.in/Scripts/NotificationUser.aspx,2026-05-30T08:47:15.512635+00:00
2023-03-27,"Exclusion of “Abu Dhabi Commercial Bank PJSC” from the Second Schedule to the Reserve Bank of India Act, 1934",,https://www.rbi.org.in/Scripts/NotificationUser.aspx?Id=12463&Mode=0,https://www.rbi.org.in/Scripts/NotificationUser.aspx,2026-05-30T08:47:15.512635+00:00
2023-03-21,Annual Closing of Government Accounts – Transactions of Central / State Governments – Special Measures for the Current Financial Year (2022-23),,https://www.rbi.org.in/Scripts/NotificationUser.aspx?Id=12462&Mode=0,https://www.rbi.org.in/Scripts/NotificationUser.aspx,2026-05-30T08:47:15.512635+00:00
2023-03-17,"Implementation of Section 51A of UAPA,1967: Updates to UNSC’s 1267/ 1989 ISIL (Da'esh) & Al-Qaida Sanctions List: Amendments to 102 entries",,https://www.rbi.org.in/Scripts/NotificationUser.aspx?Id=12461&Mode=0,https://www.rbi.org.in/Scripts/NotificationUser.aspx,2026-05-30T08:47:15.512635+00:00
2023-03-16,Reporting and Accounting of Central Government transactions for March 2023,,https://www.rbi.org.in/Scripts/NotificationUser.aspx?Id=12460&Mode=0,https://www.rbi.org.in/Scripts/NotificationUser.aspx,2026-05-30T08:47:15.512635+00:00
2005-12-27,Scheme to cover loans for general purposes under General Credit Card (GCC),,https://www.rbi.org.in/Scripts/NotificationUser.aspx?Id=2670&Mode=0,https://www.rbi.org.in/Scripts/NotificationUser.aspx,2026-05-30T08:47:17.327836+00:00
2005-12-23,"Senior Citizens Savings Scheme, 2004(SCSS) - Interest for broken period (less than a quarter) - Clarification",,https://www.rbi.org.in/Scripts/NotificationUser.aspx?Id=3371&Mode=0,https://www.rbi.org.in/Scripts/NotificationUser.aspx,2026-05-30T08:47:17.327836+00:00
2005-12-19,"Foreign Exchange Management (Foreign exchange derivative contracts) (Amendment) Regulations, 2005",,https://www.rbi.org.in/Scripts/NotificationUser.aspx?Id=2766&Mode=0,https://www.rbi.org.in/Scripts/NotificationUser.aspx,2026-05-30T08:47:17.327836+00:00
2005-12-16,Frauds – Classification and Reporting,,https://www.rbi.org.in/Scripts/NotificationUser.aspx?Id=2676&Mode=0,https://www.rbi.org.in/Scripts/NotificationUser.aspx,2026-05-30T08:47:17.327836+00:00
2005-12-12,Rotation of partners of the statutory auditors audit firm - with public deposits/deposits of Rs 50 crore and above,,https://www.rbi.org.in/Scripts/NotificationUser.aspx?Id=2661&Mode=0,https://www.rbi.org.in/Scripts/NotificationUser.aspx,2026-05-30T08:47:17.327836+00:00
2005-12-09,Premature repayment of public deposits or deposits,,https://www.rbi.org.in/Scripts/NotificationUser.aspx?Id=2659&Mode=0,https://www.rbi.org.in/Scripts/NotificationUser.aspx,2026-05-30T08:47:17.327836+00:00
2005-12-08,Maintenance of CRR / SLR on transaction in Collateralised Borrowing and Lending Obligation (CBLO),,https://www.rbi.org.in/Scripts/NotificationUser.aspx?Id=2658&Mode=0,https://www.rbi.org.in/Scripts/NotificationUser.aspx,2026-05-30T08:47:17.327836+00:00
2005-12-06,"Foreign Exchange Management (Borrowing or Lending in Foreign Exchange) (Second Amendment) Regulations, 2005",,https://www.rbi.org.in/Scripts/NotificationUser.aspx?Id=2765&Mode=0,https://www.rbi.org.in/Scripts/NotificationUser.aspx,2026-05-30T08:47:17.327836+00:00
2005-12-06,Financing of projects under Agri-clinics and Agri-bussiness center scheme – Review at meetings,,https://www.rbi.org.in/Scripts/NotificationUser.aspx?Id=2657&Mode=0,https://www.rbi.org.in/Scripts/NotificationUser.aspx,2026-05-30T08:47:17.327836+00:00
2005-12-06,Participation in various fora under Lead Bank Scheme,,https://www.rbi.org.in/Scripts/NotificationUser.aspx?Id=2656&Mode=0,https://www.rbi.org.in/Scripts/NotificationUser.aspx,2026-05-30T08:47:17.327836+00:00
2005-12-06,Draft Guidelines on Outsourcing of Financial Services by banks,,https://www.rbi.org.in/Scripts/NotificationUser.aspx?Id=2655&Mode=0,https://www.rbi.org.in/Scripts/NotificationUser.aspx,2026-05-30T08:47:17.327836+00:00
2005-12-05,Guidelines for relief measures by banks in areas affected by unprecedented rains and floods in Tamil Nadu,,https://www.rbi.org.in/Scripts/NotificationUser.aspx?Id=2653&Mode=0,https://www.rbi.org.in/Scripts/NotificationUser.aspx,2026-05-30T08:47:17.327836+00:00
2005-12-02,Anti-Money Laundering Guidelines for Authorized Money Changers,,https://www.rbi.org.in/Scripts/NotificationUser.aspx?Id=2652&Mode=0,https://www.rbi.org.in/Scripts/NotificationUser.aspx,2026-05-30T08:47:17.327836+00:00
2005-12-02,Exim Bank’s Line of Credit of US$ 27 Million to The Government of the Republic of Ghana,,https://www.rbi.org.in/Scripts/NotificationUser.aspx?Id=2651&Mode=0,https://www.rbi.org.in/Scripts/NotificationUser.aspx,2026-05-30T08:47:17.327836+00:00
2005-12-01,Tender for Non - Competitive Bids,,https://www.rbi.org.in/Scripts/NotificationUser.aspx?Id=2650&Mode=0,https://www.rbi.org.in/Scripts/NotificationUser.aspx,2026-05-30T08:47:17.327836+00:00
2005-12-01,Tender for Competitive Bids,,https://www.rbi.org.in/Scripts/NotificationUser.aspx?Id=2649&Mode=0,https://www.rbi.org.in/Scripts/NotificationUser.aspx,2026-05-30T08:47:17.327836+00:00
2005-12-01,GOI Notification,,https://www.rbi.org.in/Scripts/NotificationUser.aspx?Id=2648&Mode=0,https://www.rbi.org.in/Scripts/NotificationUser.aspx,2026-05-30T08:47:17.327836+00:00
2005-12-01,Tender for Non - Competitive Bids,,https://www.rbi.org.in/Scripts/NotificationUser.aspx?Id=2647&Mode=0,https://www.rbi.org.in/Scripts/NotificationUser.aspx,2026-05-30T08:47:17.327836+00:00
2005-12-01,Tender for Competitive Bids,,https://www.rbi.org.in/Scripts/NotificationUser.aspx?Id=2646&Mode=0,https://www.rbi.org.in/Scripts/NotificationUser.aspx,2026-05-30T08:47:17.327836+00:00
2005-12-01,GOI Notification,,https://www.rbi.org.in/Scripts/NotificationUser.aspx?Id=2645&Mode=0,https://www.rbi.org.in/Scripts/NotificationUser.aspx,2026-05-30T08:47:17.327836+00:00
2005-12-01,Scheme for Non-competitive Bidding Facility,,https://www.rbi.org.in/Scripts/NotificationUser.aspx?Id=2644&Mode=0,https://www.rbi.org.in/Scripts/NotificationUser.aspx,2026-05-30T08:47:17.327836+00:00
2005-12-01,RBI Notification,,https://www.rbi.org.in/Scripts/NotificationUser.aspx?Id=2643&Mode=0,https://www.rbi.org.in/Scripts/NotificationUser.aspx,2026-05-30T08:47:17.327836+00:00
2023-02-28,"Designation of 1 individual and 2 organisations under Section 35(1) (a) and 2(1) (m) of the Unlawful Activities (Prevention) Act,1967 and their listing in the Fourth and First Schedule of the Act- Reg.",,https://www.rbi.org.in/Scripts/NotificationUser.aspx?Id=12459&Mode=0,https://www.rbi.org.in/Scripts/NotificationUser.aspx,2026-05-30T08:47:17.969829+00:00
2023-02-20,Implementation of Indian Accounting Standards (Ind AS),,https://www.rbi.org.in/Scripts/NotificationUser.aspx?Id=12458&Mode=0,https://www.rbi.org.in/Scripts/NotificationUser.aspx,2026-05-30T08:47:17.969829+00:00
2023-02-20,"Reserve Bank of India (Financial Statements - Presentation and Disclosures) Directions, 2021 – Disclosures for State Co-operative Banks and Central Co-operative Banks",,https://www.rbi.org.in/Scripts/NotificationUser.aspx?Id=12457&Mode=0,https://www.rbi.org.in/Scripts/NotificationUser.aspx,2026-05-30T08:47:17.969829+00:00
2023-02-16,"Exim Bank’s GOI-supported Line of Credit (LOC) for USD 100 million to the Government of the Republic of Maldives (GO-MDV), for financing new developmental projects and to meet spill over costs from developmental projects in Maldives already included under Lines of credit extended to GO-MDV by Exim Bank",,https://www.rbi.org.in/Scripts/NotificationUser.aspx?Id=12455&Mode=0,https://www.rbi.org.in/Scripts/NotificationUser.aspx,2026-05-30T08:47:17.969829+00:00
2023-02-16,Introduction of Foreign Contribution (Regulation) Act (FCRA) related transaction code in NEFT and RTGS Systems,,https://www.rbi.org.in/Scripts/NotificationUser.aspx?Id=12454&Mode=0,https://www.rbi.org.in/Scripts/NotificationUser.aspx,2026-05-30T08:47:17.969829+00:00
2023-02-13,Formation of new district in the State of Sikkim – Assignment of Lead Bank Responsibility,,https://www.rbi.org.in/Scripts/NotificationUser.aspx?Id=12453&Mode=0,https://www.rbi.org.in/Scripts/NotificationUser.aspx,2026-05-30T08:47:17.969829+00:00
2023-02-10,Issuance of PPIs to Foreign Nationals / Non-Resident Indians (NRIs) visiting India,,https://www.rbi.org.in/Scripts/NotificationUser.aspx?Id=12452&Mode=0,https://www.rbi.org.in/Scripts/NotificationUser.aspx,2026-05-30T08:47:17.969829+00:00
2023-02-08,Liquidity Adjustment Facility - Change in rates,,https://www.rbi.org.in/Scripts/NotificationUser.aspx?Id=12451&Mode=0,https://www.rbi.org.in/Scripts/NotificationUser.aspx,2026-05-30T08:47:17.969829+00:00
2023-02-08,Standing Liquidity Facility for Primary Dealers,,https://www.rbi.org.in/Scripts/NotificationUser.aspx?Id=12449&Mode=0,https://www.rbi.org.in/Scripts/NotificationUser.aspx,2026-05-30T08:47:17.969829+00:00
2023-02-03,"Implementation of Section 51A of UAPA,1967: Updates to UNSC’s 1267/ 1989 ISIL (Da'esh) & Al-Qaida Sanctions List (Amendments to 29 entries)",,https://www.rbi.org.in/Scripts/NotificationUser.aspx?Id=12448&Mode=0,https://www.rbi.org.in/Scripts/NotificationUser.aspx,2026-05-30T08:47:17.969829+00:00
2005-11-25,Tender Form for Overnight Repo Auction,,https://www.rbi.org.in/Scripts/NotificationUser.aspx?Id=2641&Mode=0,https://www.rbi.org.in/Scripts/NotificationUser.aspx,2026-05-30T08:47:20.040522+00:00
2005-11-25,Tender Form for Fixed - Rate Overnight Reverse Repo Auction,,https://www.rbi.org.in/Scripts/NotificationUser.aspx?Id=2640&Mode=0,https://www.rbi.org.in/Scripts/NotificationUser.aspx,2026-05-30T08:47:20.040522+00:00
2005-11-25,Scheme,,https://www.rbi.org.in/Scripts/NotificationUser.aspx?Id=2639&Mode=0,https://www.rbi.org.in/Scripts/NotificationUser.aspx,2026-05-30T08:47:20.040522+00:00
2005-11-25,Circular,,https://www.rbi.org.in/Scripts/NotificationUser.aspx?Id=2638&Mode=0,https://www.rbi.org.in/Scripts/NotificationUser.aspx,2026-05-30T08:47:20.040522+00:00
2005-11-22,"Submission of Annual Information Return relating to issue of Bonds for Rs.5 lakh or more under Section 285 BA of Income Tax Act, 1961",,https://www.rbi.org.in/Scripts/NotificationUser.aspx?Id=2637&Mode=0,https://www.rbi.org.in/Scripts/NotificationUser.aspx,2026-05-30T08:47:20.040522+00:00
2005-11-21,Credit Card Operations of banks,,https://www.rbi.org.in/Scripts/NotificationUser.aspx?Id=2627&Mode=0,https://www.rbi.org.in/Scripts/NotificationUser.aspx,2026-05-30T08:47:20.040522+00:00
2005-11-21,Tender for Non - Competitive Bids,,https://www.rbi.org.in/Scripts/NotificationUser.aspx?Id=2626&Mode=0,https://www.rbi.org.in/Scripts/NotificationUser.aspx,2026-05-30T08:47:20.040522+00:00
2005-11-21,Tender for Competitive Bids,,https://www.rbi.org.in/Scripts/NotificationUser.aspx?Id=2625&Mode=0,https://www.rbi.org.in/Scripts/NotificationUser.aspx,2026-05-30T08:47:20.040522+00:00
2005-11-21,GOI Notification,,https://www.rbi.org.in/Scripts/NotificationUser.aspx?Id=2624&Mode=0,https://www.rbi.org.in/Scripts/NotificationUser.aspx,2026-05-30T08:47:20.040522+00:00
2005-11-21,Scheme for Non-competitive Bidding Facility,,https://www.rbi.org.in/Scripts/NotificationUser.aspx?Id=2623&Mode=0,https://www.rbi.org.in/Scripts/NotificationUser.aspx,2026-05-30T08:47:20.040522+00:00
2005-11-21,RBI Notification,,https://www.rbi.org.in/Scripts/NotificationUser.aspx?Id=2622&Mode=0,https://www.rbi.org.in/Scripts/NotificationUser.aspx,2026-05-30T08:47:20.040522+00:00
2005-11-18,Master Circular - Facility for Exchange of Notes and Coins,,https://www.rbi.org.in/Scripts/NotificationUser.aspx?Id=2621&Mode=0,https://www.rbi.org.in/Scripts/NotificationUser.aspx,2026-05-30T08:47:20.040522+00:00
2005-11-18,Maintenance of Government Accounts – Interest on Delayed Remittances and Excess/Double Reimbursement,,https://www.rbi.org.in/Scripts/NotificationUser.aspx?Id=2620&Mode=0,https://www.rbi.org.in/Scripts/NotificationUser.aspx,2026-05-30T08:47:20.040522+00:00
2005-11-17,SCBs - Interest Rate on Non-Resident (External) Rupee (NRE) Deposits,,https://www.rbi.org.in/Scripts/NotificationUser.aspx?Id=2619&Mode=0,https://www.rbi.org.in/Scripts/NotificationUser.aspx,2026-05-30T08:47:20.040522+00:00
2005-11-11,Foreign Investment in Asset Reconstruction Companies,,https://www.rbi.org.in/Scripts/NotificationUser.aspx?Id=2613&Mode=0,https://www.rbi.org.in/Scripts/NotificationUser.aspx,2026-05-30T08:47:20.040522+00:00
2005-11-10,Revised Guidelines on Corporate Debt Restructuring (CDR) Mechanism,,https://www.rbi.org.in/Scripts/NotificationUser.aspx?Id=2617&Mode=0,https://www.rbi.org.in/Scripts/NotificationUser.aspx,2026-05-30T08:47:20.040522+00:00
2005-11-09,Credit Deposit Ratio – Implementation of the Recommendations of Expert Group on CD Ratio,,https://www.rbi.org.in/Scripts/NotificationUser.aspx?Id=2612&Mode=0,https://www.rbi.org.in/Scripts/NotificationUser.aspx,2026-05-30T08:47:20.040522+00:00
2005-11-04,External Commercial Borrowings (ECB),,https://www.rbi.org.in/Scripts/NotificationUser.aspx?Id=2555&Mode=0,https://www.rbi.org.in/Scripts/NotificationUser.aspx,2026-05-30T08:47:20.040522+00:00
2005-11-02,Tender for Non - Competitive Bids,,https://www.rbi.org.in/Scripts/NotificationUser.aspx?Id=2554&Mode=0,https://www.rbi.org.in/Scripts/NotificationUser.aspx,2026-05-30T08:47:20.040522+00:00
2005-11-02,Advances against Gold Ornaments and Jewellery,,https://www.rbi.org.in/Scripts/NotificationUser.aspx?Id=2553&Mode=0,https://www.rbi.org.in/Scripts/NotificationUser.aspx,2026-05-30T08:47:20.040522+00:00
2005-11-02,Tender for Competitive Bids,,https://www.rbi.org.in/Scripts/NotificationUser.aspx?Id=2552&Mode=0,https://www.rbi.org.in/Scripts/NotificationUser.aspx,2026-05-30T08:47:20.040522+00:00
2005-11-02,GOI Notification,,https://www.rbi.org.in/Scripts/NotificationUser.aspx?Id=2551&Mode=0,https://www.rbi.org.in/Scripts/NotificationUser.aspx,2026-05-30T08:47:20.040522+00:00
2005-11-02,Tender for Non - Competitive Bids,,https://www.rbi.org.in/Scripts/NotificationUser.aspx?Id=2550&Mode=0,https://www.rbi.org.in/Scripts/NotificationUser.aspx,2026-05-30T08:47:20.040522+00:00
2005-11-02,Tender for Competitive Bids,,https://www.rbi.org.in/Scripts/NotificationUser.aspx?Id=2549&Mode=0,https://www.rbi.org.in/Scripts/NotificationUser.aspx,2026-05-30T08:47:20.040522+00:00
2005-11-02,GOI Notification,,https://www.rbi.org.in/Scripts/NotificationUser.aspx?Id=2548&Mode=0,https://www.rbi.org.in/Scripts/NotificationUser.aspx,2026-05-30T08:47:20.040522+00:00
2005-11-02,Scheme for Non-competitive Bidding Facility,,https://www.rbi.org.in/Scripts/NotificationUser.aspx?Id=2547&Mode=0,https://www.rbi.org.in/Scripts/NotificationUser.aspx,2026-05-30T08:47:20.040522+00:00
2005-11-02,RBI Notification,,https://www.rbi.org.in/Scripts/NotificationUser.aspx?Id=2546&Mode=0,https://www.rbi.org.in/Scripts/NotificationUser.aspx,2026-05-30T08:47:20.040522+00:00
2023-01-30,"Implementation of Section 51A of UAPA, 1967: Updates to UNSC’s 1267/ 1989 ISIL (Da'esh) & Al-Qaida Sanctions List: Addition of 1 entry",,https://www.rbi.org.in/Scripts/NotificationUser.aspx?Id=12447&Mode=0,https://www.rbi.org.in/Scripts/NotificationUser.aspx,2026-05-30T08:47:20.435265+00:00
2023-01-24,"Designation of 3 individuals as ‘Terrorists’ under Section 35 (1) (a) of the Unlawful Activities (Prevention) Act (UAPA), 1967 and their listing in the Schedule IV of the Act-Reg.",,https://www.rbi.org.in/Scripts/NotificationUser.aspx?Id=12446&Mode=0,https://www.rbi.org.in/Scripts/NotificationUser.aspx,2026-05-30T08:47:20.435265+00:00
2023-01-23,‘Fully Accessible Route’ for Investment by Non-residents in Government Securities – Inclusion of Sovereign Green Bonds,Sovereign,https://www.rbi.org.in/Scripts/NotificationUser.aspx?Id=12444&Mode=0,https://www.rbi.org.in/Scripts/NotificationUser.aspx,2026-05-30T08:47:20.435265+00:00
2023-01-17,"Implementation of Section 51A of UAPA, 1967: Updates to UNSC’s 1267/ 1989 ISIL (Da'esh) & Al-Qaida Sanctions List: Addition of 1 entry",,https://www.rbi.org.in/Scripts/NotificationUser.aspx?Id=12442&Mode=0,https://www.rbi.org.in/Scripts/NotificationUser.aspx,2026-05-30T08:47:20.435265+00:00
2023-01-17,"Designation of two individuals and one organisation under Section 35(1) (a) and 2(1) (m) of the Unlawful Activities (Prevention) Act,1967 and their listing in the First and Fourth Schedule of the Act",,https://www.rbi.org.in/Scripts/NotificationUser.aspx?Id=12441&Mode=0,https://www.rbi.org.in/Scripts/NotificationUser.aspx,2026-05-30T08:47:20.435265+00:00
2023-01-16,Guidelines on Acquisition and Holding of Shares or Voting Rights in Banking Companies,,https://www.rbi.org.in/Scripts/NotificationUser.aspx?Id=12440&Mode=0,https://www.rbi.org.in/Scripts/NotificationUser.aspx,2026-05-30T08:47:20.435265+00:00
2023-01-13,Formation of new district in the State of Sikkim – Assignment of Lead Bank Responsibility,,https://www.rbi.org.in/Scripts/NotificationUser.aspx?Id=12438&Mode=0,https://www.rbi.org.in/Scripts/NotificationUser.aspx,2026-05-30T08:47:20.435265+00:00
2023-01-13,Formation of new district in the State of Arunachal Pradesh – Assignment of Lead Bank Responsibility,,https://www.rbi.org.in/Scripts/NotificationUser.aspx?Id=12437&Mode=0,https://www.rbi.org.in/Scripts/NotificationUser.aspx,2026-05-30T08:47:20.435265+00:00
2023-01-11,Operational Risk Management: Price / Yield range setting in e-Kuber,,https://www.rbi.org.in/Scripts/NotificationUser.aspx?Id=12436&Mode=0,https://www.rbi.org.in/Scripts/NotificationUser.aspx,2026-05-30T08:47:20.435265+00:00
2023-01-06,Formation of new districts in the State of Chhattisgarh – Assignment of Lead Bank Responsibility,,https://www.rbi.org.in/Scripts/NotificationUser.aspx?Id=12434&Mode=0,https://www.rbi.org.in/Scripts/NotificationUser.aspx,2026-05-30T08:47:20.435265+00:00
2023-01-04,Foreign Investment in India - Rationalisation of reporting in Single Master Form (SMF) on FIRMS Portal,,https://www.rbi.org.in/Scripts/NotificationUser.aspx?Id=12433&Mode=0,https://www.rbi.org.in/Scripts/NotificationUser.aspx,2026-05-30T08:47:20.435265+00:00
2005-10-31,"Foreign Exchange Management (Deposit) (Second Amendment) Regulations, 2005",,https://www.rbi.org.in/Scripts/NotificationUser.aspx?Id=2681&Mode=0,https://www.rbi.org.in/Scripts/NotificationUser.aspx,2026-05-30T08:47:22.637137+00:00
2005-10-28,Interest Rate Ceiling on Rupee Export Credit,,https://www.rbi.org.in/Scripts/NotificationUser.aspx?Id=2544&Mode=0,https://www.rbi.org.in/Scripts/NotificationUser.aspx,2026-05-30T08:47:22.637137+00:00
2005-10-27,Exim Bank's Line of Credit of USD 50 Million to The Government of the Republic of Chad,,https://www.rbi.org.in/Scripts/NotificationUser.aspx?Id=2543&Mode=0,https://www.rbi.org.in/Scripts/NotificationUser.aspx,2026-05-30T08:47:22.637137+00:00
2005-10-26,Frauds – Future approach towards monitoring of frauds in NBFCs,,https://www.rbi.org.in/Scripts/NotificationUser.aspx?Id=2541&Mode=0,https://www.rbi.org.in/Scripts/NotificationUser.aspx,2026-05-30T08:47:22.637137+00:00
2005-10-25,OLTAS – Drop Box facility for Direct Tax Challans,,https://www.rbi.org.in/Scripts/NotificationUser.aspx?Id=2628&Mode=0,https://www.rbi.org.in/Scripts/NotificationUser.aspx,2026-05-30T08:47:22.637137+00:00
2005-10-25,Standing Liquidity Facilities for Banks and Primary Dealers (PDs),,https://www.rbi.org.in/Scripts/NotificationUser.aspx?Id=2542&Mode=0,https://www.rbi.org.in/Scripts/NotificationUser.aspx,2026-05-30T08:47:22.637137+00:00
2005-10-25,Liquidity Adjustment Facility – Repo and Reverse Repo Rates,,https://www.rbi.org.in/Scripts/NotificationUser.aspx?Id=2540&Mode=0,https://www.rbi.org.in/Scripts/NotificationUser.aspx,2026-05-30T08:47:22.637137+00:00
2005-10-25,"Statement by Dr. Y. Venugopal Reddy, Governor, Reserve Bank of India on the Mid-term Review of Annual Policy for the year 2005-06",,https://www.rbi.org.in/Scripts/NotificationUser.aspx?Id=2539&Mode=0,https://www.rbi.org.in/Scripts/NotificationUser.aspx,2026-05-30T08:47:22.637137+00:00
2005-10-20,New Major Head for Securities Transaction Tax- Clarification,,https://www.rbi.org.in/Scripts/NotificationUser.aspx?Id=2538&Mode=0,https://www.rbi.org.in/Scripts/NotificationUser.aspx,2026-05-30T08:47:22.637137+00:00
2005-10-18,Banks advised to improve Performance under SGSY,,https://www.rbi.org.in/Scripts/NotificationUser.aspx?Id=2535&Mode=0,https://www.rbi.org.in/Scripts/NotificationUser.aspx,2026-05-30T08:47:22.637137+00:00
2005-10-15,Guidance Note on Management of Operational Risk,,https://www.rbi.org.in/Scripts/NotificationUser.aspx?Id=2533&Mode=0,https://www.rbi.org.in/Scripts/NotificationUser.aspx,2026-05-30T08:47:22.637137+00:00
2005-10-11,NBFCs advised to apply KYC Norms to their Brokers/Agents,,https://www.rbi.org.in/Scripts/NotificationUser.aspx?Id=2531&Mode=0,https://www.rbi.org.in/Scripts/NotificationUser.aspx,2026-05-30T08:47:22.637137+00:00
2005-10-10,Co-operative Banks advised to disclose additional information in their Balance Sheets,,https://www.rbi.org.in/Scripts/NotificationUser.aspx?Id=2532&Mode=0,https://www.rbi.org.in/Scripts/NotificationUser.aspx,2026-05-30T08:47:22.637137+00:00
2005-10-10,Investment Fluctuation Reserve,,https://www.rbi.org.in/Scripts/NotificationUser.aspx?Id=2530&Mode=0,https://www.rbi.org.in/Scripts/NotificationUser.aspx,2026-05-30T08:47:22.637137+00:00
2005-10-09,Guidelines for relief measures by banks in areas hit by earthquake in Jammu & Kashmir and other parts of North India,,https://www.rbi.org.in/Scripts/NotificationUser.aspx?Id=2528&Mode=0,https://www.rbi.org.in/Scripts/NotificationUser.aspx,2026-05-30T08:47:22.637137+00:00
2005-10-06,Providing E-payment Facilities to Tax Payers,,https://www.rbi.org.in/Scripts/NotificationUser.aspx?Id=2529&Mode=0,https://www.rbi.org.in/Scripts/NotificationUser.aspx,2026-05-30T08:47:22.637137+00:00
2005-10-03,Tender for Non - Competitive Bids,,https://www.rbi.org.in/Scripts/NotificationUser.aspx?Id=2522&Mode=0,https://www.rbi.org.in/Scripts/NotificationUser.aspx,2026-05-30T08:47:22.637137+00:00
2005-10-03,Tender for Competitive Bids,,https://www.rbi.org.in/Scripts/NotificationUser.aspx?Id=2521&Mode=0,https://www.rbi.org.in/Scripts/NotificationUser.aspx,2026-05-30T08:47:22.637137+00:00
2005-10-03,GOI Notification,,https://www.rbi.org.in/Scripts/NotificationUser.aspx?Id=2520&Mode=0,https://www.rbi.org.in/Scripts/NotificationUser.aspx,2026-05-30T08:47:22.637137+00:00
2005-10-03,Tender for Non - Competitive Bids,,https://www.rbi.org.in/Scripts/NotificationUser.aspx?Id=2519&Mode=0,https://www.rbi.org.in/Scripts/NotificationUser.aspx,2026-05-30T08:47:22.637137+00:00
2005-10-03,Tender for Competitive Bids,,https://www.rbi.org.in/Scripts/NotificationUser.aspx?Id=2518&Mode=0,https://www.rbi.org.in/Scripts/NotificationUser.aspx,2026-05-30T08:47:22.637137+00:00
2005-10-03,GOI Notification,,https://www.rbi.org.in/Scripts/NotificationUser.aspx?Id=2517&Mode=0,https://www.rbi.org.in/Scripts/NotificationUser.aspx,2026-05-30T08:47:22.637137+00:00
2005-10-03,Scheme for Non-competitive Bidding Facility,,https://www.rbi.org.in/Scripts/NotificationUser.aspx?Id=2516&Mode=0,https://www.rbi.org.in/Scripts/NotificationUser.aspx,2026-05-30T08:47:22.637137+00:00
2005-10-03,RBI Notification,,https://www.rbi.org.in/Scripts/NotificationUser.aspx?Id=2515&Mode=0,https://www.rbi.org.in/Scripts/NotificationUser.aspx,2026-05-30T08:47:22.637137+00:00
2005-10-01,Master Circular- Export of Goods and Services,,https://www.rbi.org.in/Scripts/NotificationUser.aspx?Id=2536&Mode=0,https://www.rbi.org.in/Scripts/NotificationUser.aspx,2026-05-30T08:47:22.637137+00:00
2005-10-01,Advisory Committee on Flow of Credit,,https://www.rbi.org.in/Scripts/NotificationUser.aspx?Id=2523&Mode=0,https://www.rbi.org.in/Scripts/NotificationUser.aspx,2026-05-30T08:47:22.637137+00:00
2005-09-30,Detection and Impounding of Counterfeit Banknotes- Updated Master Circular (2005),,https://www.rbi.org.in/Scripts/NotificationUser.aspx?Id=2527&Mode=0,https://www.rbi.org.in/Scripts/NotificationUser.aspx,2026-05-30T08:47:25.255037+00:00
2005-09-30,Master Circular-Levy of Penal Interest for Delayed Reporting / Wrong Reporting / Non- Reporting of Currency Chest Transactions and Cases involving Shortages/Inclusion of Counterfeit Banknotes in Chest Balances,,https://www.rbi.org.in/Scripts/NotificationUser.aspx?Id=2526&Mode=0,https://www.rbi.org.in/Scripts/NotificationUser.aspx,2026-05-30T08:47:25.255037+00:00
2005-09-27,Import of Aircraft on Operating Lease - Security Deposits,,https://www.rbi.org.in/Scripts/NotificationUser.aspx?Id=2512&Mode=0,https://www.rbi.org.in/Scripts/NotificationUser.aspx,2026-05-30T08:47:25.255037+00:00
2005-09-19,"Exim Bank's Line of Credit to BMCE Bank, Morocco",,https://www.rbi.org.in/Scripts/NotificationUser.aspx?Id=2508&Mode=0,https://www.rbi.org.in/Scripts/NotificationUser.aspx,2026-05-30T08:47:25.255037+00:00
2005-09-17,SSCBs permitted to undertake Co-branded Domestic Credit Card Business,,https://www.rbi.org.in/Scripts/NotificationUser.aspx?Id=2511&Mode=0,https://www.rbi.org.in/Scripts/NotificationUser.aspx,2026-05-30T08:47:25.255037+00:00
2005-09-09,Master Circular - Frauds – Classification and Reporting,,https://www.rbi.org.in/Scripts/NotificationUser.aspx?Id=2506&Mode=0,https://www.rbi.org.in/Scripts/NotificationUser.aspx,2026-05-30T08:47:25.255037+00:00
2005-09-09,"IDBI Bank Ltd. excluded from the Second Schedule of the RBI Act, 1934",,https://www.rbi.org.in/Scripts/NotificationUser.aspx?Id=2505&Mode=0,https://www.rbi.org.in/Scripts/NotificationUser.aspx,2026-05-30T08:47:25.255037+00:00
2005-09-06,Master Circular – Collection of Direct Taxes- OLTAS,,https://www.rbi.org.in/Scripts/NotificationUser.aspx?Id=2507&Mode=0,https://www.rbi.org.in/Scripts/NotificationUser.aspx,2026-05-30T08:47:25.255037+00:00
2005-09-06,NBFCs not Accepting/Holding Public Deposits to submit Monthly Returns,,https://www.rbi.org.in/Scripts/NotificationUser.aspx?Id=2501&Mode=0,https://www.rbi.org.in/Scripts/NotificationUser.aspx,2026-05-30T08:47:25.255037+00:00
2005-09-05,"FCCBs and Ordinary Shares [Through Depository Receipt Mechanism] Scheme, 1993 Amended",,https://www.rbi.org.in/Scripts/NotificationUser.aspx?Id=2498&Mode=0,https://www.rbi.org.in/Scripts/NotificationUser.aspx,2026-05-30T08:47:25.255037+00:00
2005-09-02,Tender for Non - Competitive Bids,,https://www.rbi.org.in/Scripts/NotificationUser.aspx?Id=2493&Mode=0,https://www.rbi.org.in/Scripts/NotificationUser.aspx,2026-05-30T08:47:25.255037+00:00
2005-09-02,Tender for Competitive Bids,,https://www.rbi.org.in/Scripts/NotificationUser.aspx?Id=2492&Mode=0,https://www.rbi.org.in/Scripts/NotificationUser.aspx,2026-05-30T08:47:25.255037+00:00
2005-09-02,GOI Notification,,https://www.rbi.org.in/Scripts/NotificationUser.aspx?Id=2491&Mode=0,https://www.rbi.org.in/Scripts/NotificationUser.aspx,2026-05-30T08:47:25.255037+00:00
2005-09-02,Tender for Non - Competitive Bids,,https://www.rbi.org.in/Scripts/NotificationUser.aspx?Id=2490&Mode=0,https://www.rbi.org.in/Scripts/NotificationUser.aspx,2026-05-30T08:47:25.255037+00:00
2005-09-02,Tender for Competitive Bids,,https://www.rbi.org.in/Scripts/NotificationUser.aspx?Id=2489&Mode=0,https://www.rbi.org.in/Scripts/NotificationUser.aspx,2026-05-30T08:47:25.255037+00:00
2005-09-02,GOI Notification,,https://www.rbi.org.in/Scripts/NotificationUser.aspx?Id=2488&Mode=0,https://www.rbi.org.in/Scripts/NotificationUser.aspx,2026-05-30T08:47:25.255037+00:00
2005-09-02,Scheme for Non-competitive Bidding Facility,,https://www.rbi.org.in/Scripts/NotificationUser.aspx?Id=2487&Mode=0,https://www.rbi.org.in/Scripts/NotificationUser.aspx,2026-05-30T08:47:25.255037+00:00
2005-09-02,RBI Notification,,https://www.rbi.org.in/Scripts/NotificationUser.aspx?Id=2486&Mode=0,https://www.rbi.org.in/Scripts/NotificationUser.aspx,2026-05-30T08:47:25.255037+00:00
2005-09-01,NDS-OM – Counterparty Confirmation,,https://www.rbi.org.in/Scripts/NotificationUser.aspx?Id=2484&Mode=0,https://www.rbi.org.in/Scripts/NotificationUser.aspx,2026-05-30T08:47:25.255037+00:00
2022-12-30,Individual Housing loans – Revised limits under four-tiered regulatory framework,,https://www.rbi.org.in/Scripts/NotificationUser.aspx?Id=12432&Mode=0,https://www.rbi.org.in/Scripts/NotificationUser.aspx,2026-05-30T08:47:25.679782+00:00
2022-12-26,Central Payments Fraud Information Registry – Migration of Reporting to DAKSH,,https://www.rbi.org.in/Scripts/NotificationUser.aspx?Id=12431&Mode=0,https://www.rbi.org.in/Scripts/NotificationUser.aspx,2026-05-30T08:47:25.679782+00:00
2022-12-20,Formation of new district in the State of Assam – Assignment of Lead Bank Responsibility,,https://www.rbi.org.in/Scripts/NotificationUser.aspx?Id=12430&Mode=0,https://www.rbi.org.in/Scripts/NotificationUser.aspx,2026-05-30T08:47:25.679782+00:00
2022-12-16,Sovereign Gold Bond (SGB) Scheme 2022-23,Sovereign,https://www.rbi.org.in/Scripts/NotificationUser.aspx?Id=12429&Mode=0,https://www.rbi.org.in/Scripts/NotificationUser.aspx,2026-05-30T08:47:25.679782+00:00
2022-12-13,"Reserve Bank of India (Financial Statements - Presentation and Disclosures) Directions, 2021 - Disclosure of material items",,https://www.rbi.org.in/Scripts/NotificationUser.aspx?Id=12426&Mode=0,https://www.rbi.org.in/Scripts/NotificationUser.aspx,2026-05-30T08:47:25.679782+00:00
2022-12-13,Data Format for Furnishing of Credit Information to Credit Information Companies and other Regulatory Measures,,https://www.rbi.org.in/Scripts/NotificationUser.aspx?Id=12425&Mode=0,https://www.rbi.org.in/Scripts/NotificationUser.aspx,2026-05-30T08:47:25.679782+00:00
2022-12-12,"Master Direction – Foreign Exchange Management (Hedging of Commodity Price Risk and Freight Risk in Overseas Markets) Directions, 2022 (Updated as on April 15, 2024)",,https://www.rbi.org.in/Scripts/NotificationUser.aspx?Id=12427&Mode=0,https://www.rbi.org.in/Scripts/NotificationUser.aspx,2026-05-30T08:47:25.679782+00:00
2022-12-12,Hedging of Gold Price Risk in Overseas Markets,,https://www.rbi.org.in/Scripts/NotificationUser.aspx?Id=12423&Mode=0,https://www.rbi.org.in/Scripts/NotificationUser.aspx,2026-05-30T08:47:25.679782+00:00
2022-12-08,Review of SLR holdings in HTM category,,https://www.rbi.org.in/Scripts/NotificationUser.aspx?Id=12422&Mode=0,https://www.rbi.org.in/Scripts/NotificationUser.aspx,2026-05-30T08:47:25.679782+00:00
2022-12-07,Standing Liquidity Facility for Primary Dealers,,https://www.rbi.org.in/Scripts/NotificationUser.aspx?Id=12421&Mode=0,https://www.rbi.org.in/Scripts/NotificationUser.aspx,2026-05-30T08:47:25.679782+00:00
2022-12-07,Liquidity Adjustment Facility- Change in rates,,https://www.rbi.org.in/Scripts/NotificationUser.aspx?Id=12419&Mode=0,https://www.rbi.org.in/Scripts/NotificationUser.aspx,2026-05-30T08:47:25.679782+00:00
2022-12-01,Notification of Significant Benchmark,,https://www.rbi.org.in/Scripts/NotificationUser.aspx?Id=12414&Mode=0,https://www.rbi.org.in/Scripts/NotificationUser.aspx,2026-05-30T08:47:25.679782+00:00
2005-08-30,FDI - Transfer of Shares / Convertible Debentures - Clarification,,https://www.rbi.org.in/Scripts/NotificationUser.aspx?Id=2480&Mode=0,https://www.rbi.org.in/Scripts/NotificationUser.aspx,2026-05-30T08:47:27.988164+00:00
2005-08-29,Overseas Direct Investment in Bhutan,,https://www.rbi.org.in/Scripts/NotificationUser.aspx?Id=2479&Mode=0,https://www.rbi.org.in/Scripts/NotificationUser.aspx,2026-05-30T08:47:27.988164+00:00
2005-08-26,Credit flow to SME sector- Submission of Quarterly Data,,https://www.rbi.org.in/Scripts/NotificationUser.aspx?Id=2485&Mode=0,https://www.rbi.org.in/Scripts/NotificationUser.aspx,2026-05-30T08:47:27.988164+00:00
2005-08-26,PMRY - Manipur -Cut-off Date for Disbursement of Loan Extended,,https://www.rbi.org.in/Scripts/NotificationUser.aspx?Id=2472&Mode=0,https://www.rbi.org.in/Scripts/NotificationUser.aspx,2026-05-30T08:47:27.988164+00:00
2005-08-25,Stepping up Credit to SMEs,,https://www.rbi.org.in/Scripts/NotificationUser.aspx?Id=2474&Mode=0,https://www.rbi.org.in/Scripts/NotificationUser.aspx,2026-05-30T08:47:27.988164+00:00
2005-08-25,List of Reserved Items for Exclusive Manufacture by SSIs amended,,https://www.rbi.org.in/Scripts/NotificationUser.aspx?Id=2473&Mode=0,https://www.rbi.org.in/Scripts/NotificationUser.aspx,2026-05-30T08:47:27.988164+00:00
2005-08-25,Foreign Investments in India Transfer of security by way of gift - Procedure,,https://www.rbi.org.in/Scripts/NotificationUser.aspx?Id=2471&Mode=0,https://www.rbi.org.in/Scripts/NotificationUser.aspx,2026-05-30T08:47:27.988164+00:00
2005-08-24,Master Circular- Disbursement of Pension by Agency Banks,,https://www.rbi.org.in/Scripts/NotificationUser.aspx?Id=2476&Mode=0,https://www.rbi.org.in/Scripts/NotificationUser.aspx,2026-05-30T08:47:27.988164+00:00
2005-08-23,Tender for Non - Competitive Bids,,https://www.rbi.org.in/Scripts/NotificationUser.aspx?Id=2466&Mode=0,https://www.rbi.org.in/Scripts/NotificationUser.aspx,2026-05-30T08:47:27.988164+00:00
2005-08-23,Tender for Competitive Bids,,https://www.rbi.org.in/Scripts/NotificationUser.aspx?Id=2465&Mode=0,https://www.rbi.org.in/Scripts/NotificationUser.aspx,2026-05-30T08:47:27.988164+00:00
2005-08-23,GOI Notification,,https://www.rbi.org.in/Scripts/NotificationUser.aspx?Id=2464&Mode=0,https://www.rbi.org.in/Scripts/NotificationUser.aspx,2026-05-30T08:47:27.988164+00:00
2005-08-23,Scheme for Non-competitive Bidding Facility,,https://www.rbi.org.in/Scripts/NotificationUser.aspx?Id=2463&Mode=0,https://www.rbi.org.in/Scripts/NotificationUser.aspx,2026-05-30T08:47:27.988164+00:00
2005-08-23,RBI Notification,,https://www.rbi.org.in/Scripts/NotificationUser.aspx?Id=2462&Mode=0,https://www.rbi.org.in/Scripts/NotificationUser.aspx,2026-05-30T08:47:27.988164+00:00
2005-08-23,Credit Flow to SCs/STs,,https://www.rbi.org.in/Scripts/NotificationUser.aspx?Id=2461&Mode=0,https://www.rbi.org.in/Scripts/NotificationUser.aspx,2026-05-30T08:47:27.988164+00:00
2005-08-23,SCBs - KYC - Anti-Money Laundering Standards,,https://www.rbi.org.in/Scripts/NotificationUser.aspx?Id=2460&Mode=0,https://www.rbi.org.in/Scripts/NotificationUser.aspx,2026-05-30T08:47:27.988164+00:00
2005-08-23,RRBs - KYC - Anti-Money Laundering Standards,,https://www.rbi.org.in/Scripts/NotificationUser.aspx?Id=2458&Mode=0,https://www.rbi.org.in/Scripts/NotificationUser.aspx,2026-05-30T08:47:27.988164+00:00
2005-08-23,UCBs - KYC Guidelines - Anti-Money Laundering Standards,,https://www.rbi.org.in/Scripts/NotificationUser.aspx?Id=2457&Mode=0,https://www.rbi.org.in/Scripts/NotificationUser.aspx,2026-05-30T08:47:27.988164+00:00
2005-08-22,"Foreign Exchange Management (Transfer or issue of Security by a Person Resident outside India) (Fifth Amendment) Regulations, 2005",,https://www.rbi.org.in/Scripts/NotificationUser.aspx?Id=3229&Mode=0,https://www.rbi.org.in/Scripts/NotificationUser.aspx,2026-05-30T08:47:27.988164+00:00
2005-08-22,NDS-OM – Counterparty Confirmation,,https://www.rbi.org.in/Scripts/NotificationUser.aspx?Id=2455&Mode=0,https://www.rbi.org.in/Scripts/NotificationUser.aspx,2026-05-30T08:47:27.988164+00:00
2005-08-19,Policy Package for Stepping up Credit to Small and Medium Enterprises --Announcements made by the Union Finance Minister,,https://www.rbi.org.in/Scripts/NotificationUser.aspx?Id=2456&Mode=0,https://www.rbi.org.in/Scripts/NotificationUser.aspx,2026-05-30T08:47:27.988164+00:00
2005-08-17,Foreign Direct Investment (FDI) in Construction Development Sector,,https://www.rbi.org.in/Scripts/NotificationUser.aspx?Id=2449&Mode=0,https://www.rbi.org.in/Scripts/NotificationUser.aspx,2026-05-30T08:47:27.988164+00:00
2005-08-16,Facilitating opening of bank accounts for flood affected persons,,https://www.rbi.org.in/Scripts/NotificationUser.aspx?Id=2448&Mode=0,https://www.rbi.org.in/Scripts/NotificationUser.aspx,2026-05-30T08:47:27.988164+00:00
2005-08-16,Tender for Non - Competitive Bids,,https://www.rbi.org.in/Scripts/NotificationUser.aspx?Id=2443&Mode=0,https://www.rbi.org.in/Scripts/NotificationUser.aspx,2026-05-30T08:47:27.988164+00:00
2005-08-16,Tender for Competitive Bids,,https://www.rbi.org.in/Scripts/NotificationUser.aspx?Id=2442&Mode=0,https://www.rbi.org.in/Scripts/NotificationUser.aspx,2026-05-30T08:47:27.988164+00:00
2005-08-16,GOI Notification,,https://www.rbi.org.in/Scripts/NotificationUser.aspx?Id=2441&Mode=0,https://www.rbi.org.in/Scripts/NotificationUser.aspx,2026-05-30T08:47:27.988164+00:00
2005-08-16,Tender for Non - Competitive Bids,,https://www.rbi.org.in/Scripts/NotificationUser.aspx?Id=2440&Mode=0,https://www.rbi.org.in/Scripts/NotificationUser.aspx,2026-05-30T08:47:27.988164+00:00
2005-08-16,Tender for Competitive Bids,,https://www.rbi.org.in/Scripts/NotificationUser.aspx?Id=2439&Mode=0,https://www.rbi.org.in/Scripts/NotificationUser.aspx,2026-05-30T08:47:27.988164+00:00
2005-08-16,GOI Notification,,https://www.rbi.org.in/Scripts/NotificationUser.aspx?Id=2438&Mode=0,https://www.rbi.org.in/Scripts/NotificationUser.aspx,2026-05-30T08:47:27.988164+00:00
2005-08-16,Scheme for Non-competitive Bidding Facility,,https://www.rbi.org.in/Scripts/NotificationUser.aspx?Id=2437&Mode=0,https://www.rbi.org.in/Scripts/NotificationUser.aspx,2026-05-30T08:47:27.988164+00:00
2005-08-16,RBI Notification,,https://www.rbi.org.in/Scripts/NotificationUser.aspx?Id=2436&Mode=0,https://www.rbi.org.in/Scripts/NotificationUser.aspx,2026-05-30T08:47:27.988164+00:00
2005-08-12,Formation of new districts in Haryana – Assignment of Lead Bank responsibility,,https://www.rbi.org.in/Scripts/NotificationUser.aspx?Id=2435&Mode=0,https://www.rbi.org.in/Scripts/NotificationUser.aspx,2026-05-30T08:47:27.988164+00:00
2005-08-11,"Foreign Exchange Management (Transfer or issue of any Foreign Security) (Third Amendment) Regulations, 2005",,https://www.rbi.org.in/Scripts/NotificationUser.aspx?Id=2680&Mode=0,https://www.rbi.org.in/Scripts/NotificationUser.aspx,2026-05-30T08:47:27.988164+00:00
2005-08-11,Foreign Investment in Print media sector,,https://www.rbi.org.in/Scripts/NotificationUser.aspx?Id=2426&Mode=0,https://www.rbi.org.in/Scripts/NotificationUser.aspx,2026-05-30T08:47:27.988164+00:00
2005-08-10,Master Circular on Conduct of Government Business by Agency Banks- Payment of Agency Commission,,https://www.rbi.org.in/Scripts/NotificationUser.aspx?Id=2433&Mode=0,https://www.rbi.org.in/Scripts/NotificationUser.aspx,2026-05-30T08:47:27.988164+00:00
2005-08-10,Indian banknotes with additional/new security features,,https://www.rbi.org.in/Scripts/NotificationUser.aspx?Id=2424&Mode=0,https://www.rbi.org.in/Scripts/NotificationUser.aspx,2026-05-30T08:47:27.988164+00:00
2005-08-08,PMRY – Extension of Cut-Off date for completion of disbursement of loans for the programme year 2004-05 - for the state of ASSAM,,https://www.rbi.org.in/Scripts/NotificationUser.aspx?Id=2420&Mode=0,https://www.rbi.org.in/Scripts/NotificationUser.aspx,2026-05-30T08:47:27.988164+00:00
2005-08-06,OLTAS- Software Validations at Banks,Software,https://www.rbi.org.in/Scripts/NotificationUser.aspx?Id=2478&Mode=0,https://www.rbi.org.in/Scripts/NotificationUser.aspx,2026-05-30T08:47:27.988164+00:00
2005-08-06,Tax Counterfoil for Cash Payments/ Debit to A/c. with the designated branch,,https://www.rbi.org.in/Scripts/NotificationUser.aspx?Id=2477&Mode=0,https://www.rbi.org.in/Scripts/NotificationUser.aspx,2026-05-30T08:47:27.988164+00:00
2005-08-05,"Submission of Annual Information Return relating to issue of Bonds for Rs. 5 lakh or more under Section 285 BA of Income Tax Act, 1961",,https://www.rbi.org.in/Scripts/NotificationUser.aspx?Id=2454&Mode=0,https://www.rbi.org.in/Scripts/NotificationUser.aspx,2026-05-30T08:47:27.988164+00:00
2005-08-05,Tender for Non - Competitive Bids,,https://www.rbi.org.in/Scripts/NotificationUser.aspx?Id=2418&Mode=0,https://www.rbi.org.in/Scripts/NotificationUser.aspx,2026-05-30T08:47:27.988164+00:00
2005-08-05,Tender for Competitive Bids,,https://www.rbi.org.in/Scripts/NotificationUser.aspx?Id=2417&Mode=0,https://www.rbi.org.in/Scripts/NotificationUser.aspx,2026-05-30T08:47:27.988164+00:00
2005-08-05,GOI Notification,,https://www.rbi.org.in/Scripts/NotificationUser.aspx?Id=2416&Mode=0,https://www.rbi.org.in/Scripts/NotificationUser.aspx,2026-05-30T08:47:27.988164+00:00
2005-08-05,Tender for Non - Competitive Bids,,https://www.rbi.org.in/Scripts/NotificationUser.aspx?Id=2415&Mode=0,https://www.rbi.org.in/Scripts/NotificationUser.aspx,2026-05-30T08:47:27.988164+00:00
2005-08-05,Tender for Competitive Bids,,https://www.rbi.org.in/Scripts/NotificationUser.aspx?Id=2414&Mode=0,https://www.rbi.org.in/Scripts/NotificationUser.aspx,2026-05-30T08:47:27.988164+00:00
2005-08-05,GOI Notification,,https://www.rbi.org.in/Scripts/NotificationUser.aspx?Id=2413&Mode=0,https://www.rbi.org.in/Scripts/NotificationUser.aspx,2026-05-30T08:47:27.988164+00:00
2005-08-05,Scheme for Non-competitive Bidding Facility,,https://www.rbi.org.in/Scripts/NotificationUser.aspx?Id=2412&Mode=0,https://www.rbi.org.in/Scripts/NotificationUser.aspx,2026-05-30T08:47:27.988164+00:00
2005-08-05,RBI Notification,,https://www.rbi.org.in/Scripts/NotificationUser.aspx?Id=2411&Mode=0,https://www.rbi.org.in/Scripts/NotificationUser.aspx,2026-05-30T08:47:27.988164+00:00
2005-08-03,Facilitating opening of bank accounts for flood affected persons,,https://www.rbi.org.in/Scripts/NotificationUser.aspx?Id=2409&Mode=0,https://www.rbi.org.in/Scripts/NotificationUser.aspx,2026-05-30T08:47:27.988164+00:00
2005-08-02,Shortages in currency chests - Strengthening of internal control systems in banks maintaining currency chests,,https://www.rbi.org.in/Scripts/NotificationUser.aspx?Id=2405&Mode=0,https://www.rbi.org.in/Scripts/NotificationUser.aspx,2026-05-30T08:47:27.988164+00:00
2005-08-01,PMRY - Cut-off date extended,,https://www.rbi.org.in/Scripts/NotificationUser.aspx?Id=2403&Mode=0,https://www.rbi.org.in/Scripts/NotificationUser.aspx,2026-05-30T08:47:27.988164+00:00
2005-08-01,External Commercial Borrowings (ECB),,https://www.rbi.org.in/Scripts/NotificationUser.aspx?Id=2402&Mode=0,https://www.rbi.org.in/Scripts/NotificationUser.aspx,2026-05-30T08:47:27.988164+00:00
2022-11-23,Modified Interest Subvention Scheme for Short Term Loans for Agriculture and Allied Activities availed through Kisan Credit Card (KCC) during the financial years 2022-23 and 2023-24,,https://www.rbi.org.in/Scripts/NotificationUser.aspx?Id=12411&Mode=0,https://www.rbi.org.in/Scripts/NotificationUser.aspx,2026-05-30T08:47:28.634025+00:00
2022-11-17,Formation of new districts in the State of Nagaland – Assignment of Lead Bank Responsibility,,https://www.rbi.org.in/Scripts/NotificationUser.aspx?Id=12410&Mode=0,https://www.rbi.org.in/Scripts/NotificationUser.aspx,2026-05-30T08:47:28.634025+00:00
2022-11-17,Exim Bank’s GoI supported Line of Credit of USD 300 Mn to the SBM (Mauritius) Infrastructure Development Company Ltd. for Construction of Phase-IV of the Mauritius Metro Express Project in Mauritius,,https://www.rbi.org.in/Scripts/NotificationUser.aspx?Id=12409&Mode=0,https://www.rbi.org.in/Scripts/NotificationUser.aspx,2026-05-30T08:47:28.634025+00:00
2022-11-14,Agency Commission for Direct Tax collection under TIN 2.0 regime,,https://www.rbi.org.in/Scripts/NotificationUser.aspx?Id=12408&Mode=0,https://www.rbi.org.in/Scripts/NotificationUser.aspx,2026-05-30T08:47:28.634025+00:00
2005-07-30,OLTAS - Errors in Data Entry,,https://www.rbi.org.in/Scripts/NotificationUser.aspx?Id=2407&Mode=0,https://www.rbi.org.in/Scripts/NotificationUser.aspx,2026-05-30T08:47:30.639438+00:00
2005-07-30,Submission of Information on Banking Cash Transaction Tax,,https://www.rbi.org.in/Scripts/NotificationUser.aspx?Id=2406&Mode=0,https://www.rbi.org.in/Scripts/NotificationUser.aspx,2026-05-30T08:47:30.639438+00:00
2005-07-30,Master Circular on Micro Credit,,https://www.rbi.org.in/Scripts/NotificationUser.aspx?Id=2401&Mode=0,https://www.rbi.org.in/Scripts/NotificationUser.aspx,2026-05-30T08:47:30.639438+00:00
2005-07-29,Guidelines for relief measures by banks in areas affected by unprecedented rains and floods in Maharashtra,,https://www.rbi.org.in/Scripts/NotificationUser.aspx?Id=2400&Mode=0,https://www.rbi.org.in/Scripts/NotificationUser.aspx,2026-05-30T08:47:30.639438+00:00
2005-07-29,Foreign Direct Investment in Petroleum Sector and Air Transport Services,,https://www.rbi.org.in/Scripts/NotificationUser.aspx?Id=2399&Mode=0,https://www.rbi.org.in/Scripts/NotificationUser.aspx,2026-05-30T08:47:30.639438+00:00
2005-07-26,OLTAS- File Segregation Utility developed by Tax Information Network (TIN),,https://www.rbi.org.in/Scripts/NotificationUser.aspx?Id=2397&Mode=0,https://www.rbi.org.in/Scripts/NotificationUser.aspx,2026-05-30T08:47:30.639438+00:00
2005-07-26,FCNR (B) Deposit Scheme,,https://www.rbi.org.in/Scripts/NotificationUser.aspx?Id=2392&Mode=0,https://www.rbi.org.in/Scripts/NotificationUser.aspx,2026-05-30T08:47:30.639438+00:00
2005-07-25,Computerisation of Currency Chest operations,,https://www.rbi.org.in/Scripts/NotificationUser.aspx?Id=2398&Mode=0,https://www.rbi.org.in/Scripts/NotificationUser.aspx,2026-05-30T08:47:30.639438+00:00
2005-07-25,Conduct of Government Business – Agency Commission – Revision of Rates,,https://www.rbi.org.in/Scripts/NotificationUser.aspx?Id=2390&Mode=0,https://www.rbi.org.in/Scripts/NotificationUser.aspx,2026-05-30T08:47:30.639438+00:00
2005-07-23,Risk Management and Inter- bank Dealings - Commodity Hedging,,https://www.rbi.org.in/Scripts/NotificationUser.aspx?Id=2384&Mode=0,https://www.rbi.org.in/Scripts/NotificationUser.aspx,2026-05-30T08:47:30.639438+00:00
2005-07-22,G.S.R.No.514(E)/29.07.2005,G.S.R.No.514(E)/29.07.2005,https://www.rbi.org.in/Scripts/NotificationUser.aspx?Id=3933&Mode=0,https://www.rbi.org.in/Scripts/NotificationUser.aspx,2026-05-30T08:47:30.639438+00:00
2005-07-22,"Foreign Exchange Management (Transfer or issue of Security by a Person Resident outside India) ( Fourth Amendment) Regulations, 2005",,https://www.rbi.org.in/Scripts/NotificationUser.aspx?Id=2510&Mode=0,https://www.rbi.org.in/Scripts/NotificationUser.aspx,2026-05-30T08:47:30.639438+00:00
2005-07-20,Transactions in Government Securities,,https://www.rbi.org.in/Scripts/NotificationUser.aspx?Id=2380&Mode=0,https://www.rbi.org.in/Scripts/NotificationUser.aspx,2026-05-30T08:47:30.639438+00:00
2005-07-19,"Foreign Exchange Management (Transfer or issue of Security by a Person Resident outside India) (Third Amendment) Regulations, 2005",,https://www.rbi.org.in/Scripts/NotificationUser.aspx?Id=2450&Mode=0,https://www.rbi.org.in/Scripts/NotificationUser.aspx,2026-05-30T08:47:30.639438+00:00
2005-07-18,Non-acceptance of Fringe Benefit Tax by bank branches- corrigendum,,https://www.rbi.org.in/Scripts/NotificationUser.aspx?Id=2396&Mode=0,https://www.rbi.org.in/Scripts/NotificationUser.aspx,2026-05-30T08:47:30.639438+00:00
2005-07-18,"New Major Head for Accounting ""Securities Transaction Tax""",,https://www.rbi.org.in/Scripts/NotificationUser.aspx?Id=2395&Mode=0,https://www.rbi.org.in/Scripts/NotificationUser.aspx,2026-05-30T08:47:30.639438+00:00
2005-07-18,Master Circular - Lending to Priority Sector,,https://www.rbi.org.in/Scripts/NotificationUser.aspx?Id=2378&Mode=0,https://www.rbi.org.in/Scripts/NotificationUser.aspx,2026-05-30T08:47:30.639438+00:00
2005-07-18,Exim Bank's Line of Credit of USD 2 Million to Trade and Investment Development Corporation of the Philippines - TIDCORP (also known as Philippine Export-Import Credit Agency – PhilEXIM,,https://www.rbi.org.in/Scripts/NotificationUser.aspx?Id=2375&Mode=0,https://www.rbi.org.in/Scripts/NotificationUser.aspx,2026-05-30T08:47:30.639438+00:00
2005-07-14,Master Circular Priority Sector Lending- Special Programmes Swarna Jayanti Shahari Rozgar Yojana (SJSRY),,https://www.rbi.org.in/Scripts/NotificationUser.aspx?Id=2373&Mode=0,https://www.rbi.org.in/Scripts/NotificationUser.aspx,2026-05-30T08:47:30.639438+00:00
2005-07-14,Tender for Non - Competitive Bids,,https://www.rbi.org.in/Scripts/NotificationUser.aspx?Id=2371&Mode=0,https://www.rbi.org.in/Scripts/NotificationUser.aspx,2026-05-30T08:47:30.639438+00:00
2005-07-14,Tender for Competitive Bids,,https://www.rbi.org.in/Scripts/NotificationUser.aspx?Id=2370&Mode=0,https://www.rbi.org.in/Scripts/NotificationUser.aspx,2026-05-30T08:47:30.639438+00:00
2005-07-14,GOI Notification,,https://www.rbi.org.in/Scripts/NotificationUser.aspx?Id=2369&Mode=0,https://www.rbi.org.in/Scripts/NotificationUser.aspx,2026-05-30T08:47:30.639438+00:00
2005-07-14,Scheme for Non-competitive Bidding Facility,,https://www.rbi.org.in/Scripts/NotificationUser.aspx?Id=2368&Mode=0,https://www.rbi.org.in/Scripts/NotificationUser.aspx,2026-05-30T08:47:30.639438+00:00
2005-07-14,RBI Notification,,https://www.rbi.org.in/Scripts/NotificationUser.aspx?Id=2367&Mode=0,https://www.rbi.org.in/Scripts/NotificationUser.aspx,2026-05-30T08:47:30.639438+00:00
2005-07-14,Non-acceptance of Fringe Benefit Tax by bank branches,,https://www.rbi.org.in/Scripts/NotificationUser.aspx?Id=2366&Mode=0,https://www.rbi.org.in/Scripts/NotificationUser.aspx,2026-05-30T08:47:30.639438+00:00
2005-07-14,Target under PMRY for the year 2005-2006 – Revision there of,,https://www.rbi.org.in/Scripts/NotificationUser.aspx?Id=2364&Mode=0,https://www.rbi.org.in/Scripts/NotificationUser.aspx,2026-05-30T08:47:30.639438+00:00
2005-07-13,Guidelines on purchase/sale of Non Performing Assets,,https://www.rbi.org.in/Scripts/NotificationUser.aspx?Id=2372&Mode=0,https://www.rbi.org.in/Scripts/NotificationUser.aspx,2026-05-30T08:47:30.639438+00:00
2005-07-12,"Import of Goods of Value USD 100,000 and Less -Clarification on Follow up for Evidence of Import",,https://www.rbi.org.in/Scripts/NotificationUser.aspx?Id=2359&Mode=0,https://www.rbi.org.in/Scripts/NotificationUser.aspx,2026-05-30T08:47:30.639438+00:00
2005-07-12,Master Circular on Priority Sector Lending- Special Programmes- Swarnjayanti Gram Swarozgar Yojana (SGSY),,https://www.rbi.org.in/Scripts/NotificationUser.aspx?Id=2357&Mode=0,https://www.rbi.org.in/Scripts/NotificationUser.aspx,2026-05-30T08:47:30.639438+00:00
2005-07-12,Master Circular – Operational Guidelines to Primary Dealers,,https://www.rbi.org.in/Scripts/NotificationUser.aspx?Id=2355&Mode=0,https://www.rbi.org.in/Scripts/NotificationUser.aspx,2026-05-30T08:47:30.639438+00:00
2005-07-06,Lead Bank Scheme - Participation of Member of Parliaments (MPs)/ Public Representatives in District Level Review Committee (DLRC) Meetings,,https://www.rbi.org.in/Scripts/NotificationUser.aspx?Id=2313&Mode=0,https://www.rbi.org.in/Scripts/NotificationUser.aspx,2026-05-30T08:47:30.639438+00:00
2005-07-05,Insurance Scheme for KCC Holders,,https://www.rbi.org.in/Scripts/NotificationUser.aspx?Id=2314&Mode=0,https://www.rbi.org.in/Scripts/NotificationUser.aspx,2026-05-30T08:47:30.639438+00:00
2005-07-04,Finance Act 2005- Changes in Major Head and Challans - OLTAS,,https://www.rbi.org.in/Scripts/NotificationUser.aspx?Id=2316&Mode=0,https://www.rbi.org.in/Scripts/NotificationUser.aspx,2026-05-30T08:47:30.639438+00:00
2005-07-01,Master Circular-Priority Sector Lending - Credit facilities to Minority Communities,,https://www.rbi.org.in/Scripts/NotificationUser.aspx?Id=2353&Mode=0,https://www.rbi.org.in/Scripts/NotificationUser.aspx,2026-05-30T08:47:30.639438+00:00
2005-07-01,Master Circular - Priority Sector Lending- Special Programmes Scheme for Liberation and Rehabilitation of Scavengers (SLRS),,https://www.rbi.org.in/Scripts/NotificationUser.aspx?Id=2352&Mode=0,https://www.rbi.org.in/Scripts/NotificationUser.aspx,2026-05-30T08:47:30.639438+00:00
2005-07-01,Master Circular on Prime Minister’s Rozgar Yojana (PMRY),,https://www.rbi.org.in/Scripts/NotificationUser.aspx?Id=2351&Mode=0,https://www.rbi.org.in/Scripts/NotificationUser.aspx,2026-05-30T08:47:30.639438+00:00
2005-07-01,Master Circular - Lending to Small Scale Industries Sector,,https://www.rbi.org.in/Scripts/NotificationUser.aspx?Id=2350&Mode=0,https://www.rbi.org.in/Scripts/NotificationUser.aspx,2026-05-30T08:47:30.639438+00:00
2005-07-01,"Master Circular - Non-Banking Financial Companies Prudential Norms (Reserve Bank) Directions, 1998",,https://www.rbi.org.in/Scripts/NotificationUser.aspx?Id=2347&Mode=0,https://www.rbi.org.in/Scripts/NotificationUser.aspx,2026-05-30T08:47:30.639438+00:00
2005-07-01,Master Circular- Risk Management and Inter-Bank Dealings,,https://www.rbi.org.in/Scripts/NotificationUser.aspx?Id=2344&Mode=0,https://www.rbi.org.in/Scripts/NotificationUser.aspx,2026-05-30T08:47:30.639438+00:00
2005-07-01,Master Circular - Residuary Non - Banking Companies [RBI Directions 1987],,https://www.rbi.org.in/Scripts/NotificationUser.aspx?Id=2342&Mode=0,https://www.rbi.org.in/Scripts/NotificationUser.aspx,2026-05-30T08:47:30.639438+00:00
2005-07-01,Master Circular - Miscellaneous Non - Banking Companies [RBI Directions 1977],,https://www.rbi.org.in/Scripts/NotificationUser.aspx?Id=2341&Mode=0,https://www.rbi.org.in/Scripts/NotificationUser.aspx,2026-05-30T08:47:30.639438+00:00
2005-07-01,Master Circular - NBFC's - Acceptance of Public Deposits,,https://www.rbi.org.in/Scripts/NotificationUser.aspx?Id=2340&Mode=0,https://www.rbi.org.in/Scripts/NotificationUser.aspx,2026-05-30T08:47:30.639438+00:00
2005-07-01,Master Circular on Guidelines for Issue of Certificates of Deposit,,https://www.rbi.org.in/Scripts/NotificationUser.aspx?Id=2339&Mode=0,https://www.rbi.org.in/Scripts/NotificationUser.aspx,2026-05-30T08:47:30.639438+00:00
2005-07-01,Master Circular on Guidelines for Issue of Commercial Paper,,https://www.rbi.org.in/Scripts/NotificationUser.aspx?Id=2338&Mode=0,https://www.rbi.org.in/Scripts/NotificationUser.aspx,2026-05-30T08:47:30.639438+00:00
2005-07-01,"Master Circular on Export Credit - Customer Service, Simplification of Procedures for Delivery and Reporting Requirements",,https://www.rbi.org.in/Scripts/NotificationUser.aspx?Id=2337&Mode=0,https://www.rbi.org.in/Scripts/NotificationUser.aspx,2026-05-30T08:47:30.639438+00:00
2005-07-01,Master Circular- External Commercial Borrowings and Trade Credits,,https://www.rbi.org.in/Scripts/NotificationUser.aspx?Id=2334&Mode=0,https://www.rbi.org.in/Scripts/NotificationUser.aspx,2026-05-30T08:47:30.639438+00:00
2005-07-01,Master Circular - Foreign Investments in India,,https://www.rbi.org.in/Scripts/NotificationUser.aspx?Id=2331&Mode=0,https://www.rbi.org.in/Scripts/NotificationUser.aspx,2026-05-30T08:47:30.639438+00:00
2005-07-01,Master Circular Priority Sector Lending-Credit facilities to Scheduled Castes (SCs) & Scheduled Tribes (STs),,https://www.rbi.org.in/Scripts/NotificationUser.aspx?Id=2330&Mode=0,https://www.rbi.org.in/Scripts/NotificationUser.aspx,2026-05-30T08:47:30.639438+00:00
2005-07-01,Master Circular - Guidelines for Relief Measures by Banks in areas affected by Natural Calamities,,https://www.rbi.org.in/Scripts/NotificationUser.aspx?Id=2329&Mode=0,https://www.rbi.org.in/Scripts/NotificationUser.aspx,2026-05-30T08:47:30.639438+00:00
2005-07-01,Master Circular - Regulations relating to Maintenance of Liquid Assets by NBFCs/RNBCs,,https://www.rbi.org.in/Scripts/NotificationUser.aspx?Id=2327&Mode=0,https://www.rbi.org.in/Scripts/NotificationUser.aspx,2026-05-30T08:47:30.639438+00:00
2005-07-01,"Master Circular - Non-Banking Financial Companies Auditor’s Report (Reserve Bank) Directions, 1998",,https://www.rbi.org.in/Scripts/NotificationUser.aspx?Id=2326&Mode=0,https://www.rbi.org.in/Scripts/NotificationUser.aspx,2026-05-30T08:47:30.639438+00:00
2005-07-01,Master Circular on Call/Notice Money Market Operations,,https://www.rbi.org.in/Scripts/NotificationUser.aspx?Id=2325&Mode=0,https://www.rbi.org.in/Scripts/NotificationUser.aspx,2026-05-30T08:47:30.639438+00:00
2005-07-01,Master Circular on Export Credit Refinance Facility,,https://www.rbi.org.in/Scripts/NotificationUser.aspx?Id=2324&Mode=0,https://www.rbi.org.in/Scripts/NotificationUser.aspx,2026-05-30T08:47:30.639438+00:00
2005-07-01,Priority Sector Lending – Investment by banks in venture capital,,https://www.rbi.org.in/Scripts/NotificationUser.aspx?Id=2323&Mode=0,https://www.rbi.org.in/Scripts/NotificationUser.aspx,2026-05-30T08:47:30.639438+00:00
2005-07-01,Master Circular – Non-Resident Ordinary Rupee (NRO) Account,,https://www.rbi.org.in/Scripts/NotificationUser.aspx?Id=2322&Mode=0,https://www.rbi.org.in/Scripts/NotificationUser.aspx,2026-05-30T08:47:30.639438+00:00
2005-07-01,Master Circular- Remittance facilities for Non-Resident Indians/Persons of Indian Origin/Foreign Nationals,,https://www.rbi.org.in/Scripts/NotificationUser.aspx?Id=2321&Mode=0,https://www.rbi.org.in/Scripts/NotificationUser.aspx,2026-05-30T08:47:30.639438+00:00
2005-07-01,Master Circular-Miscellaneous Remittances from India – Facilities for Residents,,https://www.rbi.org.in/Scripts/NotificationUser.aspx?Id=2320&Mode=0,https://www.rbi.org.in/Scripts/NotificationUser.aspx,2026-05-30T08:47:30.639438+00:00
2005-07-01,Master Circular - Direct Investment by Residents in Joint Venture (JV)/ Wholly Owned Subsidiary(WOS) abroad,,https://www.rbi.org.in/Scripts/NotificationUser.aspx?Id=2319&Mode=0,https://www.rbi.org.in/Scripts/NotificationUser.aspx,2026-05-30T08:47:30.639438+00:00
2005-07-01,Tender for Non - Competitive Bids,,https://www.rbi.org.in/Scripts/NotificationUser.aspx?Id=2312&Mode=0,https://www.rbi.org.in/Scripts/NotificationUser.aspx,2026-05-30T08:47:30.639438+00:00
2005-07-01,Tender for Competitive Bids,,https://www.rbi.org.in/Scripts/NotificationUser.aspx?Id=2311&Mode=0,https://www.rbi.org.in/Scripts/NotificationUser.aspx,2026-05-30T08:47:30.639438+00:00
2005-07-01,GOI Notification,,https://www.rbi.org.in/Scripts/NotificationUser.aspx?Id=2310&Mode=0,https://www.rbi.org.in/Scripts/NotificationUser.aspx,2026-05-30T08:47:30.639438+00:00
2005-07-01,Tender for Non - Competitive Bids,,https://www.rbi.org.in/Scripts/NotificationUser.aspx?Id=2309&Mode=0,https://www.rbi.org.in/Scripts/NotificationUser.aspx,2026-05-30T08:47:30.639438+00:00
2005-07-01,Tender for Competitive Bids,,https://www.rbi.org.in/Scripts/NotificationUser.aspx?Id=2308&Mode=0,https://www.rbi.org.in/Scripts/NotificationUser.aspx,2026-05-30T08:47:30.639438+00:00
2005-07-01,GOI Notification,,https://www.rbi.org.in/Scripts/NotificationUser.aspx?Id=2307&Mode=0,https://www.rbi.org.in/Scripts/NotificationUser.aspx,2026-05-30T08:47:30.639438+00:00
2005-07-01,Scheme for Non-competitive Bidding Facility,,https://www.rbi.org.in/Scripts/NotificationUser.aspx?Id=2306&Mode=0,https://www.rbi.org.in/Scripts/NotificationUser.aspx,2026-05-30T08:47:30.639438+00:00
2005-07-01,RBI Notification,,https://www.rbi.org.in/Scripts/NotificationUser.aspx?Id=2305&Mode=0,https://www.rbi.org.in/Scripts/NotificationUser.aspx,2026-05-30T08:47:30.639438+00:00
2022-10-27,"Designation of 10 individuals as ‘Terrorists’ under Section 35 (1) (a) of the Unlawful Activities (Prevention) Act (UAPA), 1967 and their listing in the Schedule IV of the Act- Reg.",,https://www.rbi.org.in/Scripts/NotificationUser.aspx?Id=12406&Mode=0,https://www.rbi.org.in/Scripts/NotificationUser.aspx,2026-05-30T08:47:31.152655+00:00
2022-10-20,Exim Bank’s Short-Term Line of Credit (STLoC) of EUR 100 million to the Banco Exterior de Cuba for purchase of rice from India,,https://www.rbi.org.in/Scripts/NotificationUser.aspx?Id=12405&Mode=0,https://www.rbi.org.in/Scripts/NotificationUser.aspx,2026-05-30T08:47:31.152655+00:00
2022-10-13,Claims Received from the National Credit Guarantee Trustee Company Ltd (NCGTC) - Classification for the Purpose of Maintenance of Cash Reserve Ratio (CRR)/Statutory Liquidity Ratio (SLR),,https://www.rbi.org.in/Scripts/NotificationUser.aspx?Id=12403&Mode=0,https://www.rbi.org.in/Scripts/NotificationUser.aspx,2026-05-30T08:47:31.152655+00:00
2022-10-11,"Reserve Bank of India (Financial Statements - Presentation and Disclosures) Directions, 2021 - Disclosure of Divergence in Asset Classification and Provisioning",,https://www.rbi.org.in/Scripts/NotificationUser.aspx?Id=12401&Mode=0,https://www.rbi.org.in/Scripts/NotificationUser.aspx,2026-05-30T08:47:31.152655+00:00
2022-10-11,Multiple NBFCs in a Group: Classification in Middle Layer,,https://www.rbi.org.in/Scripts/NotificationUser.aspx?Id=12400&Mode=0,https://www.rbi.org.in/Scripts/NotificationUser.aspx,2026-05-30T08:47:31.152655+00:00
2022-10-11,Review of Regulatory Framework for Asset Reconstruction Companies (ARCs),,https://www.rbi.org.in/Scripts/NotificationUser.aspx?Id=12399&Mode=0,https://www.rbi.org.in/Scripts/NotificationUser.aspx,2026-05-30T08:47:31.152655+00:00
2022-10-06,Appointment of Internal Ombudsman by the Credit Information Companies,,https://www.rbi.org.in/Scripts/NotificationUser.aspx?Id=12395&Mode=0,https://www.rbi.org.in/Scripts/NotificationUser.aspx,2026-05-30T08:47:31.152655+00:00
2005-06-29,Exposure to Real Estate Sector,,https://www.rbi.org.in/Scripts/NotificationUser.aspx?Id=2304&Mode=0,https://www.rbi.org.in/Scripts/NotificationUser.aspx,2026-05-30T08:47:33.329290+00:00
2005-06-28,"Introduction of System of 'At Source' commission payments to PPF Agents with effect from June 1, 2004",Source,https://www.rbi.org.in/Scripts/NotificationUser.aspx?Id=2434&Mode=0,https://www.rbi.org.in/Scripts/NotificationUser.aspx,2026-05-30T08:47:33.329290+00:00
2005-06-23,Booking and Cancellation of Forward Contracts,,https://www.rbi.org.in/Scripts/NotificationUser.aspx?Id=2302&Mode=0,https://www.rbi.org.in/Scripts/NotificationUser.aspx,2026-05-30T08:47:33.329290+00:00
2005-06-20,Tender for Non - Competitive Bids,,https://www.rbi.org.in/Scripts/NotificationUser.aspx?Id=2301&Mode=0,https://www.rbi.org.in/Scripts/NotificationUser.aspx,2026-05-30T08:47:33.329290+00:00
2005-06-20,Tender for Competitive Bids,,https://www.rbi.org.in/Scripts/NotificationUser.aspx?Id=2300&Mode=0,https://www.rbi.org.in/Scripts/NotificationUser.aspx,2026-05-30T08:47:33.329290+00:00
2005-06-20,GOI Notification,,https://www.rbi.org.in/Scripts/NotificationUser.aspx?Id=2299&Mode=0,https://www.rbi.org.in/Scripts/NotificationUser.aspx,2026-05-30T08:47:33.329290+00:00
2005-06-20,Scheme for Non-competitive Bidding Facility,,https://www.rbi.org.in/Scripts/NotificationUser.aspx?Id=2298&Mode=0,https://www.rbi.org.in/Scripts/NotificationUser.aspx,2026-05-30T08:47:33.329290+00:00
2005-06-20,RBI Notification,,https://www.rbi.org.in/Scripts/NotificationUser.aspx?Id=2297&Mode=0,https://www.rbi.org.in/Scripts/NotificationUser.aspx,2026-05-30T08:47:33.329290+00:00
2005-06-20,Annual Closing of Accounts of Reserve Bank of India – Change in Holiday from June 30 to July 1 – Payment of Interest and Maturity proceeds on Relief / Savings Bonds,,https://www.rbi.org.in/Scripts/NotificationUser.aspx?Id=2296&Mode=0,https://www.rbi.org.in/Scripts/NotificationUser.aspx,2026-05-30T08:47:33.329290+00:00
2005-06-20,Sale of Securities allotted in Primary Issues - UCBs,,https://www.rbi.org.in/Scripts/NotificationUser.aspx?Id=2295&Mode=0,https://www.rbi.org.in/Scripts/NotificationUser.aspx,2026-05-30T08:47:33.329290+00:00
2005-06-20,Government Securities Transactions – T+1 Settlement - UCBs,,https://www.rbi.org.in/Scripts/NotificationUser.aspx?Id=2294&Mode=0,https://www.rbi.org.in/Scripts/NotificationUser.aspx,2026-05-30T08:47:33.329290+00:00
2005-06-20,Ready Forward Contracts - UCBs,,https://www.rbi.org.in/Scripts/NotificationUser.aspx?Id=2293&Mode=0,https://www.rbi.org.in/Scripts/NotificationUser.aspx,2026-05-30T08:47:33.329290+00:00
2005-06-17,Relief/Savings Bonds - Payment of half-yearly Interest,,https://www.rbi.org.in/Scripts/NotificationUser.aspx?Id=2292&Mode=0,https://www.rbi.org.in/Scripts/NotificationUser.aspx,2026-05-30T08:47:33.329290+00:00
2005-06-14,PMRY - Cut-Off date for completion of disbursement for the Programme Year 2004 -2005,,https://www.rbi.org.in/Scripts/NotificationUser.aspx?Id=2288&Mode=0,https://www.rbi.org.in/Scripts/NotificationUser.aspx,2026-05-30T08:47:33.329290+00:00
2005-06-14,Use of International Debit Cards/Store Value Cards/Charge Cards/Smart Cards by Resident Indians while on a visit outside India,,https://www.rbi.org.in/Scripts/NotificationUser.aspx?Id=2287&Mode=0,https://www.rbi.org.in/Scripts/NotificationUser.aspx,2026-05-30T08:47:33.329290+00:00
2005-06-09,NBFCs/RNBCs - Instructions relating to Government Securities Transactions relaxed,,https://www.rbi.org.in/Scripts/NotificationUser.aspx?Id=2283&Mode=0,https://www.rbi.org.in/Scripts/NotificationUser.aspx,2026-05-30T08:47:33.329290+00:00
2005-06-08,"Deferred Payment Protocols dated April 30, 1981 and December 23, 1985 between the Government of India and erstwhile USSR",,https://www.rbi.org.in/Scripts/NotificationUser.aspx?Id=2282&Mode=0,https://www.rbi.org.in/Scripts/NotificationUser.aspx,2026-05-30T08:47:33.329290+00:00
2005-06-04,Indian banknotes with additional/revised security features,,https://www.rbi.org.in/Scripts/NotificationUser.aspx?Id=2279&Mode=0,https://www.rbi.org.in/Scripts/NotificationUser.aspx,2026-05-30T08:47:33.329290+00:00
2005-06-03,"Operation of the Senior Citizens Savings Scheme, 2004 (SCSS)",,https://www.rbi.org.in/Scripts/NotificationUser.aspx?Id=2280&Mode=0,https://www.rbi.org.in/Scripts/NotificationUser.aspx,2026-05-30T08:47:33.329290+00:00
2005-06-02,Tender for Non - Competitive Bids,,https://www.rbi.org.in/Scripts/NotificationUser.aspx?Id=2703&Mode=0,https://www.rbi.org.in/Scripts/NotificationUser.aspx,2026-05-30T08:47:33.329290+00:00
2005-06-02,Tender for Competitive Bids,,https://www.rbi.org.in/Scripts/NotificationUser.aspx?Id=2702&Mode=0,https://www.rbi.org.in/Scripts/NotificationUser.aspx,2026-05-30T08:47:33.329290+00:00
2005-06-02,GOI Notification,,https://www.rbi.org.in/Scripts/NotificationUser.aspx?Id=2701&Mode=0,https://www.rbi.org.in/Scripts/NotificationUser.aspx,2026-05-30T08:47:33.329290+00:00
2005-06-02,Tender for Non - Competitive Bids,,https://www.rbi.org.in/Scripts/NotificationUser.aspx?Id=2700&Mode=0,https://www.rbi.org.in/Scripts/NotificationUser.aspx,2026-05-30T08:47:33.329290+00:00
2005-06-02,Tender for Competitive Bids,,https://www.rbi.org.in/Scripts/NotificationUser.aspx?Id=2699&Mode=0,https://www.rbi.org.in/Scripts/NotificationUser.aspx,2026-05-30T08:47:33.329290+00:00
2005-06-02,GOI Notification,,https://www.rbi.org.in/Scripts/NotificationUser.aspx?Id=2698&Mode=0,https://www.rbi.org.in/Scripts/NotificationUser.aspx,2026-05-30T08:47:33.329290+00:00
2005-06-02,Scheme for Non-competitive Bidding Facility,,https://www.rbi.org.in/Scripts/NotificationUser.aspx?Id=2697&Mode=0,https://www.rbi.org.in/Scripts/NotificationUser.aspx,2026-05-30T08:47:33.329290+00:00
2005-06-02,RBI Notification,,https://www.rbi.org.in/Scripts/NotificationUser.aspx?Id=2696&Mode=0,https://www.rbi.org.in/Scripts/NotificationUser.aspx,2026-05-30T08:47:33.329290+00:00
2022-09-30,"Late Submission Fee for reporting delays under Foreign Exchange Management Act, 1999 (FEMA)",,https://www.rbi.org.in/Scripts/NotificationUser.aspx?Id=12393&Mode=0,https://www.rbi.org.in/Scripts/NotificationUser.aspx,2026-05-30T08:47:33.817508+00:00
2022-09-30,Standing Liquidity Facility for Primary Dealers,,https://www.rbi.org.in/Scripts/NotificationUser.aspx?Id=12392&Mode=0,https://www.rbi.org.in/Scripts/NotificationUser.aspx,2026-05-30T08:47:33.817508+00:00
2022-09-30,Liquidity Adjustment Facility- Change in rates,,https://www.rbi.org.in/Scripts/NotificationUser.aspx?Id=12391&Mode=0,https://www.rbi.org.in/Scripts/NotificationUser.aspx,2026-05-30T08:47:33.817508+00:00
2022-09-19,United Nations Security Council Resolutions (UNSCR) 1718 Sanctions Committee on Democratic People’s Republic of Korea (DPRK) amends 02 existing entries on its Sanctions List,,https://www.rbi.org.in/Scripts/NotificationUser.aspx?Id=12390&Mode=0,https://www.rbi.org.in/Scripts/NotificationUser.aspx,2026-05-30T08:47:33.817508+00:00
2022-09-19,Compliance Function and Role of Chief Compliance Officer (CCO)- Urban Co-operative Banks,,https://www.rbi.org.in/Scripts/NotificationUser.aspx?Id=12389&Mode=0,https://www.rbi.org.in/Scripts/NotificationUser.aspx,2026-05-30T08:47:33.817508+00:00
2022-09-15,Exim Bank’s GOI-supported Line of Credit of USD 448 million to the Government of Republic of Uzbekistan for Social Infrastructure and Other Development Projects,Social,https://www.rbi.org.in/Scripts/NotificationUser.aspx?Id=12387&Mode=0,https://www.rbi.org.in/Scripts/NotificationUser.aspx,2026-05-30T08:47:33.817508+00:00
2022-09-15,Rupee Drawing Arrangement - Enabling Bharat Bill Payment System (BBPS) to process cross-border inbound Bill Payments,,https://www.rbi.org.in/Scripts/NotificationUser.aspx?Id=12386&Mode=0,https://www.rbi.org.in/Scripts/NotificationUser.aspx,2026-05-30T08:47:33.817508+00:00
2022-09-08,Exim Bank's Government of India supported Line of Credit (LoC) of USD 108.28 million to the Government of the Kingdom of Eswatini (Swaziland) for the purpose of financing construction of new Parliament Building in Eswatini,,https://www.rbi.org.in/Scripts/NotificationUser.aspx?Id=12385&Mode=0,https://www.rbi.org.in/Scripts/NotificationUser.aspx,2026-05-30T08:47:33.817508+00:00
2022-09-06,Incentive for improving service to non-chest branches,,https://www.rbi.org.in/Scripts/NotificationUser.aspx?Id=12383&Mode=0,https://www.rbi.org.in/Scripts/NotificationUser.aspx,2026-05-30T08:47:33.817508+00:00
2022-09-02,Guidelines on Digital Lending,,https://www.rbi.org.in/Scripts/NotificationUser.aspx?Id=12382&Mode=0,https://www.rbi.org.in/Scripts/NotificationUser.aspx,2026-05-30T08:47:33.817508+00:00
2005-05-30,Inter Branch Adjustment Accounts- Provisioning for Net Debit Balances,,https://www.rbi.org.in/Scripts/NotificationUser.aspx?Id=2273&Mode=0,https://www.rbi.org.in/Scripts/NotificationUser.aspx,2026-05-30T08:47:35.996302+00:00
2005-05-26,Credit Mobilisation target under Swarnjayanti Gram Swarozgar Yojana (SGSY) during the year 2005-06,,https://www.rbi.org.in/Scripts/NotificationUser.aspx?Id=2265&Mode=0,https://www.rbi.org.in/Scripts/NotificationUser.aspx,2026-05-30T08:47:35.996302+00:00
2005-05-25,"Public Provident Fund Scheme, 1968 - Clarifications",,https://www.rbi.org.in/Scripts/NotificationUser.aspx?Id=2290&Mode=0,https://www.rbi.org.in/Scripts/NotificationUser.aspx,2026-05-30T08:47:35.996302+00:00
2005-05-24,Security Arrangements for guarding currency chests,,https://www.rbi.org.in/Scripts/NotificationUser.aspx?Id=2266&Mode=0,https://www.rbi.org.in/Scripts/NotificationUser.aspx,2026-05-30T08:47:35.996302+00:00
2005-05-21,Information on Interest Rates,,https://www.rbi.org.in/Scripts/NotificationUser.aspx?Id=2272&Mode=0,https://www.rbi.org.in/Scripts/NotificationUser.aspx,2026-05-30T08:47:35.996302+00:00
2005-05-20,Tender for Non - Competitive Bids,,https://www.rbi.org.in/Scripts/NotificationUser.aspx?Id=2695&Mode=0,https://www.rbi.org.in/Scripts/NotificationUser.aspx,2026-05-30T08:47:35.996302+00:00
2005-05-20,Tender for Competitive Bids,,https://www.rbi.org.in/Scripts/NotificationUser.aspx?Id=2694&Mode=0,https://www.rbi.org.in/Scripts/NotificationUser.aspx,2026-05-30T08:47:35.996302+00:00
2005-05-20,GOI Notification,,https://www.rbi.org.in/Scripts/NotificationUser.aspx?Id=2693&Mode=0,https://www.rbi.org.in/Scripts/NotificationUser.aspx,2026-05-30T08:47:35.996302+00:00
2005-05-20,Scheme for Non-competitive Bidding Facility,,https://www.rbi.org.in/Scripts/NotificationUser.aspx?Id=2692&Mode=0,https://www.rbi.org.in/Scripts/NotificationUser.aspx,2026-05-30T08:47:35.996302+00:00
2005-05-20,RBI Notification,,https://www.rbi.org.in/Scripts/NotificationUser.aspx?Id=2691&Mode=0,https://www.rbi.org.in/Scripts/NotificationUser.aspx,2026-05-30T08:47:35.996302+00:00
2005-05-20,Committee on Procedures and Performance Audit on Public Services (CPPAPS) - Report No. 2 - Compensation structure for delay in payment of interest and / or Principal,,https://www.rbi.org.in/Scripts/NotificationUser.aspx?Id=2271&Mode=0,https://www.rbi.org.in/Scripts/NotificationUser.aspx,2026-05-30T08:47:35.996302+00:00
2005-05-20,Scheme for Small Enterprises Financial Centres (SEFCs),,https://www.rbi.org.in/Scripts/NotificationUser.aspx?Id=2269&Mode=0,https://www.rbi.org.in/Scripts/NotificationUser.aspx,2026-05-30T08:47:35.996302+00:00
2005-05-19,Conduct of Dated Government Securities Auction under Primary Market Operations (PMO) module of PDO-NDS – Payment of Underwriting Commission,,https://www.rbi.org.in/Scripts/NotificationUser.aspx?Id=2267&Mode=0,https://www.rbi.org.in/Scripts/NotificationUser.aspx,2026-05-30T08:47:35.996302+00:00
2005-05-17,Project Offices—Intermittent remittances and Foreign Currency Accounts in India,,https://www.rbi.org.in/Scripts/NotificationUser.aspx?Id=2742&Mode=0,https://www.rbi.org.in/Scripts/NotificationUser.aspx,2026-05-30T08:47:35.996302+00:00
2005-05-17,"Foreign Exchange Management (Transfer or Issue of any Foreign Security) (Second Amendment) Regulations, 2005",,https://www.rbi.org.in/Scripts/NotificationUser.aspx?Id=2470&Mode=0,https://www.rbi.org.in/Scripts/NotificationUser.aspx,2026-05-30T08:47:35.996302+00:00
2005-05-17,Enhancement in SSI Investment Limit in respect of Sports Goods- UCBs,,https://www.rbi.org.in/Scripts/NotificationUser.aspx?Id=2268&Mode=0,https://www.rbi.org.in/Scripts/NotificationUser.aspx,2026-05-30T08:47:35.996302+00:00
2005-05-16,PMRY - Cut-Off date for lapsing of sanctions and completion of disbursement of loans in the cases sanctioned during 2004-05,,https://www.rbi.org.in/Scripts/NotificationUser.aspx?Id=2255&Mode=0,https://www.rbi.org.in/Scripts/NotificationUser.aspx,2026-05-30T08:47:35.996302+00:00
2005-05-14,"Public Provident Fund Scheme, 1968 - Amendments",,https://www.rbi.org.in/Scripts/NotificationUser.aspx?Id=2289&Mode=0,https://www.rbi.org.in/Scripts/NotificationUser.aspx,2026-05-30T08:47:35.996302+00:00
2005-05-13,Amendments to FEMA Regulations – Remittance of assets by Non-Resident Indians (NRIs)/Persons of Indian Origin (PIO),,https://www.rbi.org.in/Scripts/NotificationUser.aspx?Id=2743&Mode=0,https://www.rbi.org.in/Scripts/NotificationUser.aspx,2026-05-30T08:47:35.996302+00:00
2005-05-13,On-line Tax Accounting System (OLTAS) – Funds Settlement,,https://www.rbi.org.in/Scripts/NotificationUser.aspx?Id=2256&Mode=0,https://www.rbi.org.in/Scripts/NotificationUser.aspx,2026-05-30T08:47:35.996302+00:00
2005-05-12,G.S.R.No.338(E)/27.05.2005,G.S.R.No.338(E)/27.05.2005,https://www.rbi.org.in/Scripts/NotificationUser.aspx?Id=3932&Mode=0,https://www.rbi.org.in/Scripts/NotificationUser.aspx,2026-05-30T08:47:35.996302+00:00
2005-05-12,Overseas Investment: Liberalisation,,https://www.rbi.org.in/Scripts/NotificationUser.aspx?Id=2254&Mode=0,https://www.rbi.org.in/Scripts/NotificationUser.aspx,2026-05-30T08:47:35.996302+00:00
2005-05-11,Government Securities Transactions – T+1 Settlement,,https://www.rbi.org.in/Scripts/NotificationUser.aspx?Id=2250&Mode=0,https://www.rbi.org.in/Scripts/NotificationUser.aspx,2026-05-30T08:47:35.996302+00:00
2005-05-11,Ready Forward Contracts,,https://www.rbi.org.in/Scripts/NotificationUser.aspx?Id=2249&Mode=0,https://www.rbi.org.in/Scripts/NotificationUser.aspx,2026-05-30T08:47:35.996302+00:00
2005-05-11,Sale of securities allotted in Primary issues,,https://www.rbi.org.in/Scripts/NotificationUser.aspx?Id=2248&Mode=0,https://www.rbi.org.in/Scripts/NotificationUser.aspx,2026-05-30T08:47:35.996302+00:00
2005-05-07,"Foreign Exchange Management (Establishment in India of Branch or Office or Other Place of Business) (Amendment) Regulations, 2005",,https://www.rbi.org.in/Scripts/NotificationUser.aspx?Id=2469&Mode=0,https://www.rbi.org.in/Scripts/NotificationUser.aspx,2026-05-30T08:47:35.996302+00:00
2005-05-07,Indian banknotes with additional/revised security features,,https://www.rbi.org.in/Scripts/NotificationUser.aspx?Id=2246&Mode=0,https://www.rbi.org.in/Scripts/NotificationUser.aspx,2026-05-30T08:47:35.996302+00:00
2005-05-06,Draft Guidelines on Corporate Debt Restructuring (CDR),,https://www.rbi.org.in/Scripts/NotificationUser.aspx?Id=2245&Mode=0,https://www.rbi.org.in/Scripts/NotificationUser.aspx,2026-05-30T08:47:35.996302+00:00
2005-05-05,"OLTAS – Uploading of challan data pertaining to previous period (June 1, 2004 to March 31, 2005)",,https://www.rbi.org.in/Scripts/NotificationUser.aspx?Id=2243&Mode=0,https://www.rbi.org.in/Scripts/NotificationUser.aspx,2026-05-30T08:47:35.996302+00:00
2005-05-04,Supervisory Reporting System – Off-site Monitoring and Surveillance (OSMOS) - DSB Returns - Time for Filing the Returns,,https://www.rbi.org.in/Scripts/NotificationUser.aspx?Id=2242&Mode=0,https://www.rbi.org.in/Scripts/NotificationUser.aspx,2026-05-30T08:47:35.996302+00:00
2005-05-04,Frauds - Classification and Reporting,,https://www.rbi.org.in/Scripts/NotificationUser.aspx?Id=2239&Mode=0,https://www.rbi.org.in/Scripts/NotificationUser.aspx,2026-05-30T08:47:35.996302+00:00
2005-05-04,Meeting to Review Progress in implementation of the Prime Minister Rozgar Yojana (PMRY) for the year 2004-2005,,https://www.rbi.org.in/Scripts/NotificationUser.aspx?Id=2238&Mode=0,https://www.rbi.org.in/Scripts/NotificationUser.aspx,2026-05-30T08:47:35.996302+00:00
2022-08-22,"Foreign Exchange Management (Overseas Investment) Directions, 2022 (dated August 22, 2022) (Supersedes Master Direction – Direct Investment by Residents in Joint Venture (JV) / Wholly Owned Subsidiary (WOS) Abroad (Updated as on June 24, 2021 ))",,https://www.rbi.org.in/Scripts/NotificationUser.aspx?Id=12381&Mode=0,https://www.rbi.org.in/Scripts/NotificationUser.aspx,2026-05-30T08:47:36.469408+00:00
2022-08-22,"Foreign Exchange Management (Overseas Investment) Regulations, 2022",,https://www.rbi.org.in/Scripts/NotificationUser.aspx?Id=12380&Mode=0,https://www.rbi.org.in/Scripts/NotificationUser.aspx,2026-05-30T08:47:36.469408+00:00
2022-08-08,"Rupee Interest Rate Derivatives (Reserve Bank) Directions - Review dated August 08, 2022 [These directions have been superseded by Master Direction – Reserve Bank of India (Rupee Interest Rate Derivatives) Directions, 2025 ]",,https://www.rbi.org.in/Scripts/NotificationUser.aspx?Id=12374&Mode=0,https://www.rbi.org.in/Scripts/NotificationUser.aspx,2026-05-30T08:47:36.469408+00:00
2022-08-05,"Reserve Bank - Integrated Ombudsman Scheme, 2021 (RBIOS, 2021)",,https://www.rbi.org.in/Scripts/NotificationUser.aspx?Id=12371&Mode=0,https://www.rbi.org.in/Scripts/NotificationUser.aspx,2026-05-30T08:47:36.469408+00:00
2022-08-05,Standing Liquidity Facility for Primary Dealers,,https://www.rbi.org.in/Scripts/NotificationUser.aspx?Id=12370&Mode=0,https://www.rbi.org.in/Scripts/NotificationUser.aspx,2026-05-30T08:47:36.469408+00:00
2022-08-05,Liquidity Adjustment Facility- Change in rates,,https://www.rbi.org.in/Scripts/NotificationUser.aspx?Id=12369&Mode=0,https://www.rbi.org.in/Scripts/NotificationUser.aspx,2026-05-30T08:47:36.469408+00:00
2022-08-02,Master Circular on Credit Facilities to Minority Communities,,https://www.rbi.org.in/Scripts/NotificationUser.aspx?Id=12367&Mode=0,https://www.rbi.org.in/Scripts/NotificationUser.aspx,2026-05-30T08:47:36.469408+00:00
2022-08-01,External Commercial Borrowings (ECB) Policy – Liberalisation Measures,,https://www.rbi.org.in/Scripts/NotificationUser.aspx?Id=12366&Mode=0,https://www.rbi.org.in/Scripts/NotificationUser.aspx,2026-05-30T08:47:36.469408+00:00
2022-08-01,Master Circular - Credit facilities to Scheduled Castes (SCs) & Scheduled Tribes (STs),,https://www.rbi.org.in/Scripts/NotificationUser.aspx?Id=12365&Mode=0,https://www.rbi.org.in/Scripts/NotificationUser.aspx,2026-05-30T08:47:36.469408+00:00
2005-04-30,Exim Bank's Line of Credit of USD 5 million to Eastern and Southern African Trade and Development Bank (PTA Bank),Southern,https://www.rbi.org.in/Scripts/NotificationUser.aspx?Id=2233&Mode=0,https://www.rbi.org.in/Scripts/NotificationUser.aspx,2026-05-30T08:47:38.747936+00:00
2005-04-29,Reporting of Term Money Transactions on NDS Platform,,https://www.rbi.org.in/Scripts/NotificationUser.aspx?Id=2232&Mode=0,https://www.rbi.org.in/Scripts/NotificationUser.aspx,2026-05-30T08:47:38.747936+00:00
2005-04-29,Participation in Call/Notice Money Market,,https://www.rbi.org.in/Scripts/NotificationUser.aspx?Id=2231&Mode=0,https://www.rbi.org.in/Scripts/NotificationUser.aspx,2026-05-30T08:47:38.747936+00:00
2005-04-29,Call/Notice Money Market - Review of Benchmark,,https://www.rbi.org.in/Scripts/NotificationUser.aspx?Id=2230&Mode=0,https://www.rbi.org.in/Scripts/NotificationUser.aspx,2026-05-30T08:47:38.747936+00:00
2005-04-29,Tender for Non - Competitive Bids,,https://www.rbi.org.in/Scripts/NotificationUser.aspx?Id=2228&Mode=0,https://www.rbi.org.in/Scripts/NotificationUser.aspx,2026-05-30T08:47:38.747936+00:00
2005-04-29,Tender for Competitive Bids,,https://www.rbi.org.in/Scripts/NotificationUser.aspx?Id=2227&Mode=0,https://www.rbi.org.in/Scripts/NotificationUser.aspx,2026-05-30T08:47:38.747936+00:00
2005-04-29,GOI Notification,,https://www.rbi.org.in/Scripts/NotificationUser.aspx?Id=2226&Mode=0,https://www.rbi.org.in/Scripts/NotificationUser.aspx,2026-05-30T08:47:38.747936+00:00
2005-04-29,Tender for Non - Competitive Bids,,https://www.rbi.org.in/Scripts/NotificationUser.aspx?Id=2225&Mode=0,https://www.rbi.org.in/Scripts/NotificationUser.aspx,2026-05-30T08:47:38.747936+00:00
2005-04-29,Tender for Competitive Bids,,https://www.rbi.org.in/Scripts/NotificationUser.aspx?Id=2224&Mode=0,https://www.rbi.org.in/Scripts/NotificationUser.aspx,2026-05-30T08:47:38.747936+00:00
2005-04-29,GOI Notification,,https://www.rbi.org.in/Scripts/NotificationUser.aspx?Id=2223&Mode=0,https://www.rbi.org.in/Scripts/NotificationUser.aspx,2026-05-30T08:47:38.747936+00:00
2005-04-29,Scheme for Non-competitive Bidding Facility,,https://www.rbi.org.in/Scripts/NotificationUser.aspx?Id=2222&Mode=0,https://www.rbi.org.in/Scripts/NotificationUser.aspx,2026-05-30T08:47:38.747936+00:00
2005-04-29,RBI Notification,,https://www.rbi.org.in/Scripts/NotificationUser.aspx?Id=2221&Mode=0,https://www.rbi.org.in/Scripts/NotificationUser.aspx,2026-05-30T08:47:38.747936+00:00
2005-04-29,Interest Rate Ceiling on Rupee Export Credit,,https://www.rbi.org.in/Scripts/NotificationUser.aspx?Id=2220&Mode=0,https://www.rbi.org.in/Scripts/NotificationUser.aspx,2026-05-30T08:47:38.747936+00:00
2005-04-28,Priority Sector Lending - Produce marketing loans,,https://www.rbi.org.in/Scripts/NotificationUser.aspx?Id=2241&Mode=0,https://www.rbi.org.in/Scripts/NotificationUser.aspx,2026-05-30T08:47:38.747936+00:00
2005-04-28,Certificates of Deposit,,https://www.rbi.org.in/Scripts/NotificationUser.aspx?Id=2229&Mode=0,https://www.rbi.org.in/Scripts/NotificationUser.aspx,2026-05-30T08:47:38.747936+00:00
2005-04-28,Liquidity Adjustment Facility – Increase in Reverse Repo Rate to 5.00 percent,,https://www.rbi.org.in/Scripts/NotificationUser.aspx?Id=2219&Mode=0,https://www.rbi.org.in/Scripts/NotificationUser.aspx,2026-05-30T08:47:38.747936+00:00
2005-04-28,"Annual Policy Statement for the Year 2005-06 by Dr. Y. Venugopal Reddy, Governor, Reserve Bank of India",,https://www.rbi.org.in/Scripts/NotificationUser.aspx?Id=2217&Mode=0,https://www.rbi.org.in/Scripts/NotificationUser.aspx,2026-05-30T08:47:38.747936+00:00
2005-04-27,Limited Off-site Supervision of select Financial Institutions – Simplified Information System,,https://www.rbi.org.in/Scripts/NotificationUser.aspx?Id=2215&Mode=0,https://www.rbi.org.in/Scripts/NotificationUser.aspx,2026-05-30T08:47:38.747936+00:00
2005-04-25,Maintenance of Government Accounts - Recovery of Interest on delayed remittances (Government of India Transactions,,https://www.rbi.org.in/Scripts/NotificationUser.aspx?Id=2218&Mode=0,https://www.rbi.org.in/Scripts/NotificationUser.aspx,2026-05-30T08:47:38.747936+00:00
2005-04-25,External Commercial Borrowings (ECB) for Non-Government Organisations (NGOs) engaged in micro finance activities under Automatic Route,,https://www.rbi.org.in/Scripts/NotificationUser.aspx?Id=2212&Mode=0,https://www.rbi.org.in/Scripts/NotificationUser.aspx,2026-05-30T08:47:38.747936+00:00
2005-04-25,Establishment of Liaison Offices in India by foreign Insurance companies,,https://www.rbi.org.in/Scripts/NotificationUser.aspx?Id=2211&Mode=0,https://www.rbi.org.in/Scripts/NotificationUser.aspx,2026-05-30T08:47:38.747936+00:00
2005-04-25,"8% Savings (Taxable) Bond, 2003 – GOI Notification dated March 21, 2003 – Charitable Institutions – Clarification",,https://www.rbi.org.in/Scripts/NotificationUser.aspx?Id=2210&Mode=0,https://www.rbi.org.in/Scripts/NotificationUser.aspx,2026-05-30T08:47:38.747936+00:00
2005-04-20,"Exclusion from the Second Schedule to the Reserve Bank of India Act, 1934- Sumitomo Mitsui Banking Corporation",,https://www.rbi.org.in/Scripts/NotificationUser.aspx?Id=2209&Mode=0,https://www.rbi.org.in/Scripts/NotificationUser.aspx,2026-05-30T08:47:38.747936+00:00
2005-04-20,Target under the Prime Minister Rozgar Yojana (PMRY) for the year 2005-2006,,https://www.rbi.org.in/Scripts/NotificationUser.aspx?Id=2208&Mode=0,https://www.rbi.org.in/Scripts/NotificationUser.aspx,2026-05-30T08:47:38.747936+00:00
2005-04-19,Role of the Customer Service Committee of the Board - Monitoring the implementation of awards under the Banking Ombudsman Scheme,,https://www.rbi.org.in/Scripts/NotificationUser.aspx?Id=2206&Mode=0,https://www.rbi.org.in/Scripts/NotificationUser.aspx,2026-05-30T08:47:38.747936+00:00
2005-04-15,Operational Risk Management - Business Continuity Planning,,https://www.rbi.org.in/Scripts/NotificationUser.aspx?Id=2205&Mode=0,https://www.rbi.org.in/Scripts/NotificationUser.aspx,2026-05-30T08:47:38.747936+00:00
2005-04-15,Tender for Non - Competitive Bids,,https://www.rbi.org.in/Scripts/NotificationUser.aspx?Id=2203&Mode=0,https://www.rbi.org.in/Scripts/NotificationUser.aspx,2026-05-30T08:47:38.747936+00:00
2005-04-15,Tender for Competitive Bids,,https://www.rbi.org.in/Scripts/NotificationUser.aspx?Id=2202&Mode=0,https://www.rbi.org.in/Scripts/NotificationUser.aspx,2026-05-30T08:47:38.747936+00:00
2005-04-15,GOI Notification,,https://www.rbi.org.in/Scripts/NotificationUser.aspx?Id=2201&Mode=0,https://www.rbi.org.in/Scripts/NotificationUser.aspx,2026-05-30T08:47:38.747936+00:00
2005-04-15,Tender for Non - Competitive Bids,,https://www.rbi.org.in/Scripts/NotificationUser.aspx?Id=2200&Mode=0,https://www.rbi.org.in/Scripts/NotificationUser.aspx,2026-05-30T08:47:38.747936+00:00
2005-04-15,Tender for Competitive Bids,,https://www.rbi.org.in/Scripts/NotificationUser.aspx?Id=2199&Mode=0,https://www.rbi.org.in/Scripts/NotificationUser.aspx,2026-05-30T08:47:38.747936+00:00
2005-04-15,GOI Notification,,https://www.rbi.org.in/Scripts/NotificationUser.aspx?Id=2198&Mode=0,https://www.rbi.org.in/Scripts/NotificationUser.aspx,2026-05-30T08:47:38.747936+00:00
2005-04-15,RBI Notification,,https://www.rbi.org.in/Scripts/NotificationUser.aspx?Id=2197&Mode=0,https://www.rbi.org.in/Scripts/NotificationUser.aspx,2026-05-30T08:47:38.747936+00:00
2005-04-13,Reporting of Commercial Paper (CP) Issuance on NDS Platform,,https://www.rbi.org.in/Scripts/NotificationUser.aspx?Id=2195&Mode=0,https://www.rbi.org.in/Scripts/NotificationUser.aspx,2026-05-30T08:47:38.747936+00:00
2005-04-13,Interest rates to be charged on group loans under Swarnjayanti Gram Swarozgar Yojana (SGSY),,https://www.rbi.org.in/Scripts/NotificationUser.aspx?Id=2194&Mode=0,https://www.rbi.org.in/Scripts/NotificationUser.aspx,2026-05-30T08:47:38.747936+00:00
2005-04-12,Draft Guidelines on purchase/sale of Non Performing Assets,,https://www.rbi.org.in/Scripts/NotificationUser.aspx?Id=2192&Mode=0,https://www.rbi.org.in/Scripts/NotificationUser.aspx,2026-05-30T08:47:38.747936+00:00
2005-04-11,Rural Lending – Annual Credit Plans based on the Potential Linked Plans (PLPs) prepared by NABARD,,https://www.rbi.org.in/Scripts/NotificationUser.aspx?Id=2214&Mode=0,https://www.rbi.org.in/Scripts/NotificationUser.aspx,2026-05-30T08:47:38.747936+00:00
2005-04-11,Provision for compensation for delayed credit – ECS / EFT / SEFT,,https://www.rbi.org.in/Scripts/NotificationUser.aspx?Id=2190&Mode=0,https://www.rbi.org.in/Scripts/NotificationUser.aspx,2026-05-30T08:47:38.747936+00:00
2005-04-08,PMRY – Cut Off Date for lapsing of sanction for cases sanctioned for the Programme year 2004-05 in Andaman & Nicobar Island,,https://www.rbi.org.in/Scripts/NotificationUser.aspx?Id=2189&Mode=0,https://www.rbi.org.in/Scripts/NotificationUser.aspx,2026-05-30T08:47:38.747936+00:00
2005-04-07,Rural Infrastructure Development Fund (RIDF) – Rates of Interest in respect of disbursed amounts of RIDF IV to VII,,https://www.rbi.org.in/Scripts/NotificationUser.aspx?Id=2193&Mode=0,https://www.rbi.org.in/Scripts/NotificationUser.aspx,2026-05-30T08:47:38.747936+00:00
2005-04-04,Draft Guidelines on Securitisation of Standard Assets,,https://www.rbi.org.in/Scripts/NotificationUser.aspx?Id=2180&Mode=0,https://www.rbi.org.in/Scripts/NotificationUser.aspx,2026-05-30T08:47:38.747936+00:00
2005-04-04,Accounting of past data in On-line Tax Accounting System(OLTAS) and Accounting of March Residual,,https://www.rbi.org.in/Scripts/NotificationUser.aspx?Id=2179&Mode=0,https://www.rbi.org.in/Scripts/NotificationUser.aspx,2026-05-30T08:47:38.747936+00:00
2005-04-01,"Foreign Exchange Management (Deposit) (Amendment) Regulations, 2005",,https://www.rbi.org.in/Scripts/NotificationUser.aspx?Id=2497&Mode=0,https://www.rbi.org.in/Scripts/NotificationUser.aspx,2026-05-30T08:47:38.747936+00:00
2005-04-01,On-line Tax Accounting System (OLTAS) - Accounting Procedure relating to crediting of CBDT collections to Govt. Account,,https://www.rbi.org.in/Scripts/NotificationUser.aspx?Id=2178&Mode=0,https://www.rbi.org.in/Scripts/NotificationUser.aspx,2026-05-30T08:47:38.747936+00:00
2005-04-01,Tender for Competitive Bids,,https://www.rbi.org.in/Scripts/NotificationUser.aspx?Id=2177&Mode=0,https://www.rbi.org.in/Scripts/NotificationUser.aspx,2026-05-30T08:47:38.747936+00:00
2005-04-01,Tender for Non-competitive Bids,,https://www.rbi.org.in/Scripts/NotificationUser.aspx?Id=2176&Mode=0,https://www.rbi.org.in/Scripts/NotificationUser.aspx,2026-05-30T08:47:38.747936+00:00
2005-04-01,Tender for Competitive Bids,,https://www.rbi.org.in/Scripts/NotificationUser.aspx?Id=2175&Mode=0,https://www.rbi.org.in/Scripts/NotificationUser.aspx,2026-05-30T08:47:38.747936+00:00
2005-04-01,Tender for Non-competitive Bids,,https://www.rbi.org.in/Scripts/NotificationUser.aspx?Id=2174&Mode=0,https://www.rbi.org.in/Scripts/NotificationUser.aspx,2026-05-30T08:47:38.747936+00:00
2005-04-01,RBI Notification,,https://www.rbi.org.in/Scripts/NotificationUser.aspx?Id=2173&Mode=0,https://www.rbi.org.in/Scripts/NotificationUser.aspx,2026-05-30T08:47:38.747936+00:00
2022-07-29,United Nations Security Council Resolutions (UNSCR) 1718 Sanctions Committee on Democratic People’s Republic of Korea (DPRK) amends 44 existing entries on its Sanctions List,,https://www.rbi.org.in/Scripts/NotificationUser.aspx?Id=12364&Mode=0,https://www.rbi.org.in/Scripts/NotificationUser.aspx,2026-05-30T08:47:39.145722+00:00
2022-07-28,"Foreign Exchange Management (Borrowing and Lending) (Amendment) Regulations, 2022",,https://www.rbi.org.in/Scripts/NotificationUser.aspx?Id=12377&Mode=0,https://www.rbi.org.in/Scripts/NotificationUser.aspx,2026-05-30T08:47:39.145722+00:00
2022-07-28,Restriction on Storage of Actual Card Data [i.e. Card-on-File (CoF)],,https://www.rbi.org.in/Scripts/NotificationUser.aspx?Id=12363&Mode=0,https://www.rbi.org.in/Scripts/NotificationUser.aspx,2026-05-30T08:47:39.145722+00:00
2022-07-28,Regulation of Payment Aggregators – Timeline for submission of applications for authorisation – Review,,https://www.rbi.org.in/Scripts/NotificationUser.aspx?Id=12362&Mode=0,https://www.rbi.org.in/Scripts/NotificationUser.aspx,2026-05-30T08:47:39.145722+00:00
2022-07-20,Master Circular – Deendayal Antyodaya Yojana - National Rural Livelihoods Mission (DAY-NRLM),,https://www.rbi.org.in/Scripts/NotificationUser.aspx?Id=12360&Mode=0,https://www.rbi.org.in/Scripts/NotificationUser.aspx,2026-05-30T08:47:39.145722+00:00
2022-07-13,UNSCR 1718 Sanctions Committee on DPRK amends one Entry on its Sanctions List,,https://www.rbi.org.in/Scripts/NotificationUser.aspx?Id=12359&Mode=0,https://www.rbi.org.in/Scripts/NotificationUser.aspx,2026-05-30T08:47:39.145722+00:00
2022-07-11,International Trade Settlement in Indian Rupees (INR),,https://www.rbi.org.in/Scripts/NotificationUser.aspx?Id=12358&Mode=0,https://www.rbi.org.in/Scripts/NotificationUser.aspx,2026-05-30T08:47:39.145722+00:00
2022-07-08,Asian Clearing Union (ACU) Mechanism – Indo-Sri Lanka trade,,https://www.rbi.org.in/Scripts/NotificationUser.aspx?Id=12357&Mode=0,https://www.rbi.org.in/Scripts/NotificationUser.aspx,2026-05-30T08:47:39.145722+00:00
2022-07-07,Overseas foreign currency borrowings of Authorised Dealer Category-I banks,,https://www.rbi.org.in/Scripts/NotificationUser.aspx?Id=12356&Mode=0,https://www.rbi.org.in/Scripts/NotificationUser.aspx,2026-05-30T08:47:39.145722+00:00
2022-07-07,Investment by Foreign Portfolio Investors (FPI) in Debt - Relaxations,,https://www.rbi.org.in/Scripts/NotificationUser.aspx?Id=12355&Mode=0,https://www.rbi.org.in/Scripts/NotificationUser.aspx,2026-05-30T08:47:39.145722+00:00
2022-07-07,‘Fully Accessible Route’ for Investment by Non-residents in Government Securities – Additional specified securities,,https://www.rbi.org.in/Scripts/NotificationUser.aspx?Id=12354&Mode=0,https://www.rbi.org.in/Scripts/NotificationUser.aspx,2026-05-30T08:47:39.145722+00:00
2022-07-07,Formation of new districts in the State of Andhra Pradesh – Assignment of Lead Bank Responsibility,,https://www.rbi.org.in/Scripts/NotificationUser.aspx?Id=12353&Mode=0,https://www.rbi.org.in/Scripts/NotificationUser.aspx,2026-05-30T08:47:39.145722+00:00
2022-07-07,Exim Bank's Government of India supported Short - Term Line of Credit (STLoC) of USD 55 million to the Government of the Democratic Socialist Republic of Sri Lanka for procurement of urea fertilizer from India,Socialist,https://www.rbi.org.in/Scripts/NotificationUser.aspx?Id=12352&Mode=0,https://www.rbi.org.in/Scripts/NotificationUser.aspx,2026-05-30T08:47:39.145722+00:00
2022-07-06,"Section 42 of the Reserve Bank of India Act, 1934 and Section 18 and 24 of the Banking Regulation Act, 1949 – FCNR (B)/NRE Term deposits - Exemption from maintenance of CRR/SLR",,https://www.rbi.org.in/Scripts/NotificationUser.aspx?Id=12351&Mode=0,https://www.rbi.org.in/Scripts/NotificationUser.aspx,2026-05-30T08:47:39.145722+00:00
2022-07-06,"Inclusion of “Unity Small Finance Bank Limited” in the Second Schedule of the Reserve Bank of India Act, 1934",,https://www.rbi.org.in/Scripts/NotificationUser.aspx?Id=12349&Mode=0,https://www.rbi.org.in/Scripts/NotificationUser.aspx,2026-05-30T08:47:39.145722+00:00
2022-07-04,Requirement for obtaining prior approval in case of takeover / acquisition of control of non-bank PSOs and sale / transfer of payment system activity of non-bank PSO,,https://www.rbi.org.in/Scripts/NotificationUser.aspx?Id=12348&Mode=0,https://www.rbi.org.in/Scripts/NotificationUser.aspx,2026-05-30T08:47:39.145722+00:00
2022-07-01,Note Sorting Machines - Authentication and Fitness Sorting Parameters,Sorting,https://www.rbi.org.in/Scripts/NotificationUser.aspx?Id=12347&Mode=0,https://www.rbi.org.in/Scripts/NotificationUser.aspx,2026-05-30T08:47:39.145722+00:00
2005-03-31,"Foreign Exchange Management (Transfer or Issue of any Foreign Security) (Amendment) Regulations, 2005",,https://www.rbi.org.in/Scripts/NotificationUser.aspx?Id=2496&Mode=0,https://www.rbi.org.in/Scripts/NotificationUser.aspx,2026-05-30T08:47:41.424804+00:00
2005-03-31,"Liberalised Remittance Scheme of USD 25,000 for Resident Individuals",,https://www.rbi.org.in/Scripts/NotificationUser.aspx?Id=2172&Mode=0,https://www.rbi.org.in/Scripts/NotificationUser.aspx,2026-05-30T08:47:41.424804+00:00
2005-03-30,The Advisory Committee on Flow of Credit to Agriculture and Related Activities from the Banking System,,https://www.rbi.org.in/Scripts/NotificationUser.aspx?Id=2170&Mode=0,https://www.rbi.org.in/Scripts/NotificationUser.aspx,2026-05-30T08:47:41.424804+00:00
2005-03-30,Extension of the Scheme of Non-Competitive Bidding Facility to 182-Day Treasury Bills,,https://www.rbi.org.in/Scripts/NotificationUser.aspx?Id=2169&Mode=0,https://www.rbi.org.in/Scripts/NotificationUser.aspx,2026-05-30T08:47:41.424804+00:00
2005-03-29,Conduct of Dated Government Securities Auction under PMO module of PDO-NDS- Preparedness,,https://www.rbi.org.in/Scripts/NotificationUser.aspx?Id=2168&Mode=0,https://www.rbi.org.in/Scripts/NotificationUser.aspx,2026-05-30T08:47:41.424804+00:00
2005-03-29,Outsourcing of IT systems – Fraud involving a Software Supplier,Software,https://www.rbi.org.in/Scripts/NotificationUser.aspx?Id=2166&Mode=0,https://www.rbi.org.in/Scripts/NotificationUser.aspx,2026-05-30T08:47:41.424804+00:00
2005-03-28,Investment portfolio of Urban Co-operative Banks (UCBs) - Classification and Valuation of Investments,,https://www.rbi.org.in/Scripts/NotificationUser.aspx?Id=2167&Mode=0,https://www.rbi.org.in/Scripts/NotificationUser.aspx,2026-05-30T08:47:41.424804+00:00
2005-03-22,PMRY - Credit Flow to Unorganized Sector,,https://www.rbi.org.in/Scripts/NotificationUser.aspx?Id=2165&Mode=0,https://www.rbi.org.in/Scripts/NotificationUser.aspx,2026-05-30T08:47:41.424804+00:00
2005-03-22,Annual Closing of Accounts - Receipt of all Central /State Government Taxes (Direct/Indirect) – Arrangements for the Current Financial Year (2004-05),,https://www.rbi.org.in/Scripts/NotificationUser.aspx?Id=2164&Mode=0,https://www.rbi.org.in/Scripts/NotificationUser.aspx,2026-05-30T08:47:41.424804+00:00
2005-03-22,"Exclusion from the Second Schedule to the Reserve Bank of India Act, 1934- The Global Trust Bank Limited",,https://www.rbi.org.in/Scripts/NotificationUser.aspx?Id=2162&Mode=0,https://www.rbi.org.in/Scripts/NotificationUser.aspx,2026-05-30T08:47:41.424804+00:00
2005-03-19,Master Circular – Non-Resident Ordinary Rupee (NRO) Account,,https://www.rbi.org.in/Scripts/NotificationUser.aspx?Id=2159&Mode=0,https://www.rbi.org.in/Scripts/NotificationUser.aspx,2026-05-30T08:47:41.424804+00:00
2005-03-17,G.S.R.No.205(E)/01.04.2005,G.S.R.No.205(E)/01.04.2005,https://www.rbi.org.in/Scripts/NotificationUser.aspx?Id=3931&Mode=0,https://www.rbi.org.in/Scripts/NotificationUser.aspx,2026-05-30T08:47:41.424804+00:00
2005-03-17,G.S.R.No.204(E)/01.04.2005,G.S.R.No.204(E)/01.04.2005,https://www.rbi.org.in/Scripts/NotificationUser.aspx?Id=3930&Mode=0,https://www.rbi.org.in/Scripts/NotificationUser.aspx,2026-05-30T08:47:41.424804+00:00
2005-03-17,G.S.R.No.203(E)/01.04.2005,G.S.R.No.203(E)/01.04.2005,https://www.rbi.org.in/Scripts/NotificationUser.aspx?Id=3929&Mode=0,https://www.rbi.org.in/Scripts/NotificationUser.aspx,2026-05-30T08:47:41.424804+00:00
2005-03-17,"Foreign Exchange Management (Transfer or issue of Security by a Person Resident outside India) (Amendment) Regulations, 2005",,https://www.rbi.org.in/Scripts/NotificationUser.aspx?Id=3228&Mode=0,https://www.rbi.org.in/Scripts/NotificationUser.aspx,2026-05-30T08:47:41.424804+00:00
2005-03-17,"Foreign Exchange Management (Transfer or Issue of Security by a Person Resident outside India )(Second Amendment) Regulations,2005",,https://www.rbi.org.in/Scripts/NotificationUser.aspx?Id=2495&Mode=0,https://www.rbi.org.in/Scripts/NotificationUser.aspx,2026-05-30T08:47:41.424804+00:00
2005-03-17,Constitution of the Department of Payment and Settlement Systems (DPSS),,https://www.rbi.org.in/Scripts/NotificationUser.aspx?Id=2163&Mode=0,https://www.rbi.org.in/Scripts/NotificationUser.aspx,2026-05-30T08:47:41.424804+00:00
2005-03-15,Guidelines on compliance with Accounting Standard (AS) 11(revised 2003) ‘The Effects of Changes in Foreign Exchange Rates’,,https://www.rbi.org.in/Scripts/NotificationUser.aspx?Id=2161&Mode=0,https://www.rbi.org.in/Scripts/NotificationUser.aspx,2026-05-30T08:47:41.424804+00:00
2005-03-15,Operations in Non-Resident External (NRE)/Foreign Currency Non-resident (Bank) (FCNR (B)) Accounts by the Resident Power of Attorney Holder,,https://www.rbi.org.in/Scripts/NotificationUser.aspx?Id=2158&Mode=0,https://www.rbi.org.in/Scripts/NotificationUser.aspx,2026-05-30T08:47:41.424804+00:00
2005-03-11,Draft Guidance Note on Management of Operational Risk,,https://www.rbi.org.in/Scripts/NotificationUser.aspx?Id=2157&Mode=0,https://www.rbi.org.in/Scripts/NotificationUser.aspx,2026-05-30T08:47:41.424804+00:00
2005-03-11,Cheque Truncation - Pilot Implementation-Image Standards,,https://www.rbi.org.in/Scripts/NotificationUser.aspx?Id=2156&Mode=0,https://www.rbi.org.in/Scripts/NotificationUser.aspx,2026-05-30T08:47:41.424804+00:00
2005-03-07,Exim Bank's Line of Credit of USD 15 million to Government of Senegal,,https://www.rbi.org.in/Scripts/NotificationUser.aspx?Id=2154&Mode=0,https://www.rbi.org.in/Scripts/NotificationUser.aspx,2026-05-30T08:47:41.424804+00:00
2005-03-07,Lead Bank responsibility of Jammu & Kashmir Bank extended till March 2007,,https://www.rbi.org.in/Scripts/NotificationUser.aspx?Id=2153&Mode=0,https://www.rbi.org.in/Scripts/NotificationUser.aspx,2026-05-30T08:47:41.424804+00:00
2005-03-07,SBI to undertake Lead Bank Responsibility of new district in Nagaland,,https://www.rbi.org.in/Scripts/NotificationUser.aspx?Id=2152&Mode=0,https://www.rbi.org.in/Scripts/NotificationUser.aspx,2026-05-30T08:47:41.424804+00:00
2005-03-07,SBI assigned Lead Bank Responsibility of new district in Arunachal Pradesh,,https://www.rbi.org.in/Scripts/NotificationUser.aspx?Id=2151&Mode=0,https://www.rbi.org.in/Scripts/NotificationUser.aspx,2026-05-30T08:47:41.424804+00:00
2005-03-05,Scheme for Collection of Dues of (i) Central Board of Direct Taxes (ii)Central Board of Excise and Customs (iii) Departmentalised Ministries Account -Reporting and Accounting of March Transactions -Special Arrangements - Financial Year 2004-2005,,https://www.rbi.org.in/Scripts/NotificationUser.aspx?Id=2160&Mode=0,https://www.rbi.org.in/Scripts/NotificationUser.aspx,2026-05-30T08:47:41.424804+00:00
2005-03-03,Credit for Procurement of Foodgrains – Rabi 2005 Season,,https://www.rbi.org.in/Scripts/NotificationUser.aspx?Id=2155&Mode=0,https://www.rbi.org.in/Scripts/NotificationUser.aspx,2026-05-30T08:47:41.424804+00:00
2005-03-03,Submitting progress report under micro credit,,https://www.rbi.org.in/Scripts/NotificationUser.aspx?Id=2148&Mode=0,https://www.rbi.org.in/Scripts/NotificationUser.aspx,2026-05-30T08:47:41.424804+00:00
2005-03-03,Disclosures on risk exposures in derivatives,,https://www.rbi.org.in/Scripts/NotificationUser.aspx?Id=2147&Mode=0,https://www.rbi.org.in/Scripts/NotificationUser.aspx,2026-05-30T08:47:41.424804+00:00
2005-03-01,Enhancement of transparency on bank’s affairs through disclosures-UCBs,,https://www.rbi.org.in/Scripts/NotificationUser.aspx?Id=2144&Mode=0,https://www.rbi.org.in/Scripts/NotificationUser.aspx,2026-05-30T08:47:41.424804+00:00
2005-03-01,Master Circular on Lending to SSI Sector,,https://www.rbi.org.in/Scripts/NotificationUser.aspx?Id=2143&Mode=0,https://www.rbi.org.in/Scripts/NotificationUser.aspx,2026-05-30T08:47:41.424804+00:00
2022-06-24,Restriction on Storage of Actual Card Data [i.e. Card-on-File (CoF)],,https://www.rbi.org.in/Scripts/NotificationUser.aspx?Id=12345&Mode=0,https://www.rbi.org.in/Scripts/NotificationUser.aspx,2026-05-30T08:47:41.803608+00:00
2022-06-23,"Designation of 7 individuals as ‘Terrorists’ under Section 35 (1) (a) of the Unlawful Activities (Prevention) Act (UAPA), 1967 and their listing in the Schedule IV of the Act- Reg.",,https://www.rbi.org.in/Scripts/NotificationUser.aspx?Id=12343&Mode=0,https://www.rbi.org.in/Scripts/NotificationUser.aspx,2026-05-30T08:47:41.803608+00:00
2022-06-16,Processing of e-mandates for recurring transactions,,https://www.rbi.org.in/Scripts/NotificationUser.aspx?Id=12341&Mode=0,https://www.rbi.org.in/Scripts/NotificationUser.aspx,2026-05-30T08:47:41.803608+00:00
2022-06-16,Sovereign Gold Bond (SGB) Scheme 2022-23,Sovereign,https://www.rbi.org.in/Scripts/NotificationUser.aspx?Id=12340&Mode=0,https://www.rbi.org.in/Scripts/NotificationUser.aspx,2026-05-30T08:47:41.803608+00:00
2022-06-10,"Punjab and Maharashtra Co-operative Bank Limited (Amalgamation with Unity Small Finance Bank Limited) Scheme, 2022 - Provisioning on interbank exposure and valuation of Perpetual Non-Cumulative Preference Shares (PNCPS) and Equity Warrants",,https://www.rbi.org.in/Scripts/NotificationUser.aspx?Id=12338&Mode=0,https://www.rbi.org.in/Scripts/NotificationUser.aspx,2026-05-30T08:47:41.803608+00:00
2022-06-09,"Discontinuation of Return under Foreign Exchange Management Act, 1999",,https://www.rbi.org.in/Scripts/NotificationUser.aspx?Id=12337&Mode=0,https://www.rbi.org.in/Scripts/NotificationUser.aspx,2026-05-30T08:47:41.803608+00:00
2022-06-08,Standing Liquidity Facility for Primary Dealers,,https://www.rbi.org.in/Scripts/NotificationUser.aspx?Id=12332&Mode=0,https://www.rbi.org.in/Scripts/NotificationUser.aspx,2026-05-30T08:47:41.803608+00:00
2022-06-08,Liquidity Adjustment Facility - Change in rates,,https://www.rbi.org.in/Scripts/NotificationUser.aspx?Id=12331&Mode=0,https://www.rbi.org.in/Scripts/NotificationUser.aspx,2026-05-30T08:47:41.803608+00:00
2022-06-06,Provisioning for Standard assets by Non-Banking Financial Company – Upper Layer,,https://www.rbi.org.in/Scripts/NotificationUser.aspx?Id=12329&Mode=0,https://www.rbi.org.in/Scripts/NotificationUser.aspx,2026-05-30T08:47:41.803608+00:00
2022-06-01,"Master Direction – Reserve Bank of India (Variation Margin) Directions, 2022",,https://www.rbi.org.in/Scripts/NotificationUser.aspx?Id=12328&Mode=0,https://www.rbi.org.in/Scripts/NotificationUser.aspx,2026-05-30T08:47:41.803608+00:00
2005-02-26,Investment Portfolio of Banks- Reporting System,,https://www.rbi.org.in/Scripts/NotificationUser.aspx?Id=2140&Mode=0,https://www.rbi.org.in/Scripts/NotificationUser.aspx,2026-05-30T08:47:44.077439+00:00
2005-02-22,Clean Note Policy - Sorting of banknotes,Sorting,https://www.rbi.org.in/Scripts/NotificationUser.aspx?Id=2139&Mode=0,https://www.rbi.org.in/Scripts/NotificationUser.aspx,2026-05-30T08:47:44.077439+00:00
2005-02-22,8 % Savings Bonds 2003 - Banks not to deviate from eligibility criteria stipulations,,https://www.rbi.org.in/Scripts/NotificationUser.aspx?Id=2138&Mode=0,https://www.rbi.org.in/Scripts/NotificationUser.aspx,2026-05-30T08:47:44.077439+00:00
2005-02-22,Exim Bank's Line of Credit of USD 5 million to Government of Lesotho,,https://www.rbi.org.in/Scripts/NotificationUser.aspx?Id=2137&Mode=0,https://www.rbi.org.in/Scripts/NotificationUser.aspx,2026-05-30T08:47:44.077439+00:00
2005-02-21,NBFCs/MNBCs/RNBCs - KYC Guidelines/Anti-Money Laundering Standards,,https://www.rbi.org.in/Scripts/NotificationUser.aspx?Id=2136&Mode=0,https://www.rbi.org.in/Scripts/NotificationUser.aspx,2026-05-30T08:47:44.077439+00:00
2005-02-19,Balances of Relief/Savings Bonds Scheme- Uniform Procedure,,https://www.rbi.org.in/Scripts/NotificationUser.aspx?Id=2135&Mode=0,https://www.rbi.org.in/Scripts/NotificationUser.aspx,2026-05-30T08:47:44.077439+00:00
2005-02-18,SCCBs/DCCBs - 'Know Your Customer' (KYC) Guidelines – Anti Money Laundering Standards,,https://www.rbi.org.in/Scripts/NotificationUser.aspx?Id=2134&Mode=0,https://www.rbi.org.in/Scripts/NotificationUser.aspx,2026-05-30T08:47:44.077439+00:00
2005-02-18,RRBs - 'Know Your Customer' (KYC) Guidelines – Anti Money Laundering Standards,,https://www.rbi.org.in/Scripts/NotificationUser.aspx?Id=2133&Mode=0,https://www.rbi.org.in/Scripts/NotificationUser.aspx,2026-05-30T08:47:44.077439+00:00
2005-02-18,Import of Gold on Loan Basis – Tenor of Loan and Opening of Stand-By Letter of Credit,,https://www.rbi.org.in/Scripts/NotificationUser.aspx?Id=2132&Mode=0,https://www.rbi.org.in/Scripts/NotificationUser.aspx,2026-05-30T08:47:44.077439+00:00
2005-02-17,Change in assignment of Lead Bank resposibility in some of the districts in State of Manipur,some,https://www.rbi.org.in/Scripts/NotificationUser.aspx?Id=2129&Mode=0,https://www.rbi.org.in/Scripts/NotificationUser.aspx,2026-05-30T08:47:44.077439+00:00
2005-02-15,Implementation of the New Capital Adequacy Framework,,https://www.rbi.org.in/Scripts/NotificationUser.aspx?Id=2128&Mode=0,https://www.rbi.org.in/Scripts/NotificationUser.aspx,2026-05-30T08:47:44.077439+00:00
2005-02-11,FI's to obtain Certificates / authentication from Statutory Central Auditors,,https://www.rbi.org.in/Scripts/NotificationUser.aspx?Id=2127&Mode=0,https://www.rbi.org.in/Scripts/NotificationUser.aspx,2026-05-30T08:47:44.077439+00:00
2005-02-09,Deferred Payment Protocols between the Government of India and erstwhile USSR,,https://www.rbi.org.in/Scripts/NotificationUser.aspx?Id=2125&Mode=0,https://www.rbi.org.in/Scripts/NotificationUser.aspx,2026-05-30T08:47:44.077439+00:00
2005-02-09,Overseas Direct Investment – Liberalisation,,https://www.rbi.org.in/Scripts/NotificationUser.aspx?Id=2124&Mode=0,https://www.rbi.org.in/Scripts/NotificationUser.aspx,2026-05-30T08:47:44.077439+00:00
2005-02-07,Cover for ‘public deposits’,,https://www.rbi.org.in/Scripts/NotificationUser.aspx?Id=2115&Mode=0,https://www.rbi.org.in/Scripts/NotificationUser.aspx,2026-05-30T08:47:44.077439+00:00
2005-02-04,"Alteration in the name of bank in the Second Schedule to the Reserve Bank of India Act, 1934 -""JP Morgan Chase Bank"" to ""JP Morgan Chase Bank, National Association""",,https://www.rbi.org.in/Scripts/NotificationUser.aspx?Id=2114&Mode=0,https://www.rbi.org.in/Scripts/NotificationUser.aspx,2026-05-30T08:47:44.077439+00:00
2005-02-02,Guidelines for merger / amalgamation of Urban Co-operative Banks (UCBs),,https://www.rbi.org.in/Scripts/NotificationUser.aspx?Id=2631&Mode=0,https://www.rbi.org.in/Scripts/NotificationUser.aspx,2026-05-30T08:47:44.077439+00:00
2005-02-02,Tender for Non-Competitive Bids,,https://www.rbi.org.in/Scripts/NotificationUser.aspx?Id=2113&Mode=0,https://www.rbi.org.in/Scripts/NotificationUser.aspx,2026-05-30T08:47:44.077439+00:00
2005-02-02,Tender for Competitive Bids,,https://www.rbi.org.in/Scripts/NotificationUser.aspx?Id=2112&Mode=0,https://www.rbi.org.in/Scripts/NotificationUser.aspx,2026-05-30T08:47:44.077439+00:00
2005-02-02,Scheme for Non-competitive Bidding,,https://www.rbi.org.in/Scripts/NotificationUser.aspx?Id=2111&Mode=0,https://www.rbi.org.in/Scripts/NotificationUser.aspx,2026-05-30T08:47:44.077439+00:00
2005-02-02,Advertisement,,https://www.rbi.org.in/Scripts/NotificationUser.aspx?Id=2110&Mode=0,https://www.rbi.org.in/Scripts/NotificationUser.aspx,2026-05-30T08:47:44.077439+00:00
2005-02-02,GOI Notification,,https://www.rbi.org.in/Scripts/NotificationUser.aspx?Id=2109&Mode=0,https://www.rbi.org.in/Scripts/NotificationUser.aspx,2026-05-30T08:47:44.077439+00:00
2005-02-02,RBI Notification,,https://www.rbi.org.in/Scripts/NotificationUser.aspx?Id=2108&Mode=0,https://www.rbi.org.in/Scripts/NotificationUser.aspx,2026-05-30T08:47:44.077439+00:00
2005-02-01,Implementation of Risk-based internal audit (RBIA) in banks,,https://www.rbi.org.in/Scripts/NotificationUser.aspx?Id=2106&Mode=0,https://www.rbi.org.in/Scripts/NotificationUser.aspx,2026-05-30T08:47:44.077439+00:00
2005-02-01,Compounding of Contraventions under FEMA 1999,,https://www.rbi.org.in/Scripts/NotificationUser.aspx?Id=2105&Mode=0,https://www.rbi.org.in/Scripts/NotificationUser.aspx,2026-05-30T08:47:44.077439+00:00
2022-05-30,"Implementation of Section 51A of UAPA, 1967: Updates to UNSC’s 1267/ 1989 ISIL (Da'esh) & Al-Qaida Sanctions List: Amendment in 6 entries (individuals)",,https://www.rbi.org.in/Scripts/NotificationUser.aspx?Id=12326&Mode=0,https://www.rbi.org.in/Scripts/NotificationUser.aspx,2026-05-30T08:47:44.460235+00:00
2022-05-26,Bharat Bill Payment System – Amendment to guidelines,,https://www.rbi.org.in/Scripts/NotificationUser.aspx?Id=12325&Mode=0,https://www.rbi.org.in/Scripts/NotificationUser.aspx,2026-05-30T08:47:44.460235+00:00
2022-05-25,Guidelines on import of gold by Qualified Jewellers as notified by – The International Financial Services Centers Authority (IFSCA),,https://www.rbi.org.in/Scripts/NotificationUser.aspx?Id=12324&Mode=0,https://www.rbi.org.in/Scripts/NotificationUser.aspx,2026-05-30T08:47:44.460235+00:00
2022-05-19,"Reserve Bank of India (Financial Statements - Presentation and Disclosures) Directions, 2021 - Reporting of reverse repos with Reserve Bank on the bank’s balance sheet",,https://www.rbi.org.in/Scripts/NotificationUser.aspx?Id=12322&Mode=0,https://www.rbi.org.in/Scripts/NotificationUser.aspx,2026-05-30T08:47:44.460235+00:00
2022-05-19,Interoperable Card-less Cash Withdrawal (ICCW) at ATMs,,https://www.rbi.org.in/Scripts/NotificationUser.aspx?Id=12321&Mode=0,https://www.rbi.org.in/Scripts/NotificationUser.aspx,2026-05-30T08:47:44.460235+00:00
2022-05-19,Government of India guaranteed term loan extended by SBI to the Government of Sri Lanka- Settlement in INR,,https://www.rbi.org.in/Scripts/NotificationUser.aspx?Id=12320&Mode=0,https://www.rbi.org.in/Scripts/NotificationUser.aspx,2026-05-30T08:47:44.460235+00:00
2022-05-19,"New Definition of Micro, Small and Medium Enterprises - Clarification",,https://www.rbi.org.in/Scripts/NotificationUser.aspx?Id=12319&Mode=0,https://www.rbi.org.in/Scripts/NotificationUser.aspx,2026-05-30T08:47:44.460235+00:00
2022-05-18,Kisan Credit Card Scheme - Eligibility criteria for farmers engaged in fisheries/ aquaculture,,https://www.rbi.org.in/Scripts/NotificationUser.aspx?Id=12318&Mode=0,https://www.rbi.org.in/Scripts/NotificationUser.aspx,2026-05-30T08:47:44.460235+00:00
2022-05-13,"Lending by Commercial Banks to NBFCs and Small Finance Banks (SFBs) to NBFC-MFIs, for the purpose of on-lending to priority sectors",,https://www.rbi.org.in/Scripts/NotificationUser.aspx?Id=12317&Mode=0,https://www.rbi.org.in/Scripts/NotificationUser.aspx,2026-05-30T08:47:44.460235+00:00
2022-05-13,Regulations Review Authority (RRA 2.0) – Recommendations for Withdrawal of Circulars,,https://www.rbi.org.in/Scripts/NotificationUser.aspx?Id=12316&Mode=0,https://www.rbi.org.in/Scripts/NotificationUser.aspx,2026-05-30T08:47:44.460235+00:00
2022-05-13,Regulations Review Authority (RRA 2.0) - Recommendations for Withdrawal of Circulars,,https://www.rbi.org.in/Scripts/NotificationUser.aspx?Id=12315&Mode=0,https://www.rbi.org.in/Scripts/NotificationUser.aspx,2026-05-30T08:47:44.460235+00:00
2022-05-05,Exim Bank's Government of India supported additional Line of Credit (LoC) of USD 190 million to the SBM (Mauritius) Infrastructure Development Company Ltd,,https://www.rbi.org.in/Scripts/NotificationUser.aspx?Id=12314&Mode=0,https://www.rbi.org.in/Scripts/NotificationUser.aspx,2026-05-30T08:47:44.460235+00:00
2022-05-04,Standing Liquidity Facility for Primary Dealers,,https://www.rbi.org.in/Scripts/NotificationUser.aspx?Id=12311&Mode=0,https://www.rbi.org.in/Scripts/NotificationUser.aspx,2026-05-30T08:47:44.460235+00:00
2022-05-04,Liquidity Adjustment Facility- Change in rates,,https://www.rbi.org.in/Scripts/NotificationUser.aspx?Id=12309&Mode=0,https://www.rbi.org.in/Scripts/NotificationUser.aspx,2026-05-30T08:47:44.460235+00:00
2022-05-02,Regulations Review Authority (RRA 2.0) – Interim Recommendations – Withdrawal of Circulars,,https://www.rbi.org.in/Scripts/NotificationUser.aspx?Id=12308&Mode=0,https://www.rbi.org.in/Scripts/NotificationUser.aspx,2026-05-30T08:47:44.460235+00:00
2022-05-02,Regulations Review Authority (RRA 2.0) – Interim Recommendations – Withdrawal of Circulars,,https://www.rbi.org.in/Scripts/NotificationUser.aspx?Id=12307&Mode=0,https://www.rbi.org.in/Scripts/NotificationUser.aspx,2026-05-30T08:47:44.460235+00:00
2022-05-02,Regulations Review Authority (RRA 2.0) – Interim Recommendations – Withdrawal of Circulars,,https://www.rbi.org.in/Scripts/NotificationUser.aspx?Id=12306&Mode=0,https://www.rbi.org.in/Scripts/NotificationUser.aspx,2026-05-30T08:47:44.460235+00:00
2022-05-02,Regulations Review Authority (RRA 2.0) – Interim Recommendations – Withdrawal of Circulars,,https://www.rbi.org.in/Scripts/NotificationUser.aspx?Id=12305&Mode=0,https://www.rbi.org.in/Scripts/NotificationUser.aspx,2026-05-30T08:47:44.460235+00:00
2005-01-28,Participation in various fora under Lead Bank Scheme,,https://www.rbi.org.in/Scripts/NotificationUser.aspx?Id=2146&Mode=0,https://www.rbi.org.in/Scripts/NotificationUser.aspx,2026-05-30T08:47:46.718611+00:00
2005-01-20,"Foreign Exchange Management (Guarantees)(Amendment) Regulations, 2005",,https://www.rbi.org.in/Scripts/NotificationUser.aspx?Id=2188&Mode=0,https://www.rbi.org.in/Scripts/NotificationUser.aspx,2026-05-30T08:47:46.718611+00:00
2005-01-19,Banks need not send safe custody certificate for specimen signatures to RBI,,https://www.rbi.org.in/Scripts/NotificationUser.aspx?Id=2102&Mode=0,https://www.rbi.org.in/Scripts/NotificationUser.aspx,2026-05-30T08:47:46.718611+00:00
2005-01-19,Non-acceptance of coins by bank branches,,https://www.rbi.org.in/Scripts/NotificationUser.aspx?Id=2101&Mode=0,https://www.rbi.org.in/Scripts/NotificationUser.aspx,2026-05-30T08:47:46.718611+00:00
2005-01-15,Payment Order for Matured Relief/Savings Bonds in the name of the Joint Holder,,https://www.rbi.org.in/Scripts/NotificationUser.aspx?Id=2100&Mode=0,https://www.rbi.org.in/Scripts/NotificationUser.aspx,2026-05-30T08:47:46.718611+00:00
2005-01-15,Changes in the list of reserved items for exclusive manufacture in the Small Scale Sector,,https://www.rbi.org.in/Scripts/NotificationUser.aspx?Id=2098&Mode=0,https://www.rbi.org.in/Scripts/NotificationUser.aspx,2026-05-30T08:47:46.718611+00:00
2005-01-12,Enhancement in SSI Investment Limit in respect of Sports Goods,,https://www.rbi.org.in/Scripts/NotificationUser.aspx?Id=2099&Mode=0,https://www.rbi.org.in/Scripts/NotificationUser.aspx,2026-05-30T08:47:46.718611+00:00
2005-01-11,Foreign Exchange Management (Manner of Receipt and Payment)(Amendment)Regulations 2005,,https://www.rbi.org.in/Scripts/NotificationUser.aspx?Id=2187&Mode=0,https://www.rbi.org.in/Scripts/NotificationUser.aspx,2026-05-30T08:47:46.718611+00:00
2005-01-07,Master Circular - Guidelines for Relief Measures by Banks in areas affected by Natural Calamities,,https://www.rbi.org.in/Scripts/NotificationUser.aspx?Id=2094&Mode=0,https://www.rbi.org.in/Scripts/NotificationUser.aspx,2026-05-30T08:47:46.718611+00:00
2005-01-06,Detection of Forged Notes in Chest Remittances,,https://www.rbi.org.in/Scripts/NotificationUser.aspx?Id=2097&Mode=0,https://www.rbi.org.in/Scripts/NotificationUser.aspx,2026-05-30T08:47:46.718611+00:00
2005-01-05,"Foreign Exchange Management (Borrowing or Lending in Foreign Exchange) (Amendment) Regulations, 2005",,https://www.rbi.org.in/Scripts/NotificationUser.aspx?Id=2186&Mode=0,https://www.rbi.org.in/Scripts/NotificationUser.aspx,2026-05-30T08:47:46.718611+00:00
2022-04-29,Guidelines on Compensation of Key Managerial Personnel (KMP) and Senior Management in NBFCs,,https://www.rbi.org.in/Scripts/NotificationUser.aspx?Id=12303&Mode=0,https://www.rbi.org.in/Scripts/NotificationUser.aspx,2026-05-30T08:47:47.168374+00:00
2022-04-28,Modified Interest Subvention Scheme for Short Term Loans for Agriculture and Allied Activities availed through Kisan Credit Card (KCC) during the financial year 2021-22,,https://www.rbi.org.in/Scripts/NotificationUser.aspx?Id=12302&Mode=0,https://www.rbi.org.in/Scripts/NotificationUser.aspx,2026-05-30T08:47:47.168374+00:00
2022-04-19,Large Exposures Framework for Non-Banking Financial Company - Upper Layer (NBFC-UL),,https://www.rbi.org.in/Scripts/NotificationUser.aspx?Id=12298&Mode=0,https://www.rbi.org.in/Scripts/NotificationUser.aspx,2026-05-30T08:47:47.168374+00:00
2022-04-19,Scale Based Regulation (SBR) for NBFCs: Capital requirements for Non-Banking Finance Companies – Upper Layer (NBFC-UL),,https://www.rbi.org.in/Scripts/NotificationUser.aspx?Id=12296&Mode=0,https://www.rbi.org.in/Scripts/NotificationUser.aspx,2026-05-30T08:47:47.168374+00:00
2022-04-19,Limits for investment in debt and sale of Credit Default Swaps by Foreign Portfolio Investors (FPIs),,https://www.rbi.org.in/Scripts/NotificationUser.aspx?Id=12295&Mode=0,https://www.rbi.org.in/Scripts/NotificationUser.aspx,2026-05-30T08:47:47.168374+00:00
2022-04-19,Loans and Advances – Regulatory Restrictions - NBFCs,,https://www.rbi.org.in/Scripts/NotificationUser.aspx?Id=12294&Mode=0,https://www.rbi.org.in/Scripts/NotificationUser.aspx,2026-05-30T08:47:47.168374+00:00
2022-04-19,Disclosures in Financial Statements- Notes to Accounts of NBFCs,,https://www.rbi.org.in/Scripts/NotificationUser.aspx?Id=12292&Mode=0,https://www.rbi.org.in/Scripts/NotificationUser.aspx,2026-05-30T08:47:47.168374+00:00
2022-04-11,Compliance Function and Role of Chief Compliance Officer (CCO) - NBFCs,,https://www.rbi.org.in/Scripts/NotificationUser.aspx?Id=12290&Mode=0,https://www.rbi.org.in/Scripts/NotificationUser.aspx,2026-05-30T08:47:47.168374+00:00
2022-04-08,"Section 24 and Section 56 of the Banking Regulation Act, 1949 – Maintenance of Statutory Liquidity Ratio (SLR)",,https://www.rbi.org.in/Scripts/NotificationUser.aspx?Id=12289&Mode=0,https://www.rbi.org.in/Scripts/NotificationUser.aspx,2026-05-30T08:47:47.168374+00:00
2022-04-08,Review of SLR holdings in HTM category,,https://www.rbi.org.in/Scripts/NotificationUser.aspx?Id=12287&Mode=0,https://www.rbi.org.in/Scripts/NotificationUser.aspx,2026-05-30T08:47:47.168374+00:00
2022-04-04,"Implementation of Section 51A of UAPA, 1967: Updates to UNSC’s 1267/ 1989 ISIL (Da'esh) & Al-Qaida Sanctions List: Amendment in two entries",,https://www.rbi.org.in/Scripts/NotificationUser.aspx?Id=12284&Mode=0,https://www.rbi.org.in/Scripts/NotificationUser.aspx,2026-05-30T08:47:47.168374+00:00
2022-04-01,Master Circular – Lead Bank Scheme,,https://www.rbi.org.in/Scripts/NotificationUser.aspx?Id=12277&Mode=0,https://www.rbi.org.in/Scripts/NotificationUser.aspx,2026-05-30T08:47:47.168374+00:00
2022-04-01,Master Circular - Disbursement of Government Pension by Agency Banks,,https://www.rbi.org.in/Scripts/NotificationUser.aspx?Id=12275&Mode=0,https://www.rbi.org.in/Scripts/NotificationUser.aspx,2026-05-30T08:47:47.168374+00:00
2022-04-01,Master Circular on Conduct of Government Business by Agency Banks - Payment of Agency Commission,,https://www.rbi.org.in/Scripts/NotificationUser.aspx?Id=12274&Mode=0,https://www.rbi.org.in/Scripts/NotificationUser.aspx,2026-05-30T08:47:47.168374+00:00
2022-04-01,Master Circular – Detection and Impounding of Counterfeit Notes,,https://www.rbi.org.in/Scripts/NotificationUser.aspx?Id=12273&Mode=0,https://www.rbi.org.in/Scripts/NotificationUser.aspx,2026-05-30T08:47:47.168374+00:00
2022-04-01,Master Direction on Penal Provisions in deficiencies in reporting of transactions/ balances at Currency Chests,,https://www.rbi.org.in/Scripts/NotificationUser.aspx?Id=12270&Mode=0,https://www.rbi.org.in/Scripts/NotificationUser.aspx,2026-05-30T08:47:47.168374+00:00
2022-04-01,Master Direction on Framework of Incentives for Currency Distribution & Exchange Scheme for bank branches including currency chests based on performance in rendering customer service to the members of public,,https://www.rbi.org.in/Scripts/NotificationUser.aspx?Id=12269&Mode=0,https://www.rbi.org.in/Scripts/NotificationUser.aspx,2026-05-30T08:47:47.168374+00:00
2022-04-01,Master Circular – Scheme of Penalties for bank branches including Currency Chests for deficiency in rendering customer service to the members of public,,https://www.rbi.org.in/Scripts/NotificationUser.aspx?Id=12268&Mode=0,https://www.rbi.org.in/Scripts/NotificationUser.aspx,2026-05-30T08:47:47.168374+00:00
2022-04-01,Master Circular on SHG-Bank Linkage Programme,,https://www.rbi.org.in/Scripts/NotificationUser.aspx?Id=12266&Mode=0,https://www.rbi.org.in/Scripts/NotificationUser.aspx,2026-05-30T08:47:47.168374+00:00
2022-04-01,Master Circular – Facility for Exchange of Notes and Coins,,https://www.rbi.org.in/Scripts/NotificationUser.aspx?Id=12265&Mode=0,https://www.rbi.org.in/Scripts/NotificationUser.aspx,2026-05-30T08:47:47.168374+00:00
2022-03-31,"Master Direction - Classification, Valuation and Operation of Investment Portfolio of Commercial Banks (Directions), 2021 - Amendment",,https://www.rbi.org.in/Scripts/NotificationUser.aspx?Id=12264&Mode=0,https://www.rbi.org.in/Scripts/NotificationUser.aspx,2026-05-30T08:47:50.319658+00:00
2022-03-31,Cassette - Swaps in ATMs,,https://www.rbi.org.in/Scripts/NotificationUser.aspx?Id=12263&Mode=0,https://www.rbi.org.in/Scripts/NotificationUser.aspx,2026-05-30T08:47:50.319658+00:00
2022-03-25,Framework for Geo-tagging of Payment System Touch Points,,https://www.rbi.org.in/Scripts/NotificationUser.aspx?Id=12260&Mode=0,https://www.rbi.org.in/Scripts/NotificationUser.aspx,2026-05-30T08:47:50.319658+00:00
2022-03-24,Annual Closing of Government Accounts – Transactions of Central / State Governments – Special Measures for the Current Financial Year (2021-22),,https://www.rbi.org.in/Scripts/NotificationUser.aspx?Id=12259&Mode=0,https://www.rbi.org.in/Scripts/NotificationUser.aspx,2026-05-30T08:47:50.319658+00:00
2022-03-23,"Master Direction - Classification, Valuation and Operation of Investment Portfolio of Commercial Banks (Directions), 2021 - Amendment",,https://www.rbi.org.in/Scripts/NotificationUser.aspx?Id=12258&Mode=0,https://www.rbi.org.in/Scripts/NotificationUser.aspx,2026-05-30T08:47:50.319658+00:00
2022-03-23,Formation of new district in the State of Meghalaya – Assignment of Lead Bank Responsibility,,https://www.rbi.org.in/Scripts/NotificationUser.aspx?Id=12257&Mode=0,https://www.rbi.org.in/Scripts/NotificationUser.aspx,2026-05-30T08:47:50.319658+00:00
2022-03-10,"Implementation of Section 51A of UAPA, 1967: Updates to UNSC’s 1267/ 1989 ISIL (Da'esh) & Al-Qaida Sanctions List: Addition of 1 entry (entity)",,https://www.rbi.org.in/Scripts/NotificationUser.aspx?Id=12255&Mode=0,https://www.rbi.org.in/Scripts/NotificationUser.aspx,2026-05-30T08:47:50.319658+00:00
2022-03-10,Exim Bank's Government of India supported Line of Credit (LoC) of USD 500 million to the Government of the Democratic Socialist Republic of Sri Lanka,Socialist,https://www.rbi.org.in/Scripts/NotificationUser.aspx?Id=12254&Mode=0,https://www.rbi.org.in/Scripts/NotificationUser.aspx,2026-05-30T08:47:50.319658+00:00
2022-03-10,Exim Bank's Government of India supported Line of Credit (LoC) of USD 7.29 million to the Government of Cooperative Republic of Guyana,,https://www.rbi.org.in/Scripts/NotificationUser.aspx?Id=12253&Mode=0,https://www.rbi.org.in/Scripts/NotificationUser.aspx,2026-05-30T08:47:50.319658+00:00
2022-03-08,"Implementation of Section 51A of UAPA, 1967: Updates to UNSC’s 1267/ 1989 ISIL (Da'esh) & Al-Qaida Sanctions List: Removal of 2 entries",,https://www.rbi.org.in/Scripts/NotificationUser.aspx?Id=12250&Mode=0,https://www.rbi.org.in/Scripts/NotificationUser.aspx,2026-05-30T08:47:50.319658+00:00
2022-03-03,Investment in Umbrella Organization (UO) by Primary (Urban) Co-operative Banks,,https://www.rbi.org.in/Scripts/NotificationUser.aspx?Id=12249&Mode=0,https://www.rbi.org.in/Scripts/NotificationUser.aspx,2026-05-30T08:47:50.319658+00:00
2004-12-31,Return on Computerisation - Merger of Technological Upgradation Report with the Biannual Report,,https://www.rbi.org.in/Scripts/NotificationUser.aspx?Id=2089&Mode=0,https://www.rbi.org.in/Scripts/NotificationUser.aspx,2026-05-30T08:47:52.748784+00:00
2004-12-31,"Tender for Non-competitive Bids for “9.39 per cent Government Stock 2011” for an aggregate amount of Rs.250 crore: Auction to be held on January 4,2005 - Annexure I (a)",,https://www.rbi.org.in/Scripts/NotificationUser.aspx?Id=2084&Mode=0,https://www.rbi.org.in/Scripts/NotificationUser.aspx,2026-05-30T08:47:52.748784+00:00
2004-12-31,"Tender for “9.39 percent Government Stock, 2011” for an aggregate amount of Rs.5,000 crore : Auction to be held on January 4,2005 - Annexure I",,https://www.rbi.org.in/Scripts/NotificationUser.aspx?Id=2083&Mode=0,https://www.rbi.org.in/Scripts/NotificationUser.aspx,2026-05-30T08:47:52.748784+00:00
2004-12-31,"Auction for Sale (Re-issue ) of ‘9.39 per cent Government Stock, 2011’",,https://www.rbi.org.in/Scripts/NotificationUser.aspx?Id=2082&Mode=0,https://www.rbi.org.in/Scripts/NotificationUser.aspx,2026-05-30T08:47:52.748784+00:00
2004-12-31,"Tender for “7.50 percent Government Stock, 2034” for an aggregate amount of Rs.2,000 crore : Auction to be held on January 4, 2005 - Annexure II",,https://www.rbi.org.in/Scripts/NotificationUser.aspx?Id=2081&Mode=0,https://www.rbi.org.in/Scripts/NotificationUser.aspx,2026-05-30T08:47:52.748784+00:00
2004-12-31,"Tender for Non-competitive Bids for “7.50 per cent Government Stock 2034” for an aggregate amount of Rs.100 crore: Auction to be held on January 4,2005 - Annexure II(a)",,https://www.rbi.org.in/Scripts/NotificationUser.aspx?Id=2080&Mode=0,https://www.rbi.org.in/Scripts/NotificationUser.aspx,2026-05-30T08:47:52.748784+00:00
2004-12-31,"Auction for Sale (Re-issue ) of ‘7.50 per cent Government Stock, 2034’",,https://www.rbi.org.in/Scripts/NotificationUser.aspx?Id=2079&Mode=0,https://www.rbi.org.in/Scripts/NotificationUser.aspx,2026-05-30T08:47:52.748784+00:00
2004-12-31,Scheme for Non-competitive Bidding Facility in the Auctions of Government Securities,,https://www.rbi.org.in/Scripts/NotificationUser.aspx?Id=2078&Mode=0,https://www.rbi.org.in/Scripts/NotificationUser.aspx,2026-05-30T08:47:52.748784+00:00
2004-12-31,Advertisement on sale (re-issue) of 9.39 percent Government Stock 2011”,,https://www.rbi.org.in/Scripts/NotificationUser.aspx?Id=2077&Mode=0,https://www.rbi.org.in/Scripts/NotificationUser.aspx,2026-05-30T08:47:52.748784+00:00
2004-12-31,Auction of Government of India Dated Securities,,https://www.rbi.org.in/Scripts/NotificationUser.aspx?Id=2076&Mode=0,https://www.rbi.org.in/Scripts/NotificationUser.aspx,2026-05-30T08:47:52.748784+00:00
2004-12-30,Rationalisation of returns submitted by banks to RBI,,https://www.rbi.org.in/Scripts/NotificationUser.aspx?Id=2075&Mode=0,https://www.rbi.org.in/Scripts/NotificationUser.aspx,2026-05-30T08:47:52.748784+00:00
2004-12-30,Revised Calendar of Reviews,,https://www.rbi.org.in/Scripts/NotificationUser.aspx?Id=2074&Mode=0,https://www.rbi.org.in/Scripts/NotificationUser.aspx,2026-05-30T08:47:52.748784+00:00
2004-12-30,Road Map for Residuary Non-Banking Companies,,https://www.rbi.org.in/Scripts/NotificationUser.aspx?Id=2073&Mode=0,https://www.rbi.org.in/Scripts/NotificationUser.aspx,2026-05-30T08:47:52.748784+00:00
2004-12-30,Guidelines for relief measures by banks in areas affected by natural calamities,,https://www.rbi.org.in/Scripts/NotificationUser.aspx?Id=2072&Mode=0,https://www.rbi.org.in/Scripts/NotificationUser.aspx,2026-05-30T08:47:52.748784+00:00
2004-12-28,Off-site Monitoring and Surveillance - Input Module Upgraded,,https://www.rbi.org.in/Scripts/NotificationUser.aspx?Id=2071&Mode=0,https://www.rbi.org.in/Scripts/NotificationUser.aspx,2026-05-30T08:47:52.748784+00:00
2004-12-27,On-line Tax Accounting System (OLTAS) - Discrepancy in the Challan Data Transmitted to Tax Information Network (TIN) and Physical Challan Sent to Zonal Accounts Office (ZAO),,https://www.rbi.org.in/Scripts/NotificationUser.aspx?Id=2095&Mode=0,https://www.rbi.org.in/Scripts/NotificationUser.aspx,2026-05-30T08:47:52.748784+00:00
2004-12-27,Non-acceptance of coins,,https://www.rbi.org.in/Scripts/NotificationUser.aspx?Id=2069&Mode=0,https://www.rbi.org.in/Scripts/NotificationUser.aspx,2026-05-30T08:47:52.748784+00:00
2004-12-27,Target for achievement for the year 2004-05 under PMRY for Arunachal Pradesh - enhanced,,https://www.rbi.org.in/Scripts/NotificationUser.aspx?Id=2068&Mode=0,https://www.rbi.org.in/Scripts/NotificationUser.aspx,2026-05-30T08:47:52.748784+00:00
2004-12-24,Change in Assignment of SLBC Convenorship to the State of Manipur,,https://www.rbi.org.in/Scripts/NotificationUser.aspx?Id=2088&Mode=0,https://www.rbi.org.in/Scripts/NotificationUser.aspx,2026-05-30T08:47:52.748784+00:00
2004-12-23,Special Deposit Scheme 1975 - Payment of Interest for the calendar year 2004,,https://www.rbi.org.in/Scripts/NotificationUser.aspx?Id=2064&Mode=0,https://www.rbi.org.in/Scripts/NotificationUser.aspx,2026-05-30T08:47:52.748784+00:00
2004-12-23,"Deferred Payment Protocols dated April 30, 1981 and December 23, 1985 between the Government of India and erstwhile USSR",,https://www.rbi.org.in/Scripts/NotificationUser.aspx?Id=2061&Mode=0,https://www.rbi.org.in/Scripts/NotificationUser.aspx,2026-05-30T08:47:52.748784+00:00
2004-12-21,Banks advised to improve performance in achieving SGSY Targets,,https://www.rbi.org.in/Scripts/NotificationUser.aspx?Id=2060&Mode=0,https://www.rbi.org.in/Scripts/NotificationUser.aspx,2026-05-30T08:47:52.748784+00:00
2004-12-17,Clarification on Turnover Commission (ToC),,https://www.rbi.org.in/Scripts/NotificationUser.aspx?Id=2086&Mode=0,https://www.rbi.org.in/Scripts/NotificationUser.aspx,2026-05-30T08:47:52.748784+00:00
2004-12-17,New Minor Head for Accounting 'Education Cess' on Union Taxes,,https://www.rbi.org.in/Scripts/NotificationUser.aspx?Id=2058&Mode=0,https://www.rbi.org.in/Scripts/NotificationUser.aspx,2026-05-30T08:47:52.748784+00:00
2004-12-15,Guidelines on Know Your Customer' and Anti Money Laundering Standards-UCBs,,https://www.rbi.org.in/Scripts/NotificationUser.aspx?Id=2057&Mode=0,https://www.rbi.org.in/Scripts/NotificationUser.aspx,2026-05-30T08:47:52.748784+00:00
2004-12-15,Priority Sector Lending – Investment in special bonds issued by specified institutions,,https://www.rbi.org.in/Scripts/NotificationUser.aspx?Id=2053&Mode=0,https://www.rbi.org.in/Scripts/NotificationUser.aspx,2026-05-30T08:47:52.748784+00:00
2004-12-14,Compulsory Quoting of Permanent Account Number (PAN)/Tax Deduction Account Number (TAN) on Challans from 1/1/2005,,https://www.rbi.org.in/Scripts/NotificationUser.aspx?Id=2054&Mode=0,https://www.rbi.org.in/Scripts/NotificationUser.aspx,2026-05-30T08:47:52.748784+00:00
2004-12-13,"Foreign Exchange Management (Borrowing or Lending in Foreign Exchange) (Second Amendment) Regulations, 2004",,https://www.rbi.org.in/Scripts/NotificationUser.aspx?Id=2185&Mode=0,https://www.rbi.org.in/Scripts/NotificationUser.aspx,2026-05-30T08:47:52.748784+00:00
2004-12-13,Banks advised to furnish Data on Agricultural Lending on Monthly Basis,,https://www.rbi.org.in/Scripts/NotificationUser.aspx?Id=2052&Mode=0,https://www.rbi.org.in/Scripts/NotificationUser.aspx,2026-05-30T08:47:52.748784+00:00
2004-12-13,Standardised application form for investments in Savings Bonds along with the Duties and Rights of Customers,,https://www.rbi.org.in/Scripts/NotificationUser.aspx?Id=2048&Mode=0,https://www.rbi.org.in/Scripts/NotificationUser.aspx,2026-05-30T08:47:52.748784+00:00
2004-12-10,Reporting of Call/Notice Money Market Transactions,,https://www.rbi.org.in/Scripts/NotificationUser.aspx?Id=2046&Mode=0,https://www.rbi.org.in/Scripts/NotificationUser.aspx,2026-05-30T08:47:52.748784+00:00
2004-12-09,"Amendments to Public Provident Fund Scheme, 1968",,https://www.rbi.org.in/Scripts/NotificationUser.aspx?Id=2047&Mode=0,https://www.rbi.org.in/Scripts/NotificationUser.aspx,2026-05-30T08:47:52.748784+00:00
2004-12-08,Relaxation in Service Area Norms,,https://www.rbi.org.in/Scripts/NotificationUser.aspx?Id=2044&Mode=0,https://www.rbi.org.in/Scripts/NotificationUser.aspx,2026-05-30T08:47:52.748784+00:00
2004-12-08,Graded Interest Rates on Deposits with SIDBI in lieu of Shortfall in Priority Sector Obligations,,https://www.rbi.org.in/Scripts/NotificationUser.aspx?Id=2043&Mode=0,https://www.rbi.org.in/Scripts/NotificationUser.aspx,2026-05-30T08:47:52.748784+00:00
2004-12-03,Concurrent Audit in Banks - Examination of Speed Remittance,,https://www.rbi.org.in/Scripts/NotificationUser.aspx?Id=12634&Mode=0,https://www.rbi.org.in/Scripts/NotificationUser.aspx,2026-05-30T08:47:52.748784+00:00
2004-12-02,"Public Provident Fund Scheme, 1968",,https://www.rbi.org.in/Scripts/NotificationUser.aspx?Id=2122&Mode=0,https://www.rbi.org.in/Scripts/NotificationUser.aspx,2026-05-30T08:47:52.748784+00:00
2004-12-02,Exim Bank's Line of Credit of USD 27 million to Government of Vietnam - A.P. (DIR Series) Circular No. 29,A.P. (DIR Series) Circular No. 29,https://www.rbi.org.in/Scripts/NotificationUser.aspx?Id=2042&Mode=0,https://www.rbi.org.in/Scripts/NotificationUser.aspx,2026-05-30T08:47:52.748784+00:00
2022-02-24,Reporting and Accounting of Central Government transactions of March 2022,,https://www.rbi.org.in/Scripts/NotificationUser.aspx?Id=12248&Mode=0,https://www.rbi.org.in/Scripts/NotificationUser.aspx,2026-05-30T08:47:52.966398+00:00
2022-02-23,Implementation of ‘Core Financial Services Solution’ by Non-Banking Financial Companies (NBFCs),Solution,https://www.rbi.org.in/Scripts/NotificationUser.aspx?Id=12247&Mode=0,https://www.rbi.org.in/Scripts/NotificationUser.aspx,2026-05-30T08:47:52.966398+00:00
2022-02-22,"Inclusion in the Second Schedule to the Reserve Bank of India Act, 1934- Sikkim State Co-operative Bank Ltd",,https://www.rbi.org.in/Scripts/NotificationUser.aspx?Id=12246&Mode=0,https://www.rbi.org.in/Scripts/NotificationUser.aspx,2026-05-30T08:47:52.966398+00:00
2022-02-18,Regulations Review Authority (RRA 2.0) – Interim Recommendations – Online Submission of Returns,,https://www.rbi.org.in/Scripts/NotificationUser.aspx?Id=12245&Mode=0,https://www.rbi.org.in/Scripts/NotificationUser.aspx,2026-05-30T08:47:52.966398+00:00
2022-02-18,Regulations Review Authority (RRA 2.0) – Interim Recommendations – Discontinuation/Merger/Online Submission of Returns,,https://www.rbi.org.in/Scripts/NotificationUser.aspx?Id=12244&Mode=0,https://www.rbi.org.in/Scripts/NotificationUser.aspx,2026-05-30T08:47:52.966398+00:00
2022-02-18,Regulations Review Authority (RRA 2.0) – Interim Recommendations – Second Tranche,,https://www.rbi.org.in/Scripts/NotificationUser.aspx?Id=12242&Mode=0,https://www.rbi.org.in/Scripts/NotificationUser.aspx,2026-05-30T08:47:52.966398+00:00
2022-02-18,Regulations Review Authority (RRA 2.0) – Interim Recommendations – Withdrawal of Circulars,,https://www.rbi.org.in/Scripts/NotificationUser.aspx?Id=12241&Mode=0,https://www.rbi.org.in/Scripts/NotificationUser.aspx,2026-05-30T08:47:52.966398+00:00
2022-02-18,Regulations Review Authority (RRA 2.0) – Interim Recommendations-Discontinuation/Merger/Online Submission of Returns,,https://www.rbi.org.in/Scripts/NotificationUser.aspx?Id=12238&Mode=0,https://www.rbi.org.in/Scripts/NotificationUser.aspx,2026-05-30T08:47:52.966398+00:00
2022-02-18,Regulations Review Authority (RRA 2.0) – Interim Recommendations – Withdrawal of Circulars,,https://www.rbi.org.in/Scripts/NotificationUser.aspx?Id=12237&Mode=0,https://www.rbi.org.in/Scripts/NotificationUser.aspx,2026-05-30T08:47:52.966398+00:00
2022-02-18,Regulations Review Authority (RRA 2.0) – Interim Recommendations - Online Submission of Returns,,https://www.rbi.org.in/Scripts/NotificationUser.aspx?Id=12236&Mode=0,https://www.rbi.org.in/Scripts/NotificationUser.aspx,2026-05-30T08:47:52.966398+00:00
2022-02-18,Regulations Review Authority (RRA 2.0) – Interim Recommendations – Discontinuation/Merger/Online Submission of Returns,,https://www.rbi.org.in/Scripts/NotificationUser.aspx?Id=12235&Mode=0,https://www.rbi.org.in/Scripts/NotificationUser.aspx,2026-05-30T08:47:52.966398+00:00
2022-02-18,Regulations Review Authority (RRA 2.0) – Interim Recommendations – Withdrawal of Circulars,,https://www.rbi.org.in/Scripts/NotificationUser.aspx?Id=12234&Mode=0,https://www.rbi.org.in/Scripts/NotificationUser.aspx,2026-05-30T08:47:52.966398+00:00
2022-02-18,"New Definition of Micro, Small and Medium Enterprises - Clarification",,https://www.rbi.org.in/Scripts/NotificationUser.aspx?Id=12233&Mode=0,https://www.rbi.org.in/Scripts/NotificationUser.aspx,2026-05-30T08:47:52.966398+00:00
2022-02-17,Exim Bank's Government of India supported Line of Credit (LoC) of USD 40 million to the Government of the Republic of Maldives,,https://www.rbi.org.in/Scripts/NotificationUser.aspx?Id=12232&Mode=0,https://www.rbi.org.in/Scripts/NotificationUser.aspx,2026-05-30T08:47:52.966398+00:00
2022-02-17,Exim Bank's Government of India supported Line of Credit (LoC) of USD 50 million to the Government of the Republic of Maldives,,https://www.rbi.org.in/Scripts/NotificationUser.aspx?Id=12231&Mode=0,https://www.rbi.org.in/Scripts/NotificationUser.aspx,2026-05-30T08:47:52.966398+00:00
2022-02-10,"Rupee Interest Rate Derivatives (Reserve Bank) Directions - Review dated February 10, 2022 [These directions have been superseded by Master Direction – Reserve Bank of India (Rupee Interest Rate Derivatives) Directions, 2025 ]",,https://www.rbi.org.in/Scripts/NotificationUser.aspx?Id=12229&Mode=0,https://www.rbi.org.in/Scripts/NotificationUser.aspx,2026-05-30T08:47:52.966398+00:00
2022-02-10,‘Voluntary Retention Route’ (VRR) for Foreign Portfolio Investors (FPIs) investment in debt,,https://www.rbi.org.in/Scripts/NotificationUser.aspx?Id=12228&Mode=0,https://www.rbi.org.in/Scripts/NotificationUser.aspx,2026-05-30T08:47:52.966398+00:00
2022-02-10,Transactions in Credit Default Swap (CDS) by Foreign Portfolio Investors – Operational Instructions,,https://www.rbi.org.in/Scripts/NotificationUser.aspx?Id=12227&Mode=0,https://www.rbi.org.in/Scripts/NotificationUser.aspx,2026-05-30T08:47:52.966398+00:00
2022-02-10,"Master Direction – Reserve Bank of India (Credit Derivatives) Directions, 2022 ( Updated as on January 01, 2025 )",,https://www.rbi.org.in/Scripts/NotificationUser.aspx?Id=12226&Mode=0,https://www.rbi.org.in/Scripts/NotificationUser.aspx,2026-05-30T08:47:52.966398+00:00
2022-01-27,"Implementation of Section 51A of UAPA, 1967: Updates to UNSC’s 1267/ 1989 ISIL (Da'esh) & Al-Qaida Sanctions List: Deletion of 1 entry",,https://www.rbi.org.in/Scripts/NotificationUser.aspx?Id=12224&Mode=0,https://www.rbi.org.in/Scripts/NotificationUser.aspx,2026-05-30T08:47:55.431380+00:00
2022-01-20,"Registration of Assignment of Receivables (Reserve Bank) Regulations, 2022",,https://www.rbi.org.in/Scripts/NotificationUser.aspx?Id=12223&Mode=0,https://www.rbi.org.in/Scripts/NotificationUser.aspx,2026-05-30T08:47:55.431380+00:00
2022-01-20,"Registration of Factors (Reserve Bank) Regulations, 2022",,https://www.rbi.org.in/Scripts/NotificationUser.aspx?Id=12222&Mode=0,https://www.rbi.org.in/Scripts/NotificationUser.aspx,2026-05-30T08:47:55.431380+00:00
2022-01-19,"Implementation of Section 51A of UAPA, 1967: Updates to UNSC’s 1267/1989 ISIL (Da'esh) & Al-Qaida Sanctions List: Deletion of 3 entries",,https://www.rbi.org.in/Scripts/NotificationUser.aspx?Id=12221&Mode=0,https://www.rbi.org.in/Scripts/NotificationUser.aspx,2026-05-30T08:47:55.431380+00:00
2022-01-06,"Implementation of Section 51A of UAPA, 1967: Updates to UNSC’s 1267/ 1989 ISIL (Da'esh) & Al-Qaida Sanctions List: Deletion of entries",,https://www.rbi.org.in/Scripts/NotificationUser.aspx?Id=12219&Mode=0,https://www.rbi.org.in/Scripts/NotificationUser.aspx,2026-05-30T08:47:55.431380+00:00
2022-01-04,"Inclusion of “Airtel Payments Bank Limited” in the Second Schedule of the Reserve Bank of India Act, 1934",,https://www.rbi.org.in/Scripts/NotificationUser.aspx?Id=12217&Mode=0,https://www.rbi.org.in/Scripts/NotificationUser.aspx,2026-05-30T08:47:55.431380+00:00
2022-01-04,Retail Direct Scheme – Market Making,,https://www.rbi.org.in/Scripts/NotificationUser.aspx?Id=12216&Mode=0,https://www.rbi.org.in/Scripts/NotificationUser.aspx,2026-05-30T08:47:55.431380+00:00
2022-01-03,"Framework for Facilitating Small Value Digital Payments in Offline Mode ( Updated as on December 04, 2024 )",,https://www.rbi.org.in/Scripts/NotificationUser.aspx?Id=12215&Mode=0,https://www.rbi.org.in/Scripts/NotificationUser.aspx,2026-05-30T08:47:55.431380+00:00
2022-01-03,"Implementation of Section 51A of UAPA, 1967: Updates to UNSC’s 1267/ 1989 ISIL (Da'esh) & Al-Qaida Sanctions List: Addition of entries",,https://www.rbi.org.in/Scripts/NotificationUser.aspx?Id=12214&Mode=0,https://www.rbi.org.in/Scripts/NotificationUser.aspx,2026-05-30T08:47:55.431380+00:00
2004-11-30,Standardised application form for investment in Savings Bonds along with Duties and Rights of investors – Corrigendum,,https://www.rbi.org.in/Scripts/NotificationUser.aspx?Id=2040&Mode=0,https://www.rbi.org.in/Scripts/NotificationUser.aspx,2026-05-30T08:47:55.462766+00:00
2004-11-29,Know Your Customer (KYC) Guidelines – Anti Money Laundering Standards,,https://www.rbi.org.in/Scripts/NotificationUser.aspx?Id=2039&Mode=0,https://www.rbi.org.in/Scripts/NotificationUser.aspx,2026-05-30T08:47:55.462766+00:00
2004-11-27,G.S.R. No. 798(E)/07.12.2004,G.S.R. No.,https://www.rbi.org.in/Scripts/NotificationUser.aspx?Id=3360&Mode=0,https://www.rbi.org.in/Scripts/NotificationUser.aspx,2026-05-30T08:47:55.462766+00:00
2004-11-27,G.S.R. No. 797(E)/07.12.2004,G.S.R. No.,https://www.rbi.org.in/Scripts/NotificationUser.aspx?Id=3359&Mode=0,https://www.rbi.org.in/Scripts/NotificationUser.aspx,2026-05-30T08:47:55.462766+00:00
2004-11-27,G.S.R. No. 796(E)/07.12.2004,G.S.R. No.,https://www.rbi.org.in/Scripts/NotificationUser.aspx?Id=3358&Mode=0,https://www.rbi.org.in/Scripts/NotificationUser.aspx,2026-05-30T08:47:55.462766+00:00
2004-11-27,G.S.R. No. 795(E)/07.12.2004,G.S.R. No.,https://www.rbi.org.in/Scripts/NotificationUser.aspx?Id=3357&Mode=0,https://www.rbi.org.in/Scripts/NotificationUser.aspx,2026-05-30T08:47:55.462766+00:00
2004-11-27,G.S.R.No.794(E)/07.12.2004,G.S.R.No.794(E)/07.12.2004,https://www.rbi.org.in/Scripts/NotificationUser.aspx?Id=3356&Mode=0,https://www.rbi.org.in/Scripts/NotificationUser.aspx,2026-05-30T08:47:55.462766+00:00
2004-11-27,G.S.R.No.793(E)/07.12.2004,G.S.R.No.793(E)/07.12.2004,https://www.rbi.org.in/Scripts/NotificationUser.aspx?Id=3355&Mode=0,https://www.rbi.org.in/Scripts/NotificationUser.aspx,2026-05-30T08:47:55.462766+00:00
2004-11-27,"Foreign Exchange Management (Transfer or Issue of Security by a Person Resident Outside India) (Fifth Amendment) Regulations, 20",,https://www.rbi.org.in/Scripts/NotificationUser.aspx?Id=2611&Mode=0,https://www.rbi.org.in/Scripts/NotificationUser.aspx,2026-05-30T08:47:55.462766+00:00
2004-11-24,Flow of Credit to Agriculture-Announcements made by the Union Finance Minister,,https://www.rbi.org.in/Scripts/NotificationUser.aspx?Id=2050&Mode=0,https://www.rbi.org.in/Scripts/NotificationUser.aspx,2026-05-30T08:47:55.462766+00:00
2004-11-20,New Major Head for Accounting ‘Securities Transaction Tax’,,https://www.rbi.org.in/Scripts/NotificationUser.aspx?Id=1939&Mode=0,https://www.rbi.org.in/Scripts/NotificationUser.aspx,2026-05-30T08:47:55.462766+00:00
2004-11-19,Indo-Myanmar Trade – Relaxation from ACU Mechanism - A.P. (DIR Series) Circular No. 28,A.P. (DIR Series) Circular No. 28,https://www.rbi.org.in/Scripts/NotificationUser.aspx?Id=2037&Mode=0,https://www.rbi.org.in/Scripts/NotificationUser.aspx,2026-05-30T08:47:55.462766+00:00
2004-11-13,Reporting of defaults in market transactions,,https://www.rbi.org.in/Scripts/NotificationUser.aspx?Id=2035&Mode=0,https://www.rbi.org.in/Scripts/NotificationUser.aspx,2026-05-30T08:47:55.462766+00:00
2004-11-13,Quarterly Return on important financial parameters of Non-Banking Financial Companies (NBFCs) not accepting/holding public deposits and having assets size of Rs.500 crore and above,,https://www.rbi.org.in/Scripts/NotificationUser.aspx?Id=2034&Mode=0,https://www.rbi.org.in/Scripts/NotificationUser.aspx,2026-05-30T08:47:55.462766+00:00
2004-11-11,"Exim Bank's Lines of Credits of (i) USD 10 Mn. to Unibanco-Uniao De Bancos Brasileiros, S.A. and (ii) USD 56.358 Mn. to Myanma Foreign Trade Bank, Myanmar - A.P. (DIR Series) Circular No. 27",A.P. (DIR Series) Circular No. 27,https://www.rbi.org.in/Scripts/NotificationUser.aspx?Id=2032&Mode=0,https://www.rbi.org.in/Scripts/NotificationUser.aspx,2026-05-30T08:47:55.462766+00:00
2004-11-08,G.S.R.No.747(E)/16.11.2004,G.S.R.No.747(E)/16.11.2004,https://www.rbi.org.in/Scripts/NotificationUser.aspx?Id=3353&Mode=0,https://www.rbi.org.in/Scripts/NotificationUser.aspx,2026-05-30T08:47:55.462766+00:00
2004-11-08,G.S.R.No.746(E)/16.11.2004,G.S.R.No.746(E)/16.11.2004,https://www.rbi.org.in/Scripts/NotificationUser.aspx?Id=3351&Mode=0,https://www.rbi.org.in/Scripts/NotificationUser.aspx,2026-05-30T08:47:55.462766+00:00
2004-11-08,Personal Accident Insurance Scheme (PAIS) for KCC holders - Renewal of Master Policy-clarification,,https://www.rbi.org.in/Scripts/NotificationUser.aspx?Id=2031&Mode=0,https://www.rbi.org.in/Scripts/NotificationUser.aspx,2026-05-30T08:47:55.462766+00:00
2004-11-06,Banks/FIs advised to ensure Submission of Borrowal Accounts Data to CIBIL,,https://www.rbi.org.in/Scripts/NotificationUser.aspx?Id=2033&Mode=0,https://www.rbi.org.in/Scripts/NotificationUser.aspx,2026-05-30T08:47:55.462766+00:00
2004-11-04,Text of Advertisement,,https://www.rbi.org.in/Scripts/NotificationUser.aspx?Id=2030&Mode=0,https://www.rbi.org.in/Scripts/NotificationUser.aspx,2026-05-30T08:47:55.462766+00:00
2004-11-04,"Auction for Sale (Re-issue ) of ‘7.95 per cent Government Stock, 2032’",,https://www.rbi.org.in/Scripts/NotificationUser.aspx?Id=2029&Mode=0,https://www.rbi.org.in/Scripts/NotificationUser.aspx,2026-05-30T08:47:55.462766+00:00
2004-11-04,"Auction for Sale (Re-issue ) of ‘7.55 per cent Government Stock, 2010’",,https://www.rbi.org.in/Scripts/NotificationUser.aspx?Id=2028&Mode=0,https://www.rbi.org.in/Scripts/NotificationUser.aspx,2026-05-30T08:47:55.462766+00:00
2004-11-04,Auction of Government of India Dated Securities,,https://www.rbi.org.in/Scripts/NotificationUser.aspx?Id=2027&Mode=0,https://www.rbi.org.in/Scripts/NotificationUser.aspx,2026-05-30T08:47:55.462766+00:00
2004-11-04,"Tender for Non-competitive Bids for “7.95 per cent Government Stock 2032” for an aggregate amount of Rs.100 crore: Auction to be held on November 8, 2004.",,https://www.rbi.org.in/Scripts/NotificationUser.aspx?Id=2026&Mode=0,https://www.rbi.org.in/Scripts/NotificationUser.aspx,2026-05-30T08:47:55.462766+00:00
2004-11-04,"Tender for “7.95 percent Government Stock, 2032” for an aggregate amount of Rs.2,000 crore : Auction to be held on November 8, 2004",,https://www.rbi.org.in/Scripts/NotificationUser.aspx?Id=2025&Mode=0,https://www.rbi.org.in/Scripts/NotificationUser.aspx,2026-05-30T08:47:55.462766+00:00
2004-11-04,"Tender for Non-competitive Bids for “7.55 per cent Government Stock 2010” for an aggregate amount of Rs.300 crore: Auction to be held on November 8, 2004.",,https://www.rbi.org.in/Scripts/NotificationUser.aspx?Id=2024&Mode=0,https://www.rbi.org.in/Scripts/NotificationUser.aspx,2026-05-30T08:47:55.462766+00:00
2004-11-04,"Tender for “7.55 percent Government Stock, 2010” for an aggregate amount of Rs.6,000 crore : Auction to be held on November 8, 2004",,https://www.rbi.org.in/Scripts/NotificationUser.aspx?Id=2023&Mode=0,https://www.rbi.org.in/Scripts/NotificationUser.aspx,2026-05-30T08:47:55.462766+00:00
2004-11-01,Minimum Tenor of Domestic Term Deposits Reduced from 15 Days to 7 Days,,https://www.rbi.org.in/Scripts/NotificationUser.aspx?Id=2022&Mode=0,https://www.rbi.org.in/Scripts/NotificationUser.aspx,2026-05-30T08:47:55.462766+00:00
2004-11-01,UCBs - Tenor of Domestic Term Deposits Reduced,,https://www.rbi.org.in/Scripts/NotificationUser.aspx?Id=2015&Mode=0,https://www.rbi.org.in/Scripts/NotificationUser.aspx,2026-05-30T08:47:55.462766+00:00
2004-11-01,Booking of Forward Contracts Based on Past Performance,,https://www.rbi.org.in/Scripts/NotificationUser.aspx?Id=2004&Mode=0,https://www.rbi.org.in/Scripts/NotificationUser.aspx,2026-05-30T08:47:55.462766+00:00
2004-11-01,Period of Realisation for 100% EOUs Extended to One Year,,https://www.rbi.org.in/Scripts/NotificationUser.aspx?Id=2003&Mode=0,https://www.rbi.org.in/Scripts/NotificationUser.aspx,2026-05-30T08:47:55.462766+00:00
2004-11-01,ADs Permitted to Issue Guarantees upto USD 20 Million for Imports,,https://www.rbi.org.in/Scripts/NotificationUser.aspx?Id=2002&Mode=0,https://www.rbi.org.in/Scripts/NotificationUser.aspx,2026-05-30T08:47:55.462766+00:00
2004-11-01,Tenor of Domestic Term Deposits Accepted by SCBs Reduced,,https://www.rbi.org.in/Scripts/NotificationUser.aspx?Id=2000&Mode=0,https://www.rbi.org.in/Scripts/NotificationUser.aspx,2026-05-30T08:47:55.462766+00:00
2004-11-01,SCBs - Interest Rates on NRE Deposits Raised,,https://www.rbi.org.in/Scripts/NotificationUser.aspx?Id=1999&Mode=0,https://www.rbi.org.in/Scripts/NotificationUser.aspx,2026-05-30T08:47:55.462766+00:00
2004-10-30,"Senior Citizens Savings Scheme, 2004 (SCSS) - Clarifications",,https://www.rbi.org.in/Scripts/NotificationUser.aspx?Id=2121&Mode=0,https://www.rbi.org.in/Scripts/NotificationUser.aspx,2026-05-30T08:47:58.247591+00:00
2004-10-28,Senior Citizen's Savings Scheme Amended,,https://www.rbi.org.in/Scripts/NotificationUser.aspx?Id=1995&Mode=0,https://www.rbi.org.in/Scripts/NotificationUser.aspx,2026-05-30T08:47:58.247591+00:00
2004-10-27,Agency Banks advised to Pay their own Tax Liabilities to Government A/C through own Branches,,https://www.rbi.org.in/Scripts/NotificationUser.aspx?Id=2005&Mode=0,https://www.rbi.org.in/Scripts/NotificationUser.aspx,2026-05-30T08:47:58.247591+00:00
2004-10-27,Liquidity Adjustment Facility – Revised Scheme,,https://www.rbi.org.in/Scripts/NotificationUser.aspx?Id=1938&Mode=0,https://www.rbi.org.in/Scripts/NotificationUser.aspx,2026-05-30T08:47:58.247591+00:00
2004-10-27,Exim Bank's Line of Credit to PTA Bank - A.P. (DIR Series) Circular No. 23,A.P. (DIR Series) Circular No. 23,https://www.rbi.org.in/Scripts/NotificationUser.aspx?Id=1936&Mode=0,https://www.rbi.org.in/Scripts/NotificationUser.aspx,2026-05-30T08:47:58.247591+00:00
2004-10-27,Exim Bank's Line of Credit to Government of Ghana - A.P. (DIR Series) Circular No. 22,A.P. (DIR Series) Circular No. 22,https://www.rbi.org.in/Scripts/NotificationUser.aspx?Id=1935&Mode=0,https://www.rbi.org.in/Scripts/NotificationUser.aspx,2026-05-30T08:47:58.247591+00:00
2004-10-26,"Statement by Dr. Y. Venugopal Reddy, Governor, Reserve Bank of India on Mid - term Review of Annual Policy for the year 2004-05",,https://www.rbi.org.in/Scripts/NotificationUser.aspx?Id=2257&Mode=0,https://www.rbi.org.in/Scripts/NotificationUser.aspx,2026-05-30T08:47:58.247591+00:00
2004-10-26,Private Banks advised to formulate Special Agricultural Credit Plans,,https://www.rbi.org.in/Scripts/NotificationUser.aspx?Id=2013&Mode=0,https://www.rbi.org.in/Scripts/NotificationUser.aspx,2026-05-30T08:47:58.247591+00:00
2004-10-26,Limits on Lending to Agriculture and Distribution of Inputs Enhanced,,https://www.rbi.org.in/Scripts/NotificationUser.aspx?Id=2012&Mode=0,https://www.rbi.org.in/Scripts/NotificationUser.aspx,2026-05-30T08:47:58.247591+00:00
2004-10-26,Banks to Increase Disbursements to Small/Marginal Farmers,,https://www.rbi.org.in/Scripts/NotificationUser.aspx?Id=2011&Mode=0,https://www.rbi.org.in/Scripts/NotificationUser.aspx,2026-05-30T08:47:58.247591+00:00
2004-10-26,Ceiling for Housing Loan under Priority Sector Enhanced,,https://www.rbi.org.in/Scripts/NotificationUser.aspx?Id=2010&Mode=0,https://www.rbi.org.in/Scripts/NotificationUser.aspx,2026-05-30T08:47:58.247591+00:00
2004-10-26,Banks' Investments in Securitised Assets to be treated as Direct Lending to SSI Sector,,https://www.rbi.org.in/Scripts/NotificationUser.aspx?Id=2009&Mode=0,https://www.rbi.org.in/Scripts/NotificationUser.aspx,2026-05-30T08:47:58.247591+00:00
2004-10-26,Composite Loan Limit for SSIs Enhanced,,https://www.rbi.org.in/Scripts/NotificationUser.aspx?Id=2008&Mode=0,https://www.rbi.org.in/Scripts/NotificationUser.aspx,2026-05-30T08:47:58.247591+00:00
2004-10-26,Financing of Distressed Urban Poor,,https://www.rbi.org.in/Scripts/NotificationUser.aspx?Id=2007&Mode=0,https://www.rbi.org.in/Scripts/NotificationUser.aspx,2026-05-30T08:47:58.247591+00:00
2004-10-26,Data on Priority Sector Advances – Agricultural Lending,,https://www.rbi.org.in/Scripts/NotificationUser.aspx?Id=1994&Mode=0,https://www.rbi.org.in/Scripts/NotificationUser.aspx,2026-05-30T08:47:58.247591+00:00
2004-10-26,Revised Liquidity Adjustment Facility,,https://www.rbi.org.in/Scripts/NotificationUser.aspx?Id=1991&Mode=0,https://www.rbi.org.in/Scripts/NotificationUser.aspx,2026-05-30T08:47:58.247591+00:00
2004-10-26,Guidelines for Issue of Commercial Paper,,https://www.rbi.org.in/Scripts/NotificationUser.aspx?Id=1990&Mode=0,https://www.rbi.org.in/Scripts/NotificationUser.aspx,2026-05-30T08:47:58.247591+00:00
2004-10-26,Moving Towards Pure Inter-Bank Call/Notice Money Market,,https://www.rbi.org.in/Scripts/NotificationUser.aspx?Id=1989&Mode=0,https://www.rbi.org.in/Scripts/NotificationUser.aspx,2026-05-30T08:47:58.247591+00:00
2004-10-26,Exim Bank's Line of Credit of USD 16 million to Government of Suriname - A.P.(DIR Series) Circular No. 21,A.P.(DIR Series) Circular No. 21,https://www.rbi.org.in/Scripts/NotificationUser.aspx?Id=1988&Mode=0,https://www.rbi.org.in/Scripts/NotificationUser.aspx,2026-05-30T08:47:58.247591+00:00
2004-10-26,Mid-term Review of Monetary and Credit Policy for the year 2004-05,,https://www.rbi.org.in/Scripts/NotificationUser.aspx?Id=1986&Mode=0,https://www.rbi.org.in/Scripts/NotificationUser.aspx,2026-05-30T08:47:58.247591+00:00
2004-10-25,Accounting System for Direct Taxes—Direct Tax Refunds — Amendments to Para 12-A-II (i) of Pink Booklet,,https://www.rbi.org.in/Scripts/NotificationUser.aspx?Id=2006&Mode=0,https://www.rbi.org.in/Scripts/NotificationUser.aspx,2026-05-30T08:47:58.247591+00:00
2004-10-25,Remittance of Hiring Charges of Transponders now Require Additional Approval,,https://www.rbi.org.in/Scripts/NotificationUser.aspx?Id=1987&Mode=0,https://www.rbi.org.in/Scripts/NotificationUser.aspx,2026-05-30T08:47:58.247591+00:00
2004-10-21,Senior Citizen's Savings Scheme - Some Clarifications,Some,https://www.rbi.org.in/Scripts/NotificationUser.aspx?Id=1985&Mode=0,https://www.rbi.org.in/Scripts/NotificationUser.aspx,2026-05-30T08:47:58.247591+00:00
2004-10-20,G.S.R.No.717(E)/29.10.2004,G.S.R.No.717(E)/29.10.2004,https://www.rbi.org.in/Scripts/NotificationUser.aspx?Id=3362&Mode=0,https://www.rbi.org.in/Scripts/NotificationUser.aspx,2026-05-30T08:47:58.247591+00:00
2004-10-20,G.S.R.No.716(E)/29.10.2004,G.S.R.No.716(E)/29.10.2004,https://www.rbi.org.in/Scripts/NotificationUser.aspx?Id=3361&Mode=0,https://www.rbi.org.in/Scripts/NotificationUser.aspx,2026-05-30T08:47:58.247591+00:00
2004-10-20,G.S.R.No.715(E)/29.10.2004,G.S.R.No.715(E)/29.10.2004,https://www.rbi.org.in/Scripts/NotificationUser.aspx?Id=3354&Mode=0,https://www.rbi.org.in/Scripts/NotificationUser.aspx,2026-05-30T08:47:58.247591+00:00
2004-10-20,G.S.R.No.714(E)/29.10.2004,G.S.R.No.714(E)/29.10.2004,https://www.rbi.org.in/Scripts/NotificationUser.aspx?Id=3352&Mode=0,https://www.rbi.org.in/Scripts/NotificationUser.aspx,2026-05-30T08:47:58.247591+00:00
2004-10-20,G.S.R. No. 712(E)/29.10.2004,G.S.R. No.,https://www.rbi.org.in/Scripts/NotificationUser.aspx?Id=3333&Mode=0,https://www.rbi.org.in/Scripts/NotificationUser.aspx,2026-05-30T08:47:58.247591+00:00
2004-10-20,G.S.R. No. 711(E)/29.10.2004,G.S.R. No.,https://www.rbi.org.in/Scripts/NotificationUser.aspx?Id=3332&Mode=0,https://www.rbi.org.in/Scripts/NotificationUser.aspx,2026-05-30T08:47:58.247591+00:00
2004-10-20,G.S.R. No. 713(E)/29.10.2004,G.S.R. No.,https://www.rbi.org.in/Scripts/NotificationUser.aspx?Id=3328&Mode=0,https://www.rbi.org.in/Scripts/NotificationUser.aspx,2026-05-30T08:47:58.247591+00:00
2004-10-20,"Foreign Exchange Management Act, 1999 - Amendments - A.P.(DIR Series) Circular No. 19",A.P.(DIR Series) Circular No. 19,https://www.rbi.org.in/Scripts/NotificationUser.aspx?Id=1983&Mode=0,https://www.rbi.org.in/Scripts/NotificationUser.aspx,2026-05-30T08:47:58.247591+00:00
2004-10-19,Banks Advised to Disclose Penalties Levied by RBI,,https://www.rbi.org.in/Scripts/NotificationUser.aspx?Id=1981&Mode=0,https://www.rbi.org.in/Scripts/NotificationUser.aspx,2026-05-30T08:47:58.247591+00:00
2004-10-19,Closure of Inter-Bank Cheque Clearing System in Mumbai,,https://www.rbi.org.in/Scripts/NotificationUser.aspx?Id=1980&Mode=0,https://www.rbi.org.in/Scripts/NotificationUser.aspx,2026-05-30T08:47:58.247591+00:00
2004-10-18,Scheme for Payment of Pension to Defence Pensioners by Public Sector Banks- Delay in Submission of Pension Payment Scrolls and Steps to avoid Fake & Fraudulent Payments,,https://www.rbi.org.in/Scripts/NotificationUser.aspx?Id=2119&Mode=0,https://www.rbi.org.in/Scripts/NotificationUser.aspx,2026-05-30T08:47:58.247591+00:00
2004-10-16,"Foreign Exchange Management (Guarantees) (Amendment) Regulations, 2004",,https://www.rbi.org.in/Scripts/NotificationUser.aspx?Id=2610&Mode=0,https://www.rbi.org.in/Scripts/NotificationUser.aspx,2026-05-30T08:47:58.247591+00:00
2004-10-16,GOI notifies Foreign Exchange Department Nomenclature and changes in FEMA,,https://www.rbi.org.in/Scripts/NotificationUser.aspx?Id=1978&Mode=0,https://www.rbi.org.in/Scripts/NotificationUser.aspx,2026-05-30T08:47:58.247591+00:00
2004-10-16,Issue of Bank Guarantee in Favour of Foreign Airlines/IATA - A.P.(DIR Series) Circular No. 17,A.P.(DIR Series) Circular No. 17,https://www.rbi.org.in/Scripts/NotificationUser.aspx?Id=1976&Mode=0,https://www.rbi.org.in/Scripts/NotificationUser.aspx,2026-05-30T08:47:58.247591+00:00
2004-10-16,Progress Report Format under SGSY Modified,,https://www.rbi.org.in/Scripts/NotificationUser.aspx?Id=1975&Mode=0,https://www.rbi.org.in/Scripts/NotificationUser.aspx,2026-05-30T08:47:58.247591+00:00
2004-10-15,Banks to implement Vyas Committee Recommendations,,https://www.rbi.org.in/Scripts/NotificationUser.aspx?Id=1977&Mode=0,https://www.rbi.org.in/Scripts/NotificationUser.aspx,2026-05-30T08:47:58.247591+00:00
2004-10-15,Guidelines for PDs on Issue of Subordinated Debt Instruments,,https://www.rbi.org.in/Scripts/NotificationUser.aspx?Id=1974&Mode=0,https://www.rbi.org.in/Scripts/NotificationUser.aspx,2026-05-30T08:47:58.247591+00:00
2004-10-14,"""Industrial Development Bank of India Limited"" included in the Second Schedule to RBI Act , 1934",,https://www.rbi.org.in/Scripts/NotificationUser.aspx?Id=1973&Mode=0,https://www.rbi.org.in/Scripts/NotificationUser.aspx,2026-05-30T08:47:58.247591+00:00
2004-10-12,Disbursement of Railway Pension -Holding Back of Railway Money by Agency Banks,,https://www.rbi.org.in/Scripts/NotificationUser.aspx?Id=2120&Mode=0,https://www.rbi.org.in/Scripts/NotificationUser.aspx,2026-05-30T08:47:58.247591+00:00
2004-10-12,PMRY Target for 2004 - 05 Revised,,https://www.rbi.org.in/Scripts/NotificationUser.aspx?Id=1972&Mode=0,https://www.rbi.org.in/Scripts/NotificationUser.aspx,2026-05-30T08:47:58.247591+00:00
2004-10-08,Tender for Non-competitive Bids (Scheme for Non-competitive Bidding Facility in Auctions of Government Securities) Annexure I (a),,https://www.rbi.org.in/Scripts/NotificationUser.aspx?Id=1971&Mode=0,https://www.rbi.org.in/Scripts/NotificationUser.aspx,2026-05-30T08:47:58.247591+00:00
2004-10-08,"Tender for Competitive bids for “7.38 percent Government Stock, 2015” for an aggregate amount of Rs.6,000 crore : Auction to be held on October 11, 2004 - Annexure I",,https://www.rbi.org.in/Scripts/NotificationUser.aspx?Id=1970&Mode=0,https://www.rbi.org.in/Scripts/NotificationUser.aspx,2026-05-30T08:47:58.247591+00:00
2004-10-08,Scheme for Non-competitive Bidding Facility in the Auctions of Government Securities - Annexure,,https://www.rbi.org.in/Scripts/NotificationUser.aspx?Id=1969&Mode=0,https://www.rbi.org.in/Scripts/NotificationUser.aspx,2026-05-30T08:47:58.247591+00:00
2004-10-08,"Auction for Sale (Re-issue ) of ‘7.38 per cent Government Stock, 2015’",,https://www.rbi.org.in/Scripts/NotificationUser.aspx?Id=1968&Mode=0,https://www.rbi.org.in/Scripts/NotificationUser.aspx,2026-05-30T08:47:58.247591+00:00
2004-10-07,Implementation of procedure for payment of pension and other retirement benefits to All India Service Officers retiring from Government of India while on Central deputation,,https://www.rbi.org.in/Scripts/NotificationUser.aspx?Id=2117&Mode=0,https://www.rbi.org.in/Scripts/NotificationUser.aspx,2026-05-30T08:47:58.247591+00:00
2004-10-07,"Operation of the Senior Citizens Savings Scheme, 2004 (SCSS) through Public Sector Banks",,https://www.rbi.org.in/Scripts/NotificationUser.aspx?Id=1984&Mode=0,https://www.rbi.org.in/Scripts/NotificationUser.aspx,2026-05-30T08:47:58.247591+00:00
2004-10-07,Banks to operate Senior Citizens savings Scheme,,https://www.rbi.org.in/Scripts/NotificationUser.aspx?Id=1934&Mode=0,https://www.rbi.org.in/Scripts/NotificationUser.aspx,2026-05-30T08:47:58.247591+00:00
2004-10-05,Premature Repayment of Public Deposits by NBFCs/RNBCs/MNBCs,,https://www.rbi.org.in/Scripts/NotificationUser.aspx?Id=1964&Mode=0,https://www.rbi.org.in/Scripts/NotificationUser.aspx,2026-05-30T08:47:58.247591+00:00
2004-10-04,KCC Scheme Revised,,https://www.rbi.org.in/Scripts/NotificationUser.aspx?Id=1962&Mode=0,https://www.rbi.org.in/Scripts/NotificationUser.aspx,2026-05-30T08:47:58.247591+00:00
2004-10-04,FDIs:No Prior FIPB Approval for Transfer of Shares,,https://www.rbi.org.in/Scripts/NotificationUser.aspx?Id=1933&Mode=0,https://www.rbi.org.in/Scripts/NotificationUser.aspx,2026-05-30T08:47:58.247591+00:00
2004-10-01,Listed Indian Companies can issue ESOPs to Citizens of Sri Lanka & Bangladesh,,https://www.rbi.org.in/Scripts/NotificationUser.aspx?Id=1959&Mode=0,https://www.rbi.org.in/Scripts/NotificationUser.aspx,2026-05-30T08:47:58.247591+00:00
2004-10-01,General Permission for Conversion of ECBs,,https://www.rbi.org.in/Scripts/NotificationUser.aspx?Id=1932&Mode=0,https://www.rbi.org.in/Scripts/NotificationUser.aspx,2026-05-30T08:47:58.247591+00:00
2004-10-01,No RBI Permission for ADR/GDR linked ESOPs,,https://www.rbi.org.in/Scripts/NotificationUser.aspx?Id=1931&Mode=0,https://www.rbi.org.in/Scripts/NotificationUser.aspx,2026-05-30T08:47:58.247591+00:00
2004-10-01,Master Circular on Operational Guidelines to Primary Dealers,,https://www.rbi.org.in/Scripts/NotificationUser.aspx?Id=1930&Mode=0,https://www.rbi.org.in/Scripts/NotificationUser.aspx,2026-05-30T08:47:58.247591+00:00
2004-09-30,Liquidity Adjustment Facility - International Usage of terms 'Repo' and Reverse Repo',,https://www.rbi.org.in/Scripts/NotificationUser.aspx?Id=1928&Mode=0,https://www.rbi.org.in/Scripts/NotificationUser.aspx,2026-05-30T08:48:01.073292+00:00
2004-09-25,Government Departments/PSUs need Prior Approval for Imports on c.i.f. basis - A.P.(DIR Series) Circular No. 12,A.P.(DIR Series) Circular No. 12,https://www.rbi.org.in/Scripts/NotificationUser.aspx?Id=1955&Mode=0,https://www.rbi.org.in/Scripts/NotificationUser.aspx,2026-05-30T08:48:01.073292+00:00
2004-09-24,Revised Target under PMRY for 2004-05,,https://www.rbi.org.in/Scripts/NotificationUser.aspx?Id=1954&Mode=0,https://www.rbi.org.in/Scripts/NotificationUser.aspx,2026-05-30T08:48:01.073292+00:00
2004-09-24,PMRY – Cut off date for Completion of disbursement for the programme year 2003 –2004 – extended to 15.11.2004.,,https://www.rbi.org.in/Scripts/NotificationUser.aspx?Id=1953&Mode=0,https://www.rbi.org.in/Scripts/NotificationUser.aspx,2026-05-30T08:48:01.073292+00:00
2004-09-22,Master Circular on Priority Sector Lending- Special Programmes Scheme for Liberation and Rehabilitation of Scavengers (SLRS),,https://www.rbi.org.in/Scripts/NotificationUser.aspx?Id=1951&Mode=0,https://www.rbi.org.in/Scripts/NotificationUser.aspx,2026-05-30T08:48:01.073292+00:00
2004-09-17,Winding up of the State Level Export Promotion Committee (SLEPC) and constitution of a separate Sub-Committee under State Level Bankers’ Committee (SLBC),,https://www.rbi.org.in/Scripts/NotificationUser.aspx?Id=1940&Mode=0,https://www.rbi.org.in/Scripts/NotificationUser.aspx,2026-05-30T08:48:01.073292+00:00
2004-09-16,Issue of Certificate of Holding to the investors – 8% Savings (Taxable) Bonds 2003,,https://www.rbi.org.in/Scripts/NotificationUser.aspx?Id=2116&Mode=0,https://www.rbi.org.in/Scripts/NotificationUser.aspx,2026-05-30T08:48:01.073292+00:00
2004-09-15,On-line Tax Accounting System (OLTAS) - Participation of Branches,,https://www.rbi.org.in/Scripts/NotificationUser.aspx?Id=2123&Mode=0,https://www.rbi.org.in/Scripts/NotificationUser.aspx,2026-05-30T08:48:01.073292+00:00
2004-09-15,Priority Sector Lending – Classification of advances,,https://www.rbi.org.in/Scripts/NotificationUser.aspx?Id=1912&Mode=0,https://www.rbi.org.in/Scripts/NotificationUser.aspx,2026-05-30T08:48:01.073292+00:00
2004-09-13,Foreign Investments in India - A.P.(DIR Series) Circular No. 11,A.P.(DIR Series) Circular No. 11,https://www.rbi.org.in/Scripts/NotificationUser.aspx?Id=1907&Mode=0,https://www.rbi.org.in/Scripts/NotificationUser.aspx,2026-05-30T08:48:01.073292+00:00
2004-09-13,Export of Goods and Services to Latin American Countries - A.P.(DIR Series) Circular No. 10,A.P.(DIR Series) Circular No. 10,https://www.rbi.org.in/Scripts/NotificationUser.aspx?Id=1906&Mode=0,https://www.rbi.org.in/Scripts/NotificationUser.aspx,2026-05-30T08:48:01.073292+00:00
2004-09-11,"Section 42 (1) of the Reserve Bank of India Act, 1934 – Maintenance of Cash Reserve Ratio (CRR)",,https://www.rbi.org.in/Scripts/NotificationUser.aspx?Id=1905&Mode=0,https://www.rbi.org.in/Scripts/NotificationUser.aspx,2026-05-30T08:48:01.073292+00:00
2004-09-09,NOTIFICATION No.FEMA.123/2004-RB,NOTIFICATION No.FEMA.123/2004-RB,https://www.rbi.org.in/Scripts/NotificationUser.aspx?Id=2609&Mode=0,https://www.rbi.org.in/Scripts/NotificationUser.aspx,2026-05-30T08:48:01.073292+00:00
2004-09-09,"PPF Scheme 1968 - Premature closure of PPF Accounts, Claims cases on death of Account holders etc.",,https://www.rbi.org.in/Scripts/NotificationUser.aspx?Id=2118&Mode=0,https://www.rbi.org.in/Scripts/NotificationUser.aspx,2026-05-30T08:48:01.073292+00:00
2004-09-08,Opening of LCs for Import/Export of Gold and other commodities,,https://www.rbi.org.in/Scripts/NotificationUser.aspx?Id=1904&Mode=0,https://www.rbi.org.in/Scripts/NotificationUser.aspx,2026-05-30T08:48:01.073292+00:00
2004-09-06,"Auction for Sale (Re-issue ) of ‘8.35 per cent Government Stock, 2022’",,https://www.rbi.org.in/Scripts/NotificationUser.aspx?Id=1901&Mode=0,https://www.rbi.org.in/Scripts/NotificationUser.aspx,2026-05-30T08:48:01.073292+00:00
2004-09-06,"Auction for Sale (Re-issue ) of ‘6.65 per cent Government Stock, 2009’",,https://www.rbi.org.in/Scripts/NotificationUser.aspx?Id=1900&Mode=0,https://www.rbi.org.in/Scripts/NotificationUser.aspx,2026-05-30T08:48:01.073292+00:00
2004-09-06,Auction of Government of India Dated Securities,,https://www.rbi.org.in/Scripts/NotificationUser.aspx?Id=1899&Mode=0,https://www.rbi.org.in/Scripts/NotificationUser.aspx,2026-05-30T08:48:01.073292+00:00
2004-09-06,"Tender for Non-competitive Bids for “Floating Rate Bonds, 2013” for an aggregate amount of Rs.200 crore: Auction to be held on September 9, 2004 - Annexure II (a)",,https://www.rbi.org.in/Scripts/NotificationUser.aspx?Id=1898&Mode=0,https://www.rbi.org.in/Scripts/NotificationUser.aspx,2026-05-30T08:48:01.073292+00:00
2004-09-06,"Tender for Government of India Floating Rate Bonds 2013 for an aggregate amount of Rs.4,000 crore : Auction to be held on September 9, 2004 - Annexure II",,https://www.rbi.org.in/Scripts/NotificationUser.aspx?Id=1897&Mode=0,https://www.rbi.org.in/Scripts/NotificationUser.aspx,2026-05-30T08:48:01.073292+00:00
2004-09-06,"Tender for Non-competitive Bids for “8.35 per cent Government Stock 2022” for an aggregate amount of Rs.150 crore: Auction to be held on September 9, 2004 - Annexure III (a)",,https://www.rbi.org.in/Scripts/NotificationUser.aspx?Id=1896&Mode=0,https://www.rbi.org.in/Scripts/NotificationUser.aspx,2026-05-30T08:48:01.073292+00:00
2004-09-06,"Tender for “8.35 percent Government Stock, 2022” for an aggregate amount of Rs.3,000 crore : Auction to be held on September 9, 2004 - Annexure III",,https://www.rbi.org.in/Scripts/NotificationUser.aspx?Id=1895&Mode=0,https://www.rbi.org.in/Scripts/NotificationUser.aspx,2026-05-30T08:48:01.073292+00:00
2004-09-06,"Tender for Non-competitive Bids for “6.65 per cent Government Stock 2009” for an aggregate amount of Rs.150 crore: Auction to be held on September 9, 2004 - Annexure I(a)",,https://www.rbi.org.in/Scripts/NotificationUser.aspx?Id=1894&Mode=0,https://www.rbi.org.in/Scripts/NotificationUser.aspx,2026-05-30T08:48:01.073292+00:00
2004-09-06,"Tender for “6.65 percent Government Stock, 2009” for an aggregate amount of Rs.3,000 crore : Auction to be held on September 9, 2004 - Annexure I",,https://www.rbi.org.in/Scripts/NotificationUser.aspx?Id=1893&Mode=0,https://www.rbi.org.in/Scripts/NotificationUser.aspx,2026-05-30T08:48:01.073292+00:00
2004-09-04,Working Group on Flow of Credit to SSI Sector,,https://www.rbi.org.in/Scripts/NotificationUser.aspx?Id=1889&Mode=0,https://www.rbi.org.in/Scripts/NotificationUser.aspx,2026-05-30T08:48:01.073292+00:00
2004-09-02,Investment portfolio of urban co-operative banks – Classification and Valuation of investments,,https://www.rbi.org.in/Scripts/NotificationUser.aspx?Id=1923&Mode=0,https://www.rbi.org.in/Scripts/NotificationUser.aspx,2026-05-30T08:48:01.073292+00:00
2004-09-02,Prudential norms on classification of Investment Portfolio of Banks,,https://www.rbi.org.in/Scripts/NotificationUser.aspx?Id=1922&Mode=0,https://www.rbi.org.in/Scripts/NotificationUser.aspx,2026-05-30T08:48:01.073292+00:00
2004-09-02,"Inclusion in the Second Schedule to Reserve Bank of India Act,1934- ""Yes Bank Limited""",,https://www.rbi.org.in/Scripts/NotificationUser.aspx?Id=1888&Mode=0,https://www.rbi.org.in/Scripts/NotificationUser.aspx,2026-05-30T08:48:01.073292+00:00
2004-09-01,"Foreign Exchange Management (Export of Goods and Services) (Second Amendment) Regulations, 2004",,https://www.rbi.org.in/Scripts/NotificationUser.aspx?Id=1886&Mode=0,https://www.rbi.org.in/Scripts/NotificationUser.aspx,2026-05-30T08:48:01.073292+00:00
2004-09-01,"Foreign Exchange Management (Borrowing and Lending in Rupees)(Amendment) Regulations, 2004",,https://www.rbi.org.in/Scripts/NotificationUser.aspx?Id=1885&Mode=0,https://www.rbi.org.in/Scripts/NotificationUser.aspx,2026-05-30T08:48:01.073292+00:00
2004-09-01,"Foreign Exchange Management (Export of Goods and Services) (Amendment) Regulations, 2004",,https://www.rbi.org.in/Scripts/NotificationUser.aspx?Id=1884&Mode=0,https://www.rbi.org.in/Scripts/NotificationUser.aspx,2026-05-30T08:48:01.073292+00:00
2004-09-01,"Foreign Exchange Management (Transfer or Issue of Security by a Person Resident outside India) (Amendment) Regulations, 2004",,https://www.rbi.org.in/Scripts/NotificationUser.aspx?Id=1883&Mode=0,https://www.rbi.org.in/Scripts/NotificationUser.aspx,2026-05-30T08:48:01.073292+00:00
2004-09-01,"Foreign Exchange Management Act, 1999 - A.P.(DIR Series) Circular No. 9",A.P.(DIR Series) Circular No. 9,https://www.rbi.org.in/Scripts/NotificationUser.aspx?Id=1882&Mode=0,https://www.rbi.org.in/Scripts/NotificationUser.aspx,2026-05-30T08:48:01.073292+00:00
2021-12-24,Amendment to General Notification for sale of Government of India Treasury Bills/Cash Management Bills by Auction,,https://www.rbi.org.in/Scripts/NotificationUser.aspx?Id=12212&Mode=0,https://www.rbi.org.in/Scripts/NotificationUser.aspx,2026-05-30T08:48:01.864156+00:00
2021-12-23,Restriction on storage of actual card data [i.e. Card-on-File (CoF)],,https://www.rbi.org.in/Scripts/NotificationUser.aspx?Id=12211&Mode=0,https://www.rbi.org.in/Scripts/NotificationUser.aspx,2026-05-30T08:48:01.864156+00:00
2021-12-23,Exim Bank Government of India supported Line of Credit (LoC) of USD 40 million to the Government of the Togolese Republic,,https://www.rbi.org.in/Scripts/NotificationUser.aspx?Id=12210&Mode=0,https://www.rbi.org.in/Scripts/NotificationUser.aspx,2026-05-30T08:48:01.864156+00:00
2021-12-15,Government Agency Business Arrangement – Appointment of Scheduled Private Sector Banks as Agency Banks of Reserve Bank of India (RBI),,https://www.rbi.org.in/Scripts/NotificationUser.aspx?Id=12209&Mode=0,https://www.rbi.org.in/Scripts/NotificationUser.aspx,2026-05-30T08:48:01.864156+00:00
2021-12-14,Prompt Corrective Action (PCA) Framework for Non-Banking Financial Companies (NBFCs),,https://www.rbi.org.in/Scripts/NotificationUser.aspx?Id=12208&Mode=0,https://www.rbi.org.in/Scripts/NotificationUser.aspx,2026-05-30T08:48:01.864156+00:00
2021-12-10,"Section 24 of the Banking Regulation Act, 1949 – Maintenance of Statutory Liquidity Ratio (SLR) – Marginal Standing Facility (MSF) - return to the normal dispensation",,https://www.rbi.org.in/Scripts/NotificationUser.aspx?Id=12207&Mode=0,https://www.rbi.org.in/Scripts/NotificationUser.aspx,2026-05-30T08:48:01.864156+00:00
2021-12-10,Introduction of Legal Entity Identifier for Cross-border Transactions,,https://www.rbi.org.in/Scripts/NotificationUser.aspx?Id=12206&Mode=0,https://www.rbi.org.in/Scripts/NotificationUser.aspx,2026-05-30T08:48:01.864156+00:00
2021-12-08,External Commercial Borrowings (ECB) and Trade Credits (TC) Policy – Changes due to LIBOR transition,,https://www.rbi.org.in/Scripts/NotificationUser.aspx?Id=12204&Mode=0,https://www.rbi.org.in/Scripts/NotificationUser.aspx,2026-05-30T08:48:01.864156+00:00
2004-08-31,G.S.R. No.552(E)/31.08.2004,G.S.R. No.552(E)/31.08.2004,https://www.rbi.org.in/Scripts/NotificationUser.aspx?Id=3346&Mode=0,https://www.rbi.org.in/Scripts/NotificationUser.aspx,2026-05-30T08:48:03.949681+00:00
2004-08-31,G.S.R. No.551(E)/31.08.2004,G.S.R. No.551(E)/31.08.2004,https://www.rbi.org.in/Scripts/NotificationUser.aspx?Id=3345&Mode=0,https://www.rbi.org.in/Scripts/NotificationUser.aspx,2026-05-30T08:48:03.949681+00:00
2004-08-31,G.S.R. No.555(E)/31.08.2004,G.S.R. No.555(E)/31.08.2004,https://www.rbi.org.in/Scripts/NotificationUser.aspx?Id=3339&Mode=0,https://www.rbi.org.in/Scripts/NotificationUser.aspx,2026-05-30T08:48:03.949681+00:00
2004-08-31,G.S.R. No.554(E)/31.08.2004,G.S.R. No.554(E)/31.08.2004,https://www.rbi.org.in/Scripts/NotificationUser.aspx?Id=3338&Mode=0,https://www.rbi.org.in/Scripts/NotificationUser.aspx,2026-05-30T08:48:03.949681+00:00
2004-08-31,G.S.R. No.553(E)/31.08.2004,G.S.R. No.553(E)/31.08.2004,https://www.rbi.org.in/Scripts/NotificationUser.aspx?Id=3337&Mode=0,https://www.rbi.org.in/Scripts/NotificationUser.aspx,2026-05-30T08:48:03.949681+00:00
2004-08-31,G.S.R. No. 556(E)/31.08.2004,G.S.R. No.,https://www.rbi.org.in/Scripts/NotificationUser.aspx?Id=3331&Mode=0,https://www.rbi.org.in/Scripts/NotificationUser.aspx,2026-05-30T08:48:03.949681+00:00
2004-08-31,G.S.R. No. 558(E)/31.08.2004,G.S.R. No.,https://www.rbi.org.in/Scripts/NotificationUser.aspx?Id=3330&Mode=0,https://www.rbi.org.in/Scripts/NotificationUser.aspx,2026-05-30T08:48:03.949681+00:00
2004-08-31,G.S.R. No. 557(E)/31.08.2004,G.S.R. No.,https://www.rbi.org.in/Scripts/NotificationUser.aspx?Id=3329&Mode=0,https://www.rbi.org.in/Scripts/NotificationUser.aspx,2026-05-30T08:48:03.949681+00:00
2004-08-31,Master Circular on Priority Sector Lending- Special Programmes-SGSY,,https://www.rbi.org.in/Scripts/NotificationUser.aspx?Id=1920&Mode=0,https://www.rbi.org.in/Scripts/NotificationUser.aspx,2026-05-30T08:48:03.949681+00:00
2004-08-31,Master Circular on Detection and Impounding of Forged Notes (2004),,https://www.rbi.org.in/Scripts/NotificationUser.aspx?Id=1919&Mode=0,https://www.rbi.org.in/Scripts/NotificationUser.aspx,2026-05-30T08:48:03.949681+00:00
2004-08-30,"Foreign Exchange Management (Transfer or Issue of Security by a Person Resident Outside India) (Fourth Amendment) Regulations, 2004",,https://www.rbi.org.in/Scripts/NotificationUser.aspx?Id=1996&Mode=0,https://www.rbi.org.in/Scripts/NotificationUser.aspx,2026-05-30T08:48:03.949681+00:00
2004-08-28,Personal Accident Insurance Scheme (PAIS) For KCC holders - Renewal of Master Policy,,https://www.rbi.org.in/Scripts/NotificationUser.aspx?Id=1924&Mode=0,https://www.rbi.org.in/Scripts/NotificationUser.aspx,2026-05-30T08:48:03.949681+00:00
2004-08-27,Implementation of PMRY- Modifications in Norms( Himachal Pradesh),,https://www.rbi.org.in/Scripts/NotificationUser.aspx?Id=1891&Mode=0,https://www.rbi.org.in/Scripts/NotificationUser.aspx,2026-05-30T08:48:03.949681+00:00
2004-08-27,Terms and conditions of appointment of Statutory/ Concurrent/ Internal Auditors - Implementation of the recommendations of the Committee on Legal Aspects of Bank Frauds and the recommendations of the High Level Group set up by the Cent,,https://www.rbi.org.in/Scripts/NotificationUser.aspx?Id=1877&Mode=0,https://www.rbi.org.in/Scripts/NotificationUser.aspx,2026-05-30T08:48:03.949681+00:00
2004-08-26,Frauds in Non-Resident Accounts,,https://www.rbi.org.in/Scripts/NotificationUser.aspx?Id=1876&Mode=0,https://www.rbi.org.in/Scripts/NotificationUser.aspx,2026-05-30T08:48:03.949681+00:00
2004-08-26,Non – Resident Deposits-Comprehensive Single Return (NRD-CSR) – Revised Version 2.1@ - A.P.(DIR Series) Circular No. 8,A.P.(DIR Series) Circular No. 8,https://www.rbi.org.in/Scripts/NotificationUser.aspx?Id=1875&Mode=0,https://www.rbi.org.in/Scripts/NotificationUser.aspx,2026-05-30T08:48:03.949681+00:00
2004-08-24,Dematerialization of Primary Dealer’s (PD’s) investment in equity,,https://www.rbi.org.in/Scripts/NotificationUser.aspx?Id=1872&Mode=0,https://www.rbi.org.in/Scripts/NotificationUser.aspx,2026-05-30T08:48:03.949681+00:00
2004-08-24,Updation of List of Link Branches of Agency Banks- Submission of Statement on quarterly basis-Defence Pension,,https://www.rbi.org.in/Scripts/NotificationUser.aspx?Id=1870&Mode=0,https://www.rbi.org.in/Scripts/NotificationUser.aspx,2026-05-30T08:48:03.949681+00:00
2004-08-24,Acceptance of Nomination in Form ‘A’ or ‘B’- Central Civil Pension,,https://www.rbi.org.in/Scripts/NotificationUser.aspx?Id=1869&Mode=0,https://www.rbi.org.in/Scripts/NotificationUser.aspx,2026-05-30T08:48:03.949681+00:00
2004-08-21,Master Circular on Micro Credit,,https://www.rbi.org.in/Scripts/NotificationUser.aspx?Id=1868&Mode=0,https://www.rbi.org.in/Scripts/NotificationUser.aspx,2026-05-30T08:48:03.949681+00:00
2004-08-19,Transactions in Government Securities – DVP III mode of settlement,,https://www.rbi.org.in/Scripts/NotificationUser.aspx?Id=1866&Mode=0,https://www.rbi.org.in/Scripts/NotificationUser.aspx,2026-05-30T08:48:03.949681+00:00
2004-08-18,Master Circular on Priority Sector Lending-Credit facilities to Scheduled Castes (SCs) and Scheduled Tribes (STs),,https://www.rbi.org.in/Scripts/NotificationUser.aspx?Id=1864&Mode=0,https://www.rbi.org.in/Scripts/NotificationUser.aspx,2026-05-30T08:48:03.949681+00:00
2004-08-17,Dematerialization of banks investment in equity,,https://www.rbi.org.in/Scripts/NotificationUser.aspx?Id=1863&Mode=0,https://www.rbi.org.in/Scripts/NotificationUser.aspx,2026-05-30T08:48:03.949681+00:00
2004-08-17,Scheme for Non-competitive Bidding Facility the Auctions of Government Securities,,https://www.rbi.org.in/Scripts/NotificationUser.aspx?Id=1854&Mode=0,https://www.rbi.org.in/Scripts/NotificationUser.aspx,2026-05-30T08:48:03.949681+00:00
2004-08-17,"Tender for Non-competitive Bids for “6.18 per cent Government Stock 2005” for an aggregate amount of Rs.250 crore: Auction to be held on August 18, 2004 - Annexure I(a)",,https://www.rbi.org.in/Scripts/NotificationUser.aspx?Id=1853&Mode=0,https://www.rbi.org.in/Scripts/NotificationUser.aspx,2026-05-30T08:48:03.949681+00:00
2004-08-17,"Tender for “6.18 percent Government Stock, 2005” for an aggregate amount of Rs.5,000 crore under MSS : Auction to be held on August 18,2004 - Annexure I",,https://www.rbi.org.in/Scripts/NotificationUser.aspx?Id=1852&Mode=0,https://www.rbi.org.in/Scripts/NotificationUser.aspx,2026-05-30T08:48:03.949681+00:00
2004-08-17,"Auction for Sale (re-issue ) of ‘6.18 per cent Government Stock, 2005’ under Market Stabilisation Scheme",,https://www.rbi.org.in/Scripts/NotificationUser.aspx?Id=1851&Mode=0,https://www.rbi.org.in/Scripts/NotificationUser.aspx,2026-05-30T08:48:03.949681+00:00
2004-08-17,Auction of Government of India Dated Securities under Market Stabilisation Scheme (MSS),,https://www.rbi.org.in/Scripts/NotificationUser.aspx?Id=1850&Mode=0,https://www.rbi.org.in/Scripts/NotificationUser.aspx,2026-05-30T08:48:03.949681+00:00
2004-08-17,Submission of progress reports and change in the periodicity of returns under Swarnjayanti Gram Swarozgar Yojana (SGSY),,https://www.rbi.org.in/Scripts/NotificationUser.aspx?Id=1849&Mode=0,https://www.rbi.org.in/Scripts/NotificationUser.aspx,2026-05-30T08:48:03.949681+00:00
2004-08-16,"Exim Bank's Line of Credit of USD 10 million to Hungarian Export - Import Bank Ltd., Hungary - A.P.(DIR Series) Circular No.7",A.P.(DIR Series) Circular No.7,https://www.rbi.org.in/Scripts/NotificationUser.aspx?Id=1856&Mode=0,https://www.rbi.org.in/Scripts/NotificationUser.aspx,2026-05-30T08:48:03.949681+00:00
2004-08-13,Credit for Procurement of Foodgrains – Kharif 2004-05 Season,,https://www.rbi.org.in/Scripts/NotificationUser.aspx?Id=1860&Mode=0,https://www.rbi.org.in/Scripts/NotificationUser.aspx,2026-05-30T08:48:03.949681+00:00
2004-08-13,Prudential norms – State Government guaranteed exposures,,https://www.rbi.org.in/Scripts/NotificationUser.aspx?Id=1855&Mode=0,https://www.rbi.org.in/Scripts/NotificationUser.aspx,2026-05-30T08:48:03.949681+00:00
2004-08-12,Transactions in Government Securities,,https://www.rbi.org.in/Scripts/NotificationUser.aspx?Id=2387&Mode=0,https://www.rbi.org.in/Scripts/NotificationUser.aspx,2026-05-30T08:48:03.949681+00:00
2004-08-12,"8% Savings (Taxable) Bond, 2003 - Charitable Institution",,https://www.rbi.org.in/Scripts/NotificationUser.aspx?Id=1846&Mode=0,https://www.rbi.org.in/Scripts/NotificationUser.aspx,2026-05-30T08:48:03.949681+00:00
2004-08-07,Deficiencies found in sanctioning of loans and monitoring of borrowal accounts by banks / Financial Institutions,,https://www.rbi.org.in/Scripts/NotificationUser.aspx?Id=1845&Mode=0,https://www.rbi.org.in/Scripts/NotificationUser.aspx,2026-05-30T08:48:03.949681+00:00
2004-08-07,Frauds – Classification and Reporting,,https://www.rbi.org.in/Scripts/NotificationUser.aspx?Id=1844&Mode=0,https://www.rbi.org.in/Scripts/NotificationUser.aspx,2026-05-30T08:48:03.949681+00:00
2004-08-06,Merger of functions of erstwhile Industrial and Export Credit Department of Reserve Bank of India with Monetary Policy Department,,https://www.rbi.org.in/Scripts/NotificationUser.aspx?Id=1814&Mode=0,https://www.rbi.org.in/Scripts/NotificationUser.aspx,2026-05-30T08:48:03.949681+00:00
2004-08-04,Auction for Sale of Government Stock of 30 Years,,https://www.rbi.org.in/Scripts/NotificationUser.aspx?Id=1835&Mode=0,https://www.rbi.org.in/Scripts/NotificationUser.aspx,2026-05-30T08:48:03.949681+00:00
2004-08-04,"Tender for Non-competitive Bids for 30 year Government Stock for an aggregate amount of Rs.100 crore: Auction to be held on August 9, 2004 - Annexure II (a)",,https://www.rbi.org.in/Scripts/NotificationUser.aspx?Id=1834&Mode=0,https://www.rbi.org.in/Scripts/NotificationUser.aspx,2026-05-30T08:48:03.949681+00:00
2004-08-04,"Tender for 30 years Government Stock for an aggregate amount of Rs.2,000 crore : Auction to be held on August 9, 2004 - Annexure II",,https://www.rbi.org.in/Scripts/NotificationUser.aspx?Id=1833&Mode=0,https://www.rbi.org.in/Scripts/NotificationUser.aspx,2026-05-30T08:48:03.949681+00:00
2004-08-04,"Tender for Government of India Floating Rate Bonds 2015(II) for an aggregate amount of Rs.6,000 crore : Auction to be held on August 9, 2004 - Annexure I (a)",,https://www.rbi.org.in/Scripts/NotificationUser.aspx?Id=1832&Mode=0,https://www.rbi.org.in/Scripts/NotificationUser.aspx,2026-05-30T08:48:03.949681+00:00
2004-08-04,"Tender for Government of India Floating Rate Bonds 2015(II) for an aggregate amount of Rs.6,000 crore : Auction to be held on August 9, 2004 - Annexure I",,https://www.rbi.org.in/Scripts/NotificationUser.aspx?Id=1831&Mode=0,https://www.rbi.org.in/Scripts/NotificationUser.aspx,2026-05-30T08:48:03.949681+00:00
2004-08-04,Auction for Sale of Government of India Floating Rate Bonds 2015 (II),,https://www.rbi.org.in/Scripts/NotificationUser.aspx?Id=1830&Mode=0,https://www.rbi.org.in/Scripts/NotificationUser.aspx,2026-05-30T08:48:03.949681+00:00
2004-08-04,Auction of Government of India Dated Securities,,https://www.rbi.org.in/Scripts/NotificationUser.aspx?Id=1829&Mode=0,https://www.rbi.org.in/Scripts/NotificationUser.aspx,2026-05-30T08:48:03.949681+00:00
2004-08-03,"Non-Banking Financial Companies Prudential Norms (Reserve Bank) Directions, 1998",,https://www.rbi.org.in/Scripts/NotificationUser.aspx?Id=1827&Mode=0,https://www.rbi.org.in/Scripts/NotificationUser.aspx,2026-05-30T08:48:03.949681+00:00
2004-08-03,"Non-Banking Financial Companies Acceptance of Public Deposits (Reserve Bank) Directions, 1998",,https://www.rbi.org.in/Scripts/NotificationUser.aspx?Id=1826&Mode=0,https://www.rbi.org.in/Scripts/NotificationUser.aspx,2026-05-30T08:48:03.949681+00:00
2004-08-03,"Non-Banking Financial Companies Auditors (Reserve Bank) Directions, 1998",,https://www.rbi.org.in/Scripts/NotificationUser.aspx?Id=1825&Mode=0,https://www.rbi.org.in/Scripts/NotificationUser.aspx,2026-05-30T08:48:03.949681+00:00
2004-08-03,Regulations relating to Maintenance of Liquid Assets by NBFCs/RNBCs,,https://www.rbi.org.in/Scripts/NotificationUser.aspx?Id=1824&Mode=0,https://www.rbi.org.in/Scripts/NotificationUser.aspx,2026-05-30T08:48:03.949681+00:00
2004-08-03,"Residuary Non-Banking Companies (Reserve Bank) Directions, 1987",,https://www.rbi.org.in/Scripts/NotificationUser.aspx?Id=1823&Mode=0,https://www.rbi.org.in/Scripts/NotificationUser.aspx,2026-05-30T08:48:03.949681+00:00
2004-08-03,"Miscellaneous Non-banking Companies (Reserve Bank) Directions, 1977",,https://www.rbi.org.in/Scripts/NotificationUser.aspx?Id=1822&Mode=0,https://www.rbi.org.in/Scripts/NotificationUser.aspx,2026-05-30T08:48:03.949681+00:00
2004-08-02,Priority Sector Lending by Primary (Urban) Cooperative Banks,,https://www.rbi.org.in/Scripts/NotificationUser.aspx?Id=1809&Mode=0,https://www.rbi.org.in/Scripts/NotificationUser.aspx,2026-05-30T08:48:03.949681+00:00
2021-11-26,"Implementation of Section 51A of UAPA, 1967: Updates to UNSC’s 1267/ 1989 ISIL (Da'esh) & Al-Qaida Sanctions List: Addition of one entry",,https://www.rbi.org.in/Scripts/NotificationUser.aspx?Id=12203&Mode=0,https://www.rbi.org.in/Scripts/NotificationUser.aspx,2026-05-30T08:48:04.634689+00:00
2021-11-22,"Inclusion in/exclusion from the Second Schedule to the Reserve Bank of India Act, 1934 - Regional Rural Banks (RRBs)",,https://www.rbi.org.in/Scripts/NotificationUser.aspx?Id=12202&Mode=0,https://www.rbi.org.in/Scripts/NotificationUser.aspx,2026-05-30T08:48:04.634689+00:00
2021-11-16,Regulations Review Authority (RRA 2.0) – Interim Recommendations – Withdrawal of Redundant Circulars,,https://www.rbi.org.in/Scripts/NotificationUser.aspx?Id=12201&Mode=0,https://www.rbi.org.in/Scripts/NotificationUser.aspx,2026-05-30T08:48:04.634689+00:00
2021-11-16,Withdrawal of Obsolete Regulatory Circulars/ Instructions - Interim Recommendations of the Regulations Review Authority 2.0,,https://www.rbi.org.in/Scripts/NotificationUser.aspx?Id=12200&Mode=0,https://www.rbi.org.in/Scripts/NotificationUser.aspx,2026-05-30T08:48:04.634689+00:00
2021-11-16,Regulations Review Authority (RRA 2.0) – Interim Recommendations – Withdrawal of Circular,,https://www.rbi.org.in/Scripts/NotificationUser.aspx?Id=12199&Mode=0,https://www.rbi.org.in/Scripts/NotificationUser.aspx,2026-05-30T08:48:04.634689+00:00
2021-11-16,Regulations Review Authority (RRA 2.0) – Interim Recommendations – Withdrawal of Circulars,,https://www.rbi.org.in/Scripts/NotificationUser.aspx?Id=12198&Mode=0,https://www.rbi.org.in/Scripts/NotificationUser.aspx,2026-05-30T08:48:04.634689+00:00
2021-11-16,Regulations Review Authority (RRA) 2.0 – Interim Recommendations – Withdrawal of Redundant Circulars,,https://www.rbi.org.in/Scripts/NotificationUser.aspx?Id=12197&Mode=0,https://www.rbi.org.in/Scripts/NotificationUser.aspx,2026-05-30T08:48:04.634689+00:00
2021-11-16,Withdrawal of Obsolete Regulatory Circulars / Instructions – Interim Recommendations of the Regulations Review Authority 2.0,,https://www.rbi.org.in/Scripts/NotificationUser.aspx?Id=12196&Mode=0,https://www.rbi.org.in/Scripts/NotificationUser.aspx,2026-05-30T08:48:04.634689+00:00
2021-11-15,Appointment of Internal Ombudsman by Non-Banking Financial Companies,,https://www.rbi.org.in/Scripts/NotificationUser.aspx?Id=12195&Mode=0,https://www.rbi.org.in/Scripts/NotificationUser.aspx,2026-05-30T08:48:04.634689+00:00
2021-11-12,Auction of Government Securities: Non-Competitive Bidding Facility to retail investors,,https://www.rbi.org.in/Scripts/NotificationUser.aspx?Id=12193&Mode=0,https://www.rbi.org.in/Scripts/NotificationUser.aspx,2026-05-30T08:48:04.634689+00:00
2021-11-12,"Reserve Bank - Integrated Ombudsman Scheme, 2021",,https://www.rbi.org.in/Scripts/NotificationUser.aspx?Id=12192&Mode=0,https://www.rbi.org.in/Scripts/NotificationUser.aspx,2026-05-30T08:48:04.634689+00:00
2021-11-11,Exim Bank's Government of India supported Line of Credit (LoC) of USD 10.40 million to the Government of the Kingdom of Eswatini (Swaziland),,https://www.rbi.org.in/Scripts/NotificationUser.aspx?Id=12190&Mode=0,https://www.rbi.org.in/Scripts/NotificationUser.aspx,2026-05-30T08:48:04.634689+00:00
2021-11-08,Investment by Foreign Portfolio Investors (FPIs) in Debt – Review,,https://www.rbi.org.in/Scripts/NotificationUser.aspx?Id=12188&Mode=0,https://www.rbi.org.in/Scripts/NotificationUser.aspx,2026-05-30T08:48:04.634689+00:00
2021-11-02,Prompt Corrective Action (PCA) Framework for Scheduled Commercial Banks,,https://www.rbi.org.in/Scripts/NotificationUser.aspx?Id=12186&Mode=0,https://www.rbi.org.in/Scripts/NotificationUser.aspx,2026-05-30T08:48:04.634689+00:00
2004-07-31,Master Circular on Prime Minister’s Rozgar Yojana (PMRY),,https://www.rbi.org.in/Scripts/NotificationUser.aspx?Id=1828&Mode=0,https://www.rbi.org.in/Scripts/NotificationUser.aspx,2026-05-30T08:48:06.832072+00:00
2004-07-30,Inclusion of Self Help Groups under the PMRY,,https://www.rbi.org.in/Scripts/NotificationUser.aspx?Id=1819&Mode=0,https://www.rbi.org.in/Scripts/NotificationUser.aspx,2026-05-30T08:48:06.832072+00:00
2004-07-30,Implementation of PMRY- Modifications in Norms,,https://www.rbi.org.in/Scripts/NotificationUser.aspx?Id=1818&Mode=0,https://www.rbi.org.in/Scripts/NotificationUser.aspx,2026-05-30T08:48:06.832072+00:00
2004-07-30,Implementation of PMRY- Modifications in Norms,,https://www.rbi.org.in/Scripts/NotificationUser.aspx?Id=1817&Mode=0,https://www.rbi.org.in/Scripts/NotificationUser.aspx,2026-05-30T08:48:06.832072+00:00
2004-07-28,Placement of deposits by Non Scheduled UCBs with eligible Scheduled UCBs,,https://www.rbi.org.in/Scripts/NotificationUser.aspx?Id=1807&Mode=0,https://www.rbi.org.in/Scripts/NotificationUser.aspx,2026-05-30T08:48:06.832072+00:00
2004-07-26,Annual Policy Statement for the year 2004-05 - Prudential Credit Exposure Limits by FIs,,https://www.rbi.org.in/Scripts/NotificationUser.aspx?Id=1805&Mode=0,https://www.rbi.org.in/Scripts/NotificationUser.aspx,2026-05-30T08:48:06.832072+00:00
2004-07-26,Priority Sector Lending – Achievement of target/sub-targets,,https://www.rbi.org.in/Scripts/NotificationUser.aspx?Id=1802&Mode=0,https://www.rbi.org.in/Scripts/NotificationUser.aspx,2026-05-30T08:48:06.832072+00:00
2004-07-26,The Advisory Committee on Flow of Credit to Agriculture and Related Activities from the Banking System,,https://www.rbi.org.in/Scripts/NotificationUser.aspx?Id=1801&Mode=0,https://www.rbi.org.in/Scripts/NotificationUser.aspx,2026-05-30T08:48:06.832072+00:00
2004-07-26,Scheme for Amalgamation of Global Trust Bank Ltd. with Oriental Bank of Commerce,,https://www.rbi.org.in/Scripts/NotificationUser.aspx?Id=1800&Mode=0,https://www.rbi.org.in/Scripts/NotificationUser.aspx,2026-05-30T08:48:06.832072+00:00
2004-07-23,Participating in Bills Rediscounting Scheme as Lenders – Private Sector Mutual Funds,,https://www.rbi.org.in/Scripts/NotificationUser.aspx?Id=1803&Mode=0,https://www.rbi.org.in/Scripts/NotificationUser.aspx,2026-05-30T08:48:06.832072+00:00
2004-07-23,Checking of wilful defaults and measures against Wilful Defaulters,,https://www.rbi.org.in/Scripts/NotificationUser.aspx?Id=1799&Mode=0,https://www.rbi.org.in/Scripts/NotificationUser.aspx,2026-05-30T08:48:06.832072+00:00
2004-07-23,Success Ratio in Treasury Bill auctions for Primary Dealers,,https://www.rbi.org.in/Scripts/NotificationUser.aspx?Id=1797&Mode=0,https://www.rbi.org.in/Scripts/NotificationUser.aspx,2026-05-30T08:48:06.832072+00:00
2004-07-23,Transactions in Government Securities,,https://www.rbi.org.in/Scripts/NotificationUser.aspx?Id=1796&Mode=0,https://www.rbi.org.in/Scripts/NotificationUser.aspx,2026-05-30T08:48:06.832072+00:00
2004-07-22,List of All India Financial Institutions,,https://www.rbi.org.in/Scripts/NotificationUser.aspx?Id=1794&Mode=0,https://www.rbi.org.in/Scripts/NotificationUser.aspx,2026-05-30T08:48:06.832072+00:00
2004-07-20,Master Circular on Lending to Priority Sector,,https://www.rbi.org.in/Scripts/NotificationUser.aspx?Id=1793&Mode=0,https://www.rbi.org.in/Scripts/NotificationUser.aspx,2026-05-30T08:48:06.832072+00:00
2004-07-20,Investment by banks in Mortgage Backed Securities – Lending to Priority Sector under Housing Loans,,https://www.rbi.org.in/Scripts/NotificationUser.aspx?Id=1792&Mode=0,https://www.rbi.org.in/Scripts/NotificationUser.aspx,2026-05-30T08:48:06.832072+00:00
2004-07-20,"Foreign Exchange Management (Foreign Currency Accounts by a Person Resident in India) (First Amendment) Regulations, 2004 - A.P.(DIR Series) Circular No. 6",A.P.(DIR Series) Circular No. 6,https://www.rbi.org.in/Scripts/NotificationUser.aspx?Id=1791&Mode=0,https://www.rbi.org.in/Scripts/NotificationUser.aspx,2026-05-30T08:48:06.832072+00:00
2004-07-20,"Indo-Sri Lanka Credit Agreement dated March 23, 2004 for USD 25 Million - A.P.(DIR Series) Circular No. 5",A.P.(DIR Series) Circular No. 5,https://www.rbi.org.in/Scripts/NotificationUser.aspx?Id=1790&Mode=0,https://www.rbi.org.in/Scripts/NotificationUser.aspx,2026-05-30T08:48:06.832072+00:00
2004-07-17,Swarna Jayanti Shahari Rozgar Yojana (SJSRY)- Administration/Adjustment of back-end subsidy Payment of interest on Subsidy Portion,,https://www.rbi.org.in/Scripts/NotificationUser.aspx?Id=1865&Mode=0,https://www.rbi.org.in/Scripts/NotificationUser.aspx,2026-05-30T08:48:06.832072+00:00
2004-07-16,Lead Bank Scheme-participation of Members of Parliament and Public Representatives in District Level Review Committee (DLRC) Meetings,,https://www.rbi.org.in/Scripts/NotificationUser.aspx?Id=1811&Mode=0,https://www.rbi.org.in/Scripts/NotificationUser.aspx,2026-05-30T08:48:06.832072+00:00
2004-07-15,Draft Citizens Charter,,https://www.rbi.org.in/Scripts/NotificationUser.aspx?Id=1778&Mode=0,https://www.rbi.org.in/Scripts/NotificationUser.aspx,2026-05-30T08:48:06.832072+00:00
2004-07-13,Capital Investment Subsidy Scheme for construction/renovation/expansion of rural godowns,,https://www.rbi.org.in/Scripts/NotificationUser.aspx?Id=1765&Mode=0,https://www.rbi.org.in/Scripts/NotificationUser.aspx,2026-05-30T08:48:06.832072+00:00
2004-07-12,"Tender for “4.83 percent Government Stock, 2006” for an aggregate amount of Rs.5,000 crore under MSS : Auction to be held on July 14, 2004 - Annexure I",,https://www.rbi.org.in/Scripts/NotificationUser.aspx?Id=1777&Mode=0,https://www.rbi.org.in/Scripts/NotificationUser.aspx,2026-05-30T08:48:06.832072+00:00
2004-07-12,"Tender for Non-competitive Bids for “4.83 per cent Government Stock 2006” for an aggregate amount of Rs.250 crore: Auction to be held on July 14, 2004 - Annexure Ia",,https://www.rbi.org.in/Scripts/NotificationUser.aspx?Id=1776&Mode=0,https://www.rbi.org.in/Scripts/NotificationUser.aspx,2026-05-30T08:48:06.832072+00:00
2004-07-12,"Auction for Sale (Re-issue ) of ‘4.83 per cent Government Stock, 2006’ under Market Stabilisation Scheme",,https://www.rbi.org.in/Scripts/NotificationUser.aspx?Id=1775&Mode=0,https://www.rbi.org.in/Scripts/NotificationUser.aspx,2026-05-30T08:48:06.832072+00:00
2004-07-12,Auction of Government of India Dated Securities under Market Stabilisation Scheme (MSS),,https://www.rbi.org.in/Scripts/NotificationUser.aspx?Id=1774&Mode=0,https://www.rbi.org.in/Scripts/NotificationUser.aspx,2026-05-30T08:48:06.832072+00:00
2004-07-12,Master Circular on Guidelines for Issue of Certificates of Deposit,,https://www.rbi.org.in/Scripts/NotificationUser.aspx?Id=1764&Mode=0,https://www.rbi.org.in/Scripts/NotificationUser.aspx,2026-05-30T08:48:06.832072+00:00
2004-07-10,"Foreign Exchange Management (Deposit)(Amendment) Regulations, 2004",,https://www.rbi.org.in/Scripts/NotificationUser.aspx?Id=2184&Mode=0,https://www.rbi.org.in/Scripts/NotificationUser.aspx,2026-05-30T08:48:06.832072+00:00
2004-07-10,Deferred Payment Protocols dated 30th April 1981 and 23rd December 1985 between the Government of India and erstwhile USSR - A.P.(DIR Series) Circular No. 4,A.P.(DIR Series) Circular No. 4,https://www.rbi.org.in/Scripts/NotificationUser.aspx?Id=1763&Mode=0,https://www.rbi.org.in/Scripts/NotificationUser.aspx,2026-05-30T08:48:06.832072+00:00
2004-07-10,Exim Bank's Line of Credit for USD 50 million to Government of Sudan - A.P.(DIR Series) Circular No. 3,A.P.(DIR Series) Circular No. 3,https://www.rbi.org.in/Scripts/NotificationUser.aspx?Id=1761&Mode=0,https://www.rbi.org.in/Scripts/NotificationUser.aspx,2026-05-30T08:48:06.832072+00:00
2004-07-09,"""Know Your Customer"" Guidelines-Compliance",,https://www.rbi.org.in/Scripts/NotificationUser.aspx?Id=1762&Mode=0,https://www.rbi.org.in/Scripts/NotificationUser.aspx,2026-05-30T08:48:06.832072+00:00
2004-07-09,"6.5% Savings Bonds, 2003 (Non Taxable)",,https://www.rbi.org.in/Scripts/NotificationUser.aspx?Id=1759&Mode=0,https://www.rbi.org.in/Scripts/NotificationUser.aspx,2026-05-30T08:48:06.832072+00:00
2004-07-09,"Import of Gold by (i) Export Oriented Units (EOUs), (ii) Units in SEZ/EPZ, and (iii) Nominated Agencies - A.P.(DIR Series) Circular No. 2",A.P.(DIR Series) Circular No. 2,https://www.rbi.org.in/Scripts/NotificationUser.aspx?Id=1757&Mode=0,https://www.rbi.org.in/Scripts/NotificationUser.aspx,2026-05-30T08:48:06.832072+00:00
2004-07-08,Flow of Credit to Agriculture - Announcements made by the Union Finance Minister,,https://www.rbi.org.in/Scripts/NotificationUser.aspx?Id=1758&Mode=0,https://www.rbi.org.in/Scripts/NotificationUser.aspx,2026-05-30T08:48:06.832072+00:00
2004-07-07,"Foreign Exchange Management (Transfer or Issue of Any Foreign Security) (Amendment) Regulations, 2004",,https://www.rbi.org.in/Scripts/NotificationUser.aspx?Id=2126&Mode=0,https://www.rbi.org.in/Scripts/NotificationUser.aspx,2026-05-30T08:48:06.832072+00:00
2004-07-07,Status Paper on Commercial Paper (CP) Market in India,,https://www.rbi.org.in/Scripts/NotificationUser.aspx?Id=1773&Mode=0,https://www.rbi.org.in/Scripts/NotificationUser.aspx,2026-05-30T08:48:06.832072+00:00
2004-07-07,Issue of credit card,,https://www.rbi.org.in/Scripts/NotificationUser.aspx?Id=1754&Mode=0,https://www.rbi.org.in/Scripts/NotificationUser.aspx,2026-05-30T08:48:06.832072+00:00
2004-07-06,"Alteration in the name of bank in the Second Schedule to the Reserve Bank of India Act, 1934 - ""Credit Agricole Indosuez"" to ""Calyon Bank""",,https://www.rbi.org.in/Scripts/NotificationUser.aspx?Id=1806&Mode=0,https://www.rbi.org.in/Scripts/NotificationUser.aspx,2026-05-30T08:48:06.832072+00:00
2004-07-06,"Exclusion from the Second Schedule to the Reserve Bank of India Act, 1934 -“Credit Lyonnais”",,https://www.rbi.org.in/Scripts/NotificationUser.aspx?Id=1755&Mode=0,https://www.rbi.org.in/Scripts/NotificationUser.aspx,2026-05-30T08:48:06.832072+00:00
2004-07-05,Exim Bank's Line of Credit for USD 5 million to Government of Angola,,https://www.rbi.org.in/Scripts/NotificationUser.aspx?Id=1733&Mode=0,https://www.rbi.org.in/Scripts/NotificationUser.aspx,2026-05-30T08:48:06.832072+00:00
2004-07-03,Master Circular on Export Credit Refinance Facility,,https://www.rbi.org.in/Scripts/NotificationUser.aspx?Id=1753&Mode=0,https://www.rbi.org.in/Scripts/NotificationUser.aspx,2026-05-30T08:48:06.832072+00:00
2004-07-03,Master Circular on Call/Notice Money Market Operations,,https://www.rbi.org.in/Scripts/NotificationUser.aspx?Id=1752&Mode=0,https://www.rbi.org.in/Scripts/NotificationUser.aspx,2026-05-30T08:48:06.832072+00:00
2004-07-02,A comprehensive policy framework for ownership and governance in private sector banks,,https://www.rbi.org.in/Scripts/NotificationUser.aspx?Id=1731&Mode=0,https://www.rbi.org.in/Scripts/NotificationUser.aspx,2026-05-30T08:48:06.832072+00:00
2004-07-01,Master Circular-Miscellaneous Remittances from India – Facilities for Residents,,https://www.rbi.org.in/Scripts/NotificationUser.aspx?Id=2016&Mode=0,https://www.rbi.org.in/Scripts/NotificationUser.aspx,2026-05-30T08:48:06.832072+00:00
2004-07-01,Cheque Truncation - Pilot Implementation,,https://www.rbi.org.in/Scripts/NotificationUser.aspx?Id=1756&Mode=0,https://www.rbi.org.in/Scripts/NotificationUser.aspx,2026-05-30T08:48:06.832072+00:00
2004-07-01,Master Circular on Guidelines for Issue of Commercial Paper,,https://www.rbi.org.in/Scripts/NotificationUser.aspx?Id=1751&Mode=0,https://www.rbi.org.in/Scripts/NotificationUser.aspx,2026-05-30T08:48:06.832072+00:00
2004-07-01,Master Circular on Foreign Investments in India,,https://www.rbi.org.in/Scripts/NotificationUser.aspx?Id=1749&Mode=0,https://www.rbi.org.in/Scripts/NotificationUser.aspx,2026-05-30T08:48:06.832072+00:00
2004-07-01,Master Circular on Direct Investment by Residents in Joint Venture (JV)/ Wholly Owned Subsidiary(WOS) abroad,,https://www.rbi.org.in/Scripts/NotificationUser.aspx?Id=1746&Mode=0,https://www.rbi.org.in/Scripts/NotificationUser.aspx,2026-05-30T08:48:06.832072+00:00
2004-07-01,Master Circular on External Commercial Borrowings and Trade Credits,,https://www.rbi.org.in/Scripts/NotificationUser.aspx?Id=1745&Mode=0,https://www.rbi.org.in/Scripts/NotificationUser.aspx,2026-05-30T08:48:06.832072+00:00
2004-07-01,Master Circular on Remittance facilities for Non-Resident Indians/ Persons of Indian Origin/Foreign Nationals,,https://www.rbi.org.in/Scripts/NotificationUser.aspx?Id=1743&Mode=0,https://www.rbi.org.in/Scripts/NotificationUser.aspx,2026-05-30T08:48:06.832072+00:00
2004-07-01,Master Circular on Risk Management and Inter Bank Dealings,,https://www.rbi.org.in/Scripts/NotificationUser.aspx?Id=1742&Mode=0,https://www.rbi.org.in/Scripts/NotificationUser.aspx,2026-05-30T08:48:06.832072+00:00
2004-07-01,Master Circular-Levy of Penal Interest for Delayed Reporting / Wrong Reporting / Non-Reporting of Currency Chest transactions and cases involving Shortages in Currency Chest Balances,,https://www.rbi.org.in/Scripts/NotificationUser.aspx?Id=1732&Mode=0,https://www.rbi.org.in/Scripts/NotificationUser.aspx,2026-05-30T08:48:06.832072+00:00
2021-10-22,"Sovereign Gold Bond Scheme of the Government of India (GoI) - Procedural Guidelines - Consolidated (Updated as on October 04, 2022)",Sovereign,https://www.rbi.org.in/Scripts/NotificationUser.aspx?Id=12181&Mode=0,https://www.rbi.org.in/Scripts/NotificationUser.aspx,2026-05-30T08:48:07.392097+00:00
2021-10-22,Sovereign Gold Bond Scheme (SGB) 2021-22 - Series VII/VIII/IX/X,Sovereign,https://www.rbi.org.in/Scripts/NotificationUser.aspx?Id=12180&Mode=0,https://www.rbi.org.in/Scripts/NotificationUser.aspx,2026-05-30T08:48:07.392097+00:00
2021-10-14,Data Format for Furnishing of Credit Information to Credit Information Companies,,https://www.rbi.org.in/Scripts/NotificationUser.aspx?Id=12178&Mode=0,https://www.rbi.org.in/Scripts/NotificationUser.aspx,2026-05-30T08:48:07.392097+00:00
2021-10-13,"Foreign Exchange Management (Debt Instruments) (First Amendment) Regulations, 2021",,https://www.rbi.org.in/Scripts/NotificationUser.aspx?Id=12705&Mode=0,https://www.rbi.org.in/Scripts/NotificationUser.aspx,2026-05-30T08:48:07.392097+00:00
2021-10-08,Priority Sector Lending- Banks’ lending to NBFCs for on-lending – Extension of facility,,https://www.rbi.org.in/Scripts/NotificationUser.aspx?Id=12177&Mode=0,https://www.rbi.org.in/Scripts/NotificationUser.aspx,2026-05-30T08:48:07.392097+00:00
2021-10-07,"Inclusion of “Paytm Payments Bank Limited” in the Second Schedule of the Reserve Bank of India Act, 1934",,https://www.rbi.org.in/Scripts/NotificationUser.aspx?Id=12176&Mode=0,https://www.rbi.org.in/Scripts/NotificationUser.aspx,2026-05-30T08:48:07.392097+00:00
2021-10-05,Value Free Transfer (VFT) of Government Securities – Guidelines,,https://www.rbi.org.in/Scripts/NotificationUser.aspx?Id=12175&Mode=0,https://www.rbi.org.in/Scripts/NotificationUser.aspx,2026-05-30T08:48:07.392097+00:00
2021-10-05,Revised Subsidiary General Ledger (SGL) Account Guidelines and Constituents' Subsidiary General Ledger (CSGL) Account Guidelines,,https://www.rbi.org.in/Scripts/NotificationUser.aspx?Id=12174&Mode=0,https://www.rbi.org.in/Scripts/NotificationUser.aspx,2026-05-30T08:48:07.392097+00:00
2021-10-04,Enhancement in family pension of employees of banks - Treatment of additional liability,,https://www.rbi.org.in/Scripts/NotificationUser.aspx?Id=12172&Mode=0,https://www.rbi.org.in/Scripts/NotificationUser.aspx,2026-05-30T08:48:07.392097+00:00
2004-06-30,Food Credit Arrangements,,https://www.rbi.org.in/Scripts/NotificationUser.aspx?Id=1993&Mode=0,https://www.rbi.org.in/Scripts/NotificationUser.aspx,2026-05-30T08:48:09.874012+00:00
2004-06-29,"Foreign Exchange Management (Remittance of Assets) (Amendment) Regulations, 2004",,https://www.rbi.org.in/Scripts/NotificationUser.aspx?Id=2608&Mode=0,https://www.rbi.org.in/Scripts/NotificationUser.aspx,2026-05-30T08:48:09.874012+00:00
2004-06-29,"Tender for Government of India Floating Rate Bonds 2015 for an aggregate amount of Rs.6,000 crore : Auction to be held on July 1, 2004 - Annexure I",,https://www.rbi.org.in/Scripts/NotificationUser.aspx?Id=1741&Mode=0,https://www.rbi.org.in/Scripts/NotificationUser.aspx,2026-05-30T08:48:09.874012+00:00
2004-06-29,"Tender for Non-competitive Bids for ""Floating Rate Bonds, 2015"" for an aggregate amount of Rs.300 crore: Auction to be held on July 1, 2004 - Annexure I (a)",,https://www.rbi.org.in/Scripts/NotificationUser.aspx?Id=1740&Mode=0,https://www.rbi.org.in/Scripts/NotificationUser.aspx,2026-05-30T08:48:09.874012+00:00
2004-06-29,Auction for Sale of Government of India Floating Rate Bonds 2015,,https://www.rbi.org.in/Scripts/NotificationUser.aspx?Id=1739&Mode=0,https://www.rbi.org.in/Scripts/NotificationUser.aspx,2026-05-30T08:48:09.874012+00:00
2004-06-29,"Tender for ""6.13 percent Government Stock, 2028"" for an aggregate amount of Rs.2,000 crore : Auction to be held on July 1, 2004 - Annexure II",,https://www.rbi.org.in/Scripts/NotificationUser.aspx?Id=1738&Mode=0,https://www.rbi.org.in/Scripts/NotificationUser.aspx,2026-05-30T08:48:09.874012+00:00
2004-06-29,"Tender for Non-competitive Bids for ""6.13 per cent Government Stock 2028"" for an aggregate amount of Rs.100 crore: Auction to be held on July 1, 2004 - Annexure II (a)",,https://www.rbi.org.in/Scripts/NotificationUser.aspx?Id=1737&Mode=0,https://www.rbi.org.in/Scripts/NotificationUser.aspx,2026-05-30T08:48:09.874012+00:00
2004-06-29,"Auction for Sale (Re-issue) of ‘6.13 per cent Government Stock, 2028’",,https://www.rbi.org.in/Scripts/NotificationUser.aspx?Id=1736&Mode=0,https://www.rbi.org.in/Scripts/NotificationUser.aspx,2026-05-30T08:48:09.874012+00:00
2004-06-29,Auction of Government of India Dated Securities,,https://www.rbi.org.in/Scripts/NotificationUser.aspx?Id=1735&Mode=0,https://www.rbi.org.in/Scripts/NotificationUser.aspx,2026-05-30T08:48:09.874012+00:00
2004-06-26,Risk Based Supervision- Follow up of Risk Management Systems in Banks,,https://www.rbi.org.in/Scripts/NotificationUser.aspx?Id=1770&Mode=0,https://www.rbi.org.in/Scripts/NotificationUser.aspx,2026-05-30T08:48:09.874012+00:00
2004-06-24,Flow of Credit to Agriculture - Announcements made by the Union Finance Minister,,https://www.rbi.org.in/Scripts/NotificationUser.aspx?Id=1724&Mode=0,https://www.rbi.org.in/Scripts/NotificationUser.aspx,2026-05-30T08:48:09.874012+00:00
2004-06-21,"Foreign Exchange Management Act, 1999 - A.P.(DIR Series) Circular No. 97",A.P.(DIR Series) Circular No. 97,https://www.rbi.org.in/Scripts/NotificationUser.aspx?Id=1712&Mode=0,https://www.rbi.org.in/Scripts/NotificationUser.aspx,2026-05-30T08:48:09.874012+00:00
2004-06-18,"Section 42 of the RBI Act, 1934 – Revision of procedure for payment of interest on the eligible CRR balances on monthly basis",,https://www.rbi.org.in/Scripts/NotificationUser.aspx?Id=1734&Mode=0,https://www.rbi.org.in/Scripts/NotificationUser.aspx,2026-05-30T08:48:09.874012+00:00
2004-06-18,Payment of Turnover Commission - Pension Work,,https://www.rbi.org.in/Scripts/NotificationUser.aspx?Id=1720&Mode=0,https://www.rbi.org.in/Scripts/NotificationUser.aspx,2026-05-30T08:48:09.874012+00:00
2004-06-18,"Repayment of 11.95 per cent Government Stock, 2004 on July 24, 2004",,https://www.rbi.org.in/Scripts/NotificationUser.aspx?Id=1707&Mode=0,https://www.rbi.org.in/Scripts/NotificationUser.aspx,2026-05-30T08:48:09.874012+00:00
2004-06-17,Annual Policy Statement for the year 2004-05 – Dissemination of credit information – Role of CIBIL,,https://www.rbi.org.in/Scripts/NotificationUser.aspx?Id=1711&Mode=0,https://www.rbi.org.in/Scripts/NotificationUser.aspx,2026-05-30T08:48:09.874012+00:00
2004-06-17,Annual Policy Statement: 2004-05 - Wilful Defaulters – Clarification on Process,,https://www.rbi.org.in/Scripts/NotificationUser.aspx?Id=1710&Mode=0,https://www.rbi.org.in/Scripts/NotificationUser.aspx,2026-05-30T08:48:09.874012+00:00
2004-06-16,"Foreign Exchange Management (Transfer or Issue of Security by a Person Resident Outside India)(Third Amendment) Regulations, 2004",,https://www.rbi.org.in/Scripts/NotificationUser.aspx?Id=2183&Mode=0,https://www.rbi.org.in/Scripts/NotificationUser.aspx,2026-05-30T08:48:09.874012+00:00
2004-06-16,Holding Back of Defence Money by Banks,,https://www.rbi.org.in/Scripts/NotificationUser.aspx?Id=1719&Mode=0,https://www.rbi.org.in/Scripts/NotificationUser.aspx,2026-05-30T08:48:09.874012+00:00
2004-06-16,Public Provident Fund 1968 - Payment of Turnover Commission on interest liability as on 31st March each year,,https://www.rbi.org.in/Scripts/NotificationUser.aspx?Id=1702&Mode=0,https://www.rbi.org.in/Scripts/NotificationUser.aspx,2026-05-30T08:48:09.874012+00:00
2004-06-15,Risk Weight for Exposure to Public Financial Institutions (PFIs),,https://www.rbi.org.in/Scripts/NotificationUser.aspx?Id=1703&Mode=0,https://www.rbi.org.in/Scripts/NotificationUser.aspx,2026-05-30T08:48:09.874012+00:00
2004-06-15,Reconciliation of Relief / Savings Bond – Appendix IV Statements,,https://www.rbi.org.in/Scripts/NotificationUser.aspx?Id=1701&Mode=0,https://www.rbi.org.in/Scripts/NotificationUser.aspx,2026-05-30T08:48:09.874012+00:00
2004-06-15,Prompt Corrective Action (PCA),,https://www.rbi.org.in/Scripts/NotificationUser.aspx?Id=1698&Mode=0,https://www.rbi.org.in/Scripts/NotificationUser.aspx,2026-05-30T08:48:09.874012+00:00
2004-06-15,Exchange Earner's Foreign Currency (EEFC) Account Scheme - Liberalisation - A.P.(DIR Series) Circular No. 96,A.P.(DIR Series) Circular No. 96,https://www.rbi.org.in/Scripts/NotificationUser.aspx?Id=1659&Mode=0,https://www.rbi.org.in/Scripts/NotificationUser.aspx,2026-05-30T08:48:09.874012+00:00
2004-06-14,"Tender for Non-competitive Bids for ""6.13 per cent Government Stock 2028"" for an aggregate amount of Rs.150 crore: Auction to be held on June 17, 2004 - Annexure II (a)",,https://www.rbi.org.in/Scripts/NotificationUser.aspx?Id=1690&Mode=0,https://www.rbi.org.in/Scripts/NotificationUser.aspx,2026-05-30T08:48:09.874012+00:00
2004-06-14,"Tender for ""6.13 percent Government Stock, 2028"" for an aggregate amount of Rs.3,000 crore : Auction to be held on June 17, 2004 - Annexure II",,https://www.rbi.org.in/Scripts/NotificationUser.aspx?Id=1689&Mode=0,https://www.rbi.org.in/Scripts/NotificationUser.aspx,2026-05-30T08:48:09.874012+00:00
2004-06-14,"Tender for Non-competitive Bids for ""7.38 per cent Government Stock 2015"" for an aggregate amount of Rs.300 crore: Auction to be held on June 17, 2004 - Annexure I (a)",,https://www.rbi.org.in/Scripts/NotificationUser.aspx?Id=1688&Mode=0,https://www.rbi.org.in/Scripts/NotificationUser.aspx,2026-05-30T08:48:09.874012+00:00
2004-06-14,"Tender for ""7.38 percent Government Stock, 2015"" for an aggregate amount of Rs.6,000 crore : Auction to be held on June 17,2004 - Annexure I",,https://www.rbi.org.in/Scripts/NotificationUser.aspx?Id=1687&Mode=0,https://www.rbi.org.in/Scripts/NotificationUser.aspx,2026-05-30T08:48:09.874012+00:00
2004-06-14,Scheme for Non-competitive Bidding Facility in the Auctions of Government Securities,,https://www.rbi.org.in/Scripts/NotificationUser.aspx?Id=1686&Mode=0,https://www.rbi.org.in/Scripts/NotificationUser.aspx,2026-05-30T08:48:09.874012+00:00
2004-06-14,"Auction for Sale (Re-issue) of ‘7.38 per cent Government Stock, 2015’",,https://www.rbi.org.in/Scripts/NotificationUser.aspx?Id=1685&Mode=0,https://www.rbi.org.in/Scripts/NotificationUser.aspx,2026-05-30T08:48:09.874012+00:00
2004-06-14,"Auction for Sale (Re-issue) of ‘6.13 per cent Government Stock, 2028’",,https://www.rbi.org.in/Scripts/NotificationUser.aspx?Id=1684&Mode=0,https://www.rbi.org.in/Scripts/NotificationUser.aspx,2026-05-30T08:48:09.874012+00:00
2004-06-14,Auction of Government of India Dated Securities,,https://www.rbi.org.in/Scripts/NotificationUser.aspx?Id=1683&Mode=0,https://www.rbi.org.in/Scripts/NotificationUser.aspx,2026-05-30T08:48:09.874012+00:00
2004-06-11,Transactions in Government Securities,,https://www.rbi.org.in/Scripts/NotificationUser.aspx?Id=1666&Mode=0,https://www.rbi.org.in/Scripts/NotificationUser.aspx,2026-05-30T08:48:09.874012+00:00
2004-06-10,Maintenance of Government Accounts –Interest on Delayed Remittances and Excess/Double Reimbursement,,https://www.rbi.org.in/Scripts/NotificationUser.aspx?Id=1692&Mode=0,https://www.rbi.org.in/Scripts/NotificationUser.aspx,2026-05-30T08:48:09.874012+00:00
2004-06-09,"Implementation of On-line Tax Accounting System (OLTAS) with effect from June 1, 2004 - Use of Challan Form - Clarifications",,https://www.rbi.org.in/Scripts/NotificationUser.aspx?Id=1700&Mode=0,https://www.rbi.org.in/Scripts/NotificationUser.aspx,2026-05-30T08:48:09.874012+00:00
2004-06-09,"Exim Bank's Line of Credit for USD 10 million to Bank TuranAlem, Kazakhstan - A.P.(DIR Series) Circular No. 95",A.P.(DIR Series) Circular No. 95,https://www.rbi.org.in/Scripts/NotificationUser.aspx?Id=1658&Mode=0,https://www.rbi.org.in/Scripts/NotificationUser.aspx,2026-05-30T08:48:09.874012+00:00
2004-06-07,Exchange Earners' Foreign Currency (EEFC) Account Scheme – Trade Related Loans/Advances - A.P.(DIR Series) Circular No. 94,A.P.(DIR Series) Circular No. 94,https://www.rbi.org.in/Scripts/NotificationUser.aspx?Id=1656&Mode=0,https://www.rbi.org.in/Scripts/NotificationUser.aspx,2026-05-30T08:48:09.874012+00:00
2004-06-05,Master Circular on Payment of Treasury Bills passed by Treasury Officers of State Governments through clearing houses,,https://www.rbi.org.in/Scripts/NotificationUser.aspx?Id=1655&Mode=0,https://www.rbi.org.in/Scripts/NotificationUser.aspx,2026-05-30T08:48:09.874012+00:00
2004-06-05,Master Circular on Debiting Clearing Settlement Accounts of member banks towards transactions not related with clearing or on unilateral basis,,https://www.rbi.org.in/Scripts/NotificationUser.aspx?Id=1654&Mode=0,https://www.rbi.org.in/Scripts/NotificationUser.aspx,2026-05-30T08:48:09.874012+00:00
2004-06-03,Declaration of dividend by Primary Dealers,,https://www.rbi.org.in/Scripts/NotificationUser.aspx?Id=1653&Mode=0,https://www.rbi.org.in/Scripts/NotificationUser.aspx,2026-05-30T08:48:09.874012+00:00
2021-09-30,Exim Bank's Government of India supported Line of Credit (LoC) of USD 100 million to the Government of Democratic Socialist Republic of Sri Lanka,Socialist,https://www.rbi.org.in/Scripts/NotificationUser.aspx?Id=12170&Mode=0,https://www.rbi.org.in/Scripts/NotificationUser.aspx,2026-05-30T08:48:10.186625+00:00
2021-09-30,Exim Bank's Government of India supported Line of Credit (LoC) of USD 15 million to the Government of the Republic of Sierra Leone,,https://www.rbi.org.in/Scripts/NotificationUser.aspx?Id=12169&Mode=0,https://www.rbi.org.in/Scripts/NotificationUser.aspx,2026-05-30T08:48:10.186625+00:00
2021-09-28,Use of any Alternative reference rate in place of LIBOR for interest payable in respect of export / import transactions,,https://www.rbi.org.in/Scripts/NotificationUser.aspx?Id=12168&Mode=0,https://www.rbi.org.in/Scripts/NotificationUser.aspx,2026-05-30T08:48:10.186625+00:00
2021-09-16,"Master Direction – Reserve Bank of India (Market-makers in OTC Derivatives) Directions, 2021 ( Updated as on February 21, 2025 )",,https://www.rbi.org.in/Scripts/NotificationUser.aspx?Id=12163&Mode=0,https://www.rbi.org.in/Scripts/NotificationUser.aspx,2026-05-30T08:48:10.186625+00:00
2021-09-13,"Implementation of Section 51A of UAPA, 1967: Updates to UNSC’s 1267/ 1989 ISIL (Da'esh) & Al-Qaida Sanctions List: Deletion of one entry",,https://www.rbi.org.in/Scripts/NotificationUser.aspx?Id=12162&Mode=0,https://www.rbi.org.in/Scripts/NotificationUser.aspx,2026-05-30T08:48:10.186625+00:00
2021-09-08,"Foreign Exchange Management (Export of Goods and Services) (Amendment) Regulations, 2021",,https://www.rbi.org.in/Scripts/NotificationUser.aspx?Id=12167&Mode=0,https://www.rbi.org.in/Scripts/NotificationUser.aspx,2026-05-30T08:48:10.186625+00:00
2021-09-07,Tokenisation – Card Transactions: Permitting Card-on-File Tokenisation (CoFT) Services,,https://www.rbi.org.in/Scripts/NotificationUser.aspx?Id=12159&Mode=0,https://www.rbi.org.in/Scripts/NotificationUser.aspx,2026-05-30T08:48:10.186625+00:00
2004-05-29,Know Your Customer Guidelines-Compliance,,https://www.rbi.org.in/Scripts/NotificationUser.aspx?Id=1651&Mode=0,https://www.rbi.org.in/Scripts/NotificationUser.aspx,2026-05-30T08:48:12.648901+00:00
2004-05-28,Redemption of Relief Bonds held under joint names-“Either or Survivor”or “Any one or Survivor”,,https://www.rbi.org.in/Scripts/NotificationUser.aspx?Id=1693&Mode=0,https://www.rbi.org.in/Scripts/NotificationUser.aspx,2026-05-30T08:48:12.648901+00:00
2004-05-27,Standardised application form for investments in Savings Bonds along with Duties and Rights of investors -Corrigendum,,https://www.rbi.org.in/Scripts/NotificationUser.aspx?Id=1694&Mode=0,https://www.rbi.org.in/Scripts/NotificationUser.aspx,2026-05-30T08:48:12.648901+00:00
2004-05-26,Off-site Surveillance System for Primary (Urban) Co-operative Banks - Annexure B,,https://www.rbi.org.in/Scripts/NotificationUser.aspx?Id=1643&Mode=0,https://www.rbi.org.in/Scripts/NotificationUser.aspx,2026-05-30T08:48:12.648901+00:00
2004-05-26,Off-site Surveillance System for Primary (Urban) Co-operative Banks - Annexure A,,https://www.rbi.org.in/Scripts/NotificationUser.aspx?Id=1642&Mode=0,https://www.rbi.org.in/Scripts/NotificationUser.aspx,2026-05-30T08:48:12.648901+00:00
2004-05-26,Off-site Surveillance System for Primary (Urban) Co-operative Banks,,https://www.rbi.org.in/Scripts/NotificationUser.aspx?Id=1641&Mode=0,https://www.rbi.org.in/Scripts/NotificationUser.aspx,2026-05-30T08:48:12.648901+00:00
2004-05-25,"Foreign Exchange Management (Borrowing and Lending in Rupees)(Second Amendment) Regulations, 2004",,https://www.rbi.org.in/Scripts/NotificationUser.aspx?Id=2182&Mode=0,https://www.rbi.org.in/Scripts/NotificationUser.aspx,2026-05-30T08:48:12.648901+00:00
2004-05-25,"Foreign Exchange Management Regulations, 2000 - Housing Loan in Rupees to NRIs/PIO - A.P.(DIR Series) Circular No. 93",A.P.(DIR Series) Circular No. 93,https://www.rbi.org.in/Scripts/NotificationUser.aspx?Id=1638&Mode=0,https://www.rbi.org.in/Scripts/NotificationUser.aspx,2026-05-30T08:48:12.648901+00:00
2004-05-25,Moving Towards Pure Inter-Bank Call/Notice Money Market,,https://www.rbi.org.in/Scripts/NotificationUser.aspx?Id=1637&Mode=0,https://www.rbi.org.in/Scripts/NotificationUser.aspx,2026-05-30T08:48:12.648901+00:00
2004-05-22,Accounting Procedure Relating to On-Line Tax Accounting System (OLTAS) - Clarifications,,https://www.rbi.org.in/Scripts/NotificationUser.aspx?Id=1669&Mode=0,https://www.rbi.org.in/Scripts/NotificationUser.aspx,2026-05-30T08:48:12.648901+00:00
2004-05-20,Electronic Funds Transfer (EFT) Scheme and Electronic Clearing Service (ECS) – Processing Charges,,https://www.rbi.org.in/Scripts/NotificationUser.aspx?Id=1647&Mode=0,https://www.rbi.org.in/Scripts/NotificationUser.aspx,2026-05-30T08:48:12.648901+00:00
2004-05-19,"Exim Bank's Line of Credit for USD 8 million to Republic Bank, Trinidad and Tabago - A.P.(DIR Series) Circular No.92",A.P.(DIR Series) Circular No.92,https://www.rbi.org.in/Scripts/NotificationUser.aspx?Id=1644&Mode=0,https://www.rbi.org.in/Scripts/NotificationUser.aspx,2026-05-30T08:48:12.648901+00:00
2004-05-18,Credit Flow to Agriculture - Agricultural Loans – Waiver of Margin/Security Requirements,,https://www.rbi.org.in/Scripts/NotificationUser.aspx?Id=2383&Mode=0,https://www.rbi.org.in/Scripts/NotificationUser.aspx,2026-05-30T08:48:12.648901+00:00
2004-05-18,Flow of Credit to Agriculture - Investment by Banks in Securitised Assets,,https://www.rbi.org.in/Scripts/NotificationUser.aspx?Id=2382&Mode=0,https://www.rbi.org.in/Scripts/NotificationUser.aspx,2026-05-30T08:48:12.648901+00:00
2004-05-18,Flow of Credit to Agriculture - Loans for Storage Facilities,,https://www.rbi.org.in/Scripts/NotificationUser.aspx?Id=2381&Mode=0,https://www.rbi.org.in/Scripts/NotificationUser.aspx,2026-05-30T08:48:12.648901+00:00
2004-05-18,Export Credit Interest Rates for Gold Card holder exporters,,https://www.rbi.org.in/Scripts/NotificationUser.aspx?Id=1649&Mode=0,https://www.rbi.org.in/Scripts/NotificationUser.aspx,2026-05-30T08:48:12.648901+00:00
2004-05-18,Annual Monetary and Credit Policy for the year 2004-2005,,https://www.rbi.org.in/Scripts/NotificationUser.aspx?Id=1634&Mode=0,https://www.rbi.org.in/Scripts/NotificationUser.aspx,2026-05-30T08:48:12.648901+00:00
2004-05-17,Collection of interest on SLR securities,,https://www.rbi.org.in/Scripts/NotificationUser.aspx?Id=1633&Mode=0,https://www.rbi.org.in/Scripts/NotificationUser.aspx,2026-05-30T08:48:12.648901+00:00
2004-05-14,"6.5% Savings (Non-Taxable) Bonds, 2003 & 8% Savings (Taxable) Bonds 2003 issue and servicing - Penalties for infringement of Customer’s Rights",,https://www.rbi.org.in/Scripts/NotificationUser.aspx?Id=1695&Mode=0,https://www.rbi.org.in/Scripts/NotificationUser.aspx,2026-05-30T08:48:12.648901+00:00
2004-05-14,Exim Bank's Line of Credit for USD 10 million to Banque Ouest Africaine De Developpement - A.P.(DIR Series) Circular No.91,A.P.(DIR Series) Circular No.91,https://www.rbi.org.in/Scripts/NotificationUser.aspx?Id=1635&Mode=0,https://www.rbi.org.in/Scripts/NotificationUser.aspx,2026-05-30T08:48:12.648901+00:00
2004-05-12,Interest rates on Deposits under Non-Resident (External) Rupee Accounts (NRE Accounts),,https://www.rbi.org.in/Scripts/NotificationUser.aspx?Id=1913&Mode=0,https://www.rbi.org.in/Scripts/NotificationUser.aspx,2026-05-30T08:48:12.648901+00:00
2004-05-08,Bad /doubtful loans under SJSRY – Adjustment of subsidy amount,,https://www.rbi.org.in/Scripts/NotificationUser.aspx?Id=1917&Mode=0,https://www.rbi.org.in/Scripts/NotificationUser.aspx,2026-05-30T08:48:12.648901+00:00
2004-05-08,Committee on Procedures and Performance Audit on Public Services (CPPAPS),,https://www.rbi.org.in/Scripts/NotificationUser.aspx?Id=1640&Mode=0,https://www.rbi.org.in/Scripts/NotificationUser.aspx,2026-05-30T08:48:12.648901+00:00
2004-05-03,Acquisition of Foreign Securities by Resident Individuals under ESOP Scheme - A.P. (DIR Series) Circular No.90,A.P. (DIR Series) Circular No.90,https://www.rbi.org.in/Scripts/NotificationUser.aspx?Id=1613&Mode=0,https://www.rbi.org.in/Scripts/NotificationUser.aspx,2026-05-30T08:48:12.648901+00:00
2021-08-27,"Master Directions on Prepaid Payment Instruments (PPIs) ( Updated as on December 27, 2024 )",,https://www.rbi.org.in/Scripts/NotificationUser.aspx?Id=12156&Mode=0,https://www.rbi.org.in/Scripts/NotificationUser.aspx,2026-05-30T08:48:12.956187+00:00
2021-08-27,Enhancements to Indo-Nepal Remittance Facility Scheme,,https://www.rbi.org.in/Scripts/NotificationUser.aspx?Id=12155&Mode=0,https://www.rbi.org.in/Scripts/NotificationUser.aspx,2026-05-30T08:48:12.956187+00:00
2021-08-27,Review of incentive and other measures to enhance distribution of coins,,https://www.rbi.org.in/Scripts/NotificationUser.aspx?Id=12154&Mode=0,https://www.rbi.org.in/Scripts/NotificationUser.aspx,2026-05-30T08:48:12.956187+00:00
2021-08-25,"Master Direction - Classification, Valuation and Operation of Investment Portfolio of Commercial Banks (Directions), 2021 (Updated as on December 8, 2022)",,https://www.rbi.org.in/Scripts/NotificationUser.aspx?Id=12153&Mode=0,https://www.rbi.org.in/Scripts/NotificationUser.aspx,2026-05-30T08:48:12.956187+00:00
2021-08-25,Tokenisation – Card Transactions : Extending the Scope of Permitted Devices,,https://www.rbi.org.in/Scripts/NotificationUser.aspx?Id=12152&Mode=0,https://www.rbi.org.in/Scripts/NotificationUser.aspx,2026-05-30T08:48:12.956187+00:00
2021-08-24,Formation of new district in the State of Punjab – Assignment of Lead Bank Responsibility,,https://www.rbi.org.in/Scripts/NotificationUser.aspx?Id=12150&Mode=0,https://www.rbi.org.in/Scripts/NotificationUser.aspx,2026-05-30T08:48:12.956187+00:00
2021-08-19,Exim Bank's Government of India supported Line of Credit (LoC) of USD 20.51 million to the Government of the Republic of Guinea,,https://www.rbi.org.in/Scripts/NotificationUser.aspx?Id=12149&Mode=0,https://www.rbi.org.in/Scripts/NotificationUser.aspx,2026-05-30T08:48:12.956187+00:00
2021-08-19,Exim Bank's Government of India supported Line of Credit (LoC) of USD 170 million to the Government of the Republic of Guinea,,https://www.rbi.org.in/Scripts/NotificationUser.aspx?Id=12148&Mode=0,https://www.rbi.org.in/Scripts/NotificationUser.aspx,2026-05-30T08:48:12.956187+00:00
2021-08-19,Exim Bank's Government of India supported Line of Credit (LoC) of USD 20.22 million to the Government of the Republic of Guinea,,https://www.rbi.org.in/Scripts/NotificationUser.aspx?Id=12147&Mode=0,https://www.rbi.org.in/Scripts/NotificationUser.aspx,2026-05-30T08:48:12.956187+00:00
2021-08-12,Exim Bank's Government of India supported Line of Credit (LoC) of USD 100 million to the Government of the Republic of Mauritius,,https://www.rbi.org.in/Scripts/NotificationUser.aspx?Id=12145&Mode=0,https://www.rbi.org.in/Scripts/NotificationUser.aspx,2026-05-30T08:48:12.956187+00:00
2021-08-10,Monitoring of Availability of Cash in ATMs,,https://www.rbi.org.in/Scripts/NotificationUser.aspx?Id=12144&Mode=0,https://www.rbi.org.in/Scripts/NotificationUser.aspx,2026-05-30T08:48:12.956187+00:00
2021-08-09,Enhancement of collateral free loans to Self Help Groups (SHGs) under DAY-NRLM from ₹10 lakh to ₹20 Lakh,,https://www.rbi.org.in/Scripts/NotificationUser.aspx?Id=12143&Mode=0,https://www.rbi.org.in/Scripts/NotificationUser.aspx,2026-05-30T08:48:12.956187+00:00
2021-08-09,"Section 24 of the Banking Regulation Act, 1949 – Maintenance of Statutory Liquidity Ratio (SLR) – Marginal Standing Facility (MSF) - Extension of Relaxation",,https://www.rbi.org.in/Scripts/NotificationUser.aspx?Id=12142&Mode=0,https://www.rbi.org.in/Scripts/NotificationUser.aspx,2026-05-30T08:48:12.956187+00:00
2021-08-05,Exim Bank's Government of India supported Line of Credit (LoC) of USD 30.00 million to the Government of the Republic of Sierra Leone,,https://www.rbi.org.in/Scripts/NotificationUser.aspx?Id=12138&Mode=0,https://www.rbi.org.in/Scripts/NotificationUser.aspx,2026-05-30T08:48:12.956187+00:00
2021-08-03,Framework for Outsourcing of Payment and Settlement-related Activities by Payment System Operators,,https://www.rbi.org.in/Scripts/NotificationUser.aspx?Id=12136&Mode=0,https://www.rbi.org.in/Scripts/NotificationUser.aspx,2026-05-30T08:48:12.956187+00:00
2021-08-02,Maintenance of State Government Accounts – Recovery of Interest on Excess put through/ Double claim (State Government Transactions),,https://www.rbi.org.in/Scripts/NotificationUser.aspx?Id=12135&Mode=0,https://www.rbi.org.in/Scripts/NotificationUser.aspx,2026-05-30T08:48:12.956187+00:00
2021-07-28,Access for Non-banks to Centralised Payment Systems,,https://www.rbi.org.in/Scripts/NotificationUser.aspx?Id=12133&Mode=0,https://www.rbi.org.in/Scripts/NotificationUser.aspx,2026-05-30T08:48:15.332351+00:00
2021-07-14,Cassette - Swaps in ATMs,,https://www.rbi.org.in/Scripts/NotificationUser.aspx?Id=12130&Mode=0,https://www.rbi.org.in/Scripts/NotificationUser.aspx,2026-05-30T08:48:15.332351+00:00
2021-07-08,Roadmap for LIBOR Transition,,https://www.rbi.org.in/Scripts/NotificationUser.aspx?Id=12128&Mode=0,https://www.rbi.org.in/Scripts/NotificationUser.aspx,2026-05-30T08:48:15.332351+00:00
2021-07-08,"Inclusion of “Shivalik Small Finance Bank Limited” in the Second Schedule of the Reserve Bank of India Act, 1934",,https://www.rbi.org.in/Scripts/NotificationUser.aspx?Id=12127&Mode=0,https://www.rbi.org.in/Scripts/NotificationUser.aspx,2026-05-30T08:48:15.332351+00:00
2021-07-07,"New Definition of Micro, Small and Medium Enterprises - Addition of Retail and Wholesale Trade",,https://www.rbi.org.in/Scripts/NotificationUser.aspx?Id=12126&Mode=0,https://www.rbi.org.in/Scripts/NotificationUser.aspx,2026-05-30T08:48:15.332351+00:00
2004-04-30,Lead Bank Scheme – Allotment of Districts to Lead District Officers,,https://www.rbi.org.in/Scripts/NotificationUser.aspx?Id=1916&Mode=0,https://www.rbi.org.in/Scripts/NotificationUser.aspx,2026-05-30T08:48:15.553962+00:00
2004-04-30,Information System Audit - A review of Policies and Practices,,https://www.rbi.org.in/Scripts/NotificationUser.aspx?Id=1628&Mode=0,https://www.rbi.org.in/Scripts/NotificationUser.aspx,2026-05-30T08:48:15.553962+00:00
2004-04-30,Scheme for Non-competitive Bidding Facility in the Auctions of Government Securities - Annexure,,https://www.rbi.org.in/Scripts/NotificationUser.aspx?Id=1627&Mode=0,https://www.rbi.org.in/Scripts/NotificationUser.aspx,2026-05-30T08:48:15.553962+00:00
2004-04-30,"Tender for Non-competitive Bids for “6.01 per cent Government Stock 2028” for an aggregate amount of Rs.150 crore: Auction to be held on May 6, 2004 - Annexure II (a)",,https://www.rbi.org.in/Scripts/NotificationUser.aspx?Id=1626&Mode=0,https://www.rbi.org.in/Scripts/NotificationUser.aspx,2026-05-30T08:48:15.553962+00:00
2004-04-30,"Tender for Government of India Floating Rate Bonds 2016 for an aggregate amount of Rs.6,000 crore : Auction to be held on May 6, 2004 - Annexure I",,https://www.rbi.org.in/Scripts/NotificationUser.aspx?Id=1625&Mode=0,https://www.rbi.org.in/Scripts/NotificationUser.aspx,2026-05-30T08:48:15.553962+00:00
2004-04-30,"Tender for Non-competitive Bids for “Floating Rate Bonds, 2016” for an aggregate amount of Rs.300 crore: Auction to be held on May 6, 2004 - Annexure I(a)",,https://www.rbi.org.in/Scripts/NotificationUser.aspx?Id=1624&Mode=0,https://www.rbi.org.in/Scripts/NotificationUser.aspx,2026-05-30T08:48:15.553962+00:00
2004-04-30,Auction of Government of India Dated Securities,,https://www.rbi.org.in/Scripts/NotificationUser.aspx?Id=1623&Mode=0,https://www.rbi.org.in/Scripts/NotificationUser.aspx,2026-05-30T08:48:15.553962+00:00
2004-04-30,"Auction for Sale (Re-issue ) of ‘6.01 per cent Government Stock, 2028’",,https://www.rbi.org.in/Scripts/NotificationUser.aspx?Id=1622&Mode=0,https://www.rbi.org.in/Scripts/NotificationUser.aspx,2026-05-30T08:48:15.553962+00:00
2004-04-30,Auction for Sale of Government of India Floating Rate Bonds 2016,,https://www.rbi.org.in/Scripts/NotificationUser.aspx?Id=1621&Mode=0,https://www.rbi.org.in/Scripts/NotificationUser.aspx,2026-05-30T08:48:15.553962+00:00
2004-04-30,"Tender for “6.01 percent Government Stock, 2028” for an aggregate amount of Rs.3,000 crore : Auction to be held on May 6, 2004 - Annexure II",,https://www.rbi.org.in/Scripts/NotificationUser.aspx?Id=1620&Mode=0,https://www.rbi.org.in/Scripts/NotificationUser.aspx,2026-05-30T08:48:15.553962+00:00
2004-04-30,Scheme for Non-competitive Bidding Facility in the Auctions of Government Securities - Annexure I,,https://www.rbi.org.in/Scripts/NotificationUser.aspx?Id=1619&Mode=0,https://www.rbi.org.in/Scripts/NotificationUser.aspx,2026-05-30T08:48:15.553962+00:00
2004-04-30,Standardised application form for investments in Savings Bonds along with the Duties and Rights of Customers,,https://www.rbi.org.in/Scripts/NotificationUser.aspx?Id=1618&Mode=0,https://www.rbi.org.in/Scripts/NotificationUser.aspx,2026-05-30T08:48:15.553962+00:00
2004-04-30,Guidelines on compliance with Accounting Standards (AS) by banks,,https://www.rbi.org.in/Scripts/NotificationUser.aspx?Id=1617&Mode=0,https://www.rbi.org.in/Scripts/NotificationUser.aspx,2026-05-30T08:48:15.553962+00:00
2004-04-29,"Implementation of On-line Tax Accounting System with effect from June 1, 2004",,https://www.rbi.org.in/Scripts/NotificationUser.aspx?Id=1679&Mode=0,https://www.rbi.org.in/Scripts/NotificationUser.aspx,2026-05-30T08:48:15.553962+00:00
2004-04-28,Transactions in Government Securities,,https://www.rbi.org.in/Scripts/NotificationUser.aspx?Id=1612&Mode=0,https://www.rbi.org.in/Scripts/NotificationUser.aspx,2026-05-30T08:48:15.553962+00:00
2004-04-24,Rupee Export Credit Interest Rates,,https://www.rbi.org.in/Scripts/NotificationUser.aspx?Id=1610&Mode=0,https://www.rbi.org.in/Scripts/NotificationUser.aspx,2026-05-30T08:48:15.553962+00:00
2004-04-24,"Foreign Exchange Management (Deposit) Regulations, 2000 - Acceptance of Deposits - Revised Guidelines - A.P. (DIR Series) Circular No.89",A.P. (DIR Series) Circular No.89,https://www.rbi.org.in/Scripts/NotificationUser.aspx?Id=1604&Mode=0,https://www.rbi.org.in/Scripts/NotificationUser.aspx,2026-05-30T08:48:15.553962+00:00
2004-04-23,Interest Rate Ceiling on Rupee Export Credit,,https://www.rbi.org.in/Scripts/NotificationUser.aspx?Id=1609&Mode=0,https://www.rbi.org.in/Scripts/NotificationUser.aspx,2026-05-30T08:48:15.553962+00:00
2004-04-23,Scheme for Non-competitive Bidding Facility in the Auctions of Government Securities,,https://www.rbi.org.in/Scripts/NotificationUser.aspx?Id=1599&Mode=0,https://www.rbi.org.in/Scripts/NotificationUser.aspx,2026-05-30T08:48:15.553962+00:00
2004-04-23,"Tender for “6.18 percent Government Stock, 2005” for an aggregate amount of Rs.5,000 crore under MSS : Auction to be held on April 27,2004",,https://www.rbi.org.in/Scripts/NotificationUser.aspx?Id=1598&Mode=0,https://www.rbi.org.in/Scripts/NotificationUser.aspx,2026-05-30T08:48:15.553962+00:00
2004-04-23,"Tender for “6.18 percent Government Stock, 2005” for an aggregate amount of Rs.5,000 crore under MSS : Auction to be held on April 27,2004 - Annexure 1(a)",,https://www.rbi.org.in/Scripts/NotificationUser.aspx?Id=1597&Mode=0,https://www.rbi.org.in/Scripts/NotificationUser.aspx,2026-05-30T08:48:15.553962+00:00
2004-04-23,Auction of Government of India Dated Securities under Market Stabilisation Scheme (MSS),,https://www.rbi.org.in/Scripts/NotificationUser.aspx?Id=1596&Mode=0,https://www.rbi.org.in/Scripts/NotificationUser.aspx,2026-05-30T08:48:15.553962+00:00
2004-04-23,"Auction for Sale (Re-issue) of ‘6.18 per cent Government Stock, 2005’ under Market Stabilisation Scheme",,https://www.rbi.org.in/Scripts/NotificationUser.aspx?Id=1595&Mode=0,https://www.rbi.org.in/Scripts/NotificationUser.aspx,2026-05-30T08:48:15.553962+00:00
2004-04-22,Committee on Procedures and Performances Audit on Public Services – Report No. III – Banking Operations : Deposit Accounts & Other Facilities relating to Individuals (Non-business),,https://www.rbi.org.in/Scripts/NotificationUser.aspx?Id=1611&Mode=0,https://www.rbi.org.in/Scripts/NotificationUser.aspx,2026-05-30T08:48:15.553962+00:00
2004-04-22,Deferred Payment Protocols dated 30th April 1981 and 23rd December 1985 between the Government of India and erstwhile USSR A.P.(DIR Series) Circular No. 88,A.P.(DIR Series) Circular No. 88,https://www.rbi.org.in/Scripts/NotificationUser.aspx?Id=1608&Mode=0,https://www.rbi.org.in/Scripts/NotificationUser.aspx,2026-05-30T08:48:15.553962+00:00
2004-04-22,Standardised application form for investments in Savings Bonds along with the Duties and Rights of Customers,,https://www.rbi.org.in/Scripts/NotificationUser.aspx?Id=1606&Mode=0,https://www.rbi.org.in/Scripts/NotificationUser.aspx,2026-05-30T08:48:15.553962+00:00
2004-04-21,Master Circular on Rates of Brokerage etc. for Relief / Savings Bonds,,https://www.rbi.org.in/Scripts/NotificationUser.aspx?Id=1616&Mode=0,https://www.rbi.org.in/Scripts/NotificationUser.aspx,2026-05-30T08:48:15.553962+00:00
2004-04-21,Master Circular on Appointment & delisting of Brokers for Relief / Savings Bonds,,https://www.rbi.org.in/Scripts/NotificationUser.aspx?Id=1615&Mode=0,https://www.rbi.org.in/Scripts/NotificationUser.aspx,2026-05-30T08:48:15.553962+00:00
2004-04-21,Master Circular on Nomination facilities for Relief / Savings Bond Holders,,https://www.rbi.org.in/Scripts/NotificationUser.aspx?Id=1594&Mode=0,https://www.rbi.org.in/Scripts/NotificationUser.aspx,2026-05-30T08:48:15.553962+00:00
2004-04-20,Appointment of Statutory Central Auditors of Associate Banks of SBI - Payment of fees for certifying data for the preparation of CFS of SBI Group,,https://www.rbi.org.in/Scripts/NotificationUser.aspx?Id=1663&Mode=0,https://www.rbi.org.in/Scripts/NotificationUser.aspx,2026-05-30T08:48:15.553962+00:00
2004-04-20,Appointment of statutory auditors in banks – obtention of declaration of indebtedness,,https://www.rbi.org.in/Scripts/NotificationUser.aspx?Id=1662&Mode=0,https://www.rbi.org.in/Scripts/NotificationUser.aspx,2026-05-30T08:48:15.553962+00:00
2004-04-20,"Non-Banking Financial Companies, Miscellaneous Non-Banking Companies and Residuary Non-Banking Companies - Interest rate on NRI deposits",,https://www.rbi.org.in/Scripts/NotificationUser.aspx?Id=1591&Mode=0,https://www.rbi.org.in/Scripts/NotificationUser.aspx,2026-05-30T08:48:15.553962+00:00
2004-04-19,Implementation of PMRY - Targets for achievement 2004-2005,,https://www.rbi.org.in/Scripts/NotificationUser.aspx?Id=1593&Mode=0,https://www.rbi.org.in/Scripts/NotificationUser.aspx,2026-05-30T08:48:15.553962+00:00
2004-04-19,"Repayment of 12.35 per cent Government Stock, 2004 on May 24, 2004",,https://www.rbi.org.in/Scripts/NotificationUser.aspx?Id=1590&Mode=0,https://www.rbi.org.in/Scripts/NotificationUser.aspx,2026-05-30T08:48:15.553962+00:00
2004-04-17,Relief Bonds/Saving Bonds – Payment of maturity value,,https://www.rbi.org.in/Scripts/NotificationUser.aspx?Id=1696&Mode=0,https://www.rbi.org.in/Scripts/NotificationUser.aspx,2026-05-30T08:48:15.553962+00:00
2004-04-17,Interest Rate on Deposits under Non-Resident (External) Rupee Accounts (NRE Accounts),,https://www.rbi.org.in/Scripts/NotificationUser.aspx?Id=1587&Mode=0,https://www.rbi.org.in/Scripts/NotificationUser.aspx,2026-05-30T08:48:15.553962+00:00
2004-04-17,Interest rates on Deposits under Non Resident (External) Rupee Account (NRE Accounts),,https://www.rbi.org.in/Scripts/NotificationUser.aspx?Id=1586&Mode=0,https://www.rbi.org.in/Scripts/NotificationUser.aspx,2026-05-30T08:48:15.553962+00:00
2004-04-17,Trade Credits for Imports into India – Review and Simplification - A.P.(DIR Series) Circular No. 87,A.P.(DIR Series) Circular No. 87,https://www.rbi.org.in/Scripts/NotificationUser.aspx?Id=1575&Mode=0,https://www.rbi.org.in/Scripts/NotificationUser.aspx,2026-05-30T08:48:15.553962+00:00
2004-04-17,FEMA 1999 – Current Account Transactions – Remittance for maintenance of close relatives abroad- Requests of Indian Nationals on deputation to India from Overseas Companies - A.P (DIR Series) Circular No.86,A.P (DIR Series) Circular No.86,https://www.rbi.org.in/Scripts/NotificationUser.aspx?Id=1574&Mode=0,https://www.rbi.org.in/Scripts/NotificationUser.aspx,2026-05-30T08:48:15.553962+00:00
2004-04-16,Issue and servicing of Relief / Savings Bonds - Payment of interest/ Verification of documents,,https://www.rbi.org.in/Scripts/NotificationUser.aspx?Id=1697&Mode=0,https://www.rbi.org.in/Scripts/NotificationUser.aspx,2026-05-30T08:48:15.553962+00:00
2004-04-16,Accounting Procedure for On-line Tax Accounting System (OLTAS),,https://www.rbi.org.in/Scripts/NotificationUser.aspx?Id=1678&Mode=0,https://www.rbi.org.in/Scripts/NotificationUser.aspx,2026-05-30T08:48:15.553962+00:00
2004-04-16,Master Circular ON Collection of Direct Taxes and Banker to Central Government Departments/Ministries,,https://www.rbi.org.in/Scripts/NotificationUser.aspx?Id=1605&Mode=0,https://www.rbi.org.in/Scripts/NotificationUser.aspx,2026-05-30T08:48:15.553962+00:00
2004-04-16,Master Circular on Payment of Dearness Allowance / Relief to Government Pensioners,,https://www.rbi.org.in/Scripts/NotificationUser.aspx?Id=1603&Mode=0,https://www.rbi.org.in/Scripts/NotificationUser.aspx,2026-05-30T08:48:15.553962+00:00
2004-04-16,Master Circular on Turnover Commission,,https://www.rbi.org.in/Scripts/NotificationUser.aspx?Id=1602&Mode=0,https://www.rbi.org.in/Scripts/NotificationUser.aspx,2026-05-30T08:48:15.553962+00:00
2004-04-16,Master Circular on Reserve Bank's Role as Banker to State Government,,https://www.rbi.org.in/Scripts/NotificationUser.aspx?Id=1601&Mode=0,https://www.rbi.org.in/Scripts/NotificationUser.aspx,2026-05-30T08:48:15.553962+00:00
2004-04-16,"Repayment of 12.35 per cent Government Stock, 2004 on May 24, 2004",,https://www.rbi.org.in/Scripts/NotificationUser.aspx?Id=1589&Mode=0,https://www.rbi.org.in/Scripts/NotificationUser.aspx,2026-05-30T08:48:15.553962+00:00
2004-04-16,"Repayment of 11 per cent Government Stock, 2004 on May 15, 2004",,https://www.rbi.org.in/Scripts/NotificationUser.aspx?Id=1588&Mode=0,https://www.rbi.org.in/Scripts/NotificationUser.aspx,2026-05-30T08:48:15.553962+00:00
2004-04-16,"Exim Bank's Lines of Credit of USD 10 Million each to Government of Zambia and to Bank Gospodarstwa Krajowego (National Economy Bank - BGK Bank), Poland - A.P (DIR Series) Circular No.85",A.P (DIR Series) Circular No.85,https://www.rbi.org.in/Scripts/NotificationUser.aspx?Id=1585&Mode=0,https://www.rbi.org.in/Scripts/NotificationUser.aspx,2026-05-30T08:48:15.553962+00:00
2004-04-16,"Exim Bank's Line of Credit for USD 10 million to Bank TuranAlem, Kazakhstan - A.P (DIR Series) Circular No.84",A.P (DIR Series) Circular No.84,https://www.rbi.org.in/Scripts/NotificationUser.aspx?Id=1584&Mode=0,https://www.rbi.org.in/Scripts/NotificationUser.aspx,2026-05-30T08:48:15.553962+00:00
2004-04-15,Investment in non-SLR debt securities by Primary (Urban) Co-operative Banks(UCBs),,https://www.rbi.org.in/Scripts/NotificationUser.aspx?Id=1607&Mode=0,https://www.rbi.org.in/Scripts/NotificationUser.aspx,2026-05-30T08:48:15.553962+00:00
2004-04-12,Sale of Government securities allotted in the auctions for primary issues on the same day,,https://www.rbi.org.in/Scripts/NotificationUser.aspx?Id=1580&Mode=0,https://www.rbi.org.in/Scripts/NotificationUser.aspx,2026-05-30T08:48:15.553962+00:00
2004-04-12,Exim Bank's Letter of Credit Refinancing Facility of USD 20 Million to Bank Markazi Jomhouri Islami Iran - A.P (DIR Series) Circular No.83,A.P (DIR Series) Circular No.83,https://www.rbi.org.in/Scripts/NotificationUser.aspx?Id=1579&Mode=0,https://www.rbi.org.in/Scripts/NotificationUser.aspx,2026-05-30T08:48:15.553962+00:00
2004-04-08,Detection of Forged Notes - Issue of Receipt to Tenderers,,https://www.rbi.org.in/Scripts/NotificationUser.aspx?Id=1578&Mode=0,https://www.rbi.org.in/Scripts/NotificationUser.aspx,2026-05-30T08:48:15.553962+00:00
2004-04-07,State Level Bankers Committees – Nomination of Director of SISI,,https://www.rbi.org.in/Scripts/NotificationUser.aspx?Id=1914&Mode=0,https://www.rbi.org.in/Scripts/NotificationUser.aspx,2026-05-30T08:48:15.553962+00:00
2004-04-07,Auction of Government of India Dated Securities under Market Stabilisation Scheme (MSS),,https://www.rbi.org.in/Scripts/NotificationUser.aspx?Id=1577&Mode=0,https://www.rbi.org.in/Scripts/NotificationUser.aspx,2026-05-30T08:48:15.553962+00:00
2004-04-07,Standing Liquidity Facilities for Banks for Export Credit: Rationalisation,,https://www.rbi.org.in/Scripts/NotificationUser.aspx?Id=1576&Mode=0,https://www.rbi.org.in/Scripts/NotificationUser.aspx,2026-05-30T08:48:15.553962+00:00
2004-04-07,"Auction for Sale (Re-issue ) of ‘6.18 per cent Government Stock, 2005’ under Market Stabilisation Scheme",,https://www.rbi.org.in/Scripts/NotificationUser.aspx?Id=1572&Mode=0,https://www.rbi.org.in/Scripts/NotificationUser.aspx,2026-05-30T08:48:15.553962+00:00
2004-04-07,Scheme for Non-competitive Bidding Facility in the Auctions of Government Securities,,https://www.rbi.org.in/Scripts/NotificationUser.aspx?Id=1571&Mode=0,https://www.rbi.org.in/Scripts/NotificationUser.aspx,2026-05-30T08:48:15.553962+00:00
2004-04-07,"Tender for “6.18 percent Government Stock, 2005”",,https://www.rbi.org.in/Scripts/NotificationUser.aspx?Id=1570&Mode=0,https://www.rbi.org.in/Scripts/NotificationUser.aspx,2026-05-30T08:48:15.553962+00:00
2004-04-07,Tender for Non-competitive Bids for “6.18 per cent Government Stock 2005”,,https://www.rbi.org.in/Scripts/NotificationUser.aspx?Id=1569&Mode=0,https://www.rbi.org.in/Scripts/NotificationUser.aspx,2026-05-30T08:48:15.553962+00:00
2004-04-05,Acceptance of coins,,https://www.rbi.org.in/Scripts/NotificationUser.aspx?Id=1565&Mode=0,https://www.rbi.org.in/Scripts/NotificationUser.aspx,2026-05-30T08:48:15.553962+00:00
2004-04-02,Procedure for Collection of Taxes at Bank Branches - Customer Service,,https://www.rbi.org.in/Scripts/NotificationUser.aspx?Id=1677&Mode=0,https://www.rbi.org.in/Scripts/NotificationUser.aspx,2026-05-30T08:48:15.553962+00:00
2004-04-02,"Exclusion from the Second Schedule to the Reserve Bank of India Act, 1934 - ""Bank Muscat (S.A.O.G.)""",,https://www.rbi.org.in/Scripts/NotificationUser.aspx?Id=1568&Mode=0,https://www.rbi.org.in/Scripts/NotificationUser.aspx,2026-05-30T08:48:15.553962+00:00
2004-04-02,"Tender for ""6.18 percent Government Stock, 2005""",,https://www.rbi.org.in/Scripts/NotificationUser.aspx?Id=1562&Mode=0,https://www.rbi.org.in/Scripts/NotificationUser.aspx,2026-05-30T08:48:15.553962+00:00
2004-04-02,"Tender for Non-competitive Bids for ""6.18 per cent Government Stock 2005""",,https://www.rbi.org.in/Scripts/NotificationUser.aspx?Id=1561&Mode=0,https://www.rbi.org.in/Scripts/NotificationUser.aspx,2026-05-30T08:48:15.553962+00:00
2004-04-02,Scheme for Non-competitive Bidding Facility in the Auctions of Government Securities,,https://www.rbi.org.in/Scripts/NotificationUser.aspx?Id=1560&Mode=0,https://www.rbi.org.in/Scripts/NotificationUser.aspx,2026-05-30T08:48:15.553962+00:00
2004-04-02,Auction of Government of India Dated Securities under Market Stabilisation Scheme (MSS),,https://www.rbi.org.in/Scripts/NotificationUser.aspx?Id=1559&Mode=0,https://www.rbi.org.in/Scripts/NotificationUser.aspx,2026-05-30T08:48:15.553962+00:00
2004-04-02,"Auction for Sale (Re-issue) of ‘6.18 per cent Government Stock, 2005’ under Market Stabilisation Scheme",,https://www.rbi.org.in/Scripts/NotificationUser.aspx?Id=1558&Mode=0,https://www.rbi.org.in/Scripts/NotificationUser.aspx,2026-05-30T08:48:15.553962+00:00
2004-04-01,G.S.R. No.264(E)/16.04.2004,G.S.R. No.264(E)/16.04.2004,https://www.rbi.org.in/Scripts/NotificationUser.aspx?Id=3343&Mode=0,https://www.rbi.org.in/Scripts/NotificationUser.aspx,2026-05-30T08:48:15.553962+00:00
2004-04-01,G.S.R. No.263(E)/16.04.2004,G.S.R. No.263(E)/16.04.2004,https://www.rbi.org.in/Scripts/NotificationUser.aspx?Id=3342&Mode=0,https://www.rbi.org.in/Scripts/NotificationUser.aspx,2026-05-30T08:48:15.553962+00:00
2004-04-01,G.S.R. No.262(E)/16.04.2004,G.S.R. No.262(E)/16.04.2004,https://www.rbi.org.in/Scripts/NotificationUser.aspx?Id=3341&Mode=0,https://www.rbi.org.in/Scripts/NotificationUser.aspx,2026-05-30T08:48:15.553962+00:00
2004-04-01,Introduction of On-line Tax Accounting System (OLTAS)- Branding of Rubber Stamp on copies of Challans,,https://www.rbi.org.in/Scripts/NotificationUser.aspx?Id=1676&Mode=0,https://www.rbi.org.in/Scripts/NotificationUser.aspx,2026-05-30T08:48:15.553962+00:00
2004-04-01,Maintenance of CSGL accounts,,https://www.rbi.org.in/Scripts/NotificationUser.aspx?Id=1581&Mode=0,https://www.rbi.org.in/Scripts/NotificationUser.aspx,2026-05-30T08:48:15.553962+00:00
2004-04-01,Offshore Banking Units (OBUs) in Special Economic Zones (SEZs),,https://www.rbi.org.in/Scripts/NotificationUser.aspx?Id=1557&Mode=0,https://www.rbi.org.in/Scripts/NotificationUser.aspx,2026-05-30T08:48:15.553962+00:00
2004-04-01,External Commercial Borrowings (ECB) – Clarifications - A.P (DIR Series) Circular No.82,A.P (DIR Series) Circular No.82,https://www.rbi.org.in/Scripts/NotificationUser.aspx?Id=1556&Mode=0,https://www.rbi.org.in/Scripts/NotificationUser.aspx,2026-05-30T08:48:15.553962+00:00
2021-06-25,"New Definition of Micro, Small and Medium Enterprises",,https://www.rbi.org.in/Scripts/NotificationUser.aspx?Id=12122&Mode=0,https://www.rbi.org.in/Scripts/NotificationUser.aspx,2026-05-30T08:48:18.046751+00:00
2021-06-25,"Reserve Bank of India (Call, Notice and Term Money Markets) Directions, 2021",,https://www.rbi.org.in/Scripts/NotificationUser.aspx?Id=12120&Mode=0,https://www.rbi.org.in/Scripts/NotificationUser.aspx,2026-05-30T08:48:18.046751+00:00
2021-06-25,Appointment of Managing Director (MD) / Whole-Time Director (WTD) in Primary (Urban) Co-operative Banks,,https://www.rbi.org.in/Scripts/NotificationUser.aspx?Id=12119&Mode=0,https://www.rbi.org.in/Scripts/NotificationUser.aspx,2026-05-30T08:48:18.046751+00:00
2021-06-24,Declaration of dividends by NBFCs,,https://www.rbi.org.in/Scripts/NotificationUser.aspx?Id=12118&Mode=0,https://www.rbi.org.in/Scripts/NotificationUser.aspx,2026-05-30T08:48:18.046751+00:00
2021-06-18,"Implementation of Section 51A of UAPA, 1967: Updates to UNSC’s 1267/ 1989 ISIL (Da'esh) & Al-Qaida Sanctions List: Amendment of one entry",,https://www.rbi.org.in/Scripts/NotificationUser.aspx?Id=12116&Mode=0,https://www.rbi.org.in/Scripts/NotificationUser.aspx,2026-05-30T08:48:18.046751+00:00
2021-06-17,Liberalised Remittance Scheme for Resident Individuals – Reporting,,https://www.rbi.org.in/Scripts/NotificationUser.aspx?Id=12115&Mode=0,https://www.rbi.org.in/Scripts/NotificationUser.aspx,2026-05-30T08:48:18.046751+00:00
2021-06-14,Investment in Entities from FATF Non-compliant Jurisdictions,,https://www.rbi.org.in/Scripts/NotificationUser.aspx?Id=12114&Mode=0,https://www.rbi.org.in/Scripts/NotificationUser.aspx,2026-05-30T08:48:18.046751+00:00
2021-06-14,Bharat Bill Payment System – Addition of Biller Category,,https://www.rbi.org.in/Scripts/NotificationUser.aspx?Id=12113&Mode=0,https://www.rbi.org.in/Scripts/NotificationUser.aspx,2026-05-30T08:48:18.046751+00:00
2021-06-11,Risk Based Internal Audit (RBIA),,https://www.rbi.org.in/Scripts/NotificationUser.aspx?Id=12112&Mode=0,https://www.rbi.org.in/Scripts/NotificationUser.aspx,2026-05-30T08:48:18.046751+00:00
2021-06-10,"Usage of Automated Teller Machines / Cash Recycler Machines – Review of Interchange Fee and Customer Charges ( Updated as on March 28, 2025 )",,https://www.rbi.org.in/Scripts/NotificationUser.aspx?Id=12111&Mode=0,https://www.rbi.org.in/Scripts/NotificationUser.aspx,2026-05-30T08:48:18.046751+00:00
2021-06-08,Preservation of CCTV recordings,,https://www.rbi.org.in/Scripts/NotificationUser.aspx?Id=12110&Mode=0,https://www.rbi.org.in/Scripts/NotificationUser.aspx,2026-05-30T08:48:18.046751+00:00
2021-06-07,Transactions in Government securities by Foreign Portfolio Investors: Reporting,,https://www.rbi.org.in/Scripts/NotificationUser.aspx?Id=12109&Mode=0,https://www.rbi.org.in/Scripts/NotificationUser.aspx,2026-05-30T08:48:18.046751+00:00
2021-06-04,"Master Direction – Reserve Bank of India (Certificate of Deposit) Directions, 2021",,https://www.rbi.org.in/Scripts/NotificationUser.aspx?Id=12108&Mode=0,https://www.rbi.org.in/Scripts/NotificationUser.aspx,2026-05-30T08:48:18.046751+00:00
2021-06-04,Payment of margins for transactions in Government Securities by Foreign Portfolio Investors,,https://www.rbi.org.in/Scripts/NotificationUser.aspx?Id=12106&Mode=0,https://www.rbi.org.in/Scripts/NotificationUser.aspx,2026-05-30T08:48:18.046751+00:00
2004-03-31,Introduction of OLTAS,,https://www.rbi.org.in/Scripts/NotificationUser.aspx?Id=1675&Mode=0,https://www.rbi.org.in/Scripts/NotificationUser.aspx,2026-05-30T08:48:18.295249+00:00
2004-03-31,Accounting Standard - 11 on accounting for ' The effects of changes in foreign exchange rates',,https://www.rbi.org.in/Scripts/NotificationUser.aspx?Id=1555&Mode=0,https://www.rbi.org.in/Scripts/NotificationUser.aspx,2026-05-30T08:48:18.295249+00:00
2004-03-29,"The Securitisation Companies and Reconstruction Companies Reserve Bank Guidelines and Directions, 2003",,https://www.rbi.org.in/Scripts/NotificationUser.aspx?Id=1554&Mode=0,https://www.rbi.org.in/Scripts/NotificationUser.aspx,2026-05-30T08:48:18.295249+00:00
2004-03-29,Transactions in Government Securities,,https://www.rbi.org.in/Scripts/NotificationUser.aspx?Id=1553&Mode=0,https://www.rbi.org.in/Scripts/NotificationUser.aspx,2026-05-30T08:48:18.295249+00:00
2004-03-27,Streamlining the Procedure for Issue of Income Tax Refund Orders (ITROs),,https://www.rbi.org.in/Scripts/NotificationUser.aspx?Id=1674&Mode=0,https://www.rbi.org.in/Scripts/NotificationUser.aspx,2026-05-30T08:48:18.295249+00:00
2004-03-27,Annual Closing of Accounts - Receipt of Direct Taxes - Arrangements for the Current Financial Year,,https://www.rbi.org.in/Scripts/NotificationUser.aspx?Id=1673&Mode=0,https://www.rbi.org.in/Scripts/NotificationUser.aspx,2026-05-30T08:48:18.295249+00:00
2004-03-26,Annual Closing of Accounts - Receipt of Central Taxes-Arrangements for the Current Financial Year,,https://www.rbi.org.in/Scripts/NotificationUser.aspx?Id=1672&Mode=0,https://www.rbi.org.in/Scripts/NotificationUser.aspx,2026-05-30T08:48:18.295249+00:00
2004-03-26,Assessment of performance of statutory auditors,,https://www.rbi.org.in/Scripts/NotificationUser.aspx?Id=1630&Mode=0,https://www.rbi.org.in/Scripts/NotificationUser.aspx,2026-05-30T08:48:18.295249+00:00
2004-03-26,Know Your Customer Guidelines-Compliance,,https://www.rbi.org.in/Scripts/NotificationUser.aspx?Id=1629&Mode=0,https://www.rbi.org.in/Scripts/NotificationUser.aspx,2026-05-30T08:48:18.295249+00:00
2004-03-25,Standing Liquidity Facilities for Banks for Export Credit and Primary Dealers (PDs): Rationalisation,,https://www.rbi.org.in/Scripts/NotificationUser.aspx?Id=1552&Mode=0,https://www.rbi.org.in/Scripts/NotificationUser.aspx,2026-05-30T08:48:18.295249+00:00
2004-03-25,Liquidity Adjustment Facility – Revised Scheme,,https://www.rbi.org.in/Scripts/NotificationUser.aspx?Id=1549&Mode=0,https://www.rbi.org.in/Scripts/NotificationUser.aspx,2026-05-30T08:48:18.295249+00:00
2004-03-25,"Submission of progress report under Government Sponsored Schemes - Change in Periodicity of returns under SGSY,SJSRY and SLRS",,https://www.rbi.org.in/Scripts/NotificationUser.aspx?Id=1548&Mode=0,https://www.rbi.org.in/Scripts/NotificationUser.aspx,2026-05-30T08:48:18.295249+00:00
2004-03-24,"Repayment of 9% Relief Bonds, 1999 - Press Communiqué",,https://www.rbi.org.in/Scripts/NotificationUser.aspx?Id=1567&Mode=0,https://www.rbi.org.in/Scripts/NotificationUser.aspx,2026-05-30T08:48:18.295249+00:00
2004-03-24,"Repayment of 9% Relief Bonds, 1999 - Annexure 1A",,https://www.rbi.org.in/Scripts/NotificationUser.aspx?Id=1566&Mode=0,https://www.rbi.org.in/Scripts/NotificationUser.aspx,2026-05-30T08:48:18.295249+00:00
2004-03-24,"Repayment of 9% Relief Bonds, 1999 - Annexure 1",,https://www.rbi.org.in/Scripts/NotificationUser.aspx?Id=1563&Mode=0,https://www.rbi.org.in/Scripts/NotificationUser.aspx,2026-05-30T08:48:18.295249+00:00
2004-03-24,Overseas Foreign Currency Borrowings by Authorised Dealers – Rationalisation and Monitoring - A.P (DIR Series) Circular No.81,A.P (DIR Series) Circular No.81,https://www.rbi.org.in/Scripts/NotificationUser.aspx?Id=1550&Mode=0,https://www.rbi.org.in/Scripts/NotificationUser.aspx,2026-05-30T08:48:18.295249+00:00
2004-03-24,"Repayment of 9% Relief Bonds, 1999",,https://www.rbi.org.in/Scripts/NotificationUser.aspx?Id=1522&Mode=0,https://www.rbi.org.in/Scripts/NotificationUser.aspx,2026-05-30T08:48:18.295249+00:00
2004-03-20,Concurrent Audit – Serious irregularities,,https://www.rbi.org.in/Scripts/NotificationUser.aspx?Id=1547&Mode=0,https://www.rbi.org.in/Scripts/NotificationUser.aspx,2026-05-30T08:48:18.295249+00:00
2004-03-19,Priority Sector Advances- Enhancement in SSI Investment limit for specified items,,https://www.rbi.org.in/Scripts/NotificationUser.aspx?Id=1564&Mode=0,https://www.rbi.org.in/Scripts/NotificationUser.aspx,2026-05-30T08:48:18.295249+00:00
2004-03-18,Prime Minister's Rozgar Yojana - cut-off date for Lapsing of sanctions and completion of disbursement for the programme year 2003-04,,https://www.rbi.org.in/Scripts/NotificationUser.aspx?Id=1544&Mode=0,https://www.rbi.org.in/Scripts/NotificationUser.aspx,2026-05-30T08:48:18.295249+00:00
2004-03-18,"Liberalised Remittance Scheme of USD 25,000 for Resident Individuals - A.P (DIR Series) Circular No.80",A.P (DIR Series) Circular No.80,https://www.rbi.org.in/Scripts/NotificationUser.aspx?Id=1543&Mode=0,https://www.rbi.org.in/Scripts/NotificationUser.aspx,2026-05-30T08:48:18.295249+00:00
2004-03-17,Remuneration payable to the Statutory Central and Branch Auditors of Public Sector Banks from the year 2003-04,,https://www.rbi.org.in/Scripts/NotificationUser.aspx?Id=1664&Mode=0,https://www.rbi.org.in/Scripts/NotificationUser.aspx,2026-05-30T08:48:18.295249+00:00
2004-03-16,Credit Mobilisation target under Swarnjayanti Gram Swarozgar Yojana (SGSY) during the year 2004-05,,https://www.rbi.org.in/Scripts/NotificationUser.aspx?Id=1539&Mode=0,https://www.rbi.org.in/Scripts/NotificationUser.aspx,2026-05-30T08:48:18.295249+00:00
2004-03-15,Guidelines on Implementation of Best Practices Code in Banks,,https://www.rbi.org.in/Scripts/NotificationUser.aspx?Id=1546&Mode=0,https://www.rbi.org.in/Scripts/NotificationUser.aspx,2026-05-30T08:48:18.295249+00:00
2004-03-15,Exim Bank's Line of Credit of USD 10 Million to Central Bank of Djibouti - A.P. (DIR Series) Circular No.79,A.P. (DIR Series) Circular No.79,https://www.rbi.org.in/Scripts/NotificationUser.aspx?Id=1538&Mode=0,https://www.rbi.org.in/Scripts/NotificationUser.aspx,2026-05-30T08:48:18.295249+00:00
2004-03-13,Foreign Inward Remittance Payment System (FIRPS) Instrument - A.P. (DIR Series) Circular No.78,A.P. (DIR Series) Circular No.78,https://www.rbi.org.in/Scripts/NotificationUser.aspx?Id=1541&Mode=0,https://www.rbi.org.in/Scripts/NotificationUser.aspx,2026-05-30T08:48:18.295249+00:00
2004-03-13,"Foreign Exchange Management Act, 1999 - Guidelines for Compilation of R-Returns - A.P. (DIR Series) Circular No.77",A.P. (DIR Series) Circular No.77,https://www.rbi.org.in/Scripts/NotificationUser.aspx?Id=1540&Mode=0,https://www.rbi.org.in/Scripts/NotificationUser.aspx,2026-05-30T08:48:18.295249+00:00
2004-03-11,Priority Sector Lending - Prime Minister's Rozgar Yojana (PMRY) - Master Circular,,https://www.rbi.org.in/Scripts/NotificationUser.aspx?Id=1545&Mode=0,https://www.rbi.org.in/Scripts/NotificationUser.aspx,2026-05-30T08:48:18.295249+00:00
2004-03-09,Introduction of ECS (Credit) for Refunds of Income Tax,,https://www.rbi.org.in/Scripts/NotificationUser.aspx?Id=1533&Mode=0,https://www.rbi.org.in/Scripts/NotificationUser.aspx,2026-05-30T08:48:18.295249+00:00
2004-03-08,Prudential guidelines on investment in non-government securities,,https://www.rbi.org.in/Scripts/NotificationUser.aspx?Id=1534&Mode=0,https://www.rbi.org.in/Scripts/NotificationUser.aspx,2026-05-30T08:48:18.295249+00:00
2004-03-06,Foreign Exchange Management (Borrowing or Lending in Foreign Exchange) (Amendment) Regulations 2004,,https://www.rbi.org.in/Scripts/NotificationUser.aspx?Id=2607&Mode=0,https://www.rbi.org.in/Scripts/NotificationUser.aspx,2026-05-30T08:48:18.295249+00:00
2004-03-06,"Foreign Exchange Management (Foreign Currency Accounts by a person Resident in India) (Amendment) Regulations, 2004",,https://www.rbi.org.in/Scripts/NotificationUser.aspx?Id=1718&Mode=0,https://www.rbi.org.in/Scripts/NotificationUser.aspx,2026-05-30T08:48:18.295249+00:00
2004-03-05,G.S.R. No.186(E)/11.03.2004,G.S.R. No.186(E)/11.03.2004,https://www.rbi.org.in/Scripts/NotificationUser.aspx?Id=3344&Mode=0,https://www.rbi.org.in/Scripts/NotificationUser.aspx,2026-05-30T08:48:18.295249+00:00
2004-03-05,Creation of new district in Tamil Nadu – Assignment of Lead Bank responsibility,,https://www.rbi.org.in/Scripts/NotificationUser.aspx?Id=1918&Mode=0,https://www.rbi.org.in/Scripts/NotificationUser.aspx,2026-05-30T08:48:18.295249+00:00
2004-03-05,Master Circular on Prime Minister’s Rozgar Yojana,,https://www.rbi.org.in/Scripts/NotificationUser.aspx?Id=1526&Mode=0,https://www.rbi.org.in/Scripts/NotificationUser.aspx,2026-05-30T08:48:18.295249+00:00
2004-03-03,Standing Committee Meeting to Review the Handling of Government Transactions by Banks Accredited to Civil Ministries/Departments – Para 2.4,,https://www.rbi.org.in/Scripts/NotificationUser.aspx?Id=1671&Mode=0,https://www.rbi.org.in/Scripts/NotificationUser.aspx,2026-05-30T08:48:18.295249+00:00
2021-05-31,Investment by Foreign Portfolio Investors (FPI) in Government Securities: Medium Term Framework (MTF),,https://www.rbi.org.in/Scripts/NotificationUser.aspx?Id=12102&Mode=0,https://www.rbi.org.in/Scripts/NotificationUser.aspx,2026-05-30T08:48:20.788785+00:00
2021-05-27,Formation of new district in the State of Karnataka - Assignment of Lead Bank Responsibility,,https://www.rbi.org.in/Scripts/NotificationUser.aspx?Id=12101&Mode=0,https://www.rbi.org.in/Scripts/NotificationUser.aspx,2026-05-30T08:48:20.788785+00:00
2021-05-19,Prepaid Payment Instruments (PPIs) – (i) Mandating Interoperability; (ii) Increasing the Limit to ₹2 lakh for Full-KYC PPIs; and (iii) Permitting Cash Withdrawal from Full-KYC PPIs of Non-Bank PPI Issuers,,https://www.rbi.org.in/Scripts/NotificationUser.aspx?Id=12094&Mode=0,https://www.rbi.org.in/Scripts/NotificationUser.aspx,2026-05-30T08:48:20.788785+00:00
2021-05-14,Sovereign Gold Bond Scheme (SGB) 2021-22- Series I/II/III/IV/V/VI,Sovereign,https://www.rbi.org.in/Scripts/NotificationUser.aspx?Id=12093&Mode=0,https://www.rbi.org.in/Scripts/NotificationUser.aspx,2026-05-30T08:48:20.788785+00:00
2021-05-12,"Sponsor Contribution to an AIF set up in Overseas Jurisdiction, including IFSCs",,https://www.rbi.org.in/Scripts/NotificationUser.aspx?Id=12092&Mode=0,https://www.rbi.org.in/Scripts/NotificationUser.aspx,2026-05-30T08:48:20.788785+00:00
2021-05-10,Government Agency Business Arrangement – Appointment of Scheduled Private Sector Banks as Agency Banks of Reserve Bank of India (RBI),,https://www.rbi.org.in/Scripts/NotificationUser.aspx?Id=12090&Mode=0,https://www.rbi.org.in/Scripts/NotificationUser.aspx,2026-05-30T08:48:20.788785+00:00
2021-05-06,Exim Bank's Government of India supported Line of Credit (LoC) of USD 7.35 million to the Government of the Republic of Nicaragua,,https://www.rbi.org.in/Scripts/NotificationUser.aspx?Id=12088&Mode=0,https://www.rbi.org.in/Scripts/NotificationUser.aspx,2026-05-30T08:48:20.788785+00:00
2021-05-06,"Exclusion of “Lakshmi Vilas Bank Ltd” from the Second Schedule to the Reserve Bank of India Act, 1934",,https://www.rbi.org.in/Scripts/NotificationUser.aspx?Id=12087&Mode=0,https://www.rbi.org.in/Scripts/NotificationUser.aspx,2026-05-30T08:48:20.788785+00:00
2021-05-05,Credit to MSME Entrepreneurs,,https://www.rbi.org.in/Scripts/NotificationUser.aspx?Id=12084&Mode=0,https://www.rbi.org.in/Scripts/NotificationUser.aspx,2026-05-30T08:48:20.788785+00:00
2021-05-05,Priority Sector Lending (PSL) - On-lending by Small Finance Banks (SFBs) to NBFC-MFIs,,https://www.rbi.org.in/Scripts/NotificationUser.aspx?Id=12081&Mode=0,https://www.rbi.org.in/Scripts/NotificationUser.aspx,2026-05-30T08:48:20.788785+00:00
2004-02-28,Streamlining the Procedure for Issue of Income Tax Refund Orders (ITROs),,https://www.rbi.org.in/Scripts/NotificationUser.aspx?Id=1670&Mode=0,https://www.rbi.org.in/Scripts/NotificationUser.aspx,2026-05-30T08:48:20.954664+00:00
2004-02-27,Placement of deposits by Non-scheduled UCBs with strong Scheduled UCBs,,https://www.rbi.org.in/Scripts/NotificationUser.aspx?Id=1528&Mode=0,https://www.rbi.org.in/Scripts/NotificationUser.aspx,2026-05-30T08:48:20.954664+00:00
2004-02-25,"Repayment of 12.50 per cent Government Stock, 2004 on March 23, 2004",,https://www.rbi.org.in/Scripts/NotificationUser.aspx?Id=1525&Mode=0,https://www.rbi.org.in/Scripts/NotificationUser.aspx,2026-05-30T08:48:20.954664+00:00
2004-02-25,"Repayment of 11.57 per cent Government Stock, 2004 on March 25,2004",,https://www.rbi.org.in/Scripts/NotificationUser.aspx?Id=1524&Mode=0,https://www.rbi.org.in/Scripts/NotificationUser.aspx,2026-05-30T08:48:20.954664+00:00
2004-02-25,Achievement of the allocated target - Under the PMRY Scheme - Programme Year 2003-2004,,https://www.rbi.org.in/Scripts/NotificationUser.aspx?Id=1523&Mode=0,https://www.rbi.org.in/Scripts/NotificationUser.aspx,2026-05-30T08:48:20.954664+00:00
2004-02-24,"Foreign Exchange Management Act (FEMA), 1999 – Current Account Transactions – Liberalisation - A.P (DIR Series) Circular No.76",A.P (DIR Series) Circular No.76,https://www.rbi.org.in/Scripts/NotificationUser.aspx?Id=1509&Mode=0,https://www.rbi.org.in/Scripts/NotificationUser.aspx,2026-05-30T08:48:20.954664+00:00
2004-02-23,Guidelines on investments by SCBs and DCCBs in Non-SLR Debt Securities - Circular (B) - Annexure,,https://www.rbi.org.in/Scripts/NotificationUser.aspx?Id=1521&Mode=0,https://www.rbi.org.in/Scripts/NotificationUser.aspx,2026-05-30T08:48:20.954664+00:00
2004-02-23,Guidelines on investments by SCBs and DCCBs in Non-SLR Debt Securities - Circular (A) - Annexure,,https://www.rbi.org.in/Scripts/NotificationUser.aspx?Id=1520&Mode=0,https://www.rbi.org.in/Scripts/NotificationUser.aspx,2026-05-30T08:48:20.954664+00:00
2004-02-23,External Commercial Borrowings (ECB) for Overseas Direct Investment/Mergers and Acquisitions - A.P (DIR Series) Circular No.75,A.P (DIR Series) Circular No.75,https://www.rbi.org.in/Scripts/NotificationUser.aspx?Id=1517&Mode=0,https://www.rbi.org.in/Scripts/NotificationUser.aspx,2026-05-30T08:48:20.954664+00:00
2004-02-23,Text of Advertisement - Auction for sale (re-issue) of Government of India Stock (Securities),,https://www.rbi.org.in/Scripts/NotificationUser.aspx?Id=1516&Mode=0,https://www.rbi.org.in/Scripts/NotificationUser.aspx,2026-05-30T08:48:20.954664+00:00
2004-02-23,Scheme for Non-competitive Bidding Facility in the Auctions of Government Securities,,https://www.rbi.org.in/Scripts/NotificationUser.aspx?Id=1515&Mode=0,https://www.rbi.org.in/Scripts/NotificationUser.aspx,2026-05-30T08:48:20.954664+00:00
2004-02-23,Auction of Government of India Dated Securities,,https://www.rbi.org.in/Scripts/NotificationUser.aspx?Id=1514&Mode=0,https://www.rbi.org.in/Scripts/NotificationUser.aspx,2026-05-30T08:48:20.954664+00:00
2004-02-23,"Auction for Sale (Re-issue ) of ‘5.64 per cent Government Stock, 2019’",,https://www.rbi.org.in/Scripts/NotificationUser.aspx?Id=1513&Mode=0,https://www.rbi.org.in/Scripts/NotificationUser.aspx,2026-05-30T08:48:20.954664+00:00
2004-02-23,"Application - ""5.64 percent Government Stock, 2019"" - Non Competitive",,https://www.rbi.org.in/Scripts/NotificationUser.aspx?Id=1512&Mode=0,https://www.rbi.org.in/Scripts/NotificationUser.aspx,2026-05-30T08:48:20.954664+00:00
2004-02-23,"Application - ""5.64 percent Government Stock, 2019"" Competitive",,https://www.rbi.org.in/Scripts/NotificationUser.aspx?Id=1511&Mode=0,https://www.rbi.org.in/Scripts/NotificationUser.aspx,2026-05-30T08:48:20.954664+00:00
2004-02-23,Opening of Currency Chests by public sector banks - Time limit for in-principle and final approvals,,https://www.rbi.org.in/Scripts/NotificationUser.aspx?Id=1510&Mode=0,https://www.rbi.org.in/Scripts/NotificationUser.aspx,2026-05-30T08:48:20.954664+00:00
2004-02-20,FEMA 1999 - Grant of Loans by Indian Companies to the Employees of their Branches Outside India - A.P (DIR Series) Circular No.74,A.P (DIR Series) Circular No.74,https://www.rbi.org.in/Scripts/NotificationUser.aspx?Id=1507&Mode=0,https://www.rbi.org.in/Scripts/NotificationUser.aspx,2026-05-30T08:48:20.954664+00:00
2004-02-20,Export of Goods by way of Gifts - Liberalisation - A.P (DIR Series) Circular No.73,A.P (DIR Series) Circular No.73,https://www.rbi.org.in/Scripts/NotificationUser.aspx?Id=1505&Mode=0,https://www.rbi.org.in/Scripts/NotificationUser.aspx,2026-05-30T08:48:20.954664+00:00
2004-02-20,"Foreign Exchange Management Act, 1999 - Import of Goods into India – Evidence of Import - A.P (DIR Series) Circular No.72",A.P (DIR Series) Circular No.72,https://www.rbi.org.in/Scripts/NotificationUser.aspx?Id=1504&Mode=0,https://www.rbi.org.in/Scripts/NotificationUser.aspx,2026-05-30T08:48:20.954664+00:00
2004-02-20,Export of Goods to Russia against Repayment of State Credits in Rupees – Payment of Agency Commission - A.P (DIR Series) Circular No.71,A.P (DIR Series) Circular No.71,https://www.rbi.org.in/Scripts/NotificationUser.aspx?Id=1503&Mode=0,https://www.rbi.org.in/Scripts/NotificationUser.aspx,2026-05-30T08:48:20.954664+00:00
2004-02-20,"Exim Bank's Line of Credit of USD 10 million to ABSA Bank Ltd., South Africa - A.P (DIR Series) Circular No.70",A.P (DIR Series) Circular No.70,https://www.rbi.org.in/Scripts/NotificationUser.aspx?Id=1502&Mode=0,https://www.rbi.org.in/Scripts/NotificationUser.aspx,2026-05-30T08:48:20.954664+00:00
2004-02-16,Targets for achievement under the PMRY for the year 2003-2004 - reduction in the target - Himachal Pradesh,,https://www.rbi.org.in/Scripts/NotificationUser.aspx?Id=1491&Mode=0,https://www.rbi.org.in/Scripts/NotificationUser.aspx,2026-05-30T08:48:20.954664+00:00
2004-02-14,Off-site Surveillance System for Primary (Urban) Co-operative Banks - Annexure II,,https://www.rbi.org.in/Scripts/NotificationUser.aspx?Id=1497&Mode=0,https://www.rbi.org.in/Scripts/NotificationUser.aspx,2026-05-30T08:48:20.954664+00:00
2004-02-14,Off-site Surveillance System for Primary (Urban) Co-operative Banks - Annexure I,,https://www.rbi.org.in/Scripts/NotificationUser.aspx?Id=1496&Mode=0,https://www.rbi.org.in/Scripts/NotificationUser.aspx,2026-05-30T08:48:20.954664+00:00
2004-02-14,Off-site Surveillance System for Primary (Urban) Co-operative Banks,,https://www.rbi.org.in/Scripts/NotificationUser.aspx?Id=1495&Mode=0,https://www.rbi.org.in/Scripts/NotificationUser.aspx,2026-05-30T08:48:20.954664+00:00
2004-02-13,Amendment to Uniform Regulations and Rules for Bankers' Clearing Houses (URRBCH) – Addition of a new Regulation No.25,,https://www.rbi.org.in/Scripts/NotificationUser.aspx?Id=1691&Mode=0,https://www.rbi.org.in/Scripts/NotificationUser.aspx,2026-05-30T08:48:20.954664+00:00
2004-02-13,Scheme for Collection of Dues,,https://www.rbi.org.in/Scripts/NotificationUser.aspx?Id=1668&Mode=0,https://www.rbi.org.in/Scripts/NotificationUser.aspx,2026-05-30T08:48:20.954664+00:00
2004-02-13,"Interest Rates on Rupee Deposits held in Domestic, Ordinary Non-Resident (NRO) & Non-Resident (External) (NRE) Accounts",,https://www.rbi.org.in/Scripts/NotificationUser.aspx?Id=1499&Mode=0,https://www.rbi.org.in/Scripts/NotificationUser.aspx,2026-05-30T08:48:20.954664+00:00
2004-02-13,"Interest Rates on Rupee Deposits held in Domestic, Ordinary Non-Resident (NRO) & Non-Resident (External) (NRE) Accounts",,https://www.rbi.org.in/Scripts/NotificationUser.aspx?Id=1498&Mode=0,https://www.rbi.org.in/Scripts/NotificationUser.aspx,2026-05-30T08:48:20.954664+00:00
2004-02-12,"FEMA, 1999 - Grant of Rupee loan to NRIs - Liberalisation - A.P (DIR Series) Circular No.69",A.P (DIR Series) Circular No.69,https://www.rbi.org.in/Scripts/NotificationUser.aspx?Id=1484&Mode=0,https://www.rbi.org.in/Scripts/NotificationUser.aspx,2026-05-30T08:48:20.954664+00:00
2004-02-11,Maintenance of CSGL accounts,,https://www.rbi.org.in/Scripts/NotificationUser.aspx?Id=1486&Mode=0,https://www.rbi.org.in/Scripts/NotificationUser.aspx,2026-05-30T08:48:20.954664+00:00
2004-02-11,Export of Goods and Services – Liberalisation - A.P (DIR Series) Circular No.68,A.P (DIR Series) Circular No.68,https://www.rbi.org.in/Scripts/NotificationUser.aspx?Id=1482&Mode=0,https://www.rbi.org.in/Scripts/NotificationUser.aspx,2026-05-30T08:48:20.954664+00:00
2004-02-10,Bank Credit for Public Procurement of Foodgrains – Rabi 2004 Season,,https://www.rbi.org.in/Scripts/NotificationUser.aspx?Id=1483&Mode=0,https://www.rbi.org.in/Scripts/NotificationUser.aspx,2026-05-30T08:48:20.954664+00:00
2004-02-10,Entry of NBFCs into Insurance Business,,https://www.rbi.org.in/Scripts/NotificationUser.aspx?Id=1481&Mode=0,https://www.rbi.org.in/Scripts/NotificationUser.aspx,2026-05-30T08:48:20.954664+00:00
2004-02-06,G.S.R. No.121(E)/17.02.2004,G.S.R. No.121(E)/17.02.2004,https://www.rbi.org.in/Scripts/NotificationUser.aspx?Id=3340&Mode=0,https://www.rbi.org.in/Scripts/NotificationUser.aspx,2026-05-30T08:48:20.954664+00:00
2004-02-06,G.S.R. No.120(E)/17.02.2004,G.S.R. No.120(E)/17.02.2004,https://www.rbi.org.in/Scripts/NotificationUser.aspx?Id=3336&Mode=0,https://www.rbi.org.in/Scripts/NotificationUser.aspx,2026-05-30T08:48:20.954664+00:00
2004-02-06,G.S.R. No.119(E)/17.02.2004,G.S.R. No.119(E)/17.02.2004,https://www.rbi.org.in/Scripts/NotificationUser.aspx?Id=3335&Mode=0,https://www.rbi.org.in/Scripts/NotificationUser.aspx,2026-05-30T08:48:20.954664+00:00
2004-02-06,Clarification regarding Automatic Route for Residual Activities under Foreign Direct Investment (FDI)A.P.(DIR Series) Circular No.67,A.P.(DIR Series) Circular No.67,https://www.rbi.org.in/Scripts/NotificationUser.aspx?Id=1479&Mode=0,https://www.rbi.org.in/Scripts/NotificationUser.aspx,2026-05-30T08:48:20.954664+00:00
2004-02-06,Imports into India – Direct Receipt of Import Bills/Documents - Liberalisation A.P.(DIR Series) Circular No.66,A.P.(DIR Series) Circular No.66,https://www.rbi.org.in/Scripts/NotificationUser.aspx?Id=1478&Mode=0,https://www.rbi.org.in/Scripts/NotificationUser.aspx,2026-05-30T08:48:20.954664+00:00
2004-02-05,"Foreign Exchange Management (Permissible Capital Account Transactions) (Amendment) Regulations, 2004",,https://www.rbi.org.in/Scripts/NotificationUser.aspx?Id=1717&Mode=0,https://www.rbi.org.in/Scripts/NotificationUser.aspx,2026-05-30T08:48:20.954664+00:00
2004-02-05,"Exclusion from the Second Schedule to the Reserve Bank of India Act, 1934 - “The Oversea – Chinese Banking Corporation Limited.”",,https://www.rbi.org.in/Scripts/NotificationUser.aspx?Id=1480&Mode=0,https://www.rbi.org.in/Scripts/NotificationUser.aspx,2026-05-30T08:48:20.954664+00:00
2004-02-05,Revised guidelines for compromise settlement of chronic Non-Performing Assets (NPAs) of public sector banks upto Rs 10 crore,,https://www.rbi.org.in/Scripts/NotificationUser.aspx?Id=1477&Mode=0,https://www.rbi.org.in/Scripts/NotificationUser.aspx,2026-05-30T08:48:20.954664+00:00
2004-02-05,"Foreign Exchange Management Act, 1999 - A.P (DIR Series) Circular No.65",A.P (DIR Series) Circular No.65,https://www.rbi.org.in/Scripts/NotificationUser.aspx?Id=1476&Mode=0,https://www.rbi.org.in/Scripts/NotificationUser.aspx,2026-05-30T08:48:20.954664+00:00
2004-02-05,Advisory committee on flow of credit to agriculture & related activities from the banking system,,https://www.rbi.org.in/Scripts/NotificationUser.aspx?Id=1468&Mode=0,https://www.rbi.org.in/Scripts/NotificationUser.aspx,2026-05-30T08:48:20.954664+00:00
2004-02-04,"Liberalised Remittance Scheme of USD 25,000 for Resident Individuals - A.P (DIR Series) Circular No.64",A.P (DIR Series) Circular No.64,https://www.rbi.org.in/Scripts/NotificationUser.aspx?Id=1466&Mode=0,https://www.rbi.org.in/Scripts/NotificationUser.aspx,2026-05-30T08:48:20.954664+00:00
2004-02-03,Guidelines for acknowledgement of transfer/allotment of shares in private sector banks,,https://www.rbi.org.in/Scripts/NotificationUser.aspx?Id=1465&Mode=0,https://www.rbi.org.in/Scripts/NotificationUser.aspx,2026-05-30T08:48:20.954664+00:00
2004-02-03,Investment by International Financial Institutions in Govt. Securities - A.P (DIR Series) Circular No.63,A.P (DIR Series) Circular No.63,https://www.rbi.org.in/Scripts/NotificationUser.aspx?Id=1464&Mode=0,https://www.rbi.org.in/Scripts/NotificationUser.aspx,2026-05-30T08:48:20.954664+00:00
2021-04-29,Exim Bank's Government of India supported Line of Credit (LoC) of USD 250 million to the Government of the Republic of Mozambique,,https://www.rbi.org.in/Scripts/NotificationUser.aspx?Id=12080&Mode=0,https://www.rbi.org.in/Scripts/NotificationUser.aspx,2026-05-30T08:48:23.625190+00:00
2021-04-27,"Guidelines for Appointment of Statutory Central Auditors (SCAs)/Statutory Auditors (SAs) of Commercial Banks (excluding RRBs), UCBs and NBFCs (including HFCs)",,https://www.rbi.org.in/Scripts/NotificationUser.aspx?Id=12079&Mode=0,https://www.rbi.org.in/Scripts/NotificationUser.aspx,2026-05-30T08:48:23.625190+00:00
2021-04-20,Formation of new district in the State of Tamil Nadu – Assignment of Lead Bank Responsibility,,https://www.rbi.org.in/Scripts/NotificationUser.aspx?Id=12076&Mode=0,https://www.rbi.org.in/Scripts/NotificationUser.aspx,2026-05-30T08:48:23.625190+00:00
2021-04-08,"Implementation of Section 51A of UAPA, 1967 and Security Council Resolution: Updates to UNSC’s 1267/ 1989 ISIL (Da'esh) & Al-Qaida Sanctions List & Democratic People’s Republic of Korea (DPRK)Order, 2017",,https://www.rbi.org.in/Scripts/NotificationUser.aspx?Id=12073&Mode=0,https://www.rbi.org.in/Scripts/NotificationUser.aspx,2026-05-30T08:48:23.625190+00:00
2021-04-07,Reporting and Accounting of Central Government transactions of March 2021 – Change of date of closure,,https://www.rbi.org.in/Scripts/NotificationUser.aspx?Id=12072&Mode=0,https://www.rbi.org.in/Scripts/NotificationUser.aspx,2026-05-30T08:48:23.625190+00:00
2021-04-07,External Commercial Borrowings (ECB) Policy – Relaxation in the period of parking of unutilised ECB proceeds in term deposits,,https://www.rbi.org.in/Scripts/NotificationUser.aspx?Id=12070&Mode=0,https://www.rbi.org.in/Scripts/NotificationUser.aspx,2026-05-30T08:48:23.625190+00:00
2021-04-07,Priority Sector Lending (PSL) - Lending by banks to NBFCs for On-Lending,,https://www.rbi.org.in/Scripts/NotificationUser.aspx?Id=12069&Mode=0,https://www.rbi.org.in/Scripts/NotificationUser.aspx,2026-05-30T08:48:23.625190+00:00
2021-04-07,Priority Sector Lending (PSL) – Increase in limits for bank lending against Negotiable Warehouse Receipts (NWRs) / electronic Negotiable Warehouse Receipts (eNWRs),,https://www.rbi.org.in/Scripts/NotificationUser.aspx?Id=12068&Mode=0,https://www.rbi.org.in/Scripts/NotificationUser.aspx,2026-05-30T08:48:23.625190+00:00
2021-04-05,Deendayal Antyodaya Yojana – National Urban Livelihoods Mission (DAY-NULM),,https://www.rbi.org.in/Scripts/NotificationUser.aspx?Id=12066&Mode=0,https://www.rbi.org.in/Scripts/NotificationUser.aspx,2026-05-30T08:48:23.625190+00:00
2021-04-05,Master Circular - Credit facilities to Scheduled Castes (SCs) & Scheduled Tribes (STs),,https://www.rbi.org.in/Scripts/NotificationUser.aspx?Id=12065&Mode=0,https://www.rbi.org.in/Scripts/NotificationUser.aspx,2026-05-30T08:48:23.625190+00:00
2021-04-01,Master Circular – Lead Bank Scheme,,https://www.rbi.org.in/Scripts/NotificationUser.aspx?Id=12064&Mode=0,https://www.rbi.org.in/Scripts/NotificationUser.aspx,2026-05-30T08:48:23.625190+00:00
2021-04-01,Master Circular on SHG-Bank Linkage Programme,,https://www.rbi.org.in/Scripts/NotificationUser.aspx?Id=12063&Mode=0,https://www.rbi.org.in/Scripts/NotificationUser.aspx,2026-05-30T08:48:23.625190+00:00
2021-04-01,Master Circular – Deendayal Antyodaya Yojana - National Rural Livelihoods Mission (DAY-NRLM),,https://www.rbi.org.in/Scripts/NotificationUser.aspx?Id=12062&Mode=0,https://www.rbi.org.in/Scripts/NotificationUser.aspx,2026-05-30T08:48:23.625190+00:00
2021-04-01,"Master Direction - Reserve Bank of India (Call, Notice and Term Money Markets) Directions, 2021 (Updated as on June 08, 2023)",,https://www.rbi.org.in/Scripts/NotificationUser.aspx?Id=12061&Mode=0,https://www.rbi.org.in/Scripts/NotificationUser.aspx,2026-05-30T08:48:23.625190+00:00
2021-04-01,"Master Circular - Disbursement of Government Pension by Agency Banks (Updated as on May 17, 2021)",,https://www.rbi.org.in/Scripts/NotificationUser.aspx?Id=12059&Mode=0,https://www.rbi.org.in/Scripts/NotificationUser.aspx,2026-05-30T08:48:23.625190+00:00
2021-04-01,Master Circular on Conduct of Government Business by Agency Banks - Payment of Agency Commission,,https://www.rbi.org.in/Scripts/NotificationUser.aspx?Id=12058&Mode=0,https://www.rbi.org.in/Scripts/NotificationUser.aspx,2026-05-30T08:48:23.625190+00:00
2021-04-01,Master Circular - Credit Facilities to Minority Communities,,https://www.rbi.org.in/Scripts/NotificationUser.aspx?Id=12057&Mode=0,https://www.rbi.org.in/Scripts/NotificationUser.aspx,2026-05-30T08:48:23.625190+00:00
2021-04-01,Master Direction on Levy of Penal Interest for Delayed Reporting / Wrong Reporting / Non-Reporting of Currency Chest Transactions and Inclusion of Ineligible Amounts in Currency Chest Balances,,https://www.rbi.org.in/Scripts/NotificationUser.aspx?Id=12056&Mode=0,https://www.rbi.org.in/Scripts/NotificationUser.aspx,2026-05-30T08:48:23.625190+00:00
2021-04-01,Master Direction on “Currency Distribution & Exchange Scheme (CDES)” for bank branches including currency chests based on performance in rendering customer service to members of public,,https://www.rbi.org.in/Scripts/NotificationUser.aspx?Id=12055&Mode=0,https://www.rbi.org.in/Scripts/NotificationUser.aspx,2026-05-30T08:48:23.625190+00:00
2021-04-01,Master Circular – Scheme of Penalties for bank branches including Currency Chests based on performance in rendering customer service to the members of public,,https://www.rbi.org.in/Scripts/NotificationUser.aspx?Id=12054&Mode=0,https://www.rbi.org.in/Scripts/NotificationUser.aspx,2026-05-30T08:48:23.625190+00:00
2021-04-01,Master Circular – Detection and Impounding of Counterfeit Notes,,https://www.rbi.org.in/Scripts/NotificationUser.aspx?Id=12053&Mode=0,https://www.rbi.org.in/Scripts/NotificationUser.aspx,2026-05-30T08:48:23.625190+00:00
2021-04-01,Master Circular – Facility for Exchange of Notes and Coins,,https://www.rbi.org.in/Scripts/NotificationUser.aspx?Id=12052&Mode=0,https://www.rbi.org.in/Scripts/NotificationUser.aspx,2026-05-30T08:48:23.625190+00:00
2004-01-31,Exemption from Declaration of Export of Goods and Software - A.P (DIR Series) Circular No.61,A.P (DIR Series) Circular No.61,https://www.rbi.org.in/Scripts/NotificationUser.aspx?Id=1462&Mode=0,https://www.rbi.org.in/Scripts/NotificationUser.aspx,2026-05-30T08:48:23.789764+00:00
2004-01-31,Liberalised remittances facilities to NRIs/PIO and Foreign Nationals - A.P (DIR Series) Circular No.62,A.P (DIR Series) Circular No.62,https://www.rbi.org.in/Scripts/NotificationUser.aspx?Id=1461&Mode=0,https://www.rbi.org.in/Scripts/NotificationUser.aspx,2026-05-30T08:48:23.789764+00:00
2004-01-31,External Commercial Borrowings (ECB) Annex-III,,https://www.rbi.org.in/Scripts/NotificationUser.aspx?Id=1460&Mode=0,https://www.rbi.org.in/Scripts/NotificationUser.aspx,2026-05-30T08:48:23.789764+00:00
2004-01-31,External Commercial Borrowings (ECB) Annex-II,,https://www.rbi.org.in/Scripts/NotificationUser.aspx?Id=1459&Mode=0,https://www.rbi.org.in/Scripts/NotificationUser.aspx,2026-05-30T08:48:23.789764+00:00
2004-01-31,External Commercial Borrowings (ECB) Annex-I,,https://www.rbi.org.in/Scripts/NotificationUser.aspx?Id=1458&Mode=0,https://www.rbi.org.in/Scripts/NotificationUser.aspx,2026-05-30T08:48:23.789764+00:00
2004-01-31,External Commercial Borrowings (ECB),,https://www.rbi.org.in/Scripts/NotificationUser.aspx?Id=1457&Mode=0,https://www.rbi.org.in/Scripts/NotificationUser.aspx,2026-05-30T08:48:23.789764+00:00
2004-01-29,Provision of note counting machines in the counters,,https://www.rbi.org.in/Scripts/NotificationUser.aspx?Id=1493&Mode=0,https://www.rbi.org.in/Scripts/NotificationUser.aspx,2026-05-30T08:48:23.789764+00:00
2004-01-29,Rationalisation of returns submitted by the Primary Dealers,,https://www.rbi.org.in/Scripts/NotificationUser.aspx?Id=1455&Mode=0,https://www.rbi.org.in/Scripts/NotificationUser.aspx,2026-05-30T08:48:23.789764+00:00
2004-01-28,"Disbursement of wages to Civilian Industrial/Non-Industrial employees of all AOCs’ (North Command- Jammu, Central Command- Lucknow, Eastern Command- Kolkata, Western Command- Chandigarh and Southern Command- Pune) on 31st January 2004 instead of Ist week",Southern,https://www.rbi.org.in/Scripts/NotificationUser.aspx?Id=1667&Mode=0,https://www.rbi.org.in/Scripts/NotificationUser.aspx,2026-05-30T08:48:23.789764+00:00
2004-01-24,Withdrawal of old Cupro Nickel and Aluminum Coins,,https://www.rbi.org.in/Scripts/NotificationUser.aspx?Id=1492&Mode=0,https://www.rbi.org.in/Scripts/NotificationUser.aspx,2026-05-30T08:48:23.789764+00:00
2004-01-22,Bidding Commitment of PDs – Non Competitive Bids,,https://www.rbi.org.in/Scripts/NotificationUser.aspx?Id=1454&Mode=0,https://www.rbi.org.in/Scripts/NotificationUser.aspx,2026-05-30T08:48:23.789764+00:00
2004-01-19,"Providing facilities to public for exchange of notes, coins, etc.",,https://www.rbi.org.in/Scripts/NotificationUser.aspx?Id=1453&Mode=0,https://www.rbi.org.in/Scripts/NotificationUser.aspx,2026-05-30T08:48:23.789764+00:00
2004-01-19,Deferred Payments Protocols dated 30th April 1981 and 23rd December 1985 between the Government of India and erstwhile USSR A.P.(DIR Series) Circular No.59,A.P.(DIR Series) Circular No.59,https://www.rbi.org.in/Scripts/NotificationUser.aspx?Id=1452&Mode=0,https://www.rbi.org.in/Scripts/NotificationUser.aspx,2026-05-30T08:48:23.789764+00:00
2004-01-17,Non Stapling of Note Packets,,https://www.rbi.org.in/Scripts/NotificationUser.aspx?Id=1456&Mode=0,https://www.rbi.org.in/Scripts/NotificationUser.aspx,2026-05-30T08:48:23.789764+00:00
2004-01-16,8% Savings (Taxable) Bonds 2003,,https://www.rbi.org.in/Scripts/NotificationUser.aspx?Id=1551&Mode=0,https://www.rbi.org.in/Scripts/NotificationUser.aspx,2026-05-30T08:48:23.789764+00:00
2004-01-16,Establishment of Branch Offices/Units in Special Economic Zones - A.P (DIR Series) Circular No.58,A.P (DIR Series) Circular No.58,https://www.rbi.org.in/Scripts/NotificationUser.aspx?Id=1449&Mode=0,https://www.rbi.org.in/Scripts/NotificationUser.aspx,2026-05-30T08:48:23.789764+00:00
2004-01-14,Monitoring of large value frauds by the Board of Directors,,https://www.rbi.org.in/Scripts/NotificationUser.aspx?Id=1665&Mode=0,https://www.rbi.org.in/Scripts/NotificationUser.aspx,2026-05-30T08:48:23.789764+00:00
2004-01-13,"Overseas Investment by Indian Companies/Partnership Firms – ? Liberalisation of the Automatic Route , Facilities for Investment in Agriculture",,https://www.rbi.org.in/Scripts/NotificationUser.aspx?Id=2762&Mode=0,https://www.rbi.org.in/Scripts/NotificationUser.aspx,2026-05-30T08:48:23.789764+00:00
2004-01-13,Official visits abroad by Chairman and Chief Executive Officer,,https://www.rbi.org.in/Scripts/NotificationUser.aspx?Id=1680&Mode=0,https://www.rbi.org.in/Scripts/NotificationUser.aspx,2026-05-30T08:48:23.789764+00:00
2004-01-08,Final Guidelines on Investment by the FIs in Debt Securities,,https://www.rbi.org.in/Scripts/NotificationUser.aspx?Id=1448&Mode=0,https://www.rbi.org.in/Scripts/NotificationUser.aspx,2026-05-30T08:48:23.789764+00:00
2004-01-05,"Frauds in the area of housing, consumer and retail finance",,https://www.rbi.org.in/Scripts/NotificationUser.aspx?Id=1467&Mode=0,https://www.rbi.org.in/Scripts/NotificationUser.aspx,2026-05-30T08:48:23.789764+00:00
2004-01-01,"Foreign Exchange Management (Foreign Currency Accounts by a Person Resident in India) (First Amendment) Regulations, 2004",,https://www.rbi.org.in/Scripts/NotificationUser.aspx?Id=2606&Mode=0,https://www.rbi.org.in/Scripts/NotificationUser.aspx,2026-05-30T08:48:23.789764+00:00
2004-01-01,Bifurcation of Medinipur district in West Bengal into Purba Medinipur and Paschim Medinipur districts – Assignment of Lead Bank responsibility,,https://www.rbi.org.in/Scripts/NotificationUser.aspx?Id=1915&Mode=0,https://www.rbi.org.in/Scripts/NotificationUser.aspx,2026-05-30T08:48:23.789764+00:00
2004-01-01,"Foreign Exchange Management (Transfer or Issue of Security by a person Resident outside India) (First Amendment) Regulations, 2004",,https://www.rbi.org.in/Scripts/NotificationUser.aspx?Id=1716&Mode=0,https://www.rbi.org.in/Scripts/NotificationUser.aspx,2026-05-30T08:48:23.789764+00:00
2021-03-31,Framework for processing of e-mandates for recurring online transactions,,https://www.rbi.org.in/Scripts/NotificationUser.aspx?Id=12051&Mode=0,https://www.rbi.org.in/Scripts/NotificationUser.aspx,2026-05-30T08:48:26.375939+00:00
2021-03-31,Guidelines on Regulation of Payment Aggregators and Payment Gateways,,https://www.rbi.org.in/Scripts/NotificationUser.aspx?Id=12050&Mode=0,https://www.rbi.org.in/Scripts/NotificationUser.aspx,2026-05-30T08:48:26.375939+00:00
2021-03-31,Investment by Foreign Portfolio Investors (FPI): Investment limits,,https://www.rbi.org.in/Scripts/NotificationUser.aspx?Id=12049&Mode=0,https://www.rbi.org.in/Scripts/NotificationUser.aspx,2026-05-30T08:48:26.375939+00:00
2021-03-25,FETERS – Cards: Monthly Reporting,,https://www.rbi.org.in/Scripts/NotificationUser.aspx?Id=12046&Mode=0,https://www.rbi.org.in/Scripts/NotificationUser.aspx,2026-05-30T08:48:26.375939+00:00
2021-03-25,Annual Closing of Government Accounts – Transactions of Central / State Governments – Special Measures for the Current Financial Year (2020-21),,https://www.rbi.org.in/Scripts/NotificationUser.aspx?Id=12045&Mode=0,https://www.rbi.org.in/Scripts/NotificationUser.aspx,2026-05-30T08:48:26.375939+00:00
2021-03-24,"Implementation of Section 51A of UAPA, 1967: Updates to UNSC’s 1267/ 1989 ISIL (Da'esh) & Al-Qaida Sanctions List – Amendment of 8 entries",,https://www.rbi.org.in/Scripts/NotificationUser.aspx?Id=12044&Mode=0,https://www.rbi.org.in/Scripts/NotificationUser.aspx,2026-05-30T08:48:26.375939+00:00
2021-03-18,Reporting and Accounting of Central Government transactions of March 2021,,https://www.rbi.org.in/Scripts/NotificationUser.aspx?Id=12040&Mode=0,https://www.rbi.org.in/Scripts/NotificationUser.aspx,2026-05-30T08:48:26.375939+00:00
2021-03-15,Extension of Cheque Truncation System (CTS) across all bank branches in the country,,https://www.rbi.org.in/Scripts/NotificationUser.aspx?Id=12039&Mode=0,https://www.rbi.org.in/Scripts/NotificationUser.aspx,2026-05-30T08:48:26.375939+00:00
2021-03-12,Data Format for Furnishing of Credit Information to Credit Information Companies and other Regulatory Measures,,https://www.rbi.org.in/Scripts/NotificationUser.aspx?Id=12038&Mode=0,https://www.rbi.org.in/Scripts/NotificationUser.aspx,2026-05-30T08:48:26.375939+00:00
2021-02-26,Investment by Foreign Portfolio Investors (FPI) in Defaulted Bonds - Relaxations,,https://www.rbi.org.in/Scripts/NotificationUser.aspx?Id=12037&Mode=0,https://www.rbi.org.in/Scripts/NotificationUser.aspx,2026-05-30T08:48:28.979461+00:00
2021-02-24,"Implementation of Section 51A of UAPA, 1967: Updates to UNSC’s 1267/ 1989 ISIL (Da'esh) & Al-Qaida Sanctions List – Amendment of 92 entries",,https://www.rbi.org.in/Scripts/NotificationUser.aspx?Id=12035&Mode=0,https://www.rbi.org.in/Scripts/NotificationUser.aspx,2026-05-30T08:48:28.979461+00:00
2021-02-23,"Inclusion of “Fino Payments Bank Limited” in the Second Schedule of the Reserve Bank of India Act, 1934",,https://www.rbi.org.in/Scripts/NotificationUser.aspx?Id=12034&Mode=0,https://www.rbi.org.in/Scripts/NotificationUser.aspx,2026-05-30T08:48:28.979461+00:00
2021-02-22,"Implementation of Section 51A of UAPA, 1967: Updates to UNSC’s 1267/ 1989 ISIL (Da'esh) & Al-Qaida Sanctions List – Deletion of two entries",,https://www.rbi.org.in/Scripts/NotificationUser.aspx?Id=12033&Mode=0,https://www.rbi.org.in/Scripts/NotificationUser.aspx,2026-05-30T08:48:28.979461+00:00
2021-02-18,Master Direction on Digital Payment Security Controls,,https://www.rbi.org.in/Scripts/NotificationUser.aspx?Id=12032&Mode=0,https://www.rbi.org.in/Scripts/NotificationUser.aspx,2026-05-30T08:48:28.979461+00:00
2021-02-17,Capital and provisioning requirements for exposures to entities with Unhedged Foreign Currency Exposure,,https://www.rbi.org.in/Scripts/NotificationUser.aspx?Id=12031&Mode=0,https://www.rbi.org.in/Scripts/NotificationUser.aspx,2026-05-30T08:48:28.979461+00:00
2021-02-16,Remittances to International Financial Services Centres (IFSCs) in India under the Liberalised Remittance Scheme (LRS),,https://www.rbi.org.in/Scripts/NotificationUser.aspx?Id=12029&Mode=0,https://www.rbi.org.in/Scripts/NotificationUser.aspx,2026-05-30T08:48:28.979461+00:00
2021-02-15,Margin for Derivative Contracts,,https://www.rbi.org.in/Scripts/NotificationUser.aspx?Id=12028&Mode=0,https://www.rbi.org.in/Scripts/NotificationUser.aspx,2026-05-30T08:48:28.979461+00:00
2021-02-11,Exim Bank's Government of India supported Line of Credit (LoC) of USD 400 million to the Government of the Republic of Maldives,,https://www.rbi.org.in/Scripts/NotificationUser.aspx?Id=12026&Mode=0,https://www.rbi.org.in/Scripts/NotificationUser.aspx,2026-05-30T08:48:28.979461+00:00
2021-02-05,SLR holdings in HTM category,,https://www.rbi.org.in/Scripts/NotificationUser.aspx?Id=12024&Mode=0,https://www.rbi.org.in/Scripts/NotificationUser.aspx,2026-05-30T08:48:28.979461+00:00
2021-02-05,Credit to MSME Entrepreneurs,,https://www.rbi.org.in/Scripts/NotificationUser.aspx?Id=12022&Mode=0,https://www.rbi.org.in/Scripts/NotificationUser.aspx,2026-05-30T08:48:28.979461+00:00
2021-02-05,"Section 24 of the Banking Regulation Act, 1949 – Maintenance of Statutory Liquidity Ratio (SLR) – Marginal Standing Facility (MSF) - Extension of Relaxation",,https://www.rbi.org.in/Scripts/NotificationUser.aspx?Id=12021&Mode=0,https://www.rbi.org.in/Scripts/NotificationUser.aspx,2026-05-30T08:48:28.979461+00:00
2021-02-03,Risk-Based Internal Audit (RBIA),,https://www.rbi.org.in/Scripts/NotificationUser.aspx?Id=12018&Mode=0,https://www.rbi.org.in/Scripts/NotificationUser.aspx,2026-05-30T08:48:28.979461+00:00
2003-12-23,Release of Foreign Exchange for Miscellaneous Remittances,,https://www.rbi.org.in/Scripts/NotificationUser.aspx?Id=2761&Mode=0,https://www.rbi.org.in/Scripts/NotificationUser.aspx,2026-05-30T08:48:30.357104+00:00
2003-12-23,"Indo-Sri Lanka Credit Agreement dated October 15, 2003 for USD 30 Million",,https://www.rbi.org.in/Scripts/NotificationUser.aspx?Id=2760&Mode=0,https://www.rbi.org.in/Scripts/NotificationUser.aspx,2026-05-30T08:48:30.357104+00:00
2003-12-20,Investment by an unincorporated entity under Foreign Direct Investment (FDI) Scheme,,https://www.rbi.org.in/Scripts/NotificationUser.aspx?Id=2759&Mode=0,https://www.rbi.org.in/Scripts/NotificationUser.aspx,2026-05-30T08:48:30.357104+00:00
2003-12-17,Purchase Sale of Shares and or Convertible Debentures by SEBI registered Foreign Institutional Investors (FIIs) under Portfolio Investment Scheme (PIS),,https://www.rbi.org.in/Scripts/NotificationUser.aspx?Id=2758&Mode=0,https://www.rbi.org.in/Scripts/NotificationUser.aspx,2026-05-30T08:48:30.357104+00:00
2003-12-17,Delhi High Court Order in Civil Writ Petition No.460 of 2003 – World Cup 2003 – Remittance of Foreign Exchange,,https://www.rbi.org.in/Scripts/NotificationUser.aspx?Id=2757&Mode=0,https://www.rbi.org.in/Scripts/NotificationUser.aspx,2026-05-30T08:48:30.357104+00:00
2003-12-16,Master Circular - Indian Direct Investment in JVs/WOS Abroad,,https://www.rbi.org.in/Scripts/NotificationUser.aspx?Id=1469&Mode=0,https://www.rbi.org.in/Scripts/NotificationUser.aspx,2026-05-30T08:48:30.357104+00:00
2003-12-15,Deferred Payments Protocols dated 30th April 1981 and 23rd December 1985 between the Government of India and erstwhile USSR,,https://www.rbi.org.in/Scripts/NotificationUser.aspx?Id=2756&Mode=0,https://www.rbi.org.in/Scripts/NotificationUser.aspx,2026-05-30T08:48:30.357104+00:00
2003-12-15,Advance Remittance for Imports,,https://www.rbi.org.in/Scripts/NotificationUser.aspx?Id=2753&Mode=0,https://www.rbi.org.in/Scripts/NotificationUser.aspx,2026-05-30T08:48:30.357104+00:00
2003-12-15,Exim Bank's Line of Credit of USD 200 million to seven Iranian Banks,,https://www.rbi.org.in/Scripts/NotificationUser.aspx?Id=2752&Mode=0,https://www.rbi.org.in/Scripts/NotificationUser.aspx,2026-05-30T08:48:30.357104+00:00
2003-12-15,"Foreign Exchange Management (Insurance) Regulations, 2000 – Life Insurance Memorandum (LIM)",,https://www.rbi.org.in/Scripts/NotificationUser.aspx?Id=2751&Mode=0,https://www.rbi.org.in/Scripts/NotificationUser.aspx,2026-05-30T08:48:30.357104+00:00
2003-12-12,Hedging of Overseas Direct Investments,,https://www.rbi.org.in/Scripts/NotificationUser.aspx?Id=2750&Mode=0,https://www.rbi.org.in/Scripts/NotificationUser.aspx,2026-05-30T08:48:30.357104+00:00
2003-12-09,Booking of Forward Contracts Based on Past Performance,,https://www.rbi.org.in/Scripts/NotificationUser.aspx?Id=2749&Mode=0,https://www.rbi.org.in/Scripts/NotificationUser.aspx,2026-05-30T08:48:30.357104+00:00
2003-12-08,Indian Students Studying Abroad – Revision in the Residential Status,,https://www.rbi.org.in/Scripts/NotificationUser.aspx?Id=2763&Mode=0,https://www.rbi.org.in/Scripts/NotificationUser.aspx,2026-05-30T08:48:30.357104+00:00
2003-12-08,Foreign Investments in India – Acquisition of Immovable Property,,https://www.rbi.org.in/Scripts/NotificationUser.aspx?Id=2748&Mode=0,https://www.rbi.org.in/Scripts/NotificationUser.aspx,2026-05-30T08:48:30.357104+00:00
2003-12-08,Derecognition of Overseas Corporate Bodies (OCBs),,https://www.rbi.org.in/Scripts/NotificationUser.aspx?Id=2747&Mode=0,https://www.rbi.org.in/Scripts/NotificationUser.aspx,2026-05-30T08:48:30.357104+00:00
2003-12-06,Overseas Direct Investment - Liberalisation,,https://www.rbi.org.in/Scripts/NotificationUser.aspx?Id=2746&Mode=0,https://www.rbi.org.in/Scripts/NotificationUser.aspx,2026-05-30T08:48:30.357104+00:00
2003-12-06,Indian Direct Investment in JVs/WOSs Abroad,,https://www.rbi.org.in/Scripts/NotificationUser.aspx?Id=2745&Mode=0,https://www.rbi.org.in/Scripts/NotificationUser.aspx,2026-05-30T08:48:30.357104+00:00
2003-12-05,"Export of Goods and Services – Liberalisation A.P.(DIR Series) Circular No.40 (December 5, 2003)",A.P.(DIR Series) Circular No.40 (December 5,https://www.rbi.org.in/Scripts/NotificationUser.aspx?Id=1442&Mode=0,https://www.rbi.org.in/Scripts/NotificationUser.aspx,2026-05-30T08:48:30.357104+00:00
2003-12-03,"Foreign Investments in India – Investment in Proprietorship Concern/ Partnership Firm A.P. (DIR Series) Circular No.39 (December 3, 2003)",A.P. (DIR Series) Circular No.39 (December 3,https://www.rbi.org.in/Scripts/NotificationUser.aspx?Id=1439&Mode=0,https://www.rbi.org.in/Scripts/NotificationUser.aspx,2026-05-30T08:48:30.357104+00:00
2003-12-03,"Foreign Investments in India A.P. (DIR Series) Circular No.38 (December 3, 2003)",A.P. (DIR Series) Circular No.38 (December 3,https://www.rbi.org.in/Scripts/NotificationUser.aspx?Id=1438&Mode=0,https://www.rbi.org.in/Scripts/NotificationUser.aspx,2026-05-30T08:48:30.357104+00:00
2003-12-02,Scheme for Non-competitive Bidding Facility in the Auctions of Government Securities,,https://www.rbi.org.in/Scripts/NotificationUser.aspx?Id=1433&Mode=0,https://www.rbi.org.in/Scripts/NotificationUser.aspx,2026-05-30T08:48:30.357104+00:00
2003-12-02,"Auction for Sale (Re-issue ) of ‘6.01 per cent Government Stock, 2028’",,https://www.rbi.org.in/Scripts/NotificationUser.aspx?Id=1430&Mode=0,https://www.rbi.org.in/Scripts/NotificationUser.aspx,2026-05-30T08:48:30.357104+00:00
2003-12-02,Auction of Government of India Dated Securities,,https://www.rbi.org.in/Scripts/NotificationUser.aspx?Id=1429&Mode=0,https://www.rbi.org.in/Scripts/NotificationUser.aspx,2026-05-30T08:48:30.357104+00:00
2021-01-27,Strengthening of Grievance Redress Mechanism in Banks,,https://www.rbi.org.in/Scripts/NotificationUser.aspx?Id=12017&Mode=0,https://www.rbi.org.in/Scripts/NotificationUser.aspx,2026-05-30T08:48:31.769107+00:00
2021-01-25,Implementation of United Nations Security Council Resolution (UNSCR) - 1518 (2003) Sanctions Committee List – Updated UNSCR 1518 list and Removal of Two Individuals from the Sanctions List,,https://www.rbi.org.in/Scripts/NotificationUser.aspx?Id=12015&Mode=0,https://www.rbi.org.in/Scripts/NotificationUser.aspx,2026-05-30T08:48:31.769107+00:00
2021-01-21,Withdrawal of circulars - on Recovery of excess pension made to pensioners,,https://www.rbi.org.in/Scripts/NotificationUser.aspx?Id=12013&Mode=0,https://www.rbi.org.in/Scripts/NotificationUser.aspx,2026-05-30T08:48:31.769107+00:00
2021-01-08,"Foreign Exchange Management (Export of Goods and Services) (Amendment) Regulations, 2021",,https://www.rbi.org.in/Scripts/NotificationUser.aspx?Id=12014&Mode=0,https://www.rbi.org.in/Scripts/NotificationUser.aspx,2026-05-30T08:48:31.769107+00:00
2021-01-07,Risk Based Internal Audit (RBIA) Framework – Strengthening Governance arrangements,,https://www.rbi.org.in/Scripts/NotificationUser.aspx?Id=12011&Mode=0,https://www.rbi.org.in/Scripts/NotificationUser.aspx,2026-05-30T08:48:31.769107+00:00
2021-01-05,Introduction of Legal Entity Identifier for Large Value Transactions in Centralised Payment Systems,,https://www.rbi.org.in/Scripts/NotificationUser.aspx?Id=12010&Mode=0,https://www.rbi.org.in/Scripts/NotificationUser.aspx,2026-05-30T08:48:31.769107+00:00
2003-11-28,Draft prudential guidelines on co-operative banks’ investment in non-SLR debt securities,,https://www.rbi.org.in/Scripts/NotificationUser.aspx?Id=1436&Mode=0,https://www.rbi.org.in/Scripts/NotificationUser.aspx,2026-05-30T08:48:33.299896+00:00
2003-11-28,Draft prudential guidelines on RRBs’ investment in non-SLR debt securities,,https://www.rbi.org.in/Scripts/NotificationUser.aspx?Id=1435&Mode=0,https://www.rbi.org.in/Scripts/NotificationUser.aspx,2026-05-30T08:48:33.299896+00:00
2003-11-18,"Meeting of the Minister of State for Finance (EB&I), Shri Anand Rao Adsul with CEOs of Public Sector Banks on October 6, 2003 in Mumbai",,https://www.rbi.org.in/Scripts/NotificationUser.aspx?Id=1434&Mode=0,https://www.rbi.org.in/Scripts/NotificationUser.aspx,2026-05-30T08:48:33.299896+00:00
2003-11-18,Branch Licensing - Annexure III,,https://www.rbi.org.in/Scripts/NotificationUser.aspx?Id=1427&Mode=0,https://www.rbi.org.in/Scripts/NotificationUser.aspx,2026-05-30T08:48:33.299896+00:00
2003-11-18,Branch Licensing - Annexure II,,https://www.rbi.org.in/Scripts/NotificationUser.aspx?Id=1426&Mode=0,https://www.rbi.org.in/Scripts/NotificationUser.aspx,2026-05-30T08:48:33.299896+00:00
2003-11-18,Branch Licensing - Annexure I,,https://www.rbi.org.in/Scripts/NotificationUser.aspx?Id=1425&Mode=0,https://www.rbi.org.in/Scripts/NotificationUser.aspx,2026-05-30T08:48:33.299896+00:00
2003-11-17,Draft prudential guidelines on investment in non- SLR debt securities by urban co-operative banks,,https://www.rbi.org.in/Scripts/NotificationUser.aspx?Id=1419&Mode=0,https://www.rbi.org.in/Scripts/NotificationUser.aspx,2026-05-30T08:48:33.299896+00:00
2003-11-15,"Permission to open Project Office in India and Remittance of Assets - Project Office A.P.(DIR Series) Circular No. 37 (Nov 15, 2003)",A.P.(DIR Series) Circular No. 37 (Nov 15,https://www.rbi.org.in/Scripts/NotificationUser.aspx?Id=1415&Mode=0,https://www.rbi.org.in/Scripts/NotificationUser.aspx,2026-05-30T08:48:33.299896+00:00
2003-11-14,"External Commercial Borrowings (ECBs) A.P. (DIR Series) Circular No.36 (Nov 14, 2003)",A.P. (DIR Series) Circular No.36 (Nov 14,https://www.rbi.org.in/Scripts/NotificationUser.aspx?Id=1414&Mode=0,https://www.rbi.org.in/Scripts/NotificationUser.aspx,2026-05-30T08:48:33.299896+00:00
2003-11-14,"Issue of Units of Mutual Funds A.P.(DIR Series) Circular No.35 (Nov 14, 2003)",A.P.(DIR Series) Circular No.35 (Nov 14,https://www.rbi.org.in/Scripts/NotificationUser.aspx?Id=1413&Mode=0,https://www.rbi.org.in/Scripts/NotificationUser.aspx,2026-05-30T08:48:33.299896+00:00
2003-11-14,"Capitalisation of Lumpsum Fee / Royalty / ECB – Liberalisation A.P. (DIR Series) Circular No.34 (Nov 14, 2003)",A.P. (DIR Series) Circular No.34 (Nov 14,https://www.rbi.org.in/Scripts/NotificationUser.aspx?Id=1412&Mode=0,https://www.rbi.org.in/Scripts/NotificationUser.aspx,2026-05-30T08:48:33.299896+00:00
2003-11-13,"Foreign Exchange Management Act, 1999 - Current Account Transactions – Liberalisation A.P.(DIR Series) Circular No.33 (Nov 13, 2003)",A.P.(DIR Series) Circular No.33 (Nov 13,https://www.rbi.org.in/Scripts/NotificationUser.aspx?Id=1410&Mode=0,https://www.rbi.org.in/Scripts/NotificationUser.aspx,2026-05-30T08:48:33.299896+00:00
2003-11-13,Reciprocal Line Facility,,https://www.rbi.org.in/Scripts/NotificationUser.aspx?Id=1409&Mode=0,https://www.rbi.org.in/Scripts/NotificationUser.aspx,2026-05-30T08:48:33.299896+00:00
2003-11-12,Prudential guidelines on banks’ investment in non-SLR securities,,https://www.rbi.org.in/Scripts/NotificationUser.aspx?Id=1408&Mode=0,https://www.rbi.org.in/Scripts/NotificationUser.aspx,2026-05-30T08:48:33.299896+00:00
2003-11-05,Primary Dealers' Access to Call/Notice Money Market,,https://www.rbi.org.in/Scripts/NotificationUser.aspx?Id=1406&Mode=0,https://www.rbi.org.in/Scripts/NotificationUser.aspx,2026-05-30T08:48:33.299896+00:00
2003-11-05,Rationalisation of Standing Facilities,,https://www.rbi.org.in/Scripts/NotificationUser.aspx?Id=1405&Mode=0,https://www.rbi.org.in/Scripts/NotificationUser.aspx,2026-05-30T08:48:33.299896+00:00
2003-11-05,Moving Towards Pure Inter-bank Call/Notice Money Market,,https://www.rbi.org.in/Scripts/NotificationUser.aspx?Id=1404&Mode=0,https://www.rbi.org.in/Scripts/NotificationUser.aspx,2026-05-30T08:48:33.299896+00:00
2003-11-05,Scheme for Non-competitive Bidding Facility in the Auctions of Government Securities,,https://www.rbi.org.in/Scripts/NotificationUser.aspx?Id=1403&Mode=0,https://www.rbi.org.in/Scripts/NotificationUser.aspx,2026-05-30T08:48:33.299896+00:00
2003-11-05,Auction for Sale of Government of India Floating Rate Bonds 2012,,https://www.rbi.org.in/Scripts/NotificationUser.aspx?Id=1400&Mode=0,https://www.rbi.org.in/Scripts/NotificationUser.aspx,2026-05-30T08:48:33.299896+00:00
2003-11-05,"Auction for sale of Floating Rate Bonds, 2012",,https://www.rbi.org.in/Scripts/NotificationUser.aspx?Id=1399&Mode=0,https://www.rbi.org.in/Scripts/NotificationUser.aspx,2026-05-30T08:48:33.299896+00:00
2003-11-04,New Education Loan Scheme-Ceiling for Priority Sector Lending,,https://www.rbi.org.in/Scripts/NotificationUser.aspx?Id=1422&Mode=0,https://www.rbi.org.in/Scripts/NotificationUser.aspx,2026-05-30T08:48:33.299896+00:00
2003-11-04,Draft guidelines on investment by the FIs in debt securities,,https://www.rbi.org.in/Scripts/NotificationUser.aspx?Id=1396&Mode=0,https://www.rbi.org.in/Scripts/NotificationUser.aspx,2026-05-30T08:48:33.299896+00:00
2003-11-03,Credit Facilities for Small Scale Industries (SSIs)- Lending by Banks to NBFCs for the purpose of on-lending to SSIs,,https://www.rbi.org.in/Scripts/NotificationUser.aspx?Id=1421&Mode=0,https://www.rbi.org.in/Scripts/NotificationUser.aspx,2026-05-30T08:48:33.299896+00:00
2003-11-03,Credit Facilities for Small Scale Industries (SSIs)-Collateral free loans,,https://www.rbi.org.in/Scripts/NotificationUser.aspx?Id=1420&Mode=0,https://www.rbi.org.in/Scripts/NotificationUser.aspx,2026-05-30T08:48:33.299896+00:00
2003-11-03,Micro-finance,,https://www.rbi.org.in/Scripts/NotificationUser.aspx?Id=1411&Mode=0,https://www.rbi.org.in/Scripts/NotificationUser.aspx,2026-05-30T08:48:33.299896+00:00
2003-11-03,Mid - term Review of Monetary and Credit Policy for the year 2003-04,,https://www.rbi.org.in/Scripts/NotificationUser.aspx?Id=1397&Mode=0,https://www.rbi.org.in/Scripts/NotificationUser.aspx,2026-05-30T08:48:33.299896+00:00
2003-10-31,Master Circulars - Rupee Export Credit,,https://www.rbi.org.in/Scripts/NotificationUser.aspx?Id=1490&Mode=0,https://www.rbi.org.in/Scripts/NotificationUser.aspx,2026-05-30T08:48:36.097899+00:00
2003-10-31,Master Circulars - Export Credit in Foreign Currency,,https://www.rbi.org.in/Scripts/NotificationUser.aspx?Id=1489&Mode=0,https://www.rbi.org.in/Scripts/NotificationUser.aspx,2026-05-30T08:48:36.097899+00:00
2003-10-31,Master Circulars - Customer Service,,https://www.rbi.org.in/Scripts/NotificationUser.aspx?Id=1488&Mode=0,https://www.rbi.org.in/Scripts/NotificationUser.aspx,2026-05-30T08:48:36.097899+00:00
2003-10-31,Interest Rate Ceilings on Rupee Export Credit,,https://www.rbi.org.in/Scripts/NotificationUser.aspx?Id=1394&Mode=0,https://www.rbi.org.in/Scripts/NotificationUser.aspx,2026-05-30T08:48:36.097899+00:00
2003-10-30,"Non-Banking Financial Companies, Miscellaneous Non-Banking Companies and Residuary Non-Banking Companies -Interest rate on NRI Deposits",,https://www.rbi.org.in/Scripts/NotificationUser.aspx?Id=1393&Mode=0,https://www.rbi.org.in/Scripts/NotificationUser.aspx,2026-05-30T08:48:36.097899+00:00
2003-10-29,"Foreign Exchange Management (Export of Goods and Services) (Second Amendment) Regulations, 2003",,https://www.rbi.org.in/Scripts/NotificationUser.aspx?Id=1715&Mode=0,https://www.rbi.org.in/Scripts/NotificationUser.aspx,2026-05-30T08:48:36.097899+00:00
2003-10-28,Non-Banking Financial Companies (NBFCs) Miscellaneous Non-Banking Companies (MNBCs) and Residuary Non-Banking Companies (RNBCs) – Interest rate on NRE Deposits,,https://www.rbi.org.in/Scripts/NotificationUser.aspx?Id=1391&Mode=0,https://www.rbi.org.in/Scripts/NotificationUser.aspx,2026-05-30T08:48:36.097899+00:00
2003-10-28,"Export of Goods and Services - Project Exports A.P.(DIR Series) Circular No.32 (Oct 28, 2003)",A.P.(DIR Series) Circular No.32 (Oct 28,https://www.rbi.org.in/Scripts/NotificationUser.aspx?Id=1389&Mode=0,https://www.rbi.org.in/Scripts/NotificationUser.aspx,2026-05-30T08:48:36.097899+00:00
2003-10-27,"Foreign Exchange Management - Transfer or Issue of Security by a Person Resident outside India(fourth Amendment) regulations,2003",,https://www.rbi.org.in/Scripts/NotificationUser.aspx?Id=1463&Mode=0,https://www.rbi.org.in/Scripts/NotificationUser.aspx,2026-05-30T08:48:36.097899+00:00
2003-10-27,Draft prudential guidelines on banks’ investment in non-SLR debt securities,,https://www.rbi.org.in/Scripts/NotificationUser.aspx?Id=1384&Mode=0,https://www.rbi.org.in/Scripts/NotificationUser.aspx,2026-05-30T08:48:36.097899+00:00
2003-10-24,"Import of Silver/Platinum against Letter of Authority issued by Nominated Agency A.P.(DIR Series) Circular No.31 (October 24, 2003)",A.P.(DIR Series) Circular No.31 (October 24,https://www.rbi.org.in/Scripts/NotificationUser.aspx?Id=1386&Mode=0,https://www.rbi.org.in/Scripts/NotificationUser.aspx,2026-05-30T08:48:36.097899+00:00
2003-10-21,"Foreign Exchange Management (Foreign exchange derivative contracts) (Fourth Amendment) Regulations, 2003",,https://www.rbi.org.in/Scripts/NotificationUser.aspx?Id=2605&Mode=0,https://www.rbi.org.in/Scripts/NotificationUser.aspx,2026-05-30T08:48:36.097899+00:00
2003-10-21,"Foreign Exchange Management Third Amendment Regulations, 2003",,https://www.rbi.org.in/Scripts/NotificationUser.aspx?Id=1471&Mode=0,https://www.rbi.org.in/Scripts/NotificationUser.aspx,2026-05-30T08:48:36.097899+00:00
2003-10-21,Interest Rates on Advances – Prime Lending Rate and Spreads,,https://www.rbi.org.in/Scripts/NotificationUser.aspx?Id=1382&Mode=0,https://www.rbi.org.in/Scripts/NotificationUser.aspx,2026-05-30T08:48:36.097899+00:00
2003-10-21,"Export of Goods and Services A.P. (DIR Series) Circular No.30 (October 21, 2003)",A.P. (DIR Series) Circular No.30 (October 21,https://www.rbi.org.in/Scripts/NotificationUser.aspx?Id=1381&Mode=0,https://www.rbi.org.in/Scripts/NotificationUser.aspx,2026-05-30T08:48:36.097899+00:00
2003-10-20,Guidelines on netting off of old and small value entries - Clearing Differences,,https://www.rbi.org.in/Scripts/NotificationUser.aspx?Id=1380&Mode=0,https://www.rbi.org.in/Scripts/NotificationUser.aspx,2026-05-30T08:48:36.097899+00:00
2003-10-18,Interest Rate on Deposits under Non-Resident (External) Rupee Accounts (NRE Accounts),,https://www.rbi.org.in/Scripts/NotificationUser.aspx?Id=1379&Mode=0,https://www.rbi.org.in/Scripts/NotificationUser.aspx,2026-05-30T08:48:36.097899+00:00
2003-10-18,Interest Rate on Deposits under Non-resident (External) Rupee Account (NRE Accounts),,https://www.rbi.org.in/Scripts/NotificationUser.aspx?Id=1378&Mode=0,https://www.rbi.org.in/Scripts/NotificationUser.aspx,2026-05-30T08:48:36.097899+00:00
2003-10-18,"External Commercial Borrowings (ECBs) by Units in Special Economic Zones (SEZs) A.P.(DIR Series) Circular No.29 (October 18, 2003)",A.P.(DIR Series) Circular No.29 (October 18,https://www.rbi.org.in/Scripts/NotificationUser.aspx?Id=1377&Mode=0,https://www.rbi.org.in/Scripts/NotificationUser.aspx,2026-05-30T08:48:36.097899+00:00
2003-10-17,"Forward contracts – Investments of Non-Residents in Indian companies A.P.(DIR Series) Circular No.28 (October 17, 2003)",A.P.(DIR Series) Circular No.28 (October 17,https://www.rbi.org.in/Scripts/NotificationUser.aspx?Id=1376&Mode=0,https://www.rbi.org.in/Scripts/NotificationUser.aspx,2026-05-30T08:48:36.097899+00:00
2003-10-14,Scheme for Non-competitive Bidding Facility in the Auctions of Government Securities,,https://www.rbi.org.in/Scripts/NotificationUser.aspx?Id=1371&Mode=0,https://www.rbi.org.in/Scripts/NotificationUser.aspx,2026-05-30T08:48:36.097899+00:00
2003-10-14,"Auction for Sale (Re-issue ) of ‘5.69 per cent Government Stock, 2018’",,https://www.rbi.org.in/Scripts/NotificationUser.aspx?Id=1368&Mode=0,https://www.rbi.org.in/Scripts/NotificationUser.aspx,2026-05-30T08:48:36.097899+00:00
2003-10-14,Auction of Government of India Dated Securities,,https://www.rbi.org.in/Scripts/NotificationUser.aspx?Id=1367&Mode=0,https://www.rbi.org.in/Scripts/NotificationUser.aspx,2026-05-30T08:48:36.097899+00:00
2003-10-13,Foreign Exchange Management Regulations,,https://www.rbi.org.in/Scripts/NotificationUser.aspx?Id=1470&Mode=0,https://www.rbi.org.in/Scripts/NotificationUser.aspx,2026-05-30T08:48:36.097899+00:00
2003-10-11,"Clean Note Policy - Banding of Note Packets - Use of Stickers, etc.",,https://www.rbi.org.in/Scripts/NotificationUser.aspx?Id=1392&Mode=0,https://www.rbi.org.in/Scripts/NotificationUser.aspx,2026-05-30T08:48:36.097899+00:00
2003-10-10,"FEMA 1999 – Grant of Rupee Loans to NRI/PIO Employees of Indian Body Corporate A.P.(DIR Series) Circular No.27 (October 10, 2003)",A.P.(DIR Series) Circular No.27 (October 10,https://www.rbi.org.in/Scripts/NotificationUser.aspx?Id=1365&Mode=0,https://www.rbi.org.in/Scripts/NotificationUser.aspx,2026-05-30T08:48:36.097899+00:00
2003-10-10,Offshore Banking Units (OBUs) in Special Economic Zones (SEZs),,https://www.rbi.org.in/Scripts/NotificationUser.aspx?Id=1364&Mode=0,https://www.rbi.org.in/Scripts/NotificationUser.aspx,2026-05-30T08:48:36.097899+00:00
2003-10-07,Special Financial Package for large value exports - Rupee credit interest rates,,https://www.rbi.org.in/Scripts/NotificationUser.aspx?Id=1363&Mode=0,https://www.rbi.org.in/Scripts/NotificationUser.aspx,2026-05-30T08:48:36.097899+00:00
2003-10-06,"Alteration in the name of bank in the Second Schedule to the Reserve Bank of India Act, 1934 - ""Development Bank of Singapore Ltd. "" to ""DBS Bank Ltd"".",,https://www.rbi.org.in/Scripts/NotificationUser.aspx?Id=1375&Mode=0,https://www.rbi.org.in/Scripts/NotificationUser.aspx,2026-05-30T08:48:36.097899+00:00
2003-10-03,"Foreign Exchange Management [Withdrawal of General Permission to Overseas Corporate Bodies (OCBs)] Regulations, 2003",,https://www.rbi.org.in/Scripts/NotificationUser.aspx?Id=2604&Mode=0,https://www.rbi.org.in/Scripts/NotificationUser.aspx,2026-05-30T08:48:36.097899+00:00
2003-10-03,"Foreign Exchange Management (Transfer or Issue of Security by a Person Resident outside India)(Third Amendment) Regulations, 2003",,https://www.rbi.org.in/Scripts/NotificationUser.aspx?Id=1769&Mode=0,https://www.rbi.org.in/Scripts/NotificationUser.aspx,2026-05-30T08:48:36.097899+00:00
2003-10-03,"Foreign Exchange Management (Establishment in India of branch or office or other place of business) (Second Amendment) Regulations, 2003",,https://www.rbi.org.in/Scripts/NotificationUser.aspx?Id=1450&Mode=0,https://www.rbi.org.in/Scripts/NotificationUser.aspx,2026-05-30T08:48:36.097899+00:00
2003-10-03,"Export of Goods and Services - Export of Books on Consignment Basis A.P.(DIR Series) Circular No.26 (Oct 3, 2003)",A.P.(DIR Series) Circular No.26 (Oct 3,https://www.rbi.org.in/Scripts/NotificationUser.aspx?Id=1362&Mode=0,https://www.rbi.org.in/Scripts/NotificationUser.aspx,2026-05-30T08:48:36.097899+00:00
2003-10-01,"Import of gold against letter of authority issued by Nominated Agency A.P.(DIR Series) Circular No. 25 (Oct 1, 2003)",A.P.(DIR Series) Circular No. 25 (Oct 1,https://www.rbi.org.in/Scripts/NotificationUser.aspx?Id=1359&Mode=0,https://www.rbi.org.in/Scripts/NotificationUser.aspx,2026-05-30T08:48:36.097899+00:00
2020-12-04,Regional Rural Banks - Access to Call/Notice/Term Money Market,,https://www.rbi.org.in/Scripts/NotificationUser.aspx?Id=12006&Mode=0,https://www.rbi.org.in/Scripts/NotificationUser.aspx,2026-05-30T08:48:37.616668+00:00
2020-12-04,External Trade – Facilitation - Export of Goods and Services,,https://www.rbi.org.in/Scripts/NotificationUser.aspx?Id=12005&Mode=0,https://www.rbi.org.in/Scripts/NotificationUser.aspx,2026-05-30T08:48:37.616668+00:00
2020-12-04,Declaration of dividends by banks,,https://www.rbi.org.in/Scripts/NotificationUser.aspx?Id=12003&Mode=0,https://www.rbi.org.in/Scripts/NotificationUser.aspx,2026-05-30T08:48:37.616668+00:00
2020-12-04,Processing of e-mandates for recurring transactions,,https://www.rbi.org.in/Scripts/NotificationUser.aspx?Id=12002&Mode=0,https://www.rbi.org.in/Scripts/NotificationUser.aspx,2026-05-30T08:48:37.616668+00:00
2020-12-04,"Authorisation of entities for operating a Payment System under the Payment and Settlement Systems Act, 2007 (PSS Act) – Introduction of Cooling Period",,https://www.rbi.org.in/Scripts/NotificationUser.aspx?Id=12001&Mode=0,https://www.rbi.org.in/Scripts/NotificationUser.aspx,2026-05-30T08:48:37.616668+00:00
2020-12-04,"Perpetual Validity for Certificate of Authorisation (CoA) issued to Payment System Operators (PSOs) under Payment and Settlement Systems Act, 2007 (PSS Act)",,https://www.rbi.org.in/Scripts/NotificationUser.aspx?Id=12000&Mode=0,https://www.rbi.org.in/Scripts/NotificationUser.aspx,2026-05-30T08:48:37.616668+00:00
2020-12-04,Card transactions in Contactless mode - Relaxation in requirement of Additional Factor of Authentication,,https://www.rbi.org.in/Scripts/NotificationUser.aspx?Id=11999&Mode=0,https://www.rbi.org.in/Scripts/NotificationUser.aspx,2026-05-30T08:48:37.616668+00:00
2020-12-04,24x7 Availability of Real Time Gross Settlement (RTGS) System,,https://www.rbi.org.in/Scripts/NotificationUser.aspx?Id=11998&Mode=0,https://www.rbi.org.in/Scripts/NotificationUser.aspx,2026-05-30T08:48:37.616668+00:00
2020-12-03,"Foreign Exchange Management (Export and Import of Currency) (Second Amendment) Regulations, 2020",,https://www.rbi.org.in/Scripts/NotificationUser.aspx?Id=12012&Mode=0,https://www.rbi.org.in/Scripts/NotificationUser.aspx,2026-05-30T08:48:37.616668+00:00
2003-09-27,"Borrowing from Close Relatives Abroad A.P. (DIR Series) Circular No.24 (Sept 27, 2003)",A.P. (DIR Series) Circular No.24 (Sept 27,https://www.rbi.org.in/Scripts/NotificationUser.aspx?Id=1358&Mode=0,https://www.rbi.org.in/Scripts/NotificationUser.aspx,2026-05-30T08:48:38.801665+00:00
2003-09-26,Swarojgar Credit Card (SCC) Scheme,,https://www.rbi.org.in/Scripts/NotificationUser.aspx?Id=1373&Mode=0,https://www.rbi.org.in/Scripts/NotificationUser.aspx,2026-05-30T08:48:38.801665+00:00
2003-09-24,"Submission of Consolidated A1/A2 Forms A.P.(DIR Series) Circular No.23 (Sept 24, 2003)",A.P.(DIR Series) Circular No.23 (Sept 24,https://www.rbi.org.in/Scripts/NotificationUser.aspx?Id=1357&Mode=0,https://www.rbi.org.in/Scripts/NotificationUser.aspx,2026-05-30T08:48:38.801665+00:00
2003-09-24,"Export of Goods and Services - Payment of Claims by ECGC A.P.(DIR Series) Circular No.22 (Sept 24, 2003)",A.P.(DIR Series) Circular No.22 (Sept 24,https://www.rbi.org.in/Scripts/NotificationUser.aspx?Id=1356&Mode=0,https://www.rbi.org.in/Scripts/NotificationUser.aspx,2026-05-30T08:48:38.801665+00:00
2003-09-23,"Foreign Exchange Management Act, 1999 – EEFC/RFC(D) Account – Clarification A.P. (DIR Series) Circular No.21 (Sept 23, 2003)",A.P. (DIR Series) Circular No.21 (Sept 23,https://www.rbi.org.in/Scripts/NotificationUser.aspx?Id=1352&Mode=0,https://www.rbi.org.in/Scripts/NotificationUser.aspx,2026-05-30T08:48:38.801665+00:00
2003-09-23,"Opening of Foreign Currency Account in India by Project / Service Exporter for Execution of Contract Abroad A.P.(DIR Series) Circular No.20 (Sept 23, 2003)",A.P.(DIR Series) Circular No.20 (Sept 23,https://www.rbi.org.in/Scripts/NotificationUser.aspx?Id=1351&Mode=0,https://www.rbi.org.in/Scripts/NotificationUser.aspx,2026-05-30T08:48:38.801665+00:00
2003-09-23,"Purchase/Sale of Immovable Property by Foreign Embassies/Diplomats/Consulate Generals A.P. (DIR Series) Circular No.19 (Sept 23, 2003)",A.P. (DIR Series) Circular No.19 (Sept 23,https://www.rbi.org.in/Scripts/NotificationUser.aspx?Id=1350&Mode=0,https://www.rbi.org.in/Scripts/NotificationUser.aspx,2026-05-30T08:48:38.801665+00:00
2003-09-22,Entry of banks into Insurance business,,https://www.rbi.org.in/Scripts/NotificationUser.aspx?Id=1349&Mode=0,https://www.rbi.org.in/Scripts/NotificationUser.aspx,2026-05-30T08:48:38.801665+00:00
2003-09-20,"Foreign Currency Accounts by non-Diplomatic Staff of Foreign Embassies in India Holding Official Passport A.P.(DIR Series) Circular No.18 (Sept 20, 2003)",A.P.(DIR Series) Circular No.18 (Sept 20,https://www.rbi.org.in/Scripts/NotificationUser.aspx?Id=1347&Mode=0,https://www.rbi.org.in/Scripts/NotificationUser.aspx,2026-05-30T08:48:38.801665+00:00
2003-09-20,"Remittance of Salary - Relaxation A.P. (DIR Series) Circular No.17 (Sept 20, 2003)",A.P. (DIR Series) Circular No.17 (Sept 20,https://www.rbi.org.in/Scripts/NotificationUser.aspx?Id=1346&Mode=0,https://www.rbi.org.in/Scripts/NotificationUser.aspx,2026-05-30T08:48:38.801665+00:00
2003-09-20,"Deferred Payments Protocols dated 30 th April 1981 and 23 rd December 1985 between the Government of India and erstwhile USSR A.P.(DIR Series) Circular No.16 (Sept 20, 2003)",A.P.(DIR Series) Circular No.16 (Sept 20,https://www.rbi.org.in/Scripts/NotificationUser.aspx?Id=1345&Mode=0,https://www.rbi.org.in/Scripts/NotificationUser.aspx,2026-05-30T08:48:38.801665+00:00
2003-09-19,Master Circular on Frauds - Classification and Reporting,,https://www.rbi.org.in/Scripts/NotificationUser.aspx?Id=1508&Mode=0,https://www.rbi.org.in/Scripts/NotificationUser.aspx,2026-05-30T08:48:38.801665+00:00
2003-09-19,Guidelines on netting off of old and small value entries - Clearing differences,,https://www.rbi.org.in/Scripts/NotificationUser.aspx?Id=1354&Mode=0,https://www.rbi.org.in/Scripts/NotificationUser.aspx,2026-05-30T08:48:38.801665+00:00
2003-09-17,"Advance Remittance for Imports A.P.(DIR Series) Circular No.15 (Sept 17, 2003)",A.P.(DIR Series) Circular No.15 (Sept 17,https://www.rbi.org.in/Scripts/NotificationUser.aspx?Id=1348&Mode=0,https://www.rbi.org.in/Scripts/NotificationUser.aspx,2026-05-30T08:48:38.801665+00:00
2003-09-16,"Derecognition of Overseas Corporate Bodies as an Investor Class A.P.(DIR Series ) Circular No.14 (Sep 16, 2003)",Circular No.14 (Sep 16,https://www.rbi.org.in/Scripts/NotificationUser.aspx?Id=1341&Mode=0,https://www.rbi.org.in/Scripts/NotificationUser.aspx,2026-05-30T08:48:38.801665+00:00
2003-09-15,Interest Rate on Deposits under Non-resident (External) Rupee Account (NRE Accounts),,https://www.rbi.org.in/Scripts/NotificationUser.aspx?Id=1342&Mode=0,https://www.rbi.org.in/Scripts/NotificationUser.aspx,2026-05-30T08:48:38.801665+00:00
2003-09-15,Interest Rate on Deposits under Non-Resident (External) Rupee Accounts (NRE Accounts),,https://www.rbi.org.in/Scripts/NotificationUser.aspx?Id=1340&Mode=0,https://www.rbi.org.in/Scripts/NotificationUser.aspx,2026-05-30T08:48:38.801665+00:00
2003-09-05,Exposure Draft on Modified Off-Site Surveillance Returns,,https://www.rbi.org.in/Scripts/NotificationUser.aspx?Id=1327&Mode=0,https://www.rbi.org.in/Scripts/NotificationUser.aspx,2026-05-30T08:48:38.801665+00:00
2003-09-01,"Investment by FIIs/NRIs in Exchange Traded Derivative Contracts(ETDCs) A.P.(DIR Series) Circular No.13 (September 1, 2003)",A.P.(DIR Series) Circular No.13 (September 1,https://www.rbi.org.in/Scripts/NotificationUser.aspx?Id=1324&Mode=0,https://www.rbi.org.in/Scripts/NotificationUser.aspx,2026-05-30T08:48:38.801665+00:00
2003-09-01,Scheme for Non-competitive Bidding Facility in the Auctions of Government Securities,,https://www.rbi.org.in/Scripts/NotificationUser.aspx?Id=1323&Mode=0,https://www.rbi.org.in/Scripts/NotificationUser.aspx,2026-05-30T08:48:38.801665+00:00
2003-09-01,"Auction for Sale (Re-issue) of ‘6.17 per cent Government Stock, 2023’",,https://www.rbi.org.in/Scripts/NotificationUser.aspx?Id=1320&Mode=0,https://www.rbi.org.in/Scripts/NotificationUser.aspx,2026-05-30T08:48:38.801665+00:00
2003-09-01,Auction of Government of India Dated Securities,,https://www.rbi.org.in/Scripts/NotificationUser.aspx?Id=1319&Mode=0,https://www.rbi.org.in/Scripts/NotificationUser.aspx,2026-05-30T08:48:38.801665+00:00
2020-11-23,Establishment of Branch Office (BO) / Liaison Office (LO) / Project Office (PO) or any other place of business in India by foreign law firms,,https://www.rbi.org.in/Scripts/NotificationUser.aspx?Id=11997&Mode=0,https://www.rbi.org.in/Scripts/NotificationUser.aspx,2026-05-30T08:48:40.308077+00:00
2020-11-17,"Foreign Exchange Management Act, 1999 (FEMA)- Compounding of Contraventions under FEMA, 1999",,https://www.rbi.org.in/Scripts/NotificationUser.aspx?Id=11995&Mode=0,https://www.rbi.org.in/Scripts/NotificationUser.aspx,2026-05-30T08:48:40.308077+00:00
2020-11-13,"Discontinuation of Returns/Reports under Foreign Exchange Management Act, 1999",,https://www.rbi.org.in/Scripts/NotificationUser.aspx?Id=11994&Mode=0,https://www.rbi.org.in/Scripts/NotificationUser.aspx,2026-05-30T08:48:40.308077+00:00
2020-11-13,Formation of new district in the State of Nagaland – Assignment of Lead Bank Responsibility,,https://www.rbi.org.in/Scripts/NotificationUser.aspx?Id=11993&Mode=0,https://www.rbi.org.in/Scripts/NotificationUser.aspx,2026-05-30T08:48:40.308077+00:00
2020-11-05,Exim Bank's Government of India supported Line of Credit (LoC) of USD 20.10 million to the Government of the Republic of Nicaragua,,https://www.rbi.org.in/Scripts/NotificationUser.aspx?Id=11992&Mode=0,https://www.rbi.org.in/Scripts/NotificationUser.aspx,2026-05-30T08:48:40.308077+00:00
2020-11-05,Co-Lending by Banks and NBFCs to Priority Sector,,https://www.rbi.org.in/Scripts/NotificationUser.aspx?Id=11991&Mode=0,https://www.rbi.org.in/Scripts/NotificationUser.aspx,2026-05-30T08:48:40.308077+00:00
