date,subject,circular_no,link,source_url,scraped_at
2026-05-25,"Reserve Bank of India (Rural Co-operative Banks - Governance) Amendment Directions, 2026",,https://www.rbi.org.in/Scripts/NotificationUser.aspx?Id=13462&Mode=0,https://www.rbi.org.in/Scripts/NotificationUser.aspx,2026-05-30T08:35:16.198253+00:00
2026-05-25,"Reserve Bank of India (Urban Co-operative Banks - Governance) Amendment Directions, 2026",,https://www.rbi.org.in/Scripts/NotificationUser.aspx?Id=13461&Mode=0,https://www.rbi.org.in/Scripts/NotificationUser.aspx,2026-05-30T08:35:16.198253+00:00
2026-05-22,"Implementation of Section 51A of UAPA, 1967: Updates to UNSC’s 1267/ 1989 ISIL (Da'esh) & Al-Qaida Sanctions List: Removal of 7 Entries",,https://www.rbi.org.in/Scripts/NotificationUser.aspx?Id=13460&Mode=0,https://www.rbi.org.in/Scripts/NotificationUser.aspx,2026-05-30T08:35:16.198253+00:00
2026-05-18,"Reserve Bank of India (Local Area Banks – Financial Statements: Presentation and Disclosures) Third Amendment Directions, 2026",,https://www.rbi.org.in/Scripts/NotificationUser.aspx?Id=13459&Mode=0,https://www.rbi.org.in/Scripts/NotificationUser.aspx,2026-05-30T08:35:16.198253+00:00
2026-05-18,"Reserve Bank of India (Commercial Banks – Financial Statements: Presentation and Disclosures) Sixth Amendment Directions, 2026",,https://www.rbi.org.in/Scripts/NotificationUser.aspx?Id=13458&Mode=0,https://www.rbi.org.in/Scripts/NotificationUser.aspx,2026-05-30T08:35:16.198253+00:00
2026-05-18,"Reserve Bank of India (Commercial Banks – Prudential Norms on Capital Adequacy) Sixth Amendment Directions, 2026",,https://www.rbi.org.in/Scripts/NotificationUser.aspx?Id=13457&Mode=0,https://www.rbi.org.in/Scripts/NotificationUser.aspx,2026-05-30T08:35:16.198253+00:00
2026-05-18,"Reserve Bank of India (Regional Rural Banks - Classification, Valuation, and Operation of Investment Portfolio) Amendment Directions, 2026",,https://www.rbi.org.in/Scripts/NotificationUser.aspx?Id=13456&Mode=0,https://www.rbi.org.in/Scripts/NotificationUser.aspx,2026-05-30T08:35:16.198253+00:00
2026-05-18,"Reserve Bank of India (Rural Co-operative Banks – Classification, Valuation, and Operation of Investment Portfolio) Amendment Directions, 2026",,https://www.rbi.org.in/Scripts/NotificationUser.aspx?Id=13455&Mode=0,https://www.rbi.org.in/Scripts/NotificationUser.aspx,2026-05-30T08:35:16.198253+00:00
2026-05-18,"Reserve Bank of India (Urban Co-operative Banks – Classification, Valuation, and Operation of Investment Portfolio) Amendment Directions, 2026",,https://www.rbi.org.in/Scripts/NotificationUser.aspx?Id=13454&Mode=0,https://www.rbi.org.in/Scripts/NotificationUser.aspx,2026-05-30T08:35:16.198253+00:00
2026-05-18,"Reserve Bank of India (Local Area Banks - Classification, Valuation, and Operation of Investment Portfolio) Amendment Directions, 2026",,https://www.rbi.org.in/Scripts/NotificationUser.aspx?Id=13453&Mode=0,https://www.rbi.org.in/Scripts/NotificationUser.aspx,2026-05-30T08:35:16.198253+00:00
2026-05-18,"Reserve Bank of India (Payments Banks - Classification, Valuation, and Operation of Investment Portfolio) Amendment Directions, 2026",,https://www.rbi.org.in/Scripts/NotificationUser.aspx?Id=13452&Mode=0,https://www.rbi.org.in/Scripts/NotificationUser.aspx,2026-05-30T08:35:16.198253+00:00
2026-05-18,"Reserve Bank of India (Small Finance Banks - Classification, Valuation, and Operation of Investment Portfolio) Amendment Directions, 2026",,https://www.rbi.org.in/Scripts/NotificationUser.aspx?Id=13451&Mode=0,https://www.rbi.org.in/Scripts/NotificationUser.aspx,2026-05-30T08:35:16.198253+00:00
2026-05-18,"Reserve Bank of India (Commercial Banks - Classification, Valuation, and Operation of Investment Portfolio) Second Amendment Directions, 2026",,https://www.rbi.org.in/Scripts/NotificationUser.aspx?Id=13450&Mode=0,https://www.rbi.org.in/Scripts/NotificationUser.aspx,2026-05-30T08:35:16.198253+00:00
2026-05-13,Operating framework for facilitating Outward Remittance services by non-bank entities through Authorized Dealer (Category I) banks in India,,https://www.rbi.org.in/Scripts/NotificationUser.aspx?Id=13449&Mode=0,https://www.rbi.org.in/Scripts/NotificationUser.aspx,2026-05-30T08:35:16.198253+00:00
2026-05-08,"Reserve Bank of India (Payments Banks - Prudential Norms on Capital Adequacy) Second Amendment Directions, 2026",,https://www.rbi.org.in/Scripts/NotificationUser.aspx?Id=13448&Mode=0,https://www.rbi.org.in/Scripts/NotificationUser.aspx,2026-05-30T08:35:16.198253+00:00
2026-05-08,"Reserve Bank of India (Small Finance Banks - Prudential Norms on Capital Adequacy) Fourth Amendment Directions, 2026",,https://www.rbi.org.in/Scripts/NotificationUser.aspx?Id=13447&Mode=0,https://www.rbi.org.in/Scripts/NotificationUser.aspx,2026-05-30T08:35:16.198253+00:00
2026-05-08,"Reserve Bank of India (Commercial Banks - Prudential Norms on Capital Adequacy) Fifth Amendment Directions, 2026",,https://www.rbi.org.in/Scripts/NotificationUser.aspx?Id=13446&Mode=0,https://www.rbi.org.in/Scripts/NotificationUser.aspx,2026-05-30T08:35:16.198253+00:00
2026-05-06,"Issuance of Foreign Exchange Management (Authorised Persons) Regulations, 2026",,https://www.rbi.org.in/Scripts/NotificationUser.aspx?Id=13445&Mode=0,https://www.rbi.org.in/Scripts/NotificationUser.aspx,2026-05-30T08:35:16.198253+00:00
2026-05-06,"Foreign Exchange Management (Authorised Persons) Regulations, 2026",,https://www.rbi.org.in/Scripts/NotificationUser.aspx?Id=13444&Mode=0,https://www.rbi.org.in/Scripts/NotificationUser.aspx,2026-05-30T08:35:16.198253+00:00
2026-04-30,"Reserve Bank of India [Conduct of Government Business by Agency Banks (ABs) – Payment of Agency Commission and Oversight of ABs] Directions, 2026",,https://www.rbi.org.in/Scripts/NotificationUser.aspx?Id=13443&Mode=0,https://www.rbi.org.in/Scripts/NotificationUser.aspx,2026-05-30T08:35:18.814874+00:00
2026-04-30,"Reserve Bank of India [Disbursement of Government Pension by Agency Banks (ABs)] Directions, 2026",,https://www.rbi.org.in/Scripts/NotificationUser.aspx?Id=13442&Mode=0,https://www.rbi.org.in/Scripts/NotificationUser.aspx,2026-05-30T08:35:18.814874+00:00
2026-04-29,"Reserve Bank of India (All India Financial Institutions – Credit Risk Management) Second Amendment Directions, 2026",,https://www.rbi.org.in/Scripts/NotificationUser.aspx?Id=13441&Mode=0,https://www.rbi.org.in/Scripts/NotificationUser.aspx,2026-05-30T08:35:18.814874+00:00
2026-04-29,"Reserve Bank of India (All India Financial Institutions – Responsible Business Conduct) Amendment Directions, 2026",,https://www.rbi.org.in/Scripts/NotificationUser.aspx?Id=13440&Mode=0,https://www.rbi.org.in/Scripts/NotificationUser.aspx,2026-05-30T08:35:18.814874+00:00
2026-04-29,"Reserve Bank of India (All India Financial Institutions – Income Recognition, Asset Classification and Provisioning) Amendment Directions, 2026",,https://www.rbi.org.in/Scripts/NotificationUser.aspx?Id=13439&Mode=0,https://www.rbi.org.in/Scripts/NotificationUser.aspx,2026-05-30T08:35:18.814874+00:00
2026-04-29,"Reserve Bank of India (Regional Rural Banks – Credit Risk Management) Second Amendment Directions, 2026",,https://www.rbi.org.in/Scripts/NotificationUser.aspx?Id=13438&Mode=0,https://www.rbi.org.in/Scripts/NotificationUser.aspx,2026-05-30T08:35:18.814874+00:00
2026-04-29,"Reserve Bank of India (All India Financial Institutions– Resolution of Stressed Assets) Amendment Directions, 2026",,https://www.rbi.org.in/Scripts/NotificationUser.aspx?Id=13437&Mode=0,https://www.rbi.org.in/Scripts/NotificationUser.aspx,2026-05-30T08:35:18.814874+00:00
2026-04-29,"Reserve Bank of India (Rural Cooperative Banks – Credit Risk Management) Second Amendment Directions, 2026",,https://www.rbi.org.in/Scripts/NotificationUser.aspx?Id=13436&Mode=0,https://www.rbi.org.in/Scripts/NotificationUser.aspx,2026-05-30T08:35:18.814874+00:00
2026-04-29,"Reserve Bank of India (Non-Banking Financial Companies – Credit Risk Management) Second Amendment Directions, 2026",,https://www.rbi.org.in/Scripts/NotificationUser.aspx?Id=13435&Mode=0,https://www.rbi.org.in/Scripts/NotificationUser.aspx,2026-05-30T08:35:18.814874+00:00
2026-04-29,"Reserve Bank of India (Regional Rural Banks – Responsible Business Conduct) Amendment Directions, 2026",,https://www.rbi.org.in/Scripts/NotificationUser.aspx?Id=13434&Mode=0,https://www.rbi.org.in/Scripts/NotificationUser.aspx,2026-05-30T08:35:18.814874+00:00
2026-04-29,"Reserve Bank of India (Rural Cooperative Banks – Responsible Business Conduct) Amendment Directions, 2026",,https://www.rbi.org.in/Scripts/NotificationUser.aspx?Id=13433&Mode=0,https://www.rbi.org.in/Scripts/NotificationUser.aspx,2026-05-30T08:35:18.814874+00:00
2026-04-29,"Reserve Bank of India (Relief Measures by Banks in Areas affected by Natural Calamities) Directions 2018 – RRBs Repeal Directions, 2026",,https://www.rbi.org.in/Scripts/NotificationUser.aspx?Id=13432&Mode=0,https://www.rbi.org.in/Scripts/NotificationUser.aspx,2026-05-30T08:35:18.814874+00:00
2026-04-29,"Reserve Bank of India (Non-Banking Financial Companies – Responsible Business Conduct) Amendment Directions, 2026",,https://www.rbi.org.in/Scripts/NotificationUser.aspx?Id=13431&Mode=0,https://www.rbi.org.in/Scripts/NotificationUser.aspx,2026-05-30T08:35:18.814874+00:00
2026-04-29,"Reserve Bank of India (Regional Rural Banks – Income Recognition, Asset Classification and Provisioning) Amendment Directions, 2026",,https://www.rbi.org.in/Scripts/NotificationUser.aspx?Id=13430&Mode=0,https://www.rbi.org.in/Scripts/NotificationUser.aspx,2026-05-30T08:35:18.814874+00:00
2026-04-29,"Reserve Bank of India (Rural Cooperative Banks – Income Recognition, Asset Classification and Provisioning) Amendment Directions, 2026",,https://www.rbi.org.in/Scripts/NotificationUser.aspx?Id=13429&Mode=0,https://www.rbi.org.in/Scripts/NotificationUser.aspx,2026-05-30T08:35:18.814874+00:00
2026-04-29,"Reserve Bank of India (Non-Banking Financial Companies – Income Recognition, Asset Classification and Provisioning) Amendment Directions, 2026",,https://www.rbi.org.in/Scripts/NotificationUser.aspx?Id=13428&Mode=0,https://www.rbi.org.in/Scripts/NotificationUser.aspx,2026-05-30T08:35:18.814874+00:00
2026-04-29,"Reserve Bank of India (Relief Measures by Banks in Areas affected by Natural Calamities) Directions 2018 – SCBs Repeal Directions, 2026",,https://www.rbi.org.in/Scripts/NotificationUser.aspx?Id=13427&Mode=0,https://www.rbi.org.in/Scripts/NotificationUser.aspx,2026-05-30T08:35:18.814874+00:00
2026-04-29,"Reserve Bank of India (Regional Rural Banks – Resolution of Stressed Assets) Amendment Directions, 2026",,https://www.rbi.org.in/Scripts/NotificationUser.aspx?Id=13426&Mode=0,https://www.rbi.org.in/Scripts/NotificationUser.aspx,2026-05-30T08:35:18.814874+00:00
2026-04-29,"Reserve Bank of India (Rural Cooperative Banks – Resolution of Stressed Assets) Amendment Directions, 2026",,https://www.rbi.org.in/Scripts/NotificationUser.aspx?Id=13425&Mode=0,https://www.rbi.org.in/Scripts/NotificationUser.aspx,2026-05-30T08:35:18.814874+00:00
2026-04-29,"Reserve Bank of India (Non-Banking Financial Companies – Resolution of Stressed Assets) Amendment Directions, 2026",,https://www.rbi.org.in/Scripts/NotificationUser.aspx?Id=13424&Mode=0,https://www.rbi.org.in/Scripts/NotificationUser.aspx,2026-05-30T08:35:18.814874+00:00
2026-04-29,"Reserve Bank of India (Urban Cooperative Banks – Credit Risk Management) Second Amendment Directions, 2026",,https://www.rbi.org.in/Scripts/NotificationUser.aspx?Id=13423&Mode=0,https://www.rbi.org.in/Scripts/NotificationUser.aspx,2026-05-30T08:35:18.814874+00:00
2026-04-29,"Reserve Bank of India (Local Area Banks – Credit Risk Management) Second Amendment Directions, 2026",,https://www.rbi.org.in/Scripts/NotificationUser.aspx?Id=13422&Mode=0,https://www.rbi.org.in/Scripts/NotificationUser.aspx,2026-05-30T08:35:18.814874+00:00
2026-04-29,"Reserve Bank of India (Urban Cooperative Banks – Responsible Business Conduct) Amendment Directions, 2026",,https://www.rbi.org.in/Scripts/NotificationUser.aspx?Id=13421&Mode=0,https://www.rbi.org.in/Scripts/NotificationUser.aspx,2026-05-30T08:35:18.814874+00:00
2026-04-29,"Reserve Bank of India (Local Area Banks – Responsible Business Conduct) Amendment Directions, 2026",,https://www.rbi.org.in/Scripts/NotificationUser.aspx?Id=13420&Mode=0,https://www.rbi.org.in/Scripts/NotificationUser.aspx,2026-05-30T08:35:18.814874+00:00
2026-04-29,"Reserve Bank of India (Small Finance Banks – Credit Risk Management) Second Amendment Directions, 2026",,https://www.rbi.org.in/Scripts/NotificationUser.aspx?Id=13419&Mode=0,https://www.rbi.org.in/Scripts/NotificationUser.aspx,2026-05-30T08:35:18.814874+00:00
2026-04-29,"Reserve Bank of India (Urban Cooperative Banks – Income Recognition, Asset Classification and Provisioning) Amendment Directions, 2026",,https://www.rbi.org.in/Scripts/NotificationUser.aspx?Id=13418&Mode=0,https://www.rbi.org.in/Scripts/NotificationUser.aspx,2026-05-30T08:35:18.814874+00:00
2026-04-29,"Reserve Bank of India (Small Finance Banks – Responsible Business Conduct) Amendment Directions, 2026",,https://www.rbi.org.in/Scripts/NotificationUser.aspx?Id=13417&Mode=0,https://www.rbi.org.in/Scripts/NotificationUser.aspx,2026-05-30T08:35:18.814874+00:00
2026-04-29,"Reserve Bank of India (Urban Cooperative Banks – Resolution of Stressed Assets) Second Amendment Directions, 2026",,https://www.rbi.org.in/Scripts/NotificationUser.aspx?Id=13416&Mode=0,https://www.rbi.org.in/Scripts/NotificationUser.aspx,2026-05-30T08:35:18.814874+00:00
2026-04-29,"Reserve Bank of India (Local Area Banks – Income Recognition, Asset Classification and Provisioning) Amendment Directions, 2026",,https://www.rbi.org.in/Scripts/NotificationUser.aspx?Id=13415&Mode=0,https://www.rbi.org.in/Scripts/NotificationUser.aspx,2026-05-30T08:35:18.814874+00:00
2026-04-29,"Reserve Bank of India (Small Finance Banks – Income Recognition, Asset Classification and Provisioning) Amendment Directions, 2026",,https://www.rbi.org.in/Scripts/NotificationUser.aspx?Id=13414&Mode=0,https://www.rbi.org.in/Scripts/NotificationUser.aspx,2026-05-30T08:35:18.814874+00:00
2026-04-29,"Reserve Bank of India (Commercial Banks – Credit Risk Management) Third Amendment Directions, 2026",,https://www.rbi.org.in/Scripts/NotificationUser.aspx?Id=13413&Mode=0,https://www.rbi.org.in/Scripts/NotificationUser.aspx,2026-05-30T08:35:18.814874+00:00
2026-04-29,"Reserve Bank of India (Small Finance Banks – Resolution of Stressed Assets) Amendment Directions, 2026",,https://www.rbi.org.in/Scripts/NotificationUser.aspx?Id=13412&Mode=0,https://www.rbi.org.in/Scripts/NotificationUser.aspx,2026-05-30T08:35:18.814874+00:00
2026-04-29,"Reserve Bank of India (Local Area Banks – Resolution of Stressed Assets) Amendment Directions, 2026",,https://www.rbi.org.in/Scripts/NotificationUser.aspx?Id=13411&Mode=0,https://www.rbi.org.in/Scripts/NotificationUser.aspx,2026-05-30T08:35:18.814874+00:00
2026-04-29,"Reserve Bank of India (Commercial Banks – Responsible Business Conduct) Amendment Directions, 2026",,https://www.rbi.org.in/Scripts/NotificationUser.aspx?Id=13410&Mode=0,https://www.rbi.org.in/Scripts/NotificationUser.aspx,2026-05-30T08:35:18.814874+00:00
2026-04-29,"Reserve Bank of India (Commercial Banks – Income Recognition, Asset Classification and Provisioning) Amendment Directions, 2026",,https://www.rbi.org.in/Scripts/NotificationUser.aspx?Id=13409&Mode=0,https://www.rbi.org.in/Scripts/NotificationUser.aspx,2026-05-30T08:35:18.814874+00:00
2026-04-29,"Reserve Bank of India (Commercial Banks – Resolution of Stressed Assets) Second Amendment Directions, 2026",,https://www.rbi.org.in/Scripts/NotificationUser.aspx?Id=13408&Mode=0,https://www.rbi.org.in/Scripts/NotificationUser.aspx,2026-05-30T08:35:18.814874+00:00
2026-04-29,"Reserve Bank of India (Non-Banking Financial Companies – Registration, Exemptions and Framework for Scale Based Regulation) Amendment Directions, 2026",,https://www.rbi.org.in/Scripts/NotificationUser.aspx?Id=13407&Mode=0,https://www.rbi.org.in/Scripts/NotificationUser.aspx,2026-05-30T08:35:18.814874+00:00
2026-04-29,"Implementation of Section 51A of UAPA, 1967: Updates to UNSC’s 1988 (2011) Taliban Sanctions List: Amendment of 17 Entries",,https://www.rbi.org.in/Scripts/NotificationUser.aspx?Id=13406&Mode=0,https://www.rbi.org.in/Scripts/NotificationUser.aspx,2026-05-30T08:35:18.814874+00:00
2026-04-29,"Reserve Bank of India (Urban Co-operative Banks – Financial Statements: Presentation and Disclosures) – Second Amendment Directions, 2026",,https://www.rbi.org.in/Scripts/NotificationUser.aspx?Id=13405&Mode=0,https://www.rbi.org.in/Scripts/NotificationUser.aspx,2026-05-30T08:35:18.814874+00:00
2026-04-29,"Reserve Bank of India (Urban Co-operative Banks – Credit Facilities) – Amendment Directions, 2026",,https://www.rbi.org.in/Scripts/NotificationUser.aspx?Id=13404&Mode=0,https://www.rbi.org.in/Scripts/NotificationUser.aspx,2026-05-30T08:35:18.814874+00:00
2026-04-29,"Reserve Bank of India (Urban Co-operative Banks – Concentration Risk Management) – Amendment Directions, 2026",,https://www.rbi.org.in/Scripts/NotificationUser.aspx?Id=13403&Mode=0,https://www.rbi.org.in/Scripts/NotificationUser.aspx,2026-05-30T08:35:18.814874+00:00
2026-04-27,Reporting instructions for Authorised Dealer Category-I Banks,,https://www.rbi.org.in/Scripts/NotificationUser.aspx?Id=13402&Mode=0,https://www.rbi.org.in/Scripts/NotificationUser.aspx,2026-05-30T08:35:18.814874+00:00
2026-04-27,"Master Direction - Reserve Bank of India (Access Criteria for NDS-OM) Directions, 2025",,https://www.rbi.org.in/Scripts/NotificationUser.aspx?Id=13401&Mode=0,https://www.rbi.org.in/Scripts/NotificationUser.aspx,2026-05-30T08:35:18.814874+00:00
2026-04-27,"Reserve Bank of India (Commercial Banks - Asset Classification, Provisioning and Income Recognition) Directions, 2026",,https://www.rbi.org.in/Scripts/NotificationUser.aspx?Id=13400&Mode=0,https://www.rbi.org.in/Scripts/NotificationUser.aspx,2026-05-30T08:35:18.814874+00:00
2026-04-27,"Reserve Bank of India (Commercial Banks - Capital Charge for Credit Risk – Standardised Approach) Directions, 2026 (Effective from April 1, 2027)",,https://www.rbi.org.in/Scripts/NotificationUser.aspx?Id=13399&Mode=0,https://www.rbi.org.in/Scripts/NotificationUser.aspx,2026-05-30T08:35:18.814874+00:00
2026-04-27,"Reserve Bank of India (Commercial Banks – Undertaking of Financial Services) – Second Amendment Directions, 2026",,https://www.rbi.org.in/Scripts/NotificationUser.aspx?Id=13398&Mode=0,https://www.rbi.org.in/Scripts/NotificationUser.aspx,2026-05-30T08:35:18.814874+00:00
2026-04-27,"Reserve Bank of India (Commercial Banks – Credit Risk Management) - Second Amendment Directions, 2026",,https://www.rbi.org.in/Scripts/NotificationUser.aspx?Id=13397&Mode=0,https://www.rbi.org.in/Scripts/NotificationUser.aspx,2026-05-30T08:35:18.814874+00:00
2026-04-27,"Reserve Bank of India (Commercial Banks – Income Recognition, Asset Classification and Provisioning) Repeal Directions, 2026",,https://www.rbi.org.in/Scripts/NotificationUser.aspx?Id=13396&Mode=0,https://www.rbi.org.in/Scripts/NotificationUser.aspx,2026-05-30T08:35:18.814874+00:00
2026-04-27,"Reserve Bank of India (Commercial Banks – Credit Facilities) Second Amendment Directions, 2026",,https://www.rbi.org.in/Scripts/NotificationUser.aspx?Id=13395&Mode=0,https://www.rbi.org.in/Scripts/NotificationUser.aspx,2026-05-30T08:35:18.814874+00:00
2026-04-27,"Reserve Bank of India (Urban Co-operative Banks – Undertaking of Financial Services) – Amendment Directions, 2026",,https://www.rbi.org.in/Scripts/NotificationUser.aspx?Id=13394&Mode=0,https://www.rbi.org.in/Scripts/NotificationUser.aspx,2026-05-30T08:35:18.814874+00:00
2026-04-27,"Reserve Bank of India (Commercial Banks – Financial Statements: Presentation and Disclosures)- Seventh Amendment Directions, 2026",,https://www.rbi.org.in/Scripts/NotificationUser.aspx?Id=13393&Mode=0,https://www.rbi.org.in/Scripts/NotificationUser.aspx,2026-05-30T08:35:18.814874+00:00
2026-04-27,"Reserve Bank of India (Commercial Banks – Asset Liability Management) - Amendment Directions, 2026",,https://www.rbi.org.in/Scripts/NotificationUser.aspx?Id=13392&Mode=0,https://www.rbi.org.in/Scripts/NotificationUser.aspx,2026-05-30T08:35:18.814874+00:00
2026-04-27,"Reserve Bank of India (Commercial Banks – Classification, Valuation, and Operation of Investment Portfolio)- Amendment Directions, 2026",,https://www.rbi.org.in/Scripts/NotificationUser.aspx?Id=13391&Mode=0,https://www.rbi.org.in/Scripts/NotificationUser.aspx,2026-05-30T08:35:18.814874+00:00
2026-04-27,"Reserve Bank of India (Commercial Banks - Transfer and Distribution of Credit Risk) Amendment Directions, 2026",,https://www.rbi.org.in/Scripts/NotificationUser.aspx?Id=13390&Mode=0,https://www.rbi.org.in/Scripts/NotificationUser.aspx,2026-05-30T08:35:18.814874+00:00
2026-04-27,"Reserve Bank of India (Small Finance Banks – Undertaking of Financial Services) – Amendment Directions, 2026",,https://www.rbi.org.in/Scripts/NotificationUser.aspx?Id=13389&Mode=0,https://www.rbi.org.in/Scripts/NotificationUser.aspx,2026-05-30T08:35:18.814874+00:00
2026-04-27,"Reserve Bank of India (Commercial Banks – Credit Cards and Debit Cards: Issuance and Conduct) - Amendment Directions, 2026",,https://www.rbi.org.in/Scripts/NotificationUser.aspx?Id=13388&Mode=0,https://www.rbi.org.in/Scripts/NotificationUser.aspx,2026-05-30T08:35:18.814874+00:00
2026-04-27,"Reserve Bank of India (Commercial Banks - Prudential Norms on Capital Adequacy) Fourth Amendment Directions, 2026",,https://www.rbi.org.in/Scripts/NotificationUser.aspx?Id=13387&Mode=0,https://www.rbi.org.in/Scripts/NotificationUser.aspx,2026-05-30T08:35:18.814874+00:00
2026-04-27,"Reserve Bank of India (Regional Rural Banks – Undertaking of Financial Services) – Amendment Directions, 2026",,https://www.rbi.org.in/Scripts/NotificationUser.aspx?Id=13386&Mode=0,https://www.rbi.org.in/Scripts/NotificationUser.aspx,2026-05-30T08:35:18.814874+00:00
2026-04-27,"Reserve Bank of India (Urban Cooperative Banks – Resolution of Stressed Assets)- Amendment Directions, 2026",,https://www.rbi.org.in/Scripts/NotificationUser.aspx?Id=13385&Mode=0,https://www.rbi.org.in/Scripts/NotificationUser.aspx,2026-05-30T08:35:18.814874+00:00
2026-04-27,"Reserve Bank of India (Commercial Banks – Treatment of Wilful Defaulters and Large Defaulters) - Amendment Directions, 2026",,https://www.rbi.org.in/Scripts/NotificationUser.aspx?Id=13384&Mode=0,https://www.rbi.org.in/Scripts/NotificationUser.aspx,2026-05-30T08:35:18.814874+00:00
2026-04-27,"Reserve Bank of India (Commercial Banks – Resolution of Stressed Assets) Amendment Directions, 2026",,https://www.rbi.org.in/Scripts/NotificationUser.aspx?Id=13383&Mode=0,https://www.rbi.org.in/Scripts/NotificationUser.aspx,2026-05-30T08:35:18.814874+00:00
2026-04-27,"Reserve Bank of India (Non-Operative Financial Holding Companies)- Amendment Directions, 2026",,https://www.rbi.org.in/Scripts/NotificationUser.aspx?Id=13382&Mode=0,https://www.rbi.org.in/Scripts/NotificationUser.aspx,2026-05-30T08:35:18.814874+00:00
2026-04-27,"Reserve Bank of India (Rural Co-operative Banks– Undertaking of Financial Services) – Amendment Directions, 2026",,https://www.rbi.org.in/Scripts/NotificationUser.aspx?Id=13381&Mode=0,https://www.rbi.org.in/Scripts/NotificationUser.aspx,2026-05-30T08:35:18.814874+00:00
2026-04-27,"Reserve Bank of India (Commercial Banks - Concentration Risk Management) - Second Amendment Directions, 2026",,https://www.rbi.org.in/Scripts/NotificationUser.aspx?Id=13380&Mode=0,https://www.rbi.org.in/Scripts/NotificationUser.aspx,2026-05-30T08:35:18.814874+00:00
2026-04-27,"Reserve Bank of India (Non-Banking Financial Companies– Undertaking of Financial Services) –Amendment Directions, 2026",,https://www.rbi.org.in/Scripts/NotificationUser.aspx?Id=13379&Mode=0,https://www.rbi.org.in/Scripts/NotificationUser.aspx,2026-05-30T08:35:18.814874+00:00
2026-04-27,"Reserve Bank of India (All India Financial Institutions – Undertaking of Financial Services) –Amendment Directions, 2026",,https://www.rbi.org.in/Scripts/NotificationUser.aspx?Id=13378&Mode=0,https://www.rbi.org.in/Scripts/NotificationUser.aspx,2026-05-30T08:35:18.814874+00:00
2026-04-27,"Reserve Bank of India (Local Area Banks – Miscellaneous) – Amendment Directions, 2026",,https://www.rbi.org.in/Scripts/NotificationUser.aspx?Id=13377&Mode=0,https://www.rbi.org.in/Scripts/NotificationUser.aspx,2026-05-30T08:35:18.814874+00:00
2026-04-21,"Digital Payments – E-mandate Framework, 2026",,https://www.rbi.org.in/Scripts/NotificationUser.aspx?Id=13374&Mode=0,https://www.rbi.org.in/Scripts/NotificationUser.aspx,2026-05-30T08:35:18.814874+00:00
2026-04-20,Risk Management and Inter-Bank Dealings,,https://www.rbi.org.in/Scripts/NotificationUser.aspx?Id=13373&Mode=0,https://www.rbi.org.in/Scripts/NotificationUser.aspx,2026-05-30T08:35:18.814874+00:00
2026-04-17,"Implementation of Section 51A of UAPA, 1967: Updates to UNSC’s 1988 (2011) Taliban Sanctions List: Amendment of 3 Entries",,https://www.rbi.org.in/Scripts/NotificationUser.aspx?Id=13372&Mode=0,https://www.rbi.org.in/Scripts/NotificationUser.aspx,2026-05-30T08:35:18.814874+00:00
2026-04-15,"Implementation of Section 51A of UAPA, 1967: Updates to UNSC’s 1988 (2011) Taliban Sanctions List: Amendment of 04 Entries",,https://www.rbi.org.in/Scripts/NotificationUser.aspx?Id=13371&Mode=0,https://www.rbi.org.in/Scripts/NotificationUser.aspx,2026-05-30T08:35:18.814874+00:00
2026-04-15,"Reserve Bank of India (Non-Banking Financial Companies – Branch Authorisation) Amendment Directions, 2026",,https://www.rbi.org.in/Scripts/NotificationUser.aspx?Id=13370&Mode=0,https://www.rbi.org.in/Scripts/NotificationUser.aspx,2026-05-30T08:35:18.814874+00:00
2026-04-10,"Master Direction - Reserve Bank of India (Non-resident Investment in Debt Instruments) Directions, 2025 – amendment",,https://www.rbi.org.in/Scripts/NotificationUser.aspx?Id=13369&Mode=0,https://www.rbi.org.in/Scripts/NotificationUser.aspx,2026-05-30T08:35:18.814874+00:00
2026-04-10,Formation of new districts in the State of Andhra Pradesh – Assignment of Lead Bank Responsibility,,https://www.rbi.org.in/Scripts/NotificationUser.aspx?Id=13368&Mode=0,https://www.rbi.org.in/Scripts/NotificationUser.aspx,2026-05-30T08:35:18.814874+00:00
2026-04-09,Guidelines to facilitate faster cross-border inward payments,,https://www.rbi.org.in/Scripts/NotificationUser.aspx?Id=13367&Mode=0,https://www.rbi.org.in/Scripts/NotificationUser.aspx,2026-05-30T08:35:18.814874+00:00
2026-04-06,Limits for investment in debt and sale of Credit Default Swaps by Foreign Portfolio Investors (FPIs),,https://www.rbi.org.in/Scripts/NotificationUser.aspx?Id=13366&Mode=0,https://www.rbi.org.in/Scripts/NotificationUser.aspx,2026-05-30T08:35:18.814874+00:00
2026-04-02,"Floating Rate Savings Bonds, 2020 (Taxable) - FRSB 2020 (T) - Operational Guidelines",,https://www.rbi.org.in/Scripts/NotificationUser.aspx?Id=13365&Mode=0,https://www.rbi.org.in/Scripts/NotificationUser.aspx,2026-05-30T08:35:18.814874+00:00
2026-04-02,Memorandum of Instructions governing money changing activities – Location of Forex Counters in International Airports in India,,https://www.rbi.org.in/Scripts/NotificationUser.aspx?Id=13364&Mode=0,https://www.rbi.org.in/Scripts/NotificationUser.aspx,2026-05-30T08:35:18.814874+00:00
2026-04-01,Risk Management and Inter-Bank Dealings ( Revised ),,https://www.rbi.org.in/Scripts/NotificationUser.aspx?Id=13363&Mode=0,https://www.rbi.org.in/Scripts/NotificationUser.aspx,2026-05-30T08:35:18.814874+00:00
2026-04-01,Master Direction – Facility for Exchange of Notes and Coins,,https://www.rbi.org.in/Scripts/NotificationUser.aspx?Id=13362&Mode=0,https://www.rbi.org.in/Scripts/NotificationUser.aspx,2026-05-30T08:35:18.814874+00:00
2026-04-01,"Master Direction on Counterfeit Notes – Detection, Reporting and Monitoring",,https://www.rbi.org.in/Scripts/NotificationUser.aspx?Id=13361&Mode=0,https://www.rbi.org.in/Scripts/NotificationUser.aspx,2026-05-30T08:35:18.814874+00:00
2026-04-01,"Master Direction on Incentives for Currency Distribution and Exchange and Penalties / Penal Provisions for Bank Branches and Currency Chests for Deficiency in Rendering Customer Service and Reporting of Transactions / Balances ( Updated as on May 27, 2026 )",,https://www.rbi.org.in/Scripts/NotificationUser.aspx?Id=13360&Mode=0,https://www.rbi.org.in/Scripts/NotificationUser.aspx,2026-05-30T08:35:18.814874+00:00
2026-04-01,Overseas Investment – Submission of References to the Reserve Bank,,https://www.rbi.org.in/Scripts/NotificationUser.aspx?Id=13359&Mode=0,https://www.rbi.org.in/Scripts/NotificationUser.aspx,2026-05-30T08:35:18.814874+00:00
2026-04-01,"Reporting under Foreign Exchange Management Act, 1999 – Returns pertaining to Foreign Exchange Management (Guarantees) Regulations, 2026",,https://www.rbi.org.in/Scripts/NotificationUser.aspx?Id=13358&Mode=0,https://www.rbi.org.in/Scripts/NotificationUser.aspx,2026-05-30T08:35:18.814874+00:00
2026-04-01,"Implementation of Section 51A of UAPA, 1967: Updates to UNSC’s 1267/ 1989 ISIL (Da'esh) & Al-Qaida Sanctions List: Listing of 01 Entry",,https://www.rbi.org.in/Scripts/NotificationUser.aspx?Id=13357&Mode=0,https://www.rbi.org.in/Scripts/NotificationUser.aspx,2026-05-30T08:35:18.814874+00:00
2026-03-31,Formation of new district in the State of Goa – Assignment of Lead Bank Responsibility,,https://www.rbi.org.in/Scripts/NotificationUser.aspx?Id=13356&Mode=0,https://www.rbi.org.in/Scripts/NotificationUser.aspx,2026-05-30T08:35:21.311333+00:00
2026-03-31,"Reserve Bank of India (Trade Relief Measures) Directions, 2026",,https://www.rbi.org.in/Scripts/NotificationUser.aspx?Id=13355&Mode=0,https://www.rbi.org.in/Scripts/NotificationUser.aspx,2026-05-30T08:35:21.311333+00:00
2026-03-30,"Reserve Bank of India (Small Finance Banks – Financial Statements: Presentation and Disclosures) – Second Amendment Directions, 2026 (Revised)",,https://www.rbi.org.in/Scripts/NotificationUser.aspx?Id=13354&Mode=0,https://www.rbi.org.in/Scripts/NotificationUser.aspx,2026-05-30T08:35:21.311333+00:00
2026-03-30,"Reserve Bank of India (Small Finance Banks - Prudential Norms on Capital Adequacy) Second Amendment Directions, 2026 (Revised)",,https://www.rbi.org.in/Scripts/NotificationUser.aspx?Id=13353&Mode=0,https://www.rbi.org.in/Scripts/NotificationUser.aspx,2026-05-30T08:35:21.311333+00:00
2026-03-30,"Reserve Bank of India (Small Finance Banks - Concentration Risk Management) Amendment Directions, 2026 (Revised)",,https://www.rbi.org.in/Scripts/NotificationUser.aspx?Id=13352&Mode=0,https://www.rbi.org.in/Scripts/NotificationUser.aspx,2026-05-30T08:35:21.311333+00:00
2026-03-30,"Reserve Bank of India (Small Finance Banks – Credit Facilities) Amendment Directions, 2026 (Revised)",,https://www.rbi.org.in/Scripts/NotificationUser.aspx?Id=13351&Mode=0,https://www.rbi.org.in/Scripts/NotificationUser.aspx,2026-05-30T08:35:21.311333+00:00
2026-03-30,"Reserve Bank of India (Commercial Banks – Undertaking of Financial Services) – Amendment Directions, 2026 (Revised)",,https://www.rbi.org.in/Scripts/NotificationUser.aspx?Id=13350&Mode=0,https://www.rbi.org.in/Scripts/NotificationUser.aspx,2026-05-30T08:35:21.311333+00:00
2026-03-30,"Reserve Bank of India (Commercial Banks – Financial Statements: Presentation and Disclosures) – Third Amendment Directions, 2026 (Revised)",,https://www.rbi.org.in/Scripts/NotificationUser.aspx?Id=13349&Mode=0,https://www.rbi.org.in/Scripts/NotificationUser.aspx,2026-05-30T08:35:21.311333+00:00
2026-03-30,"Reserve Bank of India (Commercial Banks - Prudential Norms on Capital Adequacy) Second Amendment Directions, 2026 (Revised)",,https://www.rbi.org.in/Scripts/NotificationUser.aspx?Id=13348&Mode=0,https://www.rbi.org.in/Scripts/NotificationUser.aspx,2026-05-30T08:35:21.311333+00:00
2026-03-30,"Reserve Bank of India (Commercial Banks - Concentration Risk Management) Amendment Directions, 2026 (Revised)",,https://www.rbi.org.in/Scripts/NotificationUser.aspx?Id=13347&Mode=0,https://www.rbi.org.in/Scripts/NotificationUser.aspx,2026-05-30T08:35:21.311333+00:00
2026-03-30,"Reserve Bank of India (Commercial Banks – Credit Facilities) Amendment Directions, 2026 (Revised)",,https://www.rbi.org.in/Scripts/NotificationUser.aspx?Id=13346&Mode=0,https://www.rbi.org.in/Scripts/NotificationUser.aspx,2026-05-30T08:35:21.311333+00:00
2026-03-30,"Reporting under Foreign Exchange Management Act, 1999 – Returns pertaining to External Commercial Borrowing (ECB)",,https://www.rbi.org.in/Scripts/NotificationUser.aspx?Id=13345&Mode=0,https://www.rbi.org.in/Scripts/NotificationUser.aspx,2026-05-30T08:35:21.311333+00:00
2026-03-27,NOP-INR position of Authorised Dealers,,https://www.rbi.org.in/Scripts/NotificationUser.aspx?Id=13344&Mode=0,https://www.rbi.org.in/Scripts/NotificationUser.aspx,2026-05-30T08:35:21.311333+00:00
2026-03-27,"Master Direction - Reserve Bank of India (Unique Identifiers in Financial Markets) Directions, 2026",,https://www.rbi.org.in/Scripts/NotificationUser.aspx?Id=13343&Mode=0,https://www.rbi.org.in/Scripts/NotificationUser.aspx,2026-05-30T08:35:21.311333+00:00
2026-03-27,"Implementation of Section 51A of UAPA, 1967: Updates to UNSC’s 1267/ 1989 ISIL (Da'esh) & Al-Qaida Sanctions List: Listing of 02 Entries",,https://www.rbi.org.in/Scripts/NotificationUser.aspx?Id=13342&Mode=0,https://www.rbi.org.in/Scripts/NotificationUser.aspx,2026-05-30T08:35:21.311333+00:00
2026-03-16,"Currency Chest operations on March 31, 2026",,https://www.rbi.org.in/Scripts/NotificationUser.aspx?Id=13341&Mode=0,https://www.rbi.org.in/Scripts/NotificationUser.aspx,2026-05-30T08:35:21.311333+00:00
2026-03-16,"Reserve Bank of India (Rural Co-operative Banks – Financial Statements: Presentation and Disclosures) – Second Amendment Directions, 2026",,https://www.rbi.org.in/Scripts/NotificationUser.aspx?Id=13340&Mode=0,https://www.rbi.org.in/Scripts/NotificationUser.aspx,2026-05-30T08:35:21.311333+00:00
2026-03-16,"Reserve Bank of India (Urban Co-operative Banks – Financial Statements: Presentation and Disclosures) – Third Amendment Directions, 2026",,https://www.rbi.org.in/Scripts/NotificationUser.aspx?Id=13339&Mode=0,https://www.rbi.org.in/Scripts/NotificationUser.aspx,2026-05-30T08:35:21.311333+00:00
2026-03-16,"Reserve Bank of India (Local Area Banks – Financial Statements: Presentation and Disclosures) Second Amendment Directions, 2026",,https://www.rbi.org.in/Scripts/NotificationUser.aspx?Id=13338&Mode=0,https://www.rbi.org.in/Scripts/NotificationUser.aspx,2026-05-30T08:35:21.311333+00:00
2026-03-16,"Foreign Exchange Management (Export and Import of Currency) (Amendment) Regulations, 2026",,https://www.rbi.org.in/Scripts/NotificationUser.aspx?Id=13337&Mode=0,https://www.rbi.org.in/Scripts/NotificationUser.aspx,2026-05-30T08:35:21.311333+00:00
2026-03-16,"Reserve Bank of India (Payments Banks – Financial Statements: Presentation and Disclosures) Amendment Directions, 2026",,https://www.rbi.org.in/Scripts/NotificationUser.aspx?Id=13336&Mode=0,https://www.rbi.org.in/Scripts/NotificationUser.aspx,2026-05-30T08:35:21.311333+00:00
2026-03-16,"Reserve Bank of India (Regional Rural Banks – Financial Statements: Presentation and Disclosures) – Second Amendment Directions, 2026",,https://www.rbi.org.in/Scripts/NotificationUser.aspx?Id=13335&Mode=0,https://www.rbi.org.in/Scripts/NotificationUser.aspx,2026-05-30T08:35:21.311333+00:00
2026-03-16,"Reserve Bank of India (Small Finance Banks – Financial Statements: Presentation and Disclosures) – Third Amendment Directions, 2026",,https://www.rbi.org.in/Scripts/NotificationUser.aspx?Id=13334&Mode=0,https://www.rbi.org.in/Scripts/NotificationUser.aspx,2026-05-30T08:35:21.311333+00:00
2026-03-16,"Reserve Bank of India (Commercial Banks – Financial Statements: Presentation and Disclosures) – Fifth Amendment Directions, 2026",,https://www.rbi.org.in/Scripts/NotificationUser.aspx?Id=13333&Mode=0,https://www.rbi.org.in/Scripts/NotificationUser.aspx,2026-05-30T08:35:21.311333+00:00
2026-03-11,"Implementation of Section 51A of UAPA, 1967: Updates to UNSC’s 1988 (2011) Taliban Sanctions List: Amendment of 22 Entries: UAPA Update 02 of 2026",,https://www.rbi.org.in/Scripts/NotificationUser.aspx?Id=13332&Mode=0,https://www.rbi.org.in/Scripts/NotificationUser.aspx,2026-05-30T08:35:21.311333+00:00
2026-03-10,"Reserve Bank of India (All India Financial Institutions (AIFIs) - Prudential Norms on Capital Adequacy) Second Amendment Directions, 2026",,https://www.rbi.org.in/Scripts/NotificationUser.aspx?Id=13331&Mode=0,https://www.rbi.org.in/Scripts/NotificationUser.aspx,2026-05-30T08:35:21.311333+00:00
2026-03-10,"Reserve Bank of India (Payments Banks - Prudential Norms on Capital Adequacy) Amendment Directions, 2026",,https://www.rbi.org.in/Scripts/NotificationUser.aspx?Id=13330&Mode=0,https://www.rbi.org.in/Scripts/NotificationUser.aspx,2026-05-30T08:35:21.311333+00:00
2026-03-10,"Reserve Bank of India (Small Finance Banks - Prudential Norms on Capital Adequacy) Third Amendment Directions, 2026",,https://www.rbi.org.in/Scripts/NotificationUser.aspx?Id=13329&Mode=0,https://www.rbi.org.in/Scripts/NotificationUser.aspx,2026-05-30T08:35:21.311333+00:00
2026-03-10,"Reserve Bank of India (Small Finance Banks – Prudential Norms on Declaration of Dividend) Directions, 2026",,https://www.rbi.org.in/Scripts/NotificationUser.aspx?Id=13328&Mode=0,https://www.rbi.org.in/Scripts/NotificationUser.aspx,2026-05-30T08:35:21.311333+00:00
2026-03-10,"Reserve Bank of India (Regional Rural Banks – Prudential Norms on Declaration of Dividend) Directions, 2026",,https://www.rbi.org.in/Scripts/NotificationUser.aspx?Id=13327&Mode=0,https://www.rbi.org.in/Scripts/NotificationUser.aspx,2026-05-30T08:35:21.311333+00:00
2026-03-10,"Reserve Bank of India (Commercial Banks - Prudential Norms on Capital Adequacy) Third Amendment Directions, 2026",,https://www.rbi.org.in/Scripts/NotificationUser.aspx?Id=13326&Mode=0,https://www.rbi.org.in/Scripts/NotificationUser.aspx,2026-05-30T08:35:21.311333+00:00
2026-03-10,"Reserve Bank of India (Local Area Banks – Prudential Norms on Declaration of Dividends) Repeal Directions, 2026",,https://www.rbi.org.in/Scripts/NotificationUser.aspx?Id=13325&Mode=0,https://www.rbi.org.in/Scripts/NotificationUser.aspx,2026-05-30T08:35:21.311333+00:00
2026-03-10,"Reserve Bank of India (Local Area Banks – Prudential Norms on Declaration of Dividend) Directions, 2026",,https://www.rbi.org.in/Scripts/NotificationUser.aspx?Id=13324&Mode=0,https://www.rbi.org.in/Scripts/NotificationUser.aspx,2026-05-30T08:35:21.311333+00:00
2026-03-10,"Reserve Bank of India (Payment Banks – Prudential Norms on Declaration of Dividends) Repeal Directions, 2026",,https://www.rbi.org.in/Scripts/NotificationUser.aspx?Id=13323&Mode=0,https://www.rbi.org.in/Scripts/NotificationUser.aspx,2026-05-30T08:35:21.311333+00:00
2026-03-10,"Reserve Bank of India (Small Finance Banks – Prudential Norms on Declaration of Dividends) Repeal Directions, 2026",,https://www.rbi.org.in/Scripts/NotificationUser.aspx?Id=13322&Mode=0,https://www.rbi.org.in/Scripts/NotificationUser.aspx,2026-05-30T08:35:21.311333+00:00
2026-03-10,"Reserve Bank of India (Payments Banks – Prudential Norms on Declaration of Dividend) Directions, 2026",,https://www.rbi.org.in/Scripts/NotificationUser.aspx?Id=13321&Mode=0,https://www.rbi.org.in/Scripts/NotificationUser.aspx,2026-05-30T08:35:21.311333+00:00
2026-03-10,"Reserve Bank of India (Commercial Banks – Prudential Norms on Declaration of Dividend and Remittance of Profit) Repeal Directions, 2026",,https://www.rbi.org.in/Scripts/NotificationUser.aspx?Id=13320&Mode=0,https://www.rbi.org.in/Scripts/NotificationUser.aspx,2026-05-30T08:35:21.311333+00:00
2026-03-10,"Reserve Bank of India (Commercial Banks – Prudential Norms on Declaration of Dividend and Remittances of Profits) Directions, 2026",,https://www.rbi.org.in/Scripts/NotificationUser.aspx?Id=13319&Mode=0,https://www.rbi.org.in/Scripts/NotificationUser.aspx,2026-05-30T08:35:21.311333+00:00
2026-03-10,"Reserve Bank of India (Setting Up of Wholly Owned Subsidiaries by Foreign Banks) Amendment Guidelines, 2026",,https://www.rbi.org.in/Scripts/NotificationUser.aspx?Id=13318&Mode=0,https://www.rbi.org.in/Scripts/NotificationUser.aspx,2026-05-30T08:35:21.311333+00:00
2026-03-10,"Reserve Bank of India (Standalone Primary Dealers) Amendment Directions, 2026",,https://www.rbi.org.in/Scripts/NotificationUser.aspx?Id=13317&Mode=0,https://www.rbi.org.in/Scripts/NotificationUser.aspx,2026-05-30T08:35:21.311333+00:00
2026-03-10,"Reserve Bank of India (Asset Reconstruction Companies) Amendment Directions, 2026",,https://www.rbi.org.in/Scripts/NotificationUser.aspx?Id=13316&Mode=0,https://www.rbi.org.in/Scripts/NotificationUser.aspx,2026-05-30T08:35:21.311333+00:00
2026-03-10,"Reserve Bank of India (Mortgage Guarantee Companies) Amendment Directions, 2026",,https://www.rbi.org.in/Scripts/NotificationUser.aspx?Id=13315&Mode=0,https://www.rbi.org.in/Scripts/NotificationUser.aspx,2026-05-30T08:35:21.311333+00:00
2026-03-10,"Reserve Bank of India (Core Investment Companies) Amendment Directions, 2026",,https://www.rbi.org.in/Scripts/NotificationUser.aspx?Id=13314&Mode=0,https://www.rbi.org.in/Scripts/NotificationUser.aspx,2026-05-30T08:35:21.311333+00:00
2026-03-10,"Reserve Bank of India (Housing Finance Companies) Amendment Directions, 2026",,https://www.rbi.org.in/Scripts/NotificationUser.aspx?Id=13313&Mode=0,https://www.rbi.org.in/Scripts/NotificationUser.aspx,2026-05-30T08:35:21.311333+00:00
2026-03-10,"Reserve Bank of India (Non-Banking Financial Companies - Concentration Risk Management) Second Amendment Directions, 2026",,https://www.rbi.org.in/Scripts/NotificationUser.aspx?Id=13312&Mode=0,https://www.rbi.org.in/Scripts/NotificationUser.aspx,2026-05-30T08:35:21.311333+00:00
2026-03-10,"Reserve Bank of India (Non-Banking Financial Companies – Prudential Norms on Capital Adequacy) Second Amendment Directions, 2026",,https://www.rbi.org.in/Scripts/NotificationUser.aspx?Id=13311&Mode=0,https://www.rbi.org.in/Scripts/NotificationUser.aspx,2026-05-30T08:35:21.311333+00:00
2026-03-02,"Implementation of Section 51A of UAPA,1967: Updates to UNSC’s 1267/ 1989 ISIL (Da'esh) & Al-Qaida Sanctions List: Delisting of 01 entry",,https://www.rbi.org.in/Scripts/NotificationUser.aspx?Id=13310&Mode=0,https://www.rbi.org.in/Scripts/NotificationUser.aspx,2026-05-30T08:35:21.311333+00:00
2026-02-26,"Reserve Bank of India (Non-Banking Financial Companies – Miscellaneous) Amendment Directions, 2026",,https://www.rbi.org.in/Scripts/NotificationUser.aspx?Id=13309&Mode=0,https://www.rbi.org.in/Scripts/NotificationUser.aspx,2026-05-30T08:35:23.636060+00:00
2026-02-18,"Reporting under Foreign Exchange Management Act, 1999 – Returns pertaining to External Commercial Borrowing (ECB)",,https://www.rbi.org.in/Scripts/NotificationUser.aspx?Id=13308&Mode=0,https://www.rbi.org.in/Scripts/NotificationUser.aspx,2026-05-30T08:35:23.636060+00:00
2026-02-18,Unique Transaction Identifier for OTC Derivative Transactions,,https://www.rbi.org.in/Scripts/NotificationUser.aspx?Id=13307&Mode=0,https://www.rbi.org.in/Scripts/NotificationUser.aspx,2026-05-30T08:35:23.636060+00:00
2026-02-16,"Foreign Exchange Management (Borrowing and Lending) (First Amendment) Regulations, 2026",,https://www.rbi.org.in/Scripts/NotificationUser.aspx?Id=13306&Mode=0,https://www.rbi.org.in/Scripts/NotificationUser.aspx,2026-05-30T08:35:23.636060+00:00
2026-02-16,"Foreign Exchange Management (Borrowing and Lending) (First Amendment) Regulations, 2026",,https://www.rbi.org.in/Scripts/NotificationUser.aspx?Id=13305&Mode=0,https://www.rbi.org.in/Scripts/NotificationUser.aspx,2026-05-30T08:35:23.636060+00:00
2026-02-16,Formation of new district in the State of Haryana – Assignment of Lead Bank Responsibility,,https://www.rbi.org.in/Scripts/NotificationUser.aspx?Id=13304&Mode=0,https://www.rbi.org.in/Scripts/NotificationUser.aspx,2026-05-30T08:35:23.636060+00:00
2026-02-13,"Reserve Bank of India (Non-Banking Financial Companies – Income Recognition, Asset Classification and Provisioning) Amendment Directions, 2026",,https://www.rbi.org.in/Scripts/NotificationUser.aspx?Id=13294&Mode=0,https://www.rbi.org.in/Scripts/NotificationUser.aspx,2026-05-30T08:35:23.636060+00:00
2026-02-13,"Reserve Bank of India (Non-Banking Financial Companies – Credit Facilities) Amendment Directions, 2026",,https://www.rbi.org.in/Scripts/NotificationUser.aspx?Id=13293&Mode=0,https://www.rbi.org.in/Scripts/NotificationUser.aspx,2026-05-30T08:35:23.636060+00:00
2026-02-13,"Reserve Bank of India (Rural Co-operative Banks – Income Recognition, Asset Classification and Provisioning) Amendment Directions, 2026",,https://www.rbi.org.in/Scripts/NotificationUser.aspx?Id=13292&Mode=0,https://www.rbi.org.in/Scripts/NotificationUser.aspx,2026-05-30T08:35:23.636060+00:00
2026-02-11,Strengthening of Grievance Redress Mechanism in Banks – Review,,https://www.rbi.org.in/Scripts/NotificationUser.aspx?Id=13291&Mode=0,https://www.rbi.org.in/Scripts/NotificationUser.aspx,2026-05-30T08:35:23.636060+00:00
2026-02-09,"Lending to Micro, Small & Medium Enterprises (MSME) Sector (Amendment) Directions, 2026",,https://www.rbi.org.in/Scripts/NotificationUser.aspx?Id=13290&Mode=0,https://www.rbi.org.in/Scripts/NotificationUser.aspx,2026-05-30T08:35:23.636060+00:00
2026-02-06,Voluntary Retention Route – Imparting predictability and increasing ease of doing business,,https://www.rbi.org.in/Scripts/NotificationUser.aspx?Id=13289&Mode=0,https://www.rbi.org.in/Scripts/NotificationUser.aspx,2026-05-30T08:35:23.636060+00:00
2026-02-03,"All Agency Banks to remain open for public on March 31, 2026 (Tuesday)",,https://www.rbi.org.in/Scripts/NotificationUser.aspx?Id=13288&Mode=0,https://www.rbi.org.in/Scripts/NotificationUser.aspx,2026-05-30T08:35:23.636060+00:00
2026-01-22,"Reserve Bank of India (Rural Co-operative Banks – Cash Reserve Ratio and Statutory Liquidity Ratio) Amendment Directions, 2026",,https://www.rbi.org.in/Scripts/NotificationUser.aspx?Id=13287&Mode=0,https://www.rbi.org.in/Scripts/NotificationUser.aspx,2026-05-30T08:35:26.358594+00:00
2026-01-22,"Reserve Bank of India (Urban Co-operative Banks – Cash Reserve Ratio and Statutory Liquidity Ratio) Amendment Directions, 2026",,https://www.rbi.org.in/Scripts/NotificationUser.aspx?Id=13286&Mode=0,https://www.rbi.org.in/Scripts/NotificationUser.aspx,2026-05-30T08:35:26.358594+00:00
2026-01-22,"Reserve Bank of India (Local Area Banks – Cash Reserve Ratio and Statutory Liquidity Ratio) Amendment Directions, 2026",,https://www.rbi.org.in/Scripts/NotificationUser.aspx?Id=13285&Mode=0,https://www.rbi.org.in/Scripts/NotificationUser.aspx,2026-05-30T08:35:26.358594+00:00
2026-01-22,"Reserve Bank of India (Regional Rural Banks – Cash Reserve Ratio and Statutory Liquidity Ratio) Amendment Directions, 2026",,https://www.rbi.org.in/Scripts/NotificationUser.aspx?Id=13284&Mode=0,https://www.rbi.org.in/Scripts/NotificationUser.aspx,2026-05-30T08:35:26.358594+00:00
2026-01-22,"Reserve Bank of India (Payments Banks – Cash Reserve Ratio and Statutory Liquidity Ratio) Amendment Directions, 2026",,https://www.rbi.org.in/Scripts/NotificationUser.aspx?Id=13283&Mode=0,https://www.rbi.org.in/Scripts/NotificationUser.aspx,2026-05-30T08:35:26.358594+00:00
2026-01-22,"Reserve Bank of India (Small Finance Banks – Cash Reserve Ratio and Statutory Liquidity Ratio) Amendment Directions, 2026",,https://www.rbi.org.in/Scripts/NotificationUser.aspx?Id=13282&Mode=0,https://www.rbi.org.in/Scripts/NotificationUser.aspx,2026-05-30T08:35:26.358594+00:00
2026-01-22,"Reserve Bank of India (Commercial Banks – Cash Reserve Ratio and Statutory Liquidity Ratio) Amendment Directions, 2026",,https://www.rbi.org.in/Scripts/NotificationUser.aspx?Id=13281&Mode=0,https://www.rbi.org.in/Scripts/NotificationUser.aspx,2026-05-30T08:35:26.358594+00:00
2026-01-19,"Reserve Bank of India (Priority Sector Lending – Targets and Classification) (Amendment) Directions, 2026",,https://www.rbi.org.in/Scripts/NotificationUser.aspx?Id=13280&Mode=0,https://www.rbi.org.in/Scripts/NotificationUser.aspx,2026-05-30T08:35:26.358594+00:00
2026-01-19,Interest Subvention for Pre- and Post- Shipment Export Credit under Export Promotion Mission (EPM) – Niryat Prothsahan,,https://www.rbi.org.in/Scripts/NotificationUser.aspx?Id=13279&Mode=0,https://www.rbi.org.in/Scripts/NotificationUser.aspx,2026-05-30T08:35:26.358594+00:00
2026-01-16,Export and Import of Goods and Services,,https://www.rbi.org.in/Scripts/NotificationUser.aspx?Id=13278&Mode=0,https://www.rbi.org.in/Scripts/NotificationUser.aspx,2026-05-30T08:35:26.358594+00:00
2026-01-16,"Foreign Exchange Management (Export and Import of Goods and Services) Regulations, 2026",,https://www.rbi.org.in/Scripts/NotificationUser.aspx?Id=13277&Mode=0,https://www.rbi.org.in/Scripts/NotificationUser.aspx,2026-05-30T08:35:26.358594+00:00
2026-01-14,"Reserve Bank of India (Credit Information Companies - Internal Ombudsman) Directions, 2026",,https://www.rbi.org.in/Scripts/NotificationUser.aspx?Id=13276&Mode=0,https://www.rbi.org.in/Scripts/NotificationUser.aspx,2026-05-30T08:35:26.358594+00:00
2026-01-14,"Reserve Bank of India (Non-Bank Prepaid Payment Instruments Issuers - Internal Ombudsman) Directions, 2026",,https://www.rbi.org.in/Scripts/NotificationUser.aspx?Id=13275&Mode=0,https://www.rbi.org.in/Scripts/NotificationUser.aspx,2026-05-30T08:35:26.358594+00:00
2026-01-14,"Reserve Bank of India (Non-Banking Financial Companies - Internal Ombudsman) Directions, 2026",,https://www.rbi.org.in/Scripts/NotificationUser.aspx?Id=13274&Mode=0,https://www.rbi.org.in/Scripts/NotificationUser.aspx,2026-05-30T08:35:26.358594+00:00
2026-01-14,"Reserve Bank of India (Payments Banks - Internal Ombudsman) Directions, 2026",,https://www.rbi.org.in/Scripts/NotificationUser.aspx?Id=13273&Mode=0,https://www.rbi.org.in/Scripts/NotificationUser.aspx,2026-05-30T08:35:26.358594+00:00
2026-01-14,"Reserve Bank of India (Small Finance Banks - Internal Ombudsman) Directions, 2026",,https://www.rbi.org.in/Scripts/NotificationUser.aspx?Id=13272&Mode=0,https://www.rbi.org.in/Scripts/NotificationUser.aspx,2026-05-30T08:35:26.358594+00:00
2026-01-14,"Reserve Bank of India (Commercial Banks - Internal Ombudsman) Directions, 2026",,https://www.rbi.org.in/Scripts/NotificationUser.aspx?Id=13271&Mode=0,https://www.rbi.org.in/Scripts/NotificationUser.aspx,2026-05-30T08:35:26.358594+00:00
2026-01-13,Modified Interest Subvention Scheme for Short Term Loans for Agriculture and Allied Activities availed through Kisan Credit Card (KCC) during the financial year 2025-26,,https://www.rbi.org.in/Scripts/NotificationUser.aspx?Id=13270&Mode=0,https://www.rbi.org.in/Scripts/NotificationUser.aspx,2026-05-30T08:35:26.358594+00:00
2026-01-12,"Foreign Exchange Management (Guarantees) Regulations, 2026",,https://www.rbi.org.in/Scripts/NotificationUser.aspx?Id=13269&Mode=0,https://www.rbi.org.in/Scripts/NotificationUser.aspx,2026-05-30T08:35:26.358594+00:00
2026-01-12,"Foreign Exchange Management (Guarantees) Regulations, 2026",,https://www.rbi.org.in/Scripts/NotificationUser.aspx?Id=13268&Mode=0,https://www.rbi.org.in/Scripts/NotificationUser.aspx,2026-05-30T08:35:26.358594+00:00
2026-01-09,"Reserve Bank of India (All India Financial Institutions (AIFIs) - Prudential Norms on Capital Adequacy) Amendment Directions, 2026",,https://www.rbi.org.in/Scripts/NotificationUser.aspx?Id=13267&Mode=0,https://www.rbi.org.in/Scripts/NotificationUser.aspx,2026-05-30T08:35:26.358594+00:00
2026-01-09,"Reserve Bank of India (Small Finance Banks - Prudential Norms on Capital Adequacy) Amendment Directions, 2026",,https://www.rbi.org.in/Scripts/NotificationUser.aspx?Id=13266&Mode=0,https://www.rbi.org.in/Scripts/NotificationUser.aspx,2026-05-30T08:35:26.358594+00:00
2026-01-09,"Reserve Bank of India (Commercial Banks - Prudential Norms on Capital Adequacy) Amendment Directions, 2026",,https://www.rbi.org.in/Scripts/NotificationUser.aspx?Id=13265&Mode=0,https://www.rbi.org.in/Scripts/NotificationUser.aspx,2026-05-30T08:35:26.358594+00:00
2026-01-05,"Reserve Bank of India (All India Financial Institutions – Financial Statements: Presentation and Disclosures) – Amendment Directions, 2026",,https://www.rbi.org.in/Scripts/NotificationUser.aspx?Id=13264&Mode=0,https://www.rbi.org.in/Scripts/NotificationUser.aspx,2026-05-30T08:35:26.358594+00:00
2026-01-05,"Reserve Bank of India (Non-Banking Financial Companies – Financial Statements: Presentation and Disclosures) Directions, Amendment Directions, 2026",,https://www.rbi.org.in/Scripts/NotificationUser.aspx?Id=13263&Mode=0,https://www.rbi.org.in/Scripts/NotificationUser.aspx,2026-05-30T08:35:26.358594+00:00
2026-01-05,"Reserve Bank of India (Rural Co-operative Banks – Financial Statements: Presentation and Disclosures) – Amendment Directions, 2026",,https://www.rbi.org.in/Scripts/NotificationUser.aspx?Id=13262&Mode=0,https://www.rbi.org.in/Scripts/NotificationUser.aspx,2026-05-30T08:35:26.358594+00:00
2026-01-05,"Reserve Bank of India (Urban Co-operative Banks – Financial Statements: Presentation and Disclosures) – Amendment Directions, 2026",,https://www.rbi.org.in/Scripts/NotificationUser.aspx?Id=13261&Mode=0,https://www.rbi.org.in/Scripts/NotificationUser.aspx,2026-05-30T08:35:26.358594+00:00
2026-01-05,"Reserve Bank of India (Regional Rural Banks – Financial Statements: Presentation and Disclosures) – Amendment Directions, 2026",,https://www.rbi.org.in/Scripts/NotificationUser.aspx?Id=13260&Mode=0,https://www.rbi.org.in/Scripts/NotificationUser.aspx,2026-05-30T08:35:26.358594+00:00
2026-01-05,"Reserve Bank of India (Local Area Banks – Financial Statements: Presentation and Disclosures) – Amendment Directions, 2026",,https://www.rbi.org.in/Scripts/NotificationUser.aspx?Id=13259&Mode=0,https://www.rbi.org.in/Scripts/NotificationUser.aspx,2026-05-30T08:35:26.358594+00:00
2026-01-05,"Reserve Bank of India (Small Finance Banks – Financial Statements: Presentation and Disclosures) – Amendment Directions, 2026",,https://www.rbi.org.in/Scripts/NotificationUser.aspx?Id=13258&Mode=0,https://www.rbi.org.in/Scripts/NotificationUser.aspx,2026-05-30T08:35:26.358594+00:00
2026-01-05,"Reserve Bank of India (Commercial Banks – Financial Statements: Presentation and Disclosures) – Second Amendment Directions, 2026",,https://www.rbi.org.in/Scripts/NotificationUser.aspx?Id=13257&Mode=0,https://www.rbi.org.in/Scripts/NotificationUser.aspx,2026-05-30T08:35:26.358594+00:00
2026-01-05,"Reserve Bank of India (All India Financial Institutions – Credit Risk Management) – Amendment Directions, 2026",,https://www.rbi.org.in/Scripts/NotificationUser.aspx?Id=13256&Mode=0,https://www.rbi.org.in/Scripts/NotificationUser.aspx,2026-05-30T08:35:26.358594+00:00
2026-01-05,"Reserve Bank of India (Non-Banking Financial Companies – Credit Risk Management) – Amendment Directions, 2026",,https://www.rbi.org.in/Scripts/NotificationUser.aspx?Id=13255&Mode=0,https://www.rbi.org.in/Scripts/NotificationUser.aspx,2026-05-30T08:35:26.358594+00:00
2026-01-05,"Reserve Bank of India (Rural Co-operative Banks – Credit Risk Management) – Amendment Directions, 2026",,https://www.rbi.org.in/Scripts/NotificationUser.aspx?Id=13254&Mode=0,https://www.rbi.org.in/Scripts/NotificationUser.aspx,2026-05-30T08:35:26.358594+00:00
2026-01-05,"Reserve Bank of India (Urban Co-operative Banks – Credit Risk Management) – Amendment Directions, 2026",,https://www.rbi.org.in/Scripts/NotificationUser.aspx?Id=13253&Mode=0,https://www.rbi.org.in/Scripts/NotificationUser.aspx,2026-05-30T08:35:26.358594+00:00
2026-01-05,"Reserve Bank of India (Regional Rural Banks – Credit Risk Management) – Amendment Directions, 2026",,https://www.rbi.org.in/Scripts/NotificationUser.aspx?Id=13252&Mode=0,https://www.rbi.org.in/Scripts/NotificationUser.aspx,2026-05-30T08:35:26.358594+00:00
2026-01-05,"Reserve Bank of India (Local Area Banks – Credit Risk Management) – Amendment Directions, 2026",,https://www.rbi.org.in/Scripts/NotificationUser.aspx?Id=13251&Mode=0,https://www.rbi.org.in/Scripts/NotificationUser.aspx,2026-05-30T08:35:26.358594+00:00
2026-01-05,"Reserve Bank of India (Small Finance Banks – Credit Risk Management) – Amendment Directions, 2026",,https://www.rbi.org.in/Scripts/NotificationUser.aspx?Id=13250&Mode=0,https://www.rbi.org.in/Scripts/NotificationUser.aspx,2026-05-30T08:35:26.358594+00:00
2026-01-05,"Reserve Bank of India (Commercial Banks – Credit Risk Management) – Amendment Directions, 2026",,https://www.rbi.org.in/Scripts/NotificationUser.aspx?Id=13249&Mode=0,https://www.rbi.org.in/Scripts/NotificationUser.aspx,2026-05-30T08:35:26.358594+00:00
2026-01-01,Returns – Department of Payment and Settlement Systems – Submission in CIMS,,https://www.rbi.org.in/Scripts/NotificationUser.aspx?Id=13248&Mode=0,https://www.rbi.org.in/Scripts/NotificationUser.aspx,2026-05-30T08:35:26.358594+00:00
2026-01-01,Returns – Department of Payment and Settlement Systems – Submission in CIMS,,https://www.rbi.org.in/Scripts/NotificationUser.aspx?Id=13247&Mode=0,https://www.rbi.org.in/Scripts/NotificationUser.aspx,2026-05-30T08:35:26.358594+00:00
2026-01-01,Returns – Department of Payment and Settlement Systems – Submission in CIMS,,https://www.rbi.org.in/Scripts/NotificationUser.aspx?Id=13246&Mode=0,https://www.rbi.org.in/Scripts/NotificationUser.aspx,2026-05-30T08:35:26.358594+00:00
2026-01-01,"Reserve Bank of India (Non-Banking Financial Companies - Concentration Risk Management) Amendment Directions, 2026",,https://www.rbi.org.in/Scripts/NotificationUser.aspx?Id=13245&Mode=0,https://www.rbi.org.in/Scripts/NotificationUser.aspx,2026-05-30T08:35:26.358594+00:00
2026-01-01,"Reserve Bank of India (Non-Banking Financial Companies – Prudential Norms on Capital Adequacy) Amendment Directions, 2026",,https://www.rbi.org.in/Scripts/NotificationUser.aspx?Id=13244&Mode=0,https://www.rbi.org.in/Scripts/NotificationUser.aspx,2026-05-30T08:35:26.358594+00:00
2026-01-01,"Reserve Bank of India (Commercial Banks - Financial Statements: Presentation and Disclosures) Amendment Directions, 2026",,https://www.rbi.org.in/Scripts/NotificationUser.aspx?Id=13243&Mode=0,https://www.rbi.org.in/Scripts/NotificationUser.aspx,2026-05-30T08:35:26.358594+00:00
2025-12-29,"Reserve Bank of India (Commercial Banks – Know Your Customer) Amendment Directions, 2025",,https://www.rbi.org.in/Scripts/NotificationUser.aspx?Id=13242&Mode=0,https://www.rbi.org.in/Scripts/NotificationUser.aspx,2026-05-30T08:35:31.461567+00:00
2025-12-29,"Reserve Bank of India (Urban Co-operative Banks – Know Your Customer) Amendment Directions, 2025",,https://www.rbi.org.in/Scripts/NotificationUser.aspx?Id=13241&Mode=0,https://www.rbi.org.in/Scripts/NotificationUser.aspx,2026-05-30T08:35:31.461567+00:00
2025-12-29,"Reserve Bank of India (Small Finance Banks – Know Your Customer) Amendment Directions, 2025",,https://www.rbi.org.in/Scripts/NotificationUser.aspx?Id=13240&Mode=0,https://www.rbi.org.in/Scripts/NotificationUser.aspx,2026-05-30T08:35:31.461567+00:00
2025-12-29,"Reserve Bank of India (Rural Co-operative Banks – Know Your Customer) Amendment Directions, 2025",,https://www.rbi.org.in/Scripts/NotificationUser.aspx?Id=13239&Mode=0,https://www.rbi.org.in/Scripts/NotificationUser.aspx,2026-05-30T08:35:31.461567+00:00
2025-12-29,"Reserve Bank of India (Regional Rural Banks – Know Your Customer) Amendment Directions, 2025",,https://www.rbi.org.in/Scripts/NotificationUser.aspx?Id=13238&Mode=0,https://www.rbi.org.in/Scripts/NotificationUser.aspx,2026-05-30T08:35:31.461567+00:00
2025-12-29,"Reserve Bank of India (Payments Banks – Know Your Customer) Amendment Directions, 2025",,https://www.rbi.org.in/Scripts/NotificationUser.aspx?Id=13237&Mode=0,https://www.rbi.org.in/Scripts/NotificationUser.aspx,2026-05-30T08:35:31.461567+00:00
2025-12-29,"Reserve Bank of India (Non-Banking Financial Companies – Know Your Customer) Amendment Directions, 2025",,https://www.rbi.org.in/Scripts/NotificationUser.aspx?Id=13236&Mode=0,https://www.rbi.org.in/Scripts/NotificationUser.aspx,2026-05-30T08:35:31.461567+00:00
2025-12-29,"Reserve Bank of India (Local Area Banks – Know Your Customer) Amendment Directions, 2025",,https://www.rbi.org.in/Scripts/NotificationUser.aspx?Id=13235&Mode=0,https://www.rbi.org.in/Scripts/NotificationUser.aspx,2026-05-30T08:35:31.461567+00:00
2025-12-29,"Reserve Bank of India (Asset Reconstruction Companies – Know Your Customer) Amendment Directions, 2025",,https://www.rbi.org.in/Scripts/NotificationUser.aspx?Id=13234&Mode=0,https://www.rbi.org.in/Scripts/NotificationUser.aspx,2026-05-30T08:35:31.461567+00:00
2025-12-29,"Reserve Bank of India (All India Financial Institutions – Know Your Customer) Amendment Directions, 2025",,https://www.rbi.org.in/Scripts/NotificationUser.aspx?Id=13233&Mode=0,https://www.rbi.org.in/Scripts/NotificationUser.aspx,2026-05-30T08:35:31.461567+00:00
2025-12-24,Continuous Clearing and Settlement on Realisation in Cheque Truncation System: Phase 2,,https://www.rbi.org.in/Scripts/NotificationUser.aspx?Id=13232&Mode=0,https://www.rbi.org.in/Scripts/NotificationUser.aspx,2026-05-30T08:35:31.461567+00:00
2025-12-18,Formation of new district in the State of Gujarat – Assignment of Lead Bank Responsibility,,https://www.rbi.org.in/Scripts/NotificationUser.aspx?Id=13231&Mode=0,https://www.rbi.org.in/Scripts/NotificationUser.aspx,2026-05-30T08:35:31.461567+00:00
2025-12-11,"Reserve Bank of India (Urban Co-operative Banks – Cash Reserve Ratio and Statutory Liquidity Ratio) Amendment Directions, 2025",,https://www.rbi.org.in/Scripts/NotificationUser.aspx?Id=13230&Mode=0,https://www.rbi.org.in/Scripts/NotificationUser.aspx,2026-05-30T08:35:31.461567+00:00
2025-12-11,"Reserve Bank of India (Local Area Banks – Cash Reserve Ratio and Statutory Liquidity Ratio) Amendment Directions, 2025",,https://www.rbi.org.in/Scripts/NotificationUser.aspx?Id=13229&Mode=0,https://www.rbi.org.in/Scripts/NotificationUser.aspx,2026-05-30T08:35:31.461567+00:00
2025-12-11,"Reserve Bank of India (Rural Co-operative Banks – Cash Reserve Ratio and Statutory Liquidity Ratio) Amendment Directions, 2025",,https://www.rbi.org.in/Scripts/NotificationUser.aspx?Id=13228&Mode=0,https://www.rbi.org.in/Scripts/NotificationUser.aspx,2026-05-30T08:35:31.461567+00:00
2025-12-11,"Reserve Bank of India (Regional Rural Banks – Cash Reserve Ratio and Statutory Liquidity Ratio) Amendment Directions, 2025",,https://www.rbi.org.in/Scripts/NotificationUser.aspx?Id=13227&Mode=0,https://www.rbi.org.in/Scripts/NotificationUser.aspx,2026-05-30T08:35:31.461567+00:00
2025-12-11,"Reserve Bank of India (Payments Banks – Cash Reserve Ratio and Statutory Liquidity Ratio) Amendment Directions, 2025",,https://www.rbi.org.in/Scripts/NotificationUser.aspx?Id=13226&Mode=0,https://www.rbi.org.in/Scripts/NotificationUser.aspx,2026-05-30T08:35:31.461567+00:00
2025-12-11,"Reserve Bank of India (Small Finance Banks – Cash Reserve Ratio and Statutory Liquidity Ratio) Amendment Directions, 2025",,https://www.rbi.org.in/Scripts/NotificationUser.aspx?Id=13225&Mode=0,https://www.rbi.org.in/Scripts/NotificationUser.aspx,2026-05-30T08:35:31.461567+00:00
2025-12-11,"Reserve Bank of India (Commercial Banks – Cash Reserve Ratio and Statutory Liquidity Ratio) Amendment Directions, 2025",,https://www.rbi.org.in/Scripts/NotificationUser.aspx?Id=13224&Mode=0,https://www.rbi.org.in/Scripts/NotificationUser.aspx,2026-05-30T08:35:31.461567+00:00
2025-12-11,"Reserve Bank of India (Local Area Banks – Credit Risk Management) – Amendment Directions, 2025",,https://www.rbi.org.in/Scripts/NotificationUser.aspx?Id=13223&Mode=0,https://www.rbi.org.in/Scripts/NotificationUser.aspx,2026-05-30T08:35:31.461567+00:00
2025-12-11,"Reserve Bank of India (Payments Banks – Miscellaneous) – Amendment Directions, 2025",,https://www.rbi.org.in/Scripts/NotificationUser.aspx?Id=13222&Mode=0,https://www.rbi.org.in/Scripts/NotificationUser.aspx,2026-05-30T08:35:31.461567+00:00
2025-12-11,"Reserve Bank of India (Rural Co-operative Banks – Credit Risk Management) – Amendment Directions, 2025",,https://www.rbi.org.in/Scripts/NotificationUser.aspx?Id=13221&Mode=0,https://www.rbi.org.in/Scripts/NotificationUser.aspx,2026-05-30T08:35:31.461567+00:00
2025-12-11,"Reserve Bank of India (Urban Co-operative Banks – Credit Risk Management) – Amendment Directions, 2025",,https://www.rbi.org.in/Scripts/NotificationUser.aspx?Id=13220&Mode=0,https://www.rbi.org.in/Scripts/NotificationUser.aspx,2026-05-30T08:35:31.461567+00:00
2025-12-11,"Reserve Bank of India (Regional Rural Banks – Credit Risk Management) – Amendment Directions, 2025",,https://www.rbi.org.in/Scripts/NotificationUser.aspx?Id=13219&Mode=0,https://www.rbi.org.in/Scripts/NotificationUser.aspx,2026-05-30T08:35:31.461567+00:00
2025-12-11,"Reserve Bank of India (Small Finance Banks – Credit Risk Management) – Amendment Directions, 2025",,https://www.rbi.org.in/Scripts/NotificationUser.aspx?Id=13218&Mode=0,https://www.rbi.org.in/Scripts/NotificationUser.aspx,2026-05-30T08:35:31.461567+00:00
2025-12-11,"Reserve Bank of India (Commercial Banks – Credit Risk Management) – Amendment Directions, 2025",,https://www.rbi.org.in/Scripts/NotificationUser.aspx?Id=13217&Mode=0,https://www.rbi.org.in/Scripts/NotificationUser.aspx,2026-05-30T08:35:31.461567+00:00
2025-12-08,"Foreign Exchange Management (Export and Import of Currency) (Amendment) Regulations, 2025",,https://www.rbi.org.in/Scripts/NotificationUser.aspx?Id=13216&Mode=0,https://www.rbi.org.in/Scripts/NotificationUser.aspx,2026-05-30T08:35:31.461567+00:00
2025-12-08,Export and Import of Indian Currency to or from Nepal and Bhutan,,https://www.rbi.org.in/Scripts/NotificationUser.aspx?Id=13215&Mode=0,https://www.rbi.org.in/Scripts/NotificationUser.aspx,2026-05-30T08:35:31.461567+00:00
2025-12-08,"Master Direction – Reserve Bank of India (Rupee Interest Rate Derivatives) Directions, 2025",,https://www.rbi.org.in/Scripts/NotificationUser.aspx?Id=13214&Mode=0,https://www.rbi.org.in/Scripts/NotificationUser.aspx,2026-05-30T08:35:31.461567+00:00
2025-12-05,"Reserve Bank of India (Non-Operative Financial Holding Company) (Amendment) Directions, 2025",,https://www.rbi.org.in/Scripts/NotificationUser.aspx?Id=13213&Mode=0,https://www.rbi.org.in/Scripts/NotificationUser.aspx,2026-05-30T08:35:31.461567+00:00
2025-12-05,"Reserve Bank of India (Non-Banking Financial Companies – Undertaking of Financial Services) (Amendment) Directions, 2025",,https://www.rbi.org.in/Scripts/NotificationUser.aspx?Id=13212&Mode=0,https://www.rbi.org.in/Scripts/NotificationUser.aspx,2026-05-30T08:35:31.461567+00:00
2025-12-05,"Reserve Bank of India (Payments Banks – Undertaking of Financial Services) (Amendment) Directions, 2025",,https://www.rbi.org.in/Scripts/NotificationUser.aspx?Id=13211&Mode=0,https://www.rbi.org.in/Scripts/NotificationUser.aspx,2026-05-30T08:35:31.461567+00:00
2025-12-05,"Reserve Bank of India (Small Finance Banks – Undertaking of Financial Services) (Amendment) Directions, 2025",,https://www.rbi.org.in/Scripts/NotificationUser.aspx?Id=13210&Mode=0,https://www.rbi.org.in/Scripts/NotificationUser.aspx,2026-05-30T08:35:31.461567+00:00
2025-12-05,"Reserve Bank of India (Commercial Banks – Undertaking of Financial Services) (Amendment) Directions, 2025",,https://www.rbi.org.in/Scripts/NotificationUser.aspx?Id=13209&Mode=0,https://www.rbi.org.in/Scripts/NotificationUser.aspx,2026-05-30T08:35:31.461567+00:00
2025-12-05,Penal Interest on shortfall in CRR and SLR requirements - Change in Bank Rate,,https://www.rbi.org.in/Scripts/NotificationUser.aspx?Id=13208&Mode=0,https://www.rbi.org.in/Scripts/NotificationUser.aspx,2026-05-30T08:35:31.461567+00:00
2025-12-05,Standing Liquidity Facility for Primary Dealers,,https://www.rbi.org.in/Scripts/NotificationUser.aspx?Id=13207&Mode=0,https://www.rbi.org.in/Scripts/NotificationUser.aspx,2026-05-30T08:35:31.461567+00:00
2025-12-05,Liquidity Adjustment Facility - Change in rates,,https://www.rbi.org.in/Scripts/NotificationUser.aspx?Id=13206&Mode=0,https://www.rbi.org.in/Scripts/NotificationUser.aspx,2026-05-30T08:35:31.461567+00:00
2025-12-04,"Reserve Bank of India (Small Finance Banks – Prudential Norms on Capital Adequacy) Amendment Directions, 2025",,https://www.rbi.org.in/Scripts/NotificationUser.aspx?Id=13201&Mode=0,https://www.rbi.org.in/Scripts/NotificationUser.aspx,2026-05-30T08:35:31.461567+00:00
2025-12-04,"Reserve Bank of India (Commercial Banks - Prudential Norms on Capital Adequacy) Amendment Directions, 2025",,https://www.rbi.org.in/Scripts/NotificationUser.aspx?Id=13200&Mode=0,https://www.rbi.org.in/Scripts/NotificationUser.aspx,2026-05-30T08:35:31.461567+00:00
2025-12-04,"Reserve Bank of India (Small Finance Banks – Income Recognition, Asset Classification and Provisioning) Amendment Directions, 2025",,https://www.rbi.org.in/Scripts/NotificationUser.aspx?Id=13199&Mode=0,https://www.rbi.org.in/Scripts/NotificationUser.aspx,2026-05-30T08:35:31.461567+00:00
2025-12-04,"Reserve Bank of India (Commercial Banks – Income Recognition, Asset Classification and Provisioning) Amendment Directions, 2025",,https://www.rbi.org.in/Scripts/NotificationUser.aspx?Id=13198&Mode=0,https://www.rbi.org.in/Scripts/NotificationUser.aspx,2026-05-30T08:35:31.461567+00:00
2025-12-04,"Reserve Bank of India (Small Finance Banks - Concentration Risk Management) Amendment Directions, 2025",,https://www.rbi.org.in/Scripts/NotificationUser.aspx?Id=13197&Mode=0,https://www.rbi.org.in/Scripts/NotificationUser.aspx,2026-05-30T08:35:31.461567+00:00
2025-12-04,"Reserve Bank of India (Commercial Banks - Concentration Risk Management) Amendment Directions, 2025",,https://www.rbi.org.in/Scripts/NotificationUser.aspx?Id=13196&Mode=0,https://www.rbi.org.in/Scripts/NotificationUser.aspx,2026-05-30T08:35:31.461567+00:00
2025-12-04,"Reserve Bank of India (Small Finance Banks - Credit Facilities) Amendment Directions, 2025",,https://www.rbi.org.in/Scripts/NotificationUser.aspx?Id=13195&Mode=0,https://www.rbi.org.in/Scripts/NotificationUser.aspx,2026-05-30T08:35:31.461567+00:00
2025-12-04,"Reserve Bank of India (Commercial Banks - Credit Facilities) Amendment Directions, 2025",,https://www.rbi.org.in/Scripts/NotificationUser.aspx?Id=13194&Mode=0,https://www.rbi.org.in/Scripts/NotificationUser.aspx,2026-05-30T08:35:31.461567+00:00
2025-12-04,"Reserve Bank of India (Rural Co-operative Banks - Branch Authorisation) Repeal Directions, 2025",,https://www.rbi.org.in/Scripts/NotificationUser.aspx?Id=13193&Mode=0,https://www.rbi.org.in/Scripts/NotificationUser.aspx,2026-05-30T08:35:31.461567+00:00
2025-12-04,"Reserve Bank of India (Urban Co-operative Banks - Branch Authorisation) Repeal Directions, 2025",,https://www.rbi.org.in/Scripts/NotificationUser.aspx?Id=13192&Mode=0,https://www.rbi.org.in/Scripts/NotificationUser.aspx,2026-05-30T08:35:31.461567+00:00
2025-12-04,"Reserve Bank of India (Urban Co-operative Banks – Licensing, Scheduling and Regulatory Classification) Repeal Guidelines, 2025",,https://www.rbi.org.in/Scripts/NotificationUser.aspx?Id=13191&Mode=0,https://www.rbi.org.in/Scripts/NotificationUser.aspx,2026-05-30T08:35:31.461567+00:00
2025-12-04,"Reserve Bank of India (Rural Co-operative Banks – Miscellaneous) (Amendment) Directions, 2025",,https://www.rbi.org.in/Scripts/NotificationUser.aspx?Id=13190&Mode=0,https://www.rbi.org.in/Scripts/NotificationUser.aspx,2026-05-30T08:35:31.461567+00:00
2025-12-04,"Reserve Bank of India (Credit Information Companies) Amendment Directions, 2025",,https://www.rbi.org.in/Scripts/NotificationUser.aspx?Id=13189&Mode=0,https://www.rbi.org.in/Scripts/NotificationUser.aspx,2026-05-30T08:35:31.461567+00:00
2025-12-04,"Reserve Bank of India (Asset Reconstruction Companies – Credit Information Reporting) Amendment Directions, 2025",,https://www.rbi.org.in/Scripts/NotificationUser.aspx?Id=13188&Mode=0,https://www.rbi.org.in/Scripts/NotificationUser.aspx,2026-05-30T08:35:31.461567+00:00
2025-12-04,"Reserve Bank of India (Non-Banking Financial Companies – Credit Information Reporting) Amendment Directions, 2025",,https://www.rbi.org.in/Scripts/NotificationUser.aspx?Id=13187&Mode=0,https://www.rbi.org.in/Scripts/NotificationUser.aspx,2026-05-30T08:35:31.461567+00:00
2025-12-04,"Reserve Bank of India (All India Financial Institutions – Credit Information Reporting) Amendment Directions, 2025",,https://www.rbi.org.in/Scripts/NotificationUser.aspx?Id=13186&Mode=0,https://www.rbi.org.in/Scripts/NotificationUser.aspx,2026-05-30T08:35:31.461567+00:00
2025-12-04,"Reserve Bank of India (Rural Co-operative Banks – Credit Information Reporting) Amendment Directions, 2025",,https://www.rbi.org.in/Scripts/NotificationUser.aspx?Id=13185&Mode=0,https://www.rbi.org.in/Scripts/NotificationUser.aspx,2026-05-30T08:35:31.461567+00:00
2025-12-04,"Reserve Bank of India (Urban Co-operative Banks – Credit Information Reporting) Amendment Directions, 2025",,https://www.rbi.org.in/Scripts/NotificationUser.aspx?Id=13184&Mode=0,https://www.rbi.org.in/Scripts/NotificationUser.aspx,2026-05-30T08:35:31.461567+00:00
2025-12-04,"Reserve Bank of India (Regional Rural Banks – Credit Information Reporting) Amendment Directions, 2025",,https://www.rbi.org.in/Scripts/NotificationUser.aspx?Id=13183&Mode=0,https://www.rbi.org.in/Scripts/NotificationUser.aspx,2026-05-30T08:35:31.461567+00:00
2025-12-04,"Reserve Bank of India (Local Area Banks – Credit Information Reporting) Amendment Directions, 2025",,https://www.rbi.org.in/Scripts/NotificationUser.aspx?Id=13182&Mode=0,https://www.rbi.org.in/Scripts/NotificationUser.aspx,2026-05-30T08:35:31.461567+00:00
2025-12-04,"Reserve Bank of India (Small Finance Banks – Credit Information Reporting) Amendment Directions, 2025",,https://www.rbi.org.in/Scripts/NotificationUser.aspx?Id=13181&Mode=0,https://www.rbi.org.in/Scripts/NotificationUser.aspx,2026-05-30T08:35:31.461567+00:00
2025-12-04,"Reserve Bank of India (Commercial Banks – Credit Information Reporting) Amendment Directions, 2025",,https://www.rbi.org.in/Scripts/NotificationUser.aspx?Id=13180&Mode=0,https://www.rbi.org.in/Scripts/NotificationUser.aspx,2026-05-30T08:35:31.461567+00:00
2025-12-04,"Reserve Bank of India (Rural Co-operative Banks - Responsible Business Conduct) Amendment Directions, 2025",,https://www.rbi.org.in/Scripts/NotificationUser.aspx?Id=13179&Mode=0,https://www.rbi.org.in/Scripts/NotificationUser.aspx,2026-05-30T08:35:31.461567+00:00
2025-12-04,"Reserve Bank of India (Urban Co-operative Banks - Responsible Business Conduct) Amendment Directions, 2025",,https://www.rbi.org.in/Scripts/NotificationUser.aspx?Id=13178&Mode=0,https://www.rbi.org.in/Scripts/NotificationUser.aspx,2026-05-30T08:35:31.461567+00:00
2025-12-04,"Reserve Bank of India (Regional Rural Banks - Responsible Business Conduct) Amendment Directions, 2025",,https://www.rbi.org.in/Scripts/NotificationUser.aspx?Id=13177&Mode=0,https://www.rbi.org.in/Scripts/NotificationUser.aspx,2026-05-30T08:35:31.461567+00:00
2025-12-04,"Reserve Bank of India (Local Area Banks - Responsible Business Conduct) Amendment Directions, 2025",,https://www.rbi.org.in/Scripts/NotificationUser.aspx?Id=13176&Mode=0,https://www.rbi.org.in/Scripts/NotificationUser.aspx,2026-05-30T08:35:31.461567+00:00
2025-12-04,"Reserve Bank of India (Payments Banks - Responsible Business Conduct) Amendment Directions, 2025",,https://www.rbi.org.in/Scripts/NotificationUser.aspx?Id=13175&Mode=0,https://www.rbi.org.in/Scripts/NotificationUser.aspx,2026-05-30T08:35:31.461567+00:00
2025-12-04,"Reserve Bank of India (Small Finance Banks - Responsible Business Conduct) Amendment Directions, 2025",,https://www.rbi.org.in/Scripts/NotificationUser.aspx?Id=13174&Mode=0,https://www.rbi.org.in/Scripts/NotificationUser.aspx,2026-05-30T08:35:31.461567+00:00
2025-12-04,"Reserve Bank of India (Commercial Banks - Responsible Business Conduct) Amendment Directions, 2025",,https://www.rbi.org.in/Scripts/NotificationUser.aspx?Id=13173&Mode=0,https://www.rbi.org.in/Scripts/NotificationUser.aspx,2026-05-30T08:35:31.461567+00:00
2025-12-03,Liberalised Remittance Scheme (LRS)- Submission of ‘LRS Daily Return’ by Authorised Dealers- Category -II banks/ entities and Full- Fledged Money Changers,,https://www.rbi.org.in/Scripts/NotificationUser.aspx?Id=13172&Mode=0,https://www.rbi.org.in/Scripts/NotificationUser.aspx,2026-05-30T08:35:31.461567+00:00
2025-11-28,"Reserve Bank of India (Rural Co-operative Banks - Branch Authorisation) Directions, 2025",,https://www.rbi.org.in/Scripts/NotificationUser.aspx?Id=13205&Mode=0,https://www.rbi.org.in/Scripts/NotificationUser.aspx,2026-05-30T08:35:34.176062+00:00
2025-11-28,"Reserve Bank of India (Urban Co-operative Banks - Branch Authorisation) Directions, 2025",,https://www.rbi.org.in/Scripts/NotificationUser.aspx?Id=13204&Mode=0,https://www.rbi.org.in/Scripts/NotificationUser.aspx,2026-05-30T08:35:34.176062+00:00
2025-11-28,"Reserve Bank of India (Urban Co-operative Banks – Licensing, Scheduling and Regulatory Classification) Guidelines, 2025",,https://www.rbi.org.in/Scripts/NotificationUser.aspx?Id=13203&Mode=0,https://www.rbi.org.in/Scripts/NotificationUser.aspx,2026-05-30T08:35:34.176062+00:00
2025-11-28,"Reserve Bank of India (Rural Co-operative Banks – Miscellaneous) Directions, 2025",,https://www.rbi.org.in/Scripts/NotificationUser.aspx?Id=13202&Mode=0,https://www.rbi.org.in/Scripts/NotificationUser.aspx,2026-05-30T08:35:34.176062+00:00
2025-11-28,Compliance with Know Your Customer (KYC) norms,,https://www.rbi.org.in/Scripts/NotificationUser.aspx?Id=13171&Mode=0,https://www.rbi.org.in/Scripts/NotificationUser.aspx,2026-05-30T08:35:34.176062+00:00
2025-11-28,Consolidation of Regulations – Withdrawal of circulars,,https://www.rbi.org.in/Scripts/NotificationUser.aspx?Id=13170&Mode=0,https://www.rbi.org.in/Scripts/NotificationUser.aspx,2026-05-30T08:35:34.176062+00:00
2025-11-28,Compliance with Know Your Customer (KYC) norms,,https://www.rbi.org.in/Scripts/NotificationUser.aspx?Id=13169&Mode=0,https://www.rbi.org.in/Scripts/NotificationUser.aspx,2026-05-30T08:35:34.176062+00:00
2025-11-28,"Reserve Bank of India (Universal Banks – Licensing) Guidelines, 2025",,https://www.rbi.org.in/Scripts/NotificationUser.aspx?Id=13168&Mode=0,https://www.rbi.org.in/Scripts/NotificationUser.aspx,2026-05-30T08:35:34.176062+00:00
2025-11-28,"Reserve Bank of India (Setting Up of Wholly Owned Subsidiaries by Foreign Banks) Guidelines, 2025 (Updated as on April 1, 2026)",,https://www.rbi.org.in/Scripts/NotificationUser.aspx?Id=13167&Mode=0,https://www.rbi.org.in/Scripts/NotificationUser.aspx,2026-05-30T08:35:34.176062+00:00
2025-11-28,"Reserve Bank of India (Commercial Banks – Acquisition and Holding of Shares or Voting Rights) Directions, 2025",,https://www.rbi.org.in/Scripts/NotificationUser.aspx?Id=13166&Mode=0,https://www.rbi.org.in/Scripts/NotificationUser.aspx,2026-05-30T08:35:34.176062+00:00
2025-11-28,"Reserve Bank of India (Commercial Banks – Voluntary Amalgamation) Directions, 2025",,https://www.rbi.org.in/Scripts/NotificationUser.aspx?Id=13165&Mode=0,https://www.rbi.org.in/Scripts/NotificationUser.aspx,2026-05-30T08:35:34.176062+00:00
2025-11-28,"Reserve Bank of India (Commercial Banks - Branch Authorisation) Directions, 2025",,https://www.rbi.org.in/Scripts/NotificationUser.aspx?Id=13164&Mode=0,https://www.rbi.org.in/Scripts/NotificationUser.aspx,2026-05-30T08:35:34.176062+00:00
2025-11-28,"Reserve Bank of India (Commercial Banks – Digital Banking Channels Authorisation) Directions, 2025",,https://www.rbi.org.in/Scripts/NotificationUser.aspx?Id=13163&Mode=0,https://www.rbi.org.in/Scripts/NotificationUser.aspx,2026-05-30T08:35:34.176062+00:00
2025-11-28,"Reserve Bank of India (Commercial Banks – Undertaking of Financial Services) Directions, 2025 (Updated as on April 27, 2026)",,https://www.rbi.org.in/Scripts/NotificationUser.aspx?Id=13162&Mode=0,https://www.rbi.org.in/Scripts/NotificationUser.aspx,2026-05-30T08:35:34.176062+00:00
2025-11-28,"Reserve Bank of India (Commercial Banks - Governance) Directions, 2025",,https://www.rbi.org.in/Scripts/NotificationUser.aspx?Id=13161&Mode=0,https://www.rbi.org.in/Scripts/NotificationUser.aspx,2026-05-30T08:35:34.176062+00:00
2025-11-28,"Reserve Bank of India (Commercial Banks – Cash Reserve Ratio and Statutory Liquidity Ratio) Directions, 2025 (Updated as on January 22, 2026)",,https://www.rbi.org.in/Scripts/NotificationUser.aspx?Id=13160&Mode=0,https://www.rbi.org.in/Scripts/NotificationUser.aspx,2026-05-30T08:35:34.176062+00:00
2025-11-28,"Reserve Bank of India (Commercial Banks - Prudential Norms on Capital Adequacy) Directions, 2025 (Updated as on May 18, 2026)",,https://www.rbi.org.in/Scripts/NotificationUser.aspx?Id=13159&Mode=0,https://www.rbi.org.in/Scripts/NotificationUser.aspx,2026-05-30T08:35:34.176062+00:00
2025-11-28,"Reserve Bank of India (Commercial Banks – Resource Raising Norms) Directions, 2025",,https://www.rbi.org.in/Scripts/NotificationUser.aspx?Id=13158&Mode=0,https://www.rbi.org.in/Scripts/NotificationUser.aspx,2026-05-30T08:35:34.176062+00:00
2025-11-28,"Reserve Bank of India (Commercial Banks – Interest Rate on Deposits) Directions, 2025",,https://www.rbi.org.in/Scripts/NotificationUser.aspx?Id=13157&Mode=0,https://www.rbi.org.in/Scripts/NotificationUser.aspx,2026-05-30T08:35:34.176062+00:00
2025-11-28,"Reserve Bank of India (Commercial Banks – Credit Facilities) Directions, 2025 (Updated as on April 01, 2026)",,https://www.rbi.org.in/Scripts/NotificationUser.aspx?Id=13156&Mode=0,https://www.rbi.org.in/Scripts/NotificationUser.aspx,2026-05-30T08:35:34.176062+00:00
2025-11-28,"Reserve Bank of India (Commercial Banks – Credit Cards and Debit Cards: Issuance and Conduct) Directions, 2025",,https://www.rbi.org.in/Scripts/NotificationUser.aspx?Id=13155&Mode=0,https://www.rbi.org.in/Scripts/NotificationUser.aspx,2026-05-30T08:35:34.176062+00:00
2025-11-28,"Reserve Bank of India (Commercial Banks – Credit Information Reporting) Directions, 2025",,https://www.rbi.org.in/Scripts/NotificationUser.aspx?Id=13154&Mode=0,https://www.rbi.org.in/Scripts/NotificationUser.aspx,2026-05-30T08:35:34.176062+00:00
2025-11-28,"Reserve Bank of India (Commercial Banks – Credit Risk Management) Directions, 2025 (Updated as on April 01, 2026)",,https://www.rbi.org.in/Scripts/NotificationUser.aspx?Id=13153&Mode=0,https://www.rbi.org.in/Scripts/NotificationUser.aspx,2026-05-30T08:35:34.176062+00:00
2025-11-28,"Reserve Bank of India (Commercial Banks – Concentration Risk Management) Directions, 2025 (Updated as on April 01, 2026)",,https://www.rbi.org.in/Scripts/NotificationUser.aspx?Id=13152&Mode=0,https://www.rbi.org.in/Scripts/NotificationUser.aspx,2026-05-30T08:35:34.176062+00:00
2025-11-28,"Reserve Bank of India (Commercial Banks - Transfer and Distribution of Credit Risk) Directions, 2025",,https://www.rbi.org.in/Scripts/NotificationUser.aspx?Id=13151&Mode=0,https://www.rbi.org.in/Scripts/NotificationUser.aspx,2026-05-30T08:35:34.176062+00:00
2025-11-28,"Reserve Bank of India (Commercial Banks – Securitisation Transactions) Directions, 2025",,https://www.rbi.org.in/Scripts/NotificationUser.aspx?Id=13150&Mode=0,https://www.rbi.org.in/Scripts/NotificationUser.aspx,2026-05-30T08:35:34.176062+00:00
2025-11-28,"Reserve Bank of India (Commercial Banks – Interest Rates on Advances) Directions, 2025",,https://www.rbi.org.in/Scripts/NotificationUser.aspx?Id=13149&Mode=0,https://www.rbi.org.in/Scripts/NotificationUser.aspx,2026-05-30T08:35:34.176062+00:00
2025-11-28,"Reserve Bank of India (Commercial Banks – Classification, Valuation and Operation of Investment Portfolio) Directions, 2025 (Updated as on May 18, 2026)",,https://www.rbi.org.in/Scripts/NotificationUser.aspx?Id=13148&Mode=0,https://www.rbi.org.in/Scripts/NotificationUser.aspx,2026-05-30T08:35:34.176062+00:00
2025-11-28,"Reserve Bank of India (Commercial Banks – Asset Liability Management) Directions, 2025",,https://www.rbi.org.in/Scripts/NotificationUser.aspx?Id=13147&Mode=0,https://www.rbi.org.in/Scripts/NotificationUser.aspx,2026-05-30T08:35:34.176062+00:00
2025-11-28,"Reserve Bank of India (Commercial Banks – Income Recognition, Asset Classification and Provisioning) Directions, 2025 (Updated as on January 01, 2026)",,https://www.rbi.org.in/Scripts/NotificationUser.aspx?Id=13146&Mode=0,https://www.rbi.org.in/Scripts/NotificationUser.aspx,2026-05-30T08:35:34.176062+00:00
2025-11-28,"Reserve Bank of India (Commercial Banks – Resolution of Stressed Assets) Directions, 2025",,https://www.rbi.org.in/Scripts/NotificationUser.aspx?Id=13145&Mode=0,https://www.rbi.org.in/Scripts/NotificationUser.aspx,2026-05-30T08:35:34.176062+00:00
2025-11-28,"Reserve Bank of India (Commercial Banks – Treatment of Wilful Defaulters and Large Defaulters) Directions, 2025",,https://www.rbi.org.in/Scripts/NotificationUser.aspx?Id=13144&Mode=0,https://www.rbi.org.in/Scripts/NotificationUser.aspx,2026-05-30T08:35:34.176062+00:00
2025-11-28,"Reserve Bank of India (Commercial Banks - Financial Statements: Presentation and Disclosures) Directions, 2025 (Updated as on May 18, 2026)",,https://www.rbi.org.in/Scripts/NotificationUser.aspx?Id=13143&Mode=0,https://www.rbi.org.in/Scripts/NotificationUser.aspx,2026-05-30T08:35:34.176062+00:00
2025-11-28,"Reserve Bank of India (Commercial Banks – Know Your Customer) Directions, 2025 (Updated as on December 29, 2025)",,https://www.rbi.org.in/Scripts/NotificationUser.aspx?Id=13141&Mode=0,https://www.rbi.org.in/Scripts/NotificationUser.aspx,2026-05-30T08:35:34.176062+00:00
2025-11-28,"Reserve Bank of India (Commercial Banks – Responsible Business Conduct) Directions, 2025 (Updated as on April 1, 2026)",,https://www.rbi.org.in/Scripts/NotificationUser.aspx?Id=13140&Mode=0,https://www.rbi.org.in/Scripts/NotificationUser.aspx,2026-05-30T08:35:34.176062+00:00
2025-11-28,"Reserve Bank of India (Commercial Banks – Managing Risks in Outsourcing) Directions, 2025",,https://www.rbi.org.in/Scripts/NotificationUser.aspx?Id=13139&Mode=0,https://www.rbi.org.in/Scripts/NotificationUser.aspx,2026-05-30T08:35:34.176062+00:00
2025-11-28,"Reserve Bank of India (Commercial Banks - Climate Finance and Management of Climate Change Risks) Directions, 2025",,https://www.rbi.org.in/Scripts/NotificationUser.aspx?Id=13138&Mode=0,https://www.rbi.org.in/Scripts/NotificationUser.aspx,2026-05-30T08:35:34.176062+00:00
2025-11-28,"Reserve Bank of India (Commercial Banks – Forthcoming Instructions) Directions, 2025",,https://www.rbi.org.in/Scripts/NotificationUser.aspx?Id=13137&Mode=0,https://www.rbi.org.in/Scripts/NotificationUser.aspx,2026-05-30T08:35:34.176062+00:00
2025-11-28,"Reserve Bank of India (Commercial Banks – Miscellaneous) Directions, 2025",,https://www.rbi.org.in/Scripts/NotificationUser.aspx?Id=13136&Mode=0,https://www.rbi.org.in/Scripts/NotificationUser.aspx,2026-05-30T08:35:34.176062+00:00
2025-11-28,"Reserve Bank of India (Small Finance Banks – Licensing) Guidelines, 2025",,https://www.rbi.org.in/Scripts/NotificationUser.aspx?Id=13135&Mode=0,https://www.rbi.org.in/Scripts/NotificationUser.aspx,2026-05-30T08:35:34.176062+00:00
2025-11-28,"Reserve Bank of India (Small Finance Banks – Acquisition and Holding of Shares or Voting Rights) Directions, 2025",,https://www.rbi.org.in/Scripts/NotificationUser.aspx?Id=13134&Mode=0,https://www.rbi.org.in/Scripts/NotificationUser.aspx,2026-05-30T08:35:34.176062+00:00
2025-11-28,"Reserve Bank of India (Small Finance Banks - Voluntary Amalgamation) Directions, 2025",,https://www.rbi.org.in/Scripts/NotificationUser.aspx?Id=13133&Mode=0,https://www.rbi.org.in/Scripts/NotificationUser.aspx,2026-05-30T08:35:34.176062+00:00
2025-11-28,"Reserve Bank of India (Small Finance Banks – Branch Authorisation) Directions, 2025",,https://www.rbi.org.in/Scripts/NotificationUser.aspx?Id=13132&Mode=0,https://www.rbi.org.in/Scripts/NotificationUser.aspx,2026-05-30T08:35:34.176062+00:00
2025-11-28,"Reserve Bank of India (Small Finance Banks – Digital Banking Channels Authorisation) Directions, 2025",,https://www.rbi.org.in/Scripts/NotificationUser.aspx?Id=13131&Mode=0,https://www.rbi.org.in/Scripts/NotificationUser.aspx,2026-05-30T08:35:34.176062+00:00
2025-11-28,"Reserve Bank of India (Small Finance Banks – Undertaking of Financial Services) Directions, 2025 (Updated as on April 27, 2026)",,https://www.rbi.org.in/Scripts/NotificationUser.aspx?Id=13130&Mode=0,https://www.rbi.org.in/Scripts/NotificationUser.aspx,2026-05-30T08:35:34.176062+00:00
2025-11-28,"Reserve Bank of India (Small Finance Banks – Governance) Directions, 2025",,https://www.rbi.org.in/Scripts/NotificationUser.aspx?Id=13129&Mode=0,https://www.rbi.org.in/Scripts/NotificationUser.aspx,2026-05-30T08:35:34.176062+00:00
2025-11-28,"Reserve Bank of India (Small Finance Banks – Cash Reserve Ratio and Statutory Liquidity Ratio) Directions, 2025 (Updated as on January 22, 2026)",,https://www.rbi.org.in/Scripts/NotificationUser.aspx?Id=13128&Mode=0,https://www.rbi.org.in/Scripts/NotificationUser.aspx,2026-05-30T08:35:34.176062+00:00
2025-11-28,"Reserve Bank of India (Small Finance Banks – Prudential Norms on Capital Adequacy) Directions, 2025 (Updated as on May 8, 2026)",,https://www.rbi.org.in/Scripts/NotificationUser.aspx?Id=13127&Mode=0,https://www.rbi.org.in/Scripts/NotificationUser.aspx,2026-05-30T08:35:34.176062+00:00
2025-11-28,"Reserve Bank of India (Small Finance Banks - Resource Raising Norms) Directions, 2025",,https://www.rbi.org.in/Scripts/NotificationUser.aspx?Id=13126&Mode=0,https://www.rbi.org.in/Scripts/NotificationUser.aspx,2026-05-30T08:35:34.176062+00:00
2025-11-28,"Reserve Bank of India (Small Finance Banks – Interest Rate on Deposits) Directions, 2025",,https://www.rbi.org.in/Scripts/NotificationUser.aspx?Id=13125&Mode=0,https://www.rbi.org.in/Scripts/NotificationUser.aspx,2026-05-30T08:35:34.176062+00:00
2025-11-28,"Reserve Bank of India (Small Finance Banks – Credit Facilities) Directions, 2025 (Updated as on April 01, 2026)",,https://www.rbi.org.in/Scripts/NotificationUser.aspx?Id=13124&Mode=0,https://www.rbi.org.in/Scripts/NotificationUser.aspx,2026-05-30T08:35:34.176062+00:00
2025-11-28,"Reserve Bank of India (Small Finance Banks – Credit Cards and Debit Cards: Issuance and Conduct) Directions, 2025",,https://www.rbi.org.in/Scripts/NotificationUser.aspx?Id=13123&Mode=0,https://www.rbi.org.in/Scripts/NotificationUser.aspx,2026-05-30T08:35:34.176062+00:00
2025-11-28,"Reserve Bank of India (Small Finance Banks – Credit Information Reporting) Directions, 2025",,https://www.rbi.org.in/Scripts/NotificationUser.aspx?Id=13122&Mode=0,https://www.rbi.org.in/Scripts/NotificationUser.aspx,2026-05-30T08:35:34.176062+00:00
2025-11-28,"Reserve Bank of India (Small Finance Banks – Credit Risk Management) Directions, 2025 (Updated as on April 01, 2026)",,https://www.rbi.org.in/Scripts/NotificationUser.aspx?Id=13121&Mode=0,https://www.rbi.org.in/Scripts/NotificationUser.aspx,2026-05-30T08:35:34.176062+00:00
2025-11-28,"Reserve Bank of India (Small Finance Banks – Concentration Risk Management) Directions, 2025 (Updated as on January 01, 2026)",,https://www.rbi.org.in/Scripts/NotificationUser.aspx?Id=13120&Mode=0,https://www.rbi.org.in/Scripts/NotificationUser.aspx,2026-05-30T08:35:34.176062+00:00
2025-11-28,"Reserve Bank of India (Small Finance Banks – Transfer and Distribution of Credit Risk) Directions, 2025",,https://www.rbi.org.in/Scripts/NotificationUser.aspx?Id=13119&Mode=0,https://www.rbi.org.in/Scripts/NotificationUser.aspx,2026-05-30T08:35:34.176062+00:00
2025-11-28,"Reserve Bank of India (Small Finance Banks – Securitisation Transactions) Directions, 2025",,https://www.rbi.org.in/Scripts/NotificationUser.aspx?Id=13118&Mode=0,https://www.rbi.org.in/Scripts/NotificationUser.aspx,2026-05-30T08:35:34.176062+00:00
2025-11-28,"Reserve Bank of India (Small Finance Banks – Interest Rates on Advances) Directions, 2025",,https://www.rbi.org.in/Scripts/NotificationUser.aspx?Id=13117&Mode=0,https://www.rbi.org.in/Scripts/NotificationUser.aspx,2026-05-30T08:35:34.176062+00:00
2025-11-28,"Reserve Bank of India (Small Finance Banks – Classification, Valuation and Operation of Investment Portfolio) Directions, 2025 (Updated as on May 18, 2026)",,https://www.rbi.org.in/Scripts/NotificationUser.aspx?Id=13116&Mode=0,https://www.rbi.org.in/Scripts/NotificationUser.aspx,2026-05-30T08:35:34.176062+00:00
2025-11-28,"Reserve Bank of India (Small Finance Banks – Asset Liability Management) Directions, 2025",,https://www.rbi.org.in/Scripts/NotificationUser.aspx?Id=13115&Mode=0,https://www.rbi.org.in/Scripts/NotificationUser.aspx,2026-05-30T08:35:34.176062+00:00
2025-11-28,"Reserve Bank of India (Small Finance Banks – Income Recognition, Asset Classification and Provisioning) Directions, 2025 (Updated as on January 01, 2026)",,https://www.rbi.org.in/Scripts/NotificationUser.aspx?Id=13114&Mode=0,https://www.rbi.org.in/Scripts/NotificationUser.aspx,2026-05-30T08:35:34.176062+00:00
2025-11-28,"Reserve Bank of India (Small Finance Banks – Resolution of Stressed Assets) Directions, 2025",,https://www.rbi.org.in/Scripts/NotificationUser.aspx?Id=13113&Mode=0,https://www.rbi.org.in/Scripts/NotificationUser.aspx,2026-05-30T08:35:34.176062+00:00
2025-11-28,"Reserve Bank of India (Small Finance Banks – Treatment of Wilful Defaulters and Large Defaulters) Directions, 2025",,https://www.rbi.org.in/Scripts/NotificationUser.aspx?Id=13112&Mode=0,https://www.rbi.org.in/Scripts/NotificationUser.aspx,2026-05-30T08:35:34.176062+00:00
2025-11-28,"Reserve Bank of India (Small Finance Banks - Financial Statements: Presentation and Disclosures) Directions, 2025 (Updated as on April 1, 2026)",,https://www.rbi.org.in/Scripts/NotificationUser.aspx?Id=13111&Mode=0,https://www.rbi.org.in/Scripts/NotificationUser.aspx,2026-05-30T08:35:34.176062+00:00
2025-11-28,"Reserve Bank of India (Small Finance Banks – Know Your Customer) Directions, 2025 (Updated as on December 29, 2025)",,https://www.rbi.org.in/Scripts/NotificationUser.aspx?Id=13109&Mode=0,https://www.rbi.org.in/Scripts/NotificationUser.aspx,2026-05-30T08:35:34.176062+00:00
2025-11-28,"Reserve Bank of India (Small Finance Banks – Responsible Business Conduct) Directions, 2025 (Updated as on April 1, 2026)",,https://www.rbi.org.in/Scripts/NotificationUser.aspx?Id=13108&Mode=0,https://www.rbi.org.in/Scripts/NotificationUser.aspx,2026-05-30T08:35:34.176062+00:00
2025-11-28,"Reserve Bank of India (Small Finance Banks – Managing Risks in Outsourcing) Directions, 2025",,https://www.rbi.org.in/Scripts/NotificationUser.aspx?Id=13107&Mode=0,https://www.rbi.org.in/Scripts/NotificationUser.aspx,2026-05-30T08:35:34.176062+00:00
2025-11-28,"Reserve Bank of India (Small Finance Banks – Climate Finance and Management of Climate Change Risks) Directions, 2025",,https://www.rbi.org.in/Scripts/NotificationUser.aspx?Id=13106&Mode=0,https://www.rbi.org.in/Scripts/NotificationUser.aspx,2026-05-30T08:35:34.176062+00:00
2025-11-28,"Reserve Bank of India (Small Finance Banks – Miscellaneous) Directions, 2025",,https://www.rbi.org.in/Scripts/NotificationUser.aspx?Id=13105&Mode=0,https://www.rbi.org.in/Scripts/NotificationUser.aspx,2026-05-30T08:35:34.176062+00:00
2025-11-28,"Reserve Bank of India (Payments Banks – Acquisition and Holding of Shares or Voting Rights) Directions, 2025",,https://www.rbi.org.in/Scripts/NotificationUser.aspx?Id=13104&Mode=0,https://www.rbi.org.in/Scripts/NotificationUser.aspx,2026-05-30T08:35:34.176062+00:00
2025-11-28,"Reserve Bank of India (Payments Banks – Voluntary Amalgamation) Directions, 2025",,https://www.rbi.org.in/Scripts/NotificationUser.aspx?Id=13103&Mode=0,https://www.rbi.org.in/Scripts/NotificationUser.aspx,2026-05-30T08:35:34.176062+00:00
2025-11-28,"Reserve Bank of India (Payments Banks – Branch Authorisation) Directions, 2025",,https://www.rbi.org.in/Scripts/NotificationUser.aspx?Id=13102&Mode=0,https://www.rbi.org.in/Scripts/NotificationUser.aspx,2026-05-30T08:35:34.176062+00:00
2025-11-28,"Reserve Bank of India (Payments Banks – Digital Banking Channels Authorisation) Directions, 2025",,https://www.rbi.org.in/Scripts/NotificationUser.aspx?Id=13101&Mode=0,https://www.rbi.org.in/Scripts/NotificationUser.aspx,2026-05-30T08:35:34.176062+00:00
2025-11-28,"Reserve Bank of India (Payments Banks – Undertaking of Financial Services) Directions, 2025 (Updated as on December 05, 2025)",,https://www.rbi.org.in/Scripts/NotificationUser.aspx?Id=13100&Mode=0,https://www.rbi.org.in/Scripts/NotificationUser.aspx,2026-05-30T08:35:34.176062+00:00
2025-11-28,"Reserve Bank of India (Payments Banks - Governance) Directions, 2025",,https://www.rbi.org.in/Scripts/NotificationUser.aspx?Id=13099&Mode=0,https://www.rbi.org.in/Scripts/NotificationUser.aspx,2026-05-30T08:35:34.176062+00:00
2025-11-28,"Reserve Bank of India (Payments Banks – Cash Reserve Ratio and Statutory Liquidity Ratio) Directions, 2025 (Updated as on January 22, 2026)",,https://www.rbi.org.in/Scripts/NotificationUser.aspx?Id=13098&Mode=0,https://www.rbi.org.in/Scripts/NotificationUser.aspx,2026-05-30T08:35:34.176062+00:00
2025-11-28,"Reserve Bank of India (Payments Banks – Prudential Norms on Capital Adequacy) Directions, 2025 (updated as on May 08, 2026)",,https://www.rbi.org.in/Scripts/NotificationUser.aspx?Id=13097&Mode=0,https://www.rbi.org.in/Scripts/NotificationUser.aspx,2026-05-30T08:35:34.176062+00:00
2025-11-28,"Reserve Bank of India (Payments Banks – Interest Rate on Deposits) Directions, 2025",,https://www.rbi.org.in/Scripts/NotificationUser.aspx?Id=13096&Mode=0,https://www.rbi.org.in/Scripts/NotificationUser.aspx,2026-05-30T08:35:34.176062+00:00
2025-11-28,"Reserve Bank of India (Payments Banks – Debit Cards: Issuance and Conduct) Directions, 2025",,https://www.rbi.org.in/Scripts/NotificationUser.aspx?Id=13095&Mode=0,https://www.rbi.org.in/Scripts/NotificationUser.aspx,2026-05-30T08:35:34.176062+00:00
2025-11-28,"Reserve Bank of India (Payments Banks – Classification, Valuation and Operation of Investment Portfolio) Directions, 2025 (Updated as on May 18, 2026)",,https://www.rbi.org.in/Scripts/NotificationUser.aspx?Id=13094&Mode=0,https://www.rbi.org.in/Scripts/NotificationUser.aspx,2026-05-30T08:35:34.176062+00:00
2025-11-28,"Reserve Bank of India (Payments Banks – Asset Liability Management) Directions, 2025",,https://www.rbi.org.in/Scripts/NotificationUser.aspx?Id=13093&Mode=0,https://www.rbi.org.in/Scripts/NotificationUser.aspx,2026-05-30T08:35:34.176062+00:00
2025-11-28,"Reserve Bank of India (Payments Banks – Financial Statements: Presentation and Disclosures) Directions, 2025 (Updated as on April 1, 2026)",,https://www.rbi.org.in/Scripts/NotificationUser.aspx?Id=13092&Mode=0,https://www.rbi.org.in/Scripts/NotificationUser.aspx,2026-05-30T08:35:34.176062+00:00
2025-11-28,"Reserve Bank of India (Payments Banks – Know Your Customer) Directions, 2025 (Updated as on December 29, 2025)",,https://www.rbi.org.in/Scripts/NotificationUser.aspx?Id=13090&Mode=0,https://www.rbi.org.in/Scripts/NotificationUser.aspx,2026-05-30T08:35:34.176062+00:00
2025-11-28,"Reserve Bank of India (Payments Banks – Responsible Business Conduct) Directions, 2025 (Updated as on April 1, 2026)",,https://www.rbi.org.in/Scripts/NotificationUser.aspx?Id=13089&Mode=0,https://www.rbi.org.in/Scripts/NotificationUser.aspx,2026-05-30T08:35:34.176062+00:00
2025-11-28,"Reserve Bank of India (Payments Banks – Managing Risks in Outsourcing) Directions, 2025",,https://www.rbi.org.in/Scripts/NotificationUser.aspx?Id=13088&Mode=0,https://www.rbi.org.in/Scripts/NotificationUser.aspx,2026-05-30T08:35:34.176062+00:00
2025-11-28,"Reserve Bank of India (Payments Banks – Miscellaneous) Directions, 2025 (Updated as on April 01, 2026)",,https://www.rbi.org.in/Scripts/NotificationUser.aspx?Id=13087&Mode=0,https://www.rbi.org.in/Scripts/NotificationUser.aspx,2026-05-30T08:35:34.176062+00:00
2025-11-28,"Reserve Bank of India (Local Area Banks – Acquisition and Holding of Shares or Voting Rights) Directions, 2025",,https://www.rbi.org.in/Scripts/NotificationUser.aspx?Id=13086&Mode=0,https://www.rbi.org.in/Scripts/NotificationUser.aspx,2026-05-30T08:35:34.176062+00:00
2025-11-28,"Reserve Bank of India (Local Area Banks – Voluntary Amalgamation) Directions, 2025",,https://www.rbi.org.in/Scripts/NotificationUser.aspx?Id=13085&Mode=0,https://www.rbi.org.in/Scripts/NotificationUser.aspx,2026-05-30T08:35:34.176062+00:00
2025-11-28,"Reserve Bank of India (Local Area Banks – Branch Authorisation) Directions, 2025",,https://www.rbi.org.in/Scripts/NotificationUser.aspx?Id=13084&Mode=0,https://www.rbi.org.in/Scripts/NotificationUser.aspx,2026-05-30T08:35:34.176062+00:00
2025-11-28,"Reserve Bank of India (Local Area Banks – Digital Banking Channels Authorisation) Directions, 2025",,https://www.rbi.org.in/Scripts/NotificationUser.aspx?Id=13083&Mode=0,https://www.rbi.org.in/Scripts/NotificationUser.aspx,2026-05-30T08:35:34.176062+00:00
2025-11-28,"Reserve Bank of India (Local Area Banks – Governance) Directions, 2025",,https://www.rbi.org.in/Scripts/NotificationUser.aspx?Id=13082&Mode=0,https://www.rbi.org.in/Scripts/NotificationUser.aspx,2026-05-30T08:35:34.176062+00:00
2025-11-28,"Reserve Bank of India (Local Area Banks – Cash Reserve Ratio and Statutory Liquidity Ratio) Directions, 2025 (Updated as on January 22, 2026)",,https://www.rbi.org.in/Scripts/NotificationUser.aspx?Id=13081&Mode=0,https://www.rbi.org.in/Scripts/NotificationUser.aspx,2026-05-30T08:35:34.176062+00:00
2025-11-28,"Reserve Bank of India (Local Area Banks – Prudential Norms on Capital Adequacy) Directions, 2025",,https://www.rbi.org.in/Scripts/NotificationUser.aspx?Id=13080&Mode=0,https://www.rbi.org.in/Scripts/NotificationUser.aspx,2026-05-30T08:35:34.176062+00:00
2025-11-28,"Reserve Bank of India (Local Area Banks – Interest Rate on Deposits) Directions, 2025",,https://www.rbi.org.in/Scripts/NotificationUser.aspx?Id=13079&Mode=0,https://www.rbi.org.in/Scripts/NotificationUser.aspx,2026-05-30T08:35:34.176062+00:00
2025-11-28,"Reserve Bank of India (Local Area Banks – Credit Facilities) Directions, 2025 (Updated as on April 01, 2026)",,https://www.rbi.org.in/Scripts/NotificationUser.aspx?Id=13078&Mode=0,https://www.rbi.org.in/Scripts/NotificationUser.aspx,2026-05-30T08:35:34.176062+00:00
2025-11-28,"Reserve Bank of India (Local Area Banks – Debit Cards: Issuance and Conduct) Directions, 2025",,https://www.rbi.org.in/Scripts/NotificationUser.aspx?Id=13077&Mode=0,https://www.rbi.org.in/Scripts/NotificationUser.aspx,2026-05-30T08:35:34.176062+00:00
2025-11-28,"Reserve Bank of India (Local Area Banks – Credit Information Reporting) Directions, 2025",,https://www.rbi.org.in/Scripts/NotificationUser.aspx?Id=13076&Mode=0,https://www.rbi.org.in/Scripts/NotificationUser.aspx,2026-05-30T08:35:34.176062+00:00
2025-11-28,"Reserve Bank of India (Local Area Banks – Credit Risk Management) Directions, 2025 (Updated as on April 01, 2026)",,https://www.rbi.org.in/Scripts/NotificationUser.aspx?Id=13075&Mode=0,https://www.rbi.org.in/Scripts/NotificationUser.aspx,2026-05-30T08:35:34.176062+00:00
2025-11-28,"Reserve Bank of India (Local Area Banks – Concentration Risk Management) Directions, 2025",,https://www.rbi.org.in/Scripts/NotificationUser.aspx?Id=13074&Mode=0,https://www.rbi.org.in/Scripts/NotificationUser.aspx,2026-05-30T08:35:34.176062+00:00
2025-11-28,"Reserve Bank of India (Local Area Banks – Transfer and Distribution of Credit Risk) Directions, 2025",,https://www.rbi.org.in/Scripts/NotificationUser.aspx?Id=13073&Mode=0,https://www.rbi.org.in/Scripts/NotificationUser.aspx,2026-05-30T08:35:34.176062+00:00
2025-11-28,"Reserve Bank of India (Local Area Banks – Interest Rates on Advances) Directions, 2025",,https://www.rbi.org.in/Scripts/NotificationUser.aspx?Id=13072&Mode=0,https://www.rbi.org.in/Scripts/NotificationUser.aspx,2026-05-30T08:35:34.176062+00:00
2025-11-28,"Reserve Bank of India (Local Area Banks – Classification, Valuation and Operation of Investment Portfolio) Directions, 2025 (Updated as on May 18, 2026)",,https://www.rbi.org.in/Scripts/NotificationUser.aspx?Id=13071&Mode=0,https://www.rbi.org.in/Scripts/NotificationUser.aspx,2026-05-30T08:35:34.176062+00:00
2025-11-28,"Reserve Bank of India (Local Area Banks – Asset Liability Management) Directions, 2025",,https://www.rbi.org.in/Scripts/NotificationUser.aspx?Id=13070&Mode=0,https://www.rbi.org.in/Scripts/NotificationUser.aspx,2026-05-30T08:35:34.176062+00:00
2025-11-28,"Reserve Bank of India (Local Area Banks – Income Recognition, Asset Classification and Provisioning) Directions, 2025",,https://www.rbi.org.in/Scripts/NotificationUser.aspx?Id=13069&Mode=0,https://www.rbi.org.in/Scripts/NotificationUser.aspx,2026-05-30T08:35:34.176062+00:00
2025-11-28,"Reserve Bank of India (Local Area Banks – Resolution of Stressed Assets) Directions, 2025",,https://www.rbi.org.in/Scripts/NotificationUser.aspx?Id=13068&Mode=0,https://www.rbi.org.in/Scripts/NotificationUser.aspx,2026-05-30T08:35:34.176062+00:00
2025-11-28,"Reserve Bank of India (Local Area Banks – Treatment of Wilful Defaulters and Large Defaulters) Directions, 2025",,https://www.rbi.org.in/Scripts/NotificationUser.aspx?Id=13067&Mode=0,https://www.rbi.org.in/Scripts/NotificationUser.aspx,2026-05-30T08:35:34.176062+00:00
2025-11-28,"Reserve Bank of India (Local Area Banks – Financial Statements: Presentation and Disclosures) Directions, 2025 (Updated as on May 18, 2026)",,https://www.rbi.org.in/Scripts/NotificationUser.aspx?Id=13066&Mode=0,https://www.rbi.org.in/Scripts/NotificationUser.aspx,2026-05-30T08:35:34.176062+00:00
2025-11-28,"Reserve Bank of India (Local Area Banks – Know Your Customer) Directions, 2025 (Updated as on December 29, 2025)",,https://www.rbi.org.in/Scripts/NotificationUser.aspx?Id=13064&Mode=0,https://www.rbi.org.in/Scripts/NotificationUser.aspx,2026-05-30T08:35:34.176062+00:00
2025-11-28,"Reserve Bank of India (Local Area Banks – Responsible Business Conduct) Directions, 2025 (Updated as on April 1, 2026)",,https://www.rbi.org.in/Scripts/NotificationUser.aspx?Id=13063&Mode=0,https://www.rbi.org.in/Scripts/NotificationUser.aspx,2026-05-30T08:35:34.176062+00:00
2025-11-28,"Reserve Bank of India (Local Area Banks – Managing Risks in Outsourcing) Directions, 2025",,https://www.rbi.org.in/Scripts/NotificationUser.aspx?Id=13062&Mode=0,https://www.rbi.org.in/Scripts/NotificationUser.aspx,2026-05-30T08:35:34.176062+00:00
2025-11-28,"Reserve Bank of India (Local Area Banks – Miscellaneous) Directions, 2025 (Updated as on April 27, 2026)",,https://www.rbi.org.in/Scripts/NotificationUser.aspx?Id=13061&Mode=0,https://www.rbi.org.in/Scripts/NotificationUser.aspx,2026-05-30T08:35:34.176062+00:00
2025-11-28,"Reserve Bank of India (Regional Rural Banks – Branch Authorisation) Directions, 2025",,https://www.rbi.org.in/Scripts/NotificationUser.aspx?Id=13060&Mode=0,https://www.rbi.org.in/Scripts/NotificationUser.aspx,2026-05-30T08:35:34.176062+00:00
2025-11-28,"Reserve Bank of India (Regional Rural Banks – Digital Banking Channels Authorisation) Directions, 2025",,https://www.rbi.org.in/Scripts/NotificationUser.aspx?Id=13059&Mode=0,https://www.rbi.org.in/Scripts/NotificationUser.aspx,2026-05-30T08:35:34.176062+00:00
2025-11-28,"Reserve Bank of India (Regional Rural Banks – Undertaking of Financial Services) Directions, 2025 (Updated as on April 27, 2026)",,https://www.rbi.org.in/Scripts/NotificationUser.aspx?Id=13058&Mode=0,https://www.rbi.org.in/Scripts/NotificationUser.aspx,2026-05-30T08:35:34.176062+00:00
2025-11-28,"Reserve Bank of India (Regional Rural Banks – Governance) Directions, 2025",,https://www.rbi.org.in/Scripts/NotificationUser.aspx?Id=13057&Mode=0,https://www.rbi.org.in/Scripts/NotificationUser.aspx,2026-05-30T08:35:34.176062+00:00
2025-11-28,"Reserve Bank of India (Regional Rural Banks – Cash Reserve Ratio and Statutory Liquidity Ratio) Directions, 2025 (Updated as on January 22, 2026)",,https://www.rbi.org.in/Scripts/NotificationUser.aspx?Id=13056&Mode=0,https://www.rbi.org.in/Scripts/NotificationUser.aspx,2026-05-30T08:35:34.176062+00:00
2025-11-28,"Reserve Bank of India (Regional Rural Banks – Prudential Norms on Capital Adequacy) Directions, 2025",,https://www.rbi.org.in/Scripts/NotificationUser.aspx?Id=13055&Mode=0,https://www.rbi.org.in/Scripts/NotificationUser.aspx,2026-05-30T08:35:34.176062+00:00
2025-11-28,"Reserve Bank of India (Regional Rural Banks – Interest Rate on Deposits) Directions, 2025",,https://www.rbi.org.in/Scripts/NotificationUser.aspx?Id=13054&Mode=0,https://www.rbi.org.in/Scripts/NotificationUser.aspx,2026-05-30T08:35:34.176062+00:00
2025-11-28,"Reserve Bank of India (Regional Rural Banks – Credit Facilities) Directions, 2025 (Updated as on April 01, 2026)",,https://www.rbi.org.in/Scripts/NotificationUser.aspx?Id=13053&Mode=0,https://www.rbi.org.in/Scripts/NotificationUser.aspx,2026-05-30T08:35:34.176062+00:00
2025-11-28,"Reserve Bank of India (Regional Rural Banks – Credit Cards and Debit Cards: Issuance and Conduct) Directions, 2025",,https://www.rbi.org.in/Scripts/NotificationUser.aspx?Id=13052&Mode=0,https://www.rbi.org.in/Scripts/NotificationUser.aspx,2026-05-30T08:35:34.176062+00:00
2025-11-28,"Reserve Bank of India (Regional Rural Banks – Credit Information Reporting) Directions, 2025",,https://www.rbi.org.in/Scripts/NotificationUser.aspx?Id=13051&Mode=0,https://www.rbi.org.in/Scripts/NotificationUser.aspx,2026-05-30T08:35:34.176062+00:00
2025-11-28,"Reserve Bank of India (Regional Rural Banks – Credit Risk Management) Directions, 2025 (updated as on April 01, 2026)",,https://www.rbi.org.in/Scripts/NotificationUser.aspx?Id=13050&Mode=0,https://www.rbi.org.in/Scripts/NotificationUser.aspx,2026-05-30T08:35:34.176062+00:00
2025-11-28,"Reserve Bank of India (Regional Rural Banks – Concentration Risk Management) Directions, 2025",,https://www.rbi.org.in/Scripts/NotificationUser.aspx?Id=13049&Mode=0,https://www.rbi.org.in/Scripts/NotificationUser.aspx,2026-05-30T08:35:34.176062+00:00
2025-11-28,"Reserve Bank of India (Regional Rural Banks – Transfer and Distribution of Credit Risk) Directions, 2025",,https://www.rbi.org.in/Scripts/NotificationUser.aspx?Id=13048&Mode=0,https://www.rbi.org.in/Scripts/NotificationUser.aspx,2026-05-30T08:35:34.176062+00:00
2025-11-28,"Reserve Bank of India (Regional Rural Banks – Interest Rates on Advances) Directions, 2025",,https://www.rbi.org.in/Scripts/NotificationUser.aspx?Id=13047&Mode=0,https://www.rbi.org.in/Scripts/NotificationUser.aspx,2026-05-30T08:35:34.176062+00:00
2025-11-28,"Reserve Bank of India (Regional Rural Banks – Classification, Valuation and Operation of Investment Portfolio) Directions, 2025 (Updated as on May 18, 2026)",,https://www.rbi.org.in/Scripts/NotificationUser.aspx?Id=13046&Mode=0,https://www.rbi.org.in/Scripts/NotificationUser.aspx,2026-05-30T08:35:34.176062+00:00
2025-11-28,"Reserve Bank of India (Regional Rural Banks – Asset Liability Management) Directions, 2025",,https://www.rbi.org.in/Scripts/NotificationUser.aspx?Id=13045&Mode=0,https://www.rbi.org.in/Scripts/NotificationUser.aspx,2026-05-30T08:35:34.176062+00:00
2025-11-28,"Reserve Bank of India (Regional Rural Banks – Income Recognition, Asset Classification and Provisioning) Directions, 2025",,https://www.rbi.org.in/Scripts/NotificationUser.aspx?Id=13044&Mode=0,https://www.rbi.org.in/Scripts/NotificationUser.aspx,2026-05-30T08:35:34.176062+00:00
2025-11-28,"Reserve Bank of India (Regional Rural Banks – Resolution of Stressed Assets) Directions, 2025",,https://www.rbi.org.in/Scripts/NotificationUser.aspx?Id=13043&Mode=0,https://www.rbi.org.in/Scripts/NotificationUser.aspx,2026-05-30T08:35:34.176062+00:00
2025-11-28,"Reserve Bank of India (Regional Rural Banks – Treatment of Wilful Defaulters and Large Defaulters) Directions, 2025",,https://www.rbi.org.in/Scripts/NotificationUser.aspx?Id=13042&Mode=0,https://www.rbi.org.in/Scripts/NotificationUser.aspx,2026-05-30T08:35:34.176062+00:00
2025-11-28,"Reserve Bank of India (Regional Rural Banks – Financial Statements: Presentation and Disclosures) Directions, 2025 (Updated as on April 1, 2026)",,https://www.rbi.org.in/Scripts/NotificationUser.aspx?Id=13041&Mode=0,https://www.rbi.org.in/Scripts/NotificationUser.aspx,2026-05-30T08:35:34.176062+00:00
2025-11-28,"Reserve Bank of India (Regional Rural Banks – Know Your Customer) Directions, 2025 (Updated as on December 29, 2025)",,https://www.rbi.org.in/Scripts/NotificationUser.aspx?Id=13040&Mode=0,https://www.rbi.org.in/Scripts/NotificationUser.aspx,2026-05-30T08:35:34.176062+00:00
2025-11-28,"Reserve Bank of India (Regional Rural Banks – Responsible Business Conduct) Directions, 2025 (Updated as on April 1, 2026)",,https://www.rbi.org.in/Scripts/NotificationUser.aspx?Id=13039&Mode=0,https://www.rbi.org.in/Scripts/NotificationUser.aspx,2026-05-30T08:35:34.176062+00:00
2025-11-28,"Reserve Bank of India (Regional Rural Banks – Miscellaneous) Directions, 2025",,https://www.rbi.org.in/Scripts/NotificationUser.aspx?Id=13038&Mode=0,https://www.rbi.org.in/Scripts/NotificationUser.aspx,2026-05-30T08:35:34.176062+00:00
2025-11-28,"Reserve Bank of India (Urban Co-operative Banks – Voluntary Amalgamation) Directions, 2025",,https://www.rbi.org.in/Scripts/NotificationUser.aspx?Id=13036&Mode=0,https://www.rbi.org.in/Scripts/NotificationUser.aspx,2026-05-30T08:35:34.176062+00:00
2025-11-28,"Reserve Bank of India (Urban Co-operative Banks – Digital Banking Channels Authorisation) Directions, 2025",,https://www.rbi.org.in/Scripts/NotificationUser.aspx?Id=13034&Mode=0,https://www.rbi.org.in/Scripts/NotificationUser.aspx,2026-05-30T08:35:34.176062+00:00
2025-11-28,"Reserve Bank of India (Urban Co-operative Banks – Undertaking of Financial Services) Directions, 2025 (Updated as on April 27, 2026)",,https://www.rbi.org.in/Scripts/NotificationUser.aspx?Id=13033&Mode=0,https://www.rbi.org.in/Scripts/NotificationUser.aspx,2026-05-30T08:35:34.176062+00:00
2025-11-28,"Reserve Bank of India (Urban Co-operative Banks - Governance) Directions, 2025 (Updated as on May 25, 2026)",,https://www.rbi.org.in/Scripts/NotificationUser.aspx?Id=13032&Mode=0,https://www.rbi.org.in/Scripts/NotificationUser.aspx,2026-05-30T08:35:34.176062+00:00
2025-11-28,"Reserve Bank of India (Urban Co-operative Banks – Cash Reserve Ratio and Statutory Liquidity Ratio) Directions, 2025 (Updated as on January 22, 2026)",,https://www.rbi.org.in/Scripts/NotificationUser.aspx?Id=13031&Mode=0,https://www.rbi.org.in/Scripts/NotificationUser.aspx,2026-05-30T08:35:34.176062+00:00
2025-11-28,"Reserve Bank of India (Urban Co-operative Banks – Prudential Norms on Capital Adequacy) Directions, 2025",,https://www.rbi.org.in/Scripts/NotificationUser.aspx?Id=13030&Mode=0,https://www.rbi.org.in/Scripts/NotificationUser.aspx,2026-05-30T08:35:34.176062+00:00
2025-11-28,"Reserve Bank of India (Urban Co-operative Banks – Interest Rate on Deposits) Directions, 2025",,https://www.rbi.org.in/Scripts/NotificationUser.aspx?Id=13029&Mode=0,https://www.rbi.org.in/Scripts/NotificationUser.aspx,2026-05-30T08:35:34.176062+00:00
2025-11-28,"Reserve Bank of India (Urban Co-operative Banks – Credit Facilities) Directions, 2025 (Updated as on April 01, 2026)",,https://www.rbi.org.in/Scripts/NotificationUser.aspx?Id=13028&Mode=0,https://www.rbi.org.in/Scripts/NotificationUser.aspx,2026-05-30T08:35:34.176062+00:00
2025-11-28,"Reserve Bank of India (Urban Co-operative Banks – Credit Cards and Debit Cards: Issuance and Conduct) Directions, 2025",,https://www.rbi.org.in/Scripts/NotificationUser.aspx?Id=13027&Mode=0,https://www.rbi.org.in/Scripts/NotificationUser.aspx,2026-05-30T08:35:34.176062+00:00
2025-11-28,"Reserve Bank of India (Urban Co-operative Banks – Credit Information Reporting) Directions, 2025",,https://www.rbi.org.in/Scripts/NotificationUser.aspx?Id=13026&Mode=0,https://www.rbi.org.in/Scripts/NotificationUser.aspx,2026-05-30T08:35:34.176062+00:00
2025-11-28,"Reserve Bank of India (Urban Co-operative Banks – Credit Risk Management) Directions, 2025 (Updated as on April 01, 2026)",,https://www.rbi.org.in/Scripts/NotificationUser.aspx?Id=13025&Mode=0,https://www.rbi.org.in/Scripts/NotificationUser.aspx,2026-05-30T08:35:34.176062+00:00
2025-11-28,"Reserve Bank of India (Urban Co-operative Banks – Concentration Risk Management) Directions, 2025",,https://www.rbi.org.in/Scripts/NotificationUser.aspx?Id=13024&Mode=0,https://www.rbi.org.in/Scripts/NotificationUser.aspx,2026-05-30T08:35:34.176062+00:00
2025-11-28,"Reserve Bank of India (Urban Co-operative Banks – Transfer and Distribution of Credit Risk) Directions, 2025",,https://www.rbi.org.in/Scripts/NotificationUser.aspx?Id=13023&Mode=0,https://www.rbi.org.in/Scripts/NotificationUser.aspx,2026-05-30T08:35:34.176062+00:00
2025-11-28,"Reserve Bank of India (Urban Co-operative Banks – Interest Rates on Advances) Directions, 2025",,https://www.rbi.org.in/Scripts/NotificationUser.aspx?Id=13022&Mode=0,https://www.rbi.org.in/Scripts/NotificationUser.aspx,2026-05-30T08:35:34.176062+00:00
2025-11-28,"Reserve Bank of India (Urban Co-operative Banks – Classification, Valuation and Operation of Investment Portfolio) Directions, 2025 (Updated as on May 18, 2026)",,https://www.rbi.org.in/Scripts/NotificationUser.aspx?Id=13021&Mode=0,https://www.rbi.org.in/Scripts/NotificationUser.aspx,2026-05-30T08:35:34.176062+00:00
2025-11-28,"Reserve Bank of India (Urban Co-operative Banks – Asset Liability Management) Directions, 2025",,https://www.rbi.org.in/Scripts/NotificationUser.aspx?Id=13020&Mode=0,https://www.rbi.org.in/Scripts/NotificationUser.aspx,2026-05-30T08:35:34.176062+00:00
2025-11-28,"Reserve Bank of India (Urban Co-operative Banks – Income Recognition, Asset Classification and Provisioning) Directions, 2025",,https://www.rbi.org.in/Scripts/NotificationUser.aspx?Id=13019&Mode=0,https://www.rbi.org.in/Scripts/NotificationUser.aspx,2026-05-30T08:35:34.176062+00:00
2025-11-28,"Reserve Bank of India (Urban Co-operative Banks – Resolution of Stressed Assets) Directions, 2025",,https://www.rbi.org.in/Scripts/NotificationUser.aspx?Id=13018&Mode=0,https://www.rbi.org.in/Scripts/NotificationUser.aspx,2026-05-30T08:35:34.176062+00:00
2025-11-28,"Reserve Bank of India (Urban Co-operative Banks – Treatment of Wilful Defaulters and Large Defaulters) Directions, 2025",,https://www.rbi.org.in/Scripts/NotificationUser.aspx?Id=13017&Mode=0,https://www.rbi.org.in/Scripts/NotificationUser.aspx,2026-05-30T08:35:34.176062+00:00
2025-11-28,"Reserve Bank of India (Urban Co-operative Banks – Financial Statements: Presentation and Disclosures) Directions, 2025 (Updated as on April 1, 2026)",,https://www.rbi.org.in/Scripts/NotificationUser.aspx?Id=13016&Mode=0,https://www.rbi.org.in/Scripts/NotificationUser.aspx,2026-05-30T08:35:34.176062+00:00
2025-11-28,"Reserve Bank of India (Urban Co-operative Banks – Prudential Norms on Declaration of Dividends) Directions, 2025",,https://www.rbi.org.in/Scripts/NotificationUser.aspx?Id=13015&Mode=0,https://www.rbi.org.in/Scripts/NotificationUser.aspx,2026-05-30T08:35:34.176062+00:00
2025-11-28,"Reserve Bank of India (Urban Co-operative Banks – Know Your Customer) Directions, 2025 (Updated as on December 29, 2025)",,https://www.rbi.org.in/Scripts/NotificationUser.aspx?Id=13014&Mode=0,https://www.rbi.org.in/Scripts/NotificationUser.aspx,2026-05-30T08:35:34.176062+00:00
2025-11-28,"Reserve Bank of India (Urban Co-operative Banks – Responsible Business Conduct) Directions, 2025 (Updated as on April 1, 2026)",,https://www.rbi.org.in/Scripts/NotificationUser.aspx?Id=13013&Mode=0,https://www.rbi.org.in/Scripts/NotificationUser.aspx,2026-05-30T08:35:34.176062+00:00
2025-11-28,"Reserve Bank of India (Urban Co-operative Banks – Managing Risks in Outsourcing) Directions, 2025",,https://www.rbi.org.in/Scripts/NotificationUser.aspx?Id=13012&Mode=0,https://www.rbi.org.in/Scripts/NotificationUser.aspx,2026-05-30T08:35:34.176062+00:00
2025-11-28,"Reserve Bank of India (Urban Co-operative Banks – Miscellaneous) Directions, 2025",,https://www.rbi.org.in/Scripts/NotificationUser.aspx?Id=13011&Mode=0,https://www.rbi.org.in/Scripts/NotificationUser.aspx,2026-05-30T08:35:34.176062+00:00
2025-11-28,"Reserve Bank of India (Rural Co-operative Banks - Voluntary Amalgamation) Directions, 2025",,https://www.rbi.org.in/Scripts/NotificationUser.aspx?Id=13010&Mode=0,https://www.rbi.org.in/Scripts/NotificationUser.aspx,2026-05-30T08:35:34.176062+00:00
2025-11-28,"Reserve Bank of India (Rural Co-operative Banks – Digital Banking Channels Authorisation) Directions, 2025",,https://www.rbi.org.in/Scripts/NotificationUser.aspx?Id=13008&Mode=0,https://www.rbi.org.in/Scripts/NotificationUser.aspx,2026-05-30T08:35:34.176062+00:00
2025-11-28,"Reserve Bank of India (Rural Co-operative Banks – Undertaking of Financial Services) Directions, 2025 (Updated as on April 27, 2026)",,https://www.rbi.org.in/Scripts/NotificationUser.aspx?Id=13007&Mode=0,https://www.rbi.org.in/Scripts/NotificationUser.aspx,2026-05-30T08:35:34.176062+00:00
2025-11-28,"Reserve Bank of India (Rural Co-operative Banks - Governance) Directions, 2025 (Updated as on May 25, 2026)",,https://www.rbi.org.in/Scripts/NotificationUser.aspx?Id=13006&Mode=0,https://www.rbi.org.in/Scripts/NotificationUser.aspx,2026-05-30T08:35:34.176062+00:00
2025-11-28,"Reserve Bank of India (Rural Co-operative Banks – Cash Reserve Ratio and Statutory Liquidity Ratio) Directions, 2025 (Updated as on January 22, 2026)",,https://www.rbi.org.in/Scripts/NotificationUser.aspx?Id=13005&Mode=0,https://www.rbi.org.in/Scripts/NotificationUser.aspx,2026-05-30T08:35:34.176062+00:00
2025-11-28,"Reserve Bank of India (Rural Co-operative Banks – Prudential Norms on Capital Adequacy) Directions, 2025 (Updated as on May 15, 2026)",,https://www.rbi.org.in/Scripts/NotificationUser.aspx?Id=13004&Mode=0,https://www.rbi.org.in/Scripts/NotificationUser.aspx,2026-05-30T08:35:34.176062+00:00
2025-11-28,"Reserve Bank of India (Rural Co-operative Banks – Interest Rate on Deposits) Directions, 2025",,https://www.rbi.org.in/Scripts/NotificationUser.aspx?Id=13003&Mode=0,https://www.rbi.org.in/Scripts/NotificationUser.aspx,2026-05-30T08:35:34.176062+00:00
2025-11-28,"Reserve Bank of India (Rural Co-operative Banks – Credit Facilities) Directions, 2025 (Updated as on April 01, 2026)",,https://www.rbi.org.in/Scripts/NotificationUser.aspx?Id=13002&Mode=0,https://www.rbi.org.in/Scripts/NotificationUser.aspx,2026-05-30T08:35:34.176062+00:00
2025-11-28,"Reserve Bank of India (Rural Co-operative Banks – Debit Cards: Issuance and Conduct) Directions, 2025",,https://www.rbi.org.in/Scripts/NotificationUser.aspx?Id=13001&Mode=0,https://www.rbi.org.in/Scripts/NotificationUser.aspx,2026-05-30T08:35:34.176062+00:00
2025-11-28,"Reserve Bank of India (Rural Co-operative Banks – Credit Information Reporting) Directions, 2025",,https://www.rbi.org.in/Scripts/NotificationUser.aspx?Id=13000&Mode=0,https://www.rbi.org.in/Scripts/NotificationUser.aspx,2026-05-30T08:35:34.176062+00:00
2025-11-28,"Reserve Bank of India (Rural Co-operative Banks – Credit Risk Management) Directions, 2025 (Updated as on April 01, 2026)",,https://www.rbi.org.in/Scripts/NotificationUser.aspx?Id=12999&Mode=0,https://www.rbi.org.in/Scripts/NotificationUser.aspx,2026-05-30T08:35:34.176062+00:00
2025-11-28,"Reserve Bank of India (Rural Co-operative Banks – Concentration Risk Management) Directions, 2025",,https://www.rbi.org.in/Scripts/NotificationUser.aspx?Id=12998&Mode=0,https://www.rbi.org.in/Scripts/NotificationUser.aspx,2026-05-30T08:35:34.176062+00:00
2025-11-28,"Reserve Bank of India (Rural Co-operative Banks – Transfer and Distribution of Credit Risk) Directions, 2025",,https://www.rbi.org.in/Scripts/NotificationUser.aspx?Id=12997&Mode=0,https://www.rbi.org.in/Scripts/NotificationUser.aspx,2026-05-30T08:35:34.176062+00:00
2025-11-28,"Reserve Bank of India (Rural Co-operative Banks – Interest Rates on Advances) Directions, 2025",,https://www.rbi.org.in/Scripts/NotificationUser.aspx?Id=12996&Mode=0,https://www.rbi.org.in/Scripts/NotificationUser.aspx,2026-05-30T08:35:34.176062+00:00
2025-11-28,"Reserve Bank of India (Rural Co-operative Banks – Classification, Valuation and Operation of Investment Portfolio) Directions, 2025 (Updated as on May 18, 2026)",,https://www.rbi.org.in/Scripts/NotificationUser.aspx?Id=12995&Mode=0,https://www.rbi.org.in/Scripts/NotificationUser.aspx,2026-05-30T08:35:34.176062+00:00
2025-11-28,"Reserve Bank of India (Rural Co-operative Banks – Asset Liability Management) Directions, 2025",,https://www.rbi.org.in/Scripts/NotificationUser.aspx?Id=12994&Mode=0,https://www.rbi.org.in/Scripts/NotificationUser.aspx,2026-05-30T08:35:34.176062+00:00
2025-11-28,"Reserve Bank of India (Rural Co-operative Banks – Income Recognition, Asset Classification and Provisioning) Directions, 2025 (updated as on February 13, 2026)",,https://www.rbi.org.in/Scripts/NotificationUser.aspx?Id=12993&Mode=0,https://www.rbi.org.in/Scripts/NotificationUser.aspx,2026-05-30T08:35:34.176062+00:00
2025-11-28,"Reserve Bank of India (Rural Co-operative Banks – Resolution of Stressed Assets) Directions, 2025",,https://www.rbi.org.in/Scripts/NotificationUser.aspx?Id=12992&Mode=0,https://www.rbi.org.in/Scripts/NotificationUser.aspx,2026-05-30T08:35:34.176062+00:00
2025-11-28,"Reserve Bank of India (Rural Co-operative Banks – Treatment of Wilful Defaulters and Large Defaulters) Directions, 2025",,https://www.rbi.org.in/Scripts/NotificationUser.aspx?Id=12991&Mode=0,https://www.rbi.org.in/Scripts/NotificationUser.aspx,2026-05-30T08:35:34.176062+00:00
2025-11-28,"Reserve Bank of India (Rural Co-operative Banks – Financial Statements: Presentation and Disclosures) Directions, 2025 (Updated as on April 1, 2026)",,https://www.rbi.org.in/Scripts/NotificationUser.aspx?Id=12990&Mode=0,https://www.rbi.org.in/Scripts/NotificationUser.aspx,2026-05-30T08:35:34.176062+00:00
2025-11-28,"Reserve Bank of India (Rural Co-operative Banks – Prudential Norms on Declaration of Dividends) Directions, 2025",,https://www.rbi.org.in/Scripts/NotificationUser.aspx?Id=12989&Mode=0,https://www.rbi.org.in/Scripts/NotificationUser.aspx,2026-05-30T08:35:34.176062+00:00
2025-11-28,"Reserve Bank of India (Rural Co-operative Banks – Know Your Customer) Directions, 2025 (Updated as on December 29, 2025)",,https://www.rbi.org.in/Scripts/NotificationUser.aspx?Id=12988&Mode=0,https://www.rbi.org.in/Scripts/NotificationUser.aspx,2026-05-30T08:35:34.176062+00:00
2025-11-28,"Reserve Bank of India (Rural Co-operative Banks – Responsible Business Conduct) Directions, 2025 (Updated as on April 1, 2026)",,https://www.rbi.org.in/Scripts/NotificationUser.aspx?Id=12987&Mode=0,https://www.rbi.org.in/Scripts/NotificationUser.aspx,2026-05-30T08:35:34.176062+00:00
2025-11-28,"Reserve Bank of India (Rural Co-operative Banks – Managing Risks in Outsourcing) Directions, 2025",,https://www.rbi.org.in/Scripts/NotificationUser.aspx?Id=12986&Mode=0,https://www.rbi.org.in/Scripts/NotificationUser.aspx,2026-05-30T08:35:34.176062+00:00
2025-11-28,"Reserve Bank of India (All India Financial Institutions – Undertaking of Financial Services) Directions, 2025 (Updated as on April 27, 2026)",,https://www.rbi.org.in/Scripts/NotificationUser.aspx?Id=12984&Mode=0,https://www.rbi.org.in/Scripts/NotificationUser.aspx,2026-05-30T08:35:34.176062+00:00
2025-11-28,"Reserve Bank of India (All India Financial Institutions – Prudential Norms on Capital Adequacy) Directions, 2025 (Updated as on March 10, 2026)",,https://www.rbi.org.in/Scripts/NotificationUser.aspx?Id=12983&Mode=0,https://www.rbi.org.in/Scripts/NotificationUser.aspx,2026-05-30T08:35:34.176062+00:00
2025-11-28,"Reserve Bank of India (All India Financial Institutions– Resource Raising Norms) Directions, 2025",,https://www.rbi.org.in/Scripts/NotificationUser.aspx?Id=12982&Mode=0,https://www.rbi.org.in/Scripts/NotificationUser.aspx,2026-05-30T08:35:34.176062+00:00
2025-11-28,"Reserve Bank of India (All India Financial Institutions – Credit Facilities) Directions, 2025 (updated as on April 1, 2026)",,https://www.rbi.org.in/Scripts/NotificationUser.aspx?Id=12981&Mode=0,https://www.rbi.org.in/Scripts/NotificationUser.aspx,2026-05-30T08:35:34.176062+00:00
2025-11-28,"Reserve Bank of India (All India Financial Institutions – Credit Information Reporting) Directions, 2025",,https://www.rbi.org.in/Scripts/NotificationUser.aspx?Id=12980&Mode=0,https://www.rbi.org.in/Scripts/NotificationUser.aspx,2026-05-30T08:35:34.176062+00:00
2025-11-28,"Reserve Bank of India (All India Financial Institutions – Credit Risk Management) Directions, 2025 (Updated as on April 01, 2026)",,https://www.rbi.org.in/Scripts/NotificationUser.aspx?Id=12979&Mode=0,https://www.rbi.org.in/Scripts/NotificationUser.aspx,2026-05-30T08:35:34.176062+00:00
2025-11-28,"Reserve Bank of India (All India Financial Institutions – Concentration Risk Management) Directions, 2025",,https://www.rbi.org.in/Scripts/NotificationUser.aspx?Id=12978&Mode=0,https://www.rbi.org.in/Scripts/NotificationUser.aspx,2026-05-30T08:35:34.176062+00:00
2025-11-28,"Reserve Bank of India (All India Financial Institutions – Transfer and Distribution of Credit Risk) Directions, 2025",,https://www.rbi.org.in/Scripts/NotificationUser.aspx?Id=12977&Mode=0,https://www.rbi.org.in/Scripts/NotificationUser.aspx,2026-05-30T08:35:34.176062+00:00
2025-11-28,"Reserve Bank of India (All India Financial Institutions – Securitisation Transactions) Directions, 2025",,https://www.rbi.org.in/Scripts/NotificationUser.aspx?Id=12976&Mode=0,https://www.rbi.org.in/Scripts/NotificationUser.aspx,2026-05-30T08:35:34.176062+00:00
2025-11-28,"Reserve Bank of India (All India Financial Institutions – Classification, Valuation and Operation of Investment Portfolio) Directions, 2025",,https://www.rbi.org.in/Scripts/NotificationUser.aspx?Id=12975&Mode=0,https://www.rbi.org.in/Scripts/NotificationUser.aspx,2026-05-30T08:35:34.176062+00:00
2025-11-28,"Reserve Bank of India (All India Financial Institutions – Asset Liability Management) Directions, 2025",,https://www.rbi.org.in/Scripts/NotificationUser.aspx?Id=12974&Mode=0,https://www.rbi.org.in/Scripts/NotificationUser.aspx,2026-05-30T08:35:34.176062+00:00
2025-11-28,"Reserve Bank of India (All India Financial Institutions – Income Recognition, Asset Classification and Provisioning) Directions, 2025",,https://www.rbi.org.in/Scripts/NotificationUser.aspx?Id=12973&Mode=0,https://www.rbi.org.in/Scripts/NotificationUser.aspx,2026-05-30T08:35:34.176062+00:00
2025-11-28,"Reserve Bank of India (All India Financial Institutions – Resolution of Stressed Assets) Directions, 2025",,https://www.rbi.org.in/Scripts/NotificationUser.aspx?Id=12972&Mode=0,https://www.rbi.org.in/Scripts/NotificationUser.aspx,2026-05-30T08:35:34.176062+00:00
2025-11-28,"Reserve Bank of India (All India Financial Institutions – Treatment of Wilful Defaulters and Large Defaulters) Directions, 2025",,https://www.rbi.org.in/Scripts/NotificationUser.aspx?Id=12971&Mode=0,https://www.rbi.org.in/Scripts/NotificationUser.aspx,2026-05-30T08:35:34.176062+00:00
2025-11-28,"Reserve Bank of India (All India Financial Institutions – Financial Statements: Presentation and Disclosures) Directions, 2025 (Updated as on April 1, 2026)",,https://www.rbi.org.in/Scripts/NotificationUser.aspx?Id=12970&Mode=0,https://www.rbi.org.in/Scripts/NotificationUser.aspx,2026-05-30T08:35:34.176062+00:00
2025-11-28,"Reserve Bank of India (All India Financial Institutions – Know Your Customer) Directions, 2025 (Updated as on December 29, 2025)",,https://www.rbi.org.in/Scripts/NotificationUser.aspx?Id=12969&Mode=0,https://www.rbi.org.in/Scripts/NotificationUser.aspx,2026-05-30T08:35:34.176062+00:00
2025-11-28,"Reserve Bank of India (All India Financial Institutions – Responsible Business Conduct) Directions, 2025",,https://www.rbi.org.in/Scripts/NotificationUser.aspx?Id=12968&Mode=0,https://www.rbi.org.in/Scripts/NotificationUser.aspx,2026-05-30T08:35:34.176062+00:00
2025-11-28,"Reserve Bank of India (All India Financial Institutions – Managing Risks in Outsourcing) Directions, 2025",,https://www.rbi.org.in/Scripts/NotificationUser.aspx?Id=12967&Mode=0,https://www.rbi.org.in/Scripts/NotificationUser.aspx,2026-05-30T08:35:34.176062+00:00
2025-11-28,"Reserve Bank of India (All India Financial Institutions – Miscellaneous) Directions, 2025",,https://www.rbi.org.in/Scripts/NotificationUser.aspx?Id=12966&Mode=0,https://www.rbi.org.in/Scripts/NotificationUser.aspx,2026-05-30T08:35:34.176062+00:00
2025-11-28,"Reserve Bank of India (Non-Banking Financial Companies – Registration, Exemptions and Framework for Scale Based Regulation) Directions, 2025",,https://www.rbi.org.in/Scripts/NotificationUser.aspx?Id=12965&Mode=0,https://www.rbi.org.in/Scripts/NotificationUser.aspx,2026-05-30T08:35:34.176062+00:00
2025-11-28,"Reserve Bank of India (Non-Banking Financial Companies – Acquisition of Shareholding or Control) Directions, 2025",,https://www.rbi.org.in/Scripts/NotificationUser.aspx?Id=12964&Mode=0,https://www.rbi.org.in/Scripts/NotificationUser.aspx,2026-05-30T08:35:34.176062+00:00
2025-11-28,"Reserve Bank of India (Non-Banking Financial Companies – Voluntary Amalgamation) Directions, 2025",,https://www.rbi.org.in/Scripts/NotificationUser.aspx?Id=12963&Mode=0,https://www.rbi.org.in/Scripts/NotificationUser.aspx,2026-05-30T08:35:34.176062+00:00
2025-11-28,"Reserve Bank of India (Non-Banking Financial Companies – Branch Authorisation) Directions, 2025 (Updated as on April 15, 2026)",,https://www.rbi.org.in/Scripts/NotificationUser.aspx?Id=12962&Mode=0,https://www.rbi.org.in/Scripts/NotificationUser.aspx,2026-05-30T08:35:34.176062+00:00
2025-11-28,"Reserve Bank of India (Non-Banking Financial Companies – Undertaking of Financial Services) Directions, 2025 (Updated as on April 27, 2026)",,https://www.rbi.org.in/Scripts/NotificationUser.aspx?Id=12961&Mode=0,https://www.rbi.org.in/Scripts/NotificationUser.aspx,2026-05-30T08:35:34.176062+00:00
2025-11-28,"Reserve Bank of India (Non-Banking Financial Companies – Governance) Directions, 2025",,https://www.rbi.org.in/Scripts/NotificationUser.aspx?Id=12960&Mode=0,https://www.rbi.org.in/Scripts/NotificationUser.aspx,2026-05-30T08:35:34.176062+00:00
2025-11-28,"Reserve Bank of India (Non-Banking Financial Companies – Prudential Norms on Capital Adequacy) Directions, 2025 (Updated as on April 01, 2026)",,https://www.rbi.org.in/Scripts/NotificationUser.aspx?Id=12959&Mode=0,https://www.rbi.org.in/Scripts/NotificationUser.aspx,2026-05-30T08:35:34.176062+00:00
2025-11-28,"Reserve Bank of India (Non-Banking Financial Companies – Acceptance of Public Deposits) Directions, 2025 (Updated as on April 15, 2026)",,https://www.rbi.org.in/Scripts/NotificationUser.aspx?Id=12958&Mode=0,https://www.rbi.org.in/Scripts/NotificationUser.aspx,2026-05-30T08:35:34.176062+00:00
2025-11-28,"Reserve Bank of India (Non-Banking Financial Companies – Credit Facilities) Directions, 2025 (Updated as on April 1, 2026)",,https://www.rbi.org.in/Scripts/NotificationUser.aspx?Id=12957&Mode=0,https://www.rbi.org.in/Scripts/NotificationUser.aspx,2026-05-30T08:35:34.176062+00:00
2025-11-28,"Reserve Bank of India (Non-Banking Financial Companies – Credit Cards: Issuance and Conduct) Directions, 2025",,https://www.rbi.org.in/Scripts/NotificationUser.aspx?Id=12956&Mode=0,https://www.rbi.org.in/Scripts/NotificationUser.aspx,2026-05-30T08:35:34.176062+00:00
2025-11-28,"Reserve Bank of India (Non-Banking Financial Companies – Credit Information Reporting) Directions, 2025",,https://www.rbi.org.in/Scripts/NotificationUser.aspx?Id=12955&Mode=0,https://www.rbi.org.in/Scripts/NotificationUser.aspx,2026-05-30T08:35:34.176062+00:00
2025-11-28,"Reserve Bank of India (Non-Banking Financial Companies – Credit Risk Management) Directions, 2025 (Updated as on April 01, 2026)",,https://www.rbi.org.in/Scripts/NotificationUser.aspx?Id=12954&Mode=0,https://www.rbi.org.in/Scripts/NotificationUser.aspx,2026-05-30T08:35:34.176062+00:00
2025-11-28,"Reserve Bank of India (Non-Banking Financial Companies - Concentration Risk Management) Directions, 2025 (Updated as on April 01, 2026)",,https://www.rbi.org.in/Scripts/NotificationUser.aspx?Id=12953&Mode=0,https://www.rbi.org.in/Scripts/NotificationUser.aspx,2026-05-30T08:35:34.176062+00:00
2025-11-28,"Reserve Bank of India (Non-Banking Financial Companies - Transfer and Distribution of Credit Risk) Directions, 2025",,https://www.rbi.org.in/Scripts/NotificationUser.aspx?Id=12952&Mode=0,https://www.rbi.org.in/Scripts/NotificationUser.aspx,2026-05-30T08:35:34.176062+00:00
2025-11-28,"Reserve Bank of India (Non-Banking Financial Companies – Securitisation Transactions) Directions, 2025",,https://www.rbi.org.in/Scripts/NotificationUser.aspx?Id=12951&Mode=0,https://www.rbi.org.in/Scripts/NotificationUser.aspx,2026-05-30T08:35:34.176062+00:00
2025-11-28,"Reserve Bank of India (Non-Banking Financial Companies – Classification, Valuation and Operation of Investment Portfolio) Directions, 2025",,https://www.rbi.org.in/Scripts/NotificationUser.aspx?Id=12950&Mode=0,https://www.rbi.org.in/Scripts/NotificationUser.aspx,2026-05-30T08:35:34.176062+00:00
2025-11-28,"Reserve Bank of India (Non-Banking Financial Companies – Asset Liability Management) Directions, 2025",,https://www.rbi.org.in/Scripts/NotificationUser.aspx?Id=12949&Mode=0,https://www.rbi.org.in/Scripts/NotificationUser.aspx,2026-05-30T08:35:34.176062+00:00
2025-11-28,"Reserve Bank of India (Non-Banking Financial Companies – Income Recognition, Asset Classification and Provisioning) Directions, 2025 (Updated as on February 13, 2026)",,https://www.rbi.org.in/Scripts/NotificationUser.aspx?Id=12948&Mode=0,https://www.rbi.org.in/Scripts/NotificationUser.aspx,2026-05-30T08:35:34.176062+00:00
2025-11-28,"Reserve Bank of India (Non-Banking Financial Companies – Resolution of Stressed Assets) Directions, 2025",,https://www.rbi.org.in/Scripts/NotificationUser.aspx?Id=12947&Mode=0,https://www.rbi.org.in/Scripts/NotificationUser.aspx,2026-05-30T08:35:34.176062+00:00
2025-11-28,"Reserve Bank of India (Non-Banking Financial Companies – Treatment of Wilful Defaulters and Large Defaulters) Directions, 2025",,https://www.rbi.org.in/Scripts/NotificationUser.aspx?Id=12946&Mode=0,https://www.rbi.org.in/Scripts/NotificationUser.aspx,2026-05-30T08:35:34.176062+00:00
2025-11-28,"Reserve Bank of India (Non-Banking Financial Companies – Financial Statements: Presentation and Disclosures) Directions, 2025 (Updated as on April 1, 2026)",,https://www.rbi.org.in/Scripts/NotificationUser.aspx?Id=12945&Mode=0,https://www.rbi.org.in/Scripts/NotificationUser.aspx,2026-05-30T08:35:34.176062+00:00
2025-11-28,"Reserve Bank of India (Non-Banking Financial Companies – Prudential Norms on Declaration of Dividends) Directions, 2025",,https://www.rbi.org.in/Scripts/NotificationUser.aspx?Id=12944&Mode=0,https://www.rbi.org.in/Scripts/NotificationUser.aspx,2026-05-30T08:35:34.176062+00:00
2025-11-28,"Reserve Bank of India (Non-Banking Financial Companies – Know Your Customer) Directions, 2025 (Updated as on December 29, 2025)",,https://www.rbi.org.in/Scripts/NotificationUser.aspx?Id=12943&Mode=0,https://www.rbi.org.in/Scripts/NotificationUser.aspx,2026-05-30T08:35:34.176062+00:00
2025-11-28,"Reserve Bank of India (Non-Banking Financial Companies – Responsible Business Conduct) Directions, 2025 (Updated as on April 1, 2026)",,https://www.rbi.org.in/Scripts/NotificationUser.aspx?Id=12942&Mode=0,https://www.rbi.org.in/Scripts/NotificationUser.aspx,2026-05-30T08:35:34.176062+00:00
2025-11-28,"Reserve Bank of India (Non-Banking Financial Companies – Managing Risks in Outsourcing) Directions, 2025",,https://www.rbi.org.in/Scripts/NotificationUser.aspx?Id=12941&Mode=0,https://www.rbi.org.in/Scripts/NotificationUser.aspx,2026-05-30T08:35:34.176062+00:00
2025-11-28,"Reserve Bank of India (Non-Banking Financial Companies – Climate Finance and Management of Climate Change Risks) Directions, 2025",,https://www.rbi.org.in/Scripts/NotificationUser.aspx?Id=12940&Mode=0,https://www.rbi.org.in/Scripts/NotificationUser.aspx,2026-05-30T08:35:34.176062+00:00
2025-11-28,"Reserve Bank of India (Housing Finance Companies) Directions, 2025 (Updated as on April 15, 2026)",,https://www.rbi.org.in/Scripts/NotificationUser.aspx?Id=12939&Mode=0,https://www.rbi.org.in/Scripts/NotificationUser.aspx,2026-05-30T08:35:34.176062+00:00
2025-11-28,"Reserve Bank of India (Standalone Primary Dealers) Directions, 2025 (Updated as on March 10, 2026)",,https://www.rbi.org.in/Scripts/NotificationUser.aspx?Id=12938&Mode=0,https://www.rbi.org.in/Scripts/NotificationUser.aspx,2026-05-30T08:35:34.176062+00:00
2025-11-28,"Reserve Bank of India (Core Investment Companies) Directions, 2025 (Updated as on March 10, 2026)",,https://www.rbi.org.in/Scripts/NotificationUser.aspx?Id=12937&Mode=0,https://www.rbi.org.in/Scripts/NotificationUser.aspx,2026-05-30T08:35:34.176062+00:00
2025-11-28,"Reserve Bank of India (Non-Banking Financial Companies - Account Aggregator) Directions, 2025",,https://www.rbi.org.in/Scripts/NotificationUser.aspx?Id=12936&Mode=0,https://www.rbi.org.in/Scripts/NotificationUser.aspx,2026-05-30T08:35:34.176062+00:00
2025-11-28,"Reserve Bank of India (Mortgage Guarantee Companies) Directions, 2025 (Updated as on March 10, 2026)",,https://www.rbi.org.in/Scripts/NotificationUser.aspx?Id=12935&Mode=0,https://www.rbi.org.in/Scripts/NotificationUser.aspx,2026-05-30T08:35:34.176062+00:00
2025-11-28,"Reserve Bank of India (Non-Banking Financial Companies – Peer to Peer Lending Platform) Directions, 2025",,https://www.rbi.org.in/Scripts/NotificationUser.aspx?Id=12934&Mode=0,https://www.rbi.org.in/Scripts/NotificationUser.aspx,2026-05-30T08:35:34.176062+00:00
2025-11-28,"Reserve Bank of India (Non-Banking Financial Companies – Microfinance Institution) Directions, 2025",,https://www.rbi.org.in/Scripts/NotificationUser.aspx?Id=12933&Mode=0,https://www.rbi.org.in/Scripts/NotificationUser.aspx,2026-05-30T08:35:34.176062+00:00
2025-11-28,"Reserve Bank of India (Non-Operative Financial Holding Companies) Directions, 2025 (Updated as on December 05, 2025)",,https://www.rbi.org.in/Scripts/NotificationUser.aspx?Id=12932&Mode=0,https://www.rbi.org.in/Scripts/NotificationUser.aspx,2026-05-30T08:35:34.176062+00:00
2025-11-28,"Reserve Bank of India (Non-Banking Financial Companies – Miscellaneous) Directions, 2025 (Updated as on February 26, 2026)",,https://www.rbi.org.in/Scripts/NotificationUser.aspx?Id=12931&Mode=0,https://www.rbi.org.in/Scripts/NotificationUser.aspx,2026-05-30T08:35:34.176062+00:00
2025-11-28,"Reserve Bank of India (Asset Reconstruction Companies) Directions, 2025 (Updated as on March 10, 2026)",,https://www.rbi.org.in/Scripts/NotificationUser.aspx?Id=12930&Mode=0,https://www.rbi.org.in/Scripts/NotificationUser.aspx,2026-05-30T08:35:34.176062+00:00
2025-11-28,"Reserve Bank of India (Asset Reconstruction Companies – Credit Information Reporting) Directions, 2025",,https://www.rbi.org.in/Scripts/NotificationUser.aspx?Id=12929&Mode=0,https://www.rbi.org.in/Scripts/NotificationUser.aspx,2026-05-30T08:35:34.176062+00:00
2025-11-28,"Reserve Bank of India (Asset Reconstruction Companies – Treatment of Wilful Defaulters and Large Defaulters) Directions, 2025",,https://www.rbi.org.in/Scripts/NotificationUser.aspx?Id=12928&Mode=0,https://www.rbi.org.in/Scripts/NotificationUser.aspx,2026-05-30T08:35:34.176062+00:00
2025-11-28,"Reserve Bank of India (Asset Reconstruction Companies – Know Your Customer) Directions, 2025 (Updated as on December 29, 2025)",,https://www.rbi.org.in/Scripts/NotificationUser.aspx?Id=12927&Mode=0,https://www.rbi.org.in/Scripts/NotificationUser.aspx,2026-05-30T08:35:34.176062+00:00
2025-11-28,"Reserve Bank of India (Credit Information Companies) Directions, 2025",,https://www.rbi.org.in/Scripts/NotificationUser.aspx?Id=12926&Mode=0,https://www.rbi.org.in/Scripts/NotificationUser.aspx,2026-05-30T08:35:34.176062+00:00
2025-11-28,"Reserve Bank of India (Credit Information Companies – Managing Risks in Outsourcing) Directions, 2025",,https://www.rbi.org.in/Scripts/NotificationUser.aspx?Id=12925&Mode=0,https://www.rbi.org.in/Scripts/NotificationUser.aspx,2026-05-30T08:35:34.176062+00:00
2025-11-24,"Amendments to Directions - Compounding of Contraventions under FEMA, 1999",,https://www.rbi.org.in/Scripts/NotificationUser.aspx?Id=12924&Mode=0,https://www.rbi.org.in/Scripts/NotificationUser.aspx,2026-05-30T08:35:34.176062+00:00
2025-11-20,"Foreign Exchange Management (Export of Goods and Services) (Second Amendment) Regulations, 2025",,https://www.rbi.org.in/Scripts/NotificationUser.aspx?Id=12923&Mode=0,https://www.rbi.org.in/Scripts/NotificationUser.aspx,2026-05-30T08:35:34.176062+00:00
2025-11-14,"Implementation of Section 51A of UAPA,1967: Updates to UNSC’s 1267/1989 ISIL (Da'esh) & Al-Qaida Sanctions List: Delisting of 02 Entries",,https://www.rbi.org.in/Scripts/NotificationUser.aspx?Id=12922&Mode=0,https://www.rbi.org.in/Scripts/NotificationUser.aspx,2026-05-30T08:35:34.176062+00:00
2025-11-14,"Reserve Bank of India (Trade Relief Measures) Directions, 2025",,https://www.rbi.org.in/Scripts/NotificationUser.aspx?Id=12921&Mode=0,https://www.rbi.org.in/Scripts/NotificationUser.aspx,2026-05-30T08:35:34.176062+00:00
2025-11-11,"Master Direction – Reserve Bank of India (Repurchase Transactions (Repo)) Directions, 2025",,https://www.rbi.org.in/Scripts/NotificationUser.aspx?Id=12920&Mode=0,https://www.rbi.org.in/Scripts/NotificationUser.aspx,2026-05-30T08:35:34.176062+00:00
2025-10-24,"Implementation of Section 51A of UAPA,1967: Updates to UNSC’s 1267/ 1989 ISIL (Da'esh) & Al-Qaida Sanctions List: Amendments to 01 Entry",,https://www.rbi.org.in/Scripts/NotificationUser.aspx?Id=12918&Mode=0,https://www.rbi.org.in/Scripts/NotificationUser.aspx,2026-05-30T08:35:37.226840+00:00
2025-10-23,"Implementation of Section 51A of UAPA,1967: Updates to UNSC’s 1267/ 1989 ISIL (Da'esh) & Al-Qaida Sanctions List: Amendments to 01 Entry",,https://www.rbi.org.in/Scripts/NotificationUser.aspx?Id=12917&Mode=0,https://www.rbi.org.in/Scripts/NotificationUser.aspx,2026-05-30T08:35:37.226840+00:00
2025-10-13,"Foreign Exchange Management (Foreign Currency Accounts by a person resident in India) (Seventh Amendment) Regulations, 2025",,https://www.rbi.org.in/Scripts/NotificationUser.aspx?Id=12916&Mode=0,https://www.rbi.org.in/Scripts/NotificationUser.aspx,2026-05-30T08:35:37.226840+00:00
2025-10-13,"Foreign Exchange Management (Borrowing and Lending) (Amendment) Regulations, 2025",,https://www.rbi.org.in/Scripts/NotificationUser.aspx?Id=12915&Mode=0,https://www.rbi.org.in/Scripts/NotificationUser.aspx,2026-05-30T08:35:37.226840+00:00
2025-10-09,"Implementation of Section 51A of UAPA,1967: Updates to UNSC’s 1267/ 1989 ISIL (Da'esh) & Al-Qaida Sanctions List: Amendment of 02 Entries",,https://www.rbi.org.in/Scripts/NotificationUser.aspx?Id=12912&Mode=0,https://www.rbi.org.in/Scripts/NotificationUser.aspx,2026-05-30T08:35:37.226840+00:00
2025-10-07,"Reserve Bank - Integrated Ombudsman Scheme, 2021 (RB-IOS, 2021)",,https://www.rbi.org.in/Scripts/NotificationUser.aspx?Id=12911&Mode=0,https://www.rbi.org.in/Scripts/NotificationUser.aspx,2026-05-30T08:35:37.226840+00:00
2025-10-03,International Trade Settlement in Indian Rupees (INR),,https://www.rbi.org.in/Scripts/NotificationUser.aspx?Id=12910&Mode=0,https://www.rbi.org.in/Scripts/NotificationUser.aspx,2026-05-30T08:35:37.226840+00:00
2025-10-03,Investment in Corporate Debt Securities by Persons Resident Outside India through Special Rupee Vostro account,,https://www.rbi.org.in/Scripts/NotificationUser.aspx?Id=12909&Mode=0,https://www.rbi.org.in/Scripts/NotificationUser.aspx,2026-05-30T08:35:37.226840+00:00
2025-10-01,Export Data Processing and Monitoring System (EDPMS) & Import Data Processing and Monitoring System (IDPMS) – reconciliation of export /import entries – Review of Guidelines,,https://www.rbi.org.in/Scripts/NotificationUser.aspx?Id=12908&Mode=0,https://www.rbi.org.in/Scripts/NotificationUser.aspx,2026-05-30T08:35:37.226840+00:00
2025-10-01,Merchanting Trade Transactions (MTT) – Review of time period for outlay of foreign exchange,,https://www.rbi.org.in/Scripts/NotificationUser.aspx?Id=12907&Mode=0,https://www.rbi.org.in/Scripts/NotificationUser.aspx,2026-05-30T08:35:37.226840+00:00
2025-09-29,"Foreign Exchange Management (Debt Instruments) (Fourth Amendment) Regulations, 2025",,https://www.rbi.org.in/Scripts/NotificationUser.aspx?Id=12914&Mode=0,https://www.rbi.org.in/Scripts/NotificationUser.aspx,2026-05-30T08:35:39.630967+00:00
2025-09-26,"Special Clearing in Cheque Truncation System on October 3, 2025",,https://www.rbi.org.in/Scripts/NotificationUser.aspx?Id=12900&Mode=0,https://www.rbi.org.in/Scripts/NotificationUser.aspx,2026-05-30T08:35:39.630967+00:00
2025-09-25,"Reserve Bank of India (Authentication mechanisms for digital payment transactions) Directions, 2025",,https://www.rbi.org.in/Scripts/NotificationUser.aspx?Id=12898&Mode=0,https://www.rbi.org.in/Scripts/NotificationUser.aspx,2026-05-30T08:35:39.630967+00:00
2025-09-22,Participation of Standalone Primary Dealers in Non-deliverable Rupee Derivative Markets,,https://www.rbi.org.in/Scripts/NotificationUser.aspx?Id=12897&Mode=0,https://www.rbi.org.in/Scripts/NotificationUser.aspx,2026-05-30T08:35:39.630967+00:00
2025-09-15,Master Direction on Regulation of Payment Aggregator (PA),,https://www.rbi.org.in/Scripts/NotificationUser.aspx?Id=12896&Mode=0,https://www.rbi.org.in/Scripts/NotificationUser.aspx,2026-05-30T08:35:39.630967+00:00
2025-09-05,Returns – Department of Payment and Settlement Systems – Submission in CIMS,,https://www.rbi.org.in/Scripts/NotificationUser.aspx?Id=12895&Mode=0,https://www.rbi.org.in/Scripts/NotificationUser.aspx,2026-05-30T08:35:39.630967+00:00
2025-08-25,"Implementation of Section 51A of UAPA, 1967: Updates to UNSC’s 1267/1989 ISIL (Da'esh) & Al-Qaida Sanctions List: Amendments to 05 Entries",,https://www.rbi.org.in/Scripts/NotificationUser.aspx?Id=12894&Mode=0,https://www.rbi.org.in/Scripts/NotificationUser.aspx,2026-05-30T08:35:41.985126+00:00
2025-08-13,Introduction of Continuous Clearing and Settlement on Realisation in Cheque Truncation System,,https://www.rbi.org.in/Scripts/NotificationUser.aspx?Id=12891&Mode=0,https://www.rbi.org.in/Scripts/NotificationUser.aspx,2026-05-30T08:35:41.985126+00:00
2025-08-12,Investment in Government Securities by Persons Resident Outside India through Special Rupee Vostro account,,https://www.rbi.org.in/Scripts/NotificationUser.aspx?Id=12890&Mode=0,https://www.rbi.org.in/Scripts/NotificationUser.aspx,2026-05-30T08:35:41.985126+00:00
2025-08-05,International Trade Settlement in Indian Rupees (INR),,https://www.rbi.org.in/Scripts/NotificationUser.aspx?Id=12887&Mode=0,https://www.rbi.org.in/Scripts/NotificationUser.aspx,2026-05-30T08:35:41.985126+00:00
2025-07-25,"Inclusion of “Ahmednagar Merchant’s Co-op. Bank Ltd., Ahmednagar” in the Second Schedule of the Reserve Bank of India Act, 1934",,https://www.rbi.org.in/Scripts/NotificationUser.aspx?Id=12885&Mode=0,https://www.rbi.org.in/Scripts/NotificationUser.aspx,2026-05-30T08:35:44.359044+00:00
2025-07-25,"Inclusion of “Deogiri Nagari Sahakari Bank Ltd., Chhatrapati Sambhajinagar” in the Second Schedule of the Reserve Bank of India Act, 1934",,https://www.rbi.org.in/Scripts/NotificationUser.aspx?Id=12884&Mode=0,https://www.rbi.org.in/Scripts/NotificationUser.aspx,2026-05-30T08:35:44.359044+00:00
2025-07-18,Formation of new district in the State of Arunachal Pradesh – Assignment of Lead Bank Responsibility,,https://www.rbi.org.in/Scripts/NotificationUser.aspx?Id=12883&Mode=0,https://www.rbi.org.in/Scripts/NotificationUser.aspx,2026-05-30T08:35:44.359044+00:00
2025-07-17,"Inclusion of “NSDL Payments Bank Limited” in the Second Schedule of the Reserve Bank of India Act, 1934",,https://www.rbi.org.in/Scripts/NotificationUser.aspx?Id=12882&Mode=0,https://www.rbi.org.in/Scripts/NotificationUser.aspx,2026-05-30T08:35:44.359044+00:00
2025-07-11,Lending Against Gold and Silver Collateral - Voluntary Pledge of Gold and Silver as Collateral for Agriculture and MSME Loans,,https://www.rbi.org.in/Scripts/NotificationUser.aspx?Id=12881&Mode=0,https://www.rbi.org.in/Scripts/NotificationUser.aspx,2026-05-30T08:35:44.359044+00:00
2025-07-04,"Foreign Exchange Management (Export of Goods & Services) (Amendment) Regulations, 2025",,https://www.rbi.org.in/Scripts/NotificationUser.aspx?Id=12879&Mode=0,https://www.rbi.org.in/Scripts/NotificationUser.aspx,2026-05-30T08:35:44.359044+00:00
2025-06-27,Aadhaar Enabled Payment System – Due Diligence of AePS Touchpoint Operators,,https://www.rbi.org.in/Scripts/NotificationUser.aspx?Id=12877&Mode=0,https://www.rbi.org.in/Scripts/NotificationUser.aspx,2026-05-30T08:35:46.796402+00:00
2025-06-20,Review of Priority Sector Lending norms - Small Finance Banks,,https://www.rbi.org.in/Scripts/NotificationUser.aspx?Id=12875&Mode=0,https://www.rbi.org.in/Scripts/NotificationUser.aspx,2026-05-30T08:35:46.796402+00:00
2025-06-19,"Implementation of Section 51A of UAPA,1967: Updates to UNSC’s 1267/1989 ISIL (Da'esh) & Al-Qaida Sanctions List: Addition of 01 Entry",,https://www.rbi.org.in/Scripts/NotificationUser.aspx?Id=12874&Mode=0,https://www.rbi.org.in/Scripts/NotificationUser.aspx,2026-05-30T08:35:46.796402+00:00
2025-06-16,"Implementation of Section 51A of UAPA,1967: Updates to UNSC’s 1267/ 1989 ISIL (Da'esh) & Al-Qaida Sanctions List: Removal of 01 Entry",,https://www.rbi.org.in/Scripts/NotificationUser.aspx?Id=12872&Mode=0,https://www.rbi.org.in/Scripts/NotificationUser.aspx,2026-05-30T08:35:46.796402+00:00
2025-06-16,Review of instructions issued vide Master Circular on Conduct of Government Business by Agency Banks - Payment of Agency Commission,,https://www.rbi.org.in/Scripts/NotificationUser.aspx?Id=12871&Mode=0,https://www.rbi.org.in/Scripts/NotificationUser.aspx,2026-05-30T08:35:46.796402+00:00
2025-06-16,"Master Direction – Reserve Bank of India (Electronic Trading Platforms) Directions, 2025",,https://www.rbi.org.in/Scripts/NotificationUser.aspx?Id=12870&Mode=0,https://www.rbi.org.in/Scripts/NotificationUser.aspx,2026-05-30T08:35:46.796402+00:00
2025-06-16,Master Circular - Credit facilities to Scheduled Castes (SCs) & Scheduled Tribes (STs),,https://www.rbi.org.in/Scripts/NotificationUser.aspx?Id=12869&Mode=0,https://www.rbi.org.in/Scripts/NotificationUser.aspx,2026-05-30T08:35:46.796402+00:00
2025-06-13,Import of Shipping Vessel - Relaxation,,https://www.rbi.org.in/Scripts/NotificationUser.aspx?Id=12868&Mode=0,https://www.rbi.org.in/Scripts/NotificationUser.aspx,2026-05-30T08:35:46.796402+00:00
2025-06-12,Stripping/Reconstitution in State Government Securities,,https://www.rbi.org.in/Scripts/NotificationUser.aspx?Id=12867&Mode=0,https://www.rbi.org.in/Scripts/NotificationUser.aspx,2026-05-30T08:35:46.796402+00:00
2025-06-06,"Foreign Exchange Management (Foreign Currency Accounts by a Person Resident in India) (Sixth Amendment) Regulations, 2025",,https://www.rbi.org.in/Scripts/NotificationUser.aspx?Id=12860&Mode=0,https://www.rbi.org.in/Scripts/NotificationUser.aspx,2026-05-30T08:35:46.796402+00:00
2025-06-06,Maintenance of Cash Reserve Ratio (CRR),,https://www.rbi.org.in/Scripts/NotificationUser.aspx?Id=12858&Mode=0,https://www.rbi.org.in/Scripts/NotificationUser.aspx,2026-05-30T08:35:46.796402+00:00
2025-06-06,Penal Interest on shortfall in CRR and SLR requirements - Change in Bank Rate,,https://www.rbi.org.in/Scripts/NotificationUser.aspx?Id=12857&Mode=0,https://www.rbi.org.in/Scripts/NotificationUser.aspx,2026-05-30T08:35:46.796402+00:00
2025-06-06,Standing Liquidity Facility for Primary Dealers,,https://www.rbi.org.in/Scripts/NotificationUser.aspx?Id=12855&Mode=0,https://www.rbi.org.in/Scripts/NotificationUser.aspx,2026-05-30T08:35:46.796402+00:00
2025-06-06,Liquidity Adjustment Facility - Change in rates,,https://www.rbi.org.in/Scripts/NotificationUser.aspx?Id=12854&Mode=0,https://www.rbi.org.in/Scripts/NotificationUser.aspx,2026-05-30T08:35:46.796402+00:00
2025-05-27,"Inclusion of “The Vishweshwar Sahakari Bank Ltd., Pune” in the Second Schedule of the Reserve Bank of India Act, 1934",,https://www.rbi.org.in/Scripts/NotificationUser.aspx?Id=12853&Mode=0,https://www.rbi.org.in/Scripts/NotificationUser.aspx,2026-05-30T08:35:49.592871+00:00
2025-05-23,Reporting on FIRMS portal – Issuance of Partly Paid Units by Investment Vehicles,,https://www.rbi.org.in/Scripts/NotificationUser.aspx?Id=12852&Mode=0,https://www.rbi.org.in/Scripts/NotificationUser.aspx,2026-05-30T08:35:49.592871+00:00
2025-05-22,Withdrawal of Master Circular on Deendayal Antyodaya Yojana – National Urban Livelihoods Mission (DAY-NULM) and related circulars,,https://www.rbi.org.in/Scripts/NotificationUser.aspx?Id=12851&Mode=0,https://www.rbi.org.in/Scripts/NotificationUser.aspx,2026-05-30T08:35:49.592871+00:00
2025-05-21,"Alteration in the name of “North East Small Finance Bank Limited” to “slice Small Finance Bank Limited” in the Second Schedule to the Reserve Bank of India Act, 1934",,https://www.rbi.org.in/Scripts/NotificationUser.aspx?Id=12850&Mode=0,https://www.rbi.org.in/Scripts/NotificationUser.aspx,2026-05-30T08:35:49.592871+00:00
2025-05-16,"Exim Bank’s GOI-supported Line of Credit (LOC) for USD 700 million to the Govt. of Mongolia (GO-MNG), for financing construction of Crude Oil Refinery Plant in Mongolia",,https://www.rbi.org.in/Scripts/NotificationUser.aspx?Id=12849&Mode=0,https://www.rbi.org.in/Scripts/NotificationUser.aspx,2026-05-30T08:35:49.592871+00:00
2025-05-08,Investments by Foreign Portfolio Investors in Corporate Debt Securities through the General Route – Relaxations,,https://www.rbi.org.in/Scripts/NotificationUser.aspx?Id=12847&Mode=0,https://www.rbi.org.in/Scripts/NotificationUser.aspx,2026-05-30T08:35:49.592871+00:00
2025-05-07,Policy Statement: Framework for Formulation of Regulations,,https://www.rbi.org.in/Scripts/NotificationUser.aspx?Id=12846&Mode=0,https://www.rbi.org.in/Scripts/NotificationUser.aspx,2026-05-30T08:35:49.592871+00:00
2025-04-28,Processing of Regulatory Authorisations/ Licenses/ Approvals through PRAVAAH,,https://www.rbi.org.in/Scripts/NotificationUser.aspx?Id=12845&Mode=0,https://www.rbi.org.in/Scripts/NotificationUser.aspx,2026-05-30T08:35:52.260503+00:00
2025-04-28,Dispensation of ₹100 and ₹200 denomination banknotes through ATMs,,https://www.rbi.org.in/Scripts/NotificationUser.aspx?Id=12844&Mode=0,https://www.rbi.org.in/Scripts/NotificationUser.aspx,2026-05-30T08:35:52.260503+00:00
2025-04-25,"Master Direction on Framework of incentives for Currency Distribution & Exchange Scheme for bank branches including currency chests ( Updated as on September 29, 2025 )",,https://www.rbi.org.in/Scripts/NotificationUser.aspx?Id=12843&Mode=0,https://www.rbi.org.in/Scripts/NotificationUser.aspx,2026-05-30T08:35:52.260503+00:00
2025-04-24,"Amendments to Directions - Compounding of Contraventions under FEMA, 1999",,https://www.rbi.org.in/Scripts/NotificationUser.aspx?Id=12842&Mode=0,https://www.rbi.org.in/Scripts/NotificationUser.aspx,2026-05-30T08:35:52.260503+00:00
2025-04-24,Note Sorting Machines: Standards issued by the Bureau of Indian Standards -Revised Timeline for Implementation,Sorting,https://www.rbi.org.in/Scripts/NotificationUser.aspx?Id=12841&Mode=0,https://www.rbi.org.in/Scripts/NotificationUser.aspx,2026-05-30T08:35:52.260503+00:00
2025-04-23,Exports through warehouses in ‘Bharat Mart’ in UAE – relaxations,,https://www.rbi.org.in/Scripts/NotificationUser.aspx?Id=12840&Mode=0,https://www.rbi.org.in/Scripts/NotificationUser.aspx,2026-05-30T08:35:52.260503+00:00
2025-04-22,"Master Directions - Compounding of Contraventions under FEMA, 1999, dated April 22, 2025 ( Updated as on April 24, 2025 ) (Supersedes Master Direction- Compounding of Contraventions under FEMA, 1999, (Updated as on May 24, 2022) )",,https://www.rbi.org.in/Scripts/NotificationUser.aspx?Id=12839&Mode=0,https://www.rbi.org.in/Scripts/NotificationUser.aspx,2026-05-30T08:35:52.260503+00:00
2025-04-22,"Amendments to Directions - Compounding of Contraventions under FEMA, 1999",,https://www.rbi.org.in/Scripts/NotificationUser.aspx?Id=12838&Mode=0,https://www.rbi.org.in/Scripts/NotificationUser.aspx,2026-05-30T08:35:52.260503+00:00
2025-04-22,Circular - Migration to '.bank.in' domain,,https://www.rbi.org.in/Scripts/NotificationUser.aspx?Id=12837&Mode=0,https://www.rbi.org.in/Scripts/NotificationUser.aspx,2026-05-30T08:35:52.260503+00:00
2025-04-11,Reorganisation of Districts in the State of Rajasthan – Review of Lead Bank Responsibility,,https://www.rbi.org.in/Scripts/NotificationUser.aspx?Id=12834&Mode=0,https://www.rbi.org.in/Scripts/NotificationUser.aspx,2026-05-30T08:35:52.260503+00:00
2025-04-09,Standing Liquidity Facility for Primary Dealers,,https://www.rbi.org.in/Scripts/NotificationUser.aspx?Id=12833&Mode=0,https://www.rbi.org.in/Scripts/NotificationUser.aspx,2026-05-30T08:35:52.260503+00:00
2025-04-09,Liquidity Adjustment Facility - Change in rates,,https://www.rbi.org.in/Scripts/NotificationUser.aspx?Id=12831&Mode=0,https://www.rbi.org.in/Scripts/NotificationUser.aspx,2026-05-30T08:35:52.260503+00:00
2025-04-08,Review of Regulatory Guidelines – Withdrawal of Circulars,,https://www.rbi.org.in/Scripts/NotificationUser.aspx?Id=12830&Mode=0,https://www.rbi.org.in/Scripts/NotificationUser.aspx,2026-05-30T08:35:52.260503+00:00
2025-04-03,Limits for investment in debt and sale of Credit Default Swaps by Foreign Portfolio Investors (FPIs),,https://www.rbi.org.in/Scripts/NotificationUser.aspx?Id=12829&Mode=0,https://www.rbi.org.in/Scripts/NotificationUser.aspx,2026-05-30T08:35:52.260503+00:00
2025-04-01,Master Direction – Facility for Exchange of Notes and Coins,,https://www.rbi.org.in/Scripts/NotificationUser.aspx?Id=12818&Mode=0,https://www.rbi.org.in/Scripts/NotificationUser.aspx,2026-05-30T08:35:52.260503+00:00
2025-04-01,"Reserve Bank of India (Classification, Valuation and Operation of the Investment Portfolio of Commercial Banks) Directions, 2023",,https://www.rbi.org.in/Scripts/NotificationUser.aspx?Id=12817&Mode=0,https://www.rbi.org.in/Scripts/NotificationUser.aspx,2026-05-30T08:35:52.260503+00:00
2025-04-01,"Master Direction on Counterfeit Notes, 2025 – Detection, Reporting and Monitoring",,https://www.rbi.org.in/Scripts/NotificationUser.aspx?Id=12814&Mode=0,https://www.rbi.org.in/Scripts/NotificationUser.aspx,2026-05-30T08:35:52.260503+00:00
2025-04-01,Master Circular on Conduct of Government Business by Agency Banks - Payment of Agency Commission,,https://www.rbi.org.in/Scripts/NotificationUser.aspx?Id=12812&Mode=0,https://www.rbi.org.in/Scripts/NotificationUser.aspx,2026-05-30T08:35:52.260503+00:00
2025-04-01,Master Circular - Disbursement of Government Pension by Agency Banks,,https://www.rbi.org.in/Scripts/NotificationUser.aspx?Id=12811&Mode=0,https://www.rbi.org.in/Scripts/NotificationUser.aspx,2026-05-30T08:35:52.260503+00:00
2025-04-01,Master Direction – Scheme of Penalties for bank branches and currency chests for deficiency in rendering customer service to the members of public,,https://www.rbi.org.in/Scripts/NotificationUser.aspx?Id=12810&Mode=0,https://www.rbi.org.in/Scripts/NotificationUser.aspx,2026-05-30T08:35:52.260503+00:00
2025-04-01,Master Direction on Penal Provisions in reporting of transactions / balances at Currency Chests,,https://www.rbi.org.in/Scripts/NotificationUser.aspx?Id=12809&Mode=0,https://www.rbi.org.in/Scripts/NotificationUser.aspx,2026-05-30T08:35:52.260503+00:00
2025-04-01,Master Circular – Lead Bank Scheme,,https://www.rbi.org.in/Scripts/NotificationUser.aspx?Id=12808&Mode=0,https://www.rbi.org.in/Scripts/NotificationUser.aspx,2026-05-30T08:35:52.260503+00:00
2025-04-01,Master Circular - Credit facilities to Scheduled Castes (SCs) & Scheduled Tribes (STs),,https://www.rbi.org.in/Scripts/NotificationUser.aspx?Id=12807&Mode=0,https://www.rbi.org.in/Scripts/NotificationUser.aspx,2026-05-30T08:35:52.260503+00:00
2025-04-01,Master Circular – Deendayal Antyodaya Yojana - National Rural Livelihoods Mission (DAY-NRLM),,https://www.rbi.org.in/Scripts/NotificationUser.aspx?Id=12806&Mode=0,https://www.rbi.org.in/Scripts/NotificationUser.aspx,2026-05-30T08:35:52.260503+00:00
2025-04-01,Master Circular on SHG-Bank Linkage Programme,,https://www.rbi.org.in/Scripts/NotificationUser.aspx?Id=12805&Mode=0,https://www.rbi.org.in/Scripts/NotificationUser.aspx,2026-05-30T08:35:52.260503+00:00
2025-03-28,"Special Clearing Operations on March 31, 2025",,https://www.rbi.org.in/Scripts/NotificationUser.aspx?Id=12803&Mode=0,https://www.rbi.org.in/Scripts/NotificationUser.aspx,2026-05-30T08:35:54.713328+00:00
2025-03-27,General Notification for Sale and Issue of Government of India Securities (including Treasury Bills and Cash Management Bills),,https://www.rbi.org.in/Scripts/NotificationUser.aspx?Id=12802&Mode=0,https://www.rbi.org.in/Scripts/NotificationUser.aspx,2026-05-30T08:35:54.713328+00:00
2025-03-24,"Master Directions - Reserve Bank of India (Priority Sector Lending – Targets and Classification) Directions, 2025 ( Updated as on January 19, 2026 )",,https://www.rbi.org.in/Scripts/NotificationUser.aspx?Id=12799&Mode=0,https://www.rbi.org.in/Scripts/NotificationUser.aspx,2026-05-30T08:35:54.713328+00:00
2025-03-24,Priority Sector Lending Certificates,,https://www.rbi.org.in/Scripts/NotificationUser.aspx?Id=12798&Mode=0,https://www.rbi.org.in/Scripts/NotificationUser.aspx,2026-05-30T08:35:54.713328+00:00
2025-03-24,Review of Priority Sector Lending (PSL) Target – Urban Co-operative Banks (UCBs),,https://www.rbi.org.in/Scripts/NotificationUser.aspx?Id=12797&Mode=0,https://www.rbi.org.in/Scripts/NotificationUser.aspx,2026-05-30T08:35:54.713328+00:00
2025-03-24,"Currency Chest operations on March 31, 2025",,https://www.rbi.org.in/Scripts/NotificationUser.aspx?Id=12796&Mode=0,https://www.rbi.org.in/Scripts/NotificationUser.aspx,2026-05-30T08:35:54.713328+00:00
2025-03-17,Asian Clearing Union (ACU) Mechanism – Indo-Maldives trade,,https://www.rbi.org.in/Scripts/NotificationUser.aspx?Id=12792&Mode=0,https://www.rbi.org.in/Scripts/NotificationUser.aspx,2026-05-30T08:35:54.713328+00:00
2025-03-17,Annual Closing of Government Accounts – Transactions of Central / State Governments – Special Measures for the Current Financial Year (2024-25),,https://www.rbi.org.in/Scripts/NotificationUser.aspx?Id=12791&Mode=0,https://www.rbi.org.in/Scripts/NotificationUser.aspx,2026-05-30T08:35:54.713328+00:00
2025-03-15,"Implementation of Section 51A of UAPA, 1967: Updates to UNSC’s 1267/1989 ISIL (Da'esh) & Al-Qaida Sanctions List: Amendments in 12 Entries",,https://www.rbi.org.in/Scripts/NotificationUser.aspx?Id=12790&Mode=0,https://www.rbi.org.in/Scripts/NotificationUser.aspx,2026-05-30T08:35:54.713328+00:00
2025-02-28,Reporting and Accounting of Central Government transactions for March 2025,,https://www.rbi.org.in/Scripts/NotificationUser.aspx?Id=12789&Mode=0,https://www.rbi.org.in/Scripts/NotificationUser.aspx,2026-05-30T08:35:57.081889+00:00
2025-02-27,"Implementation of Section 51A of UAPA, 1967: Updates to UNSC’s 1267/1989 ISIL (Da'esh) & Al-Qaida Sanctions List: Amendments in 01 Entry",,https://www.rbi.org.in/Scripts/NotificationUser.aspx?Id=12788&Mode=0,https://www.rbi.org.in/Scripts/NotificationUser.aspx,2026-05-30T08:35:57.081889+00:00
2025-02-21,"Reserve Bank of India (Forward Contracts in Government Securities) Directions, 2025",,https://www.rbi.org.in/Scripts/NotificationUser.aspx?Id=12784&Mode=0,https://www.rbi.org.in/Scripts/NotificationUser.aspx,2026-05-30T08:35:57.081889+00:00
2025-02-17,Government securities transactions between a Primary Member (PM) of NDS-OM and its own Gilt Account Holder (GAH) or between two GAHs of the same PM,,https://www.rbi.org.in/Scripts/NotificationUser.aspx?Id=12782&Mode=0,https://www.rbi.org.in/Scripts/NotificationUser.aspx,2026-05-30T08:35:57.081889+00:00
2025-02-13,Export-Import Bank of India’s GOI-supported Line of Credit of USD 120 mn to the Government of the Socialist Republic of Vietnam (GO-VNM) for procurement of High-Speed Guard Boats in the Borrower’s Country,Socialist,https://www.rbi.org.in/Scripts/NotificationUser.aspx?Id=12781&Mode=0,https://www.rbi.org.in/Scripts/NotificationUser.aspx,2026-05-30T08:35:57.081889+00:00
2025-02-13,Export-Import Bank of India’s GOI-supported Line of Credit of USD 180 mn to the Government of the Socialist Republic of Vietnam for procurement of 4 Offshore Patrol Vessels (OPV) in the Borrower’s Country,Socialist,https://www.rbi.org.in/Scripts/NotificationUser.aspx?Id=12780&Mode=0,https://www.rbi.org.in/Scripts/NotificationUser.aspx,2026-05-30T08:35:57.081889+00:00
2025-02-12,"Foreign Exchange Management (Manner of Receipt and Payment) (Amendment) Regulations, 2025",,https://www.rbi.org.in/Scripts/NotificationUser.aspx?Id=12779&Mode=0,https://www.rbi.org.in/Scripts/NotificationUser.aspx,2026-05-30T08:35:57.081889+00:00
2025-02-07,"Master Direction - Reserve Bank of India (Access Criteria for NDS-OM) Directions, 2025 ( Updated as on April 27, 2026 )",,https://www.rbi.org.in/Scripts/NotificationUser.aspx?Id=13376&Mode=0,https://www.rbi.org.in/Scripts/NotificationUser.aspx,2026-05-30T08:35:57.081889+00:00
2025-02-07,Access of SEBI-registered non-bank brokers to NDS-OM,,https://www.rbi.org.in/Scripts/NotificationUser.aspx?Id=12777&Mode=0,https://www.rbi.org.in/Scripts/NotificationUser.aspx,2026-05-30T08:35:57.081889+00:00
2025-02-07,Standing Liquidity Facility for Primary Dealers,,https://www.rbi.org.in/Scripts/NotificationUser.aspx?Id=12775&Mode=0,https://www.rbi.org.in/Scripts/NotificationUser.aspx,2026-05-30T08:35:57.081889+00:00
2025-02-07,Liquidity Adjustment Facility - Change in rates,,https://www.rbi.org.in/Scripts/NotificationUser.aspx?Id=12774&Mode=0,https://www.rbi.org.in/Scripts/NotificationUser.aspx,2026-05-30T08:35:57.081889+00:00
2025-01-30,"Framework for imposing monetary penalty and compounding of offences under the Payment and Settlement Systems Act, 2007",,https://www.rbi.org.in/Scripts/NotificationUser.aspx?Id=12773&Mode=0,https://www.rbi.org.in/Scripts/NotificationUser.aspx,2026-05-30T08:35:59.493434+00:00
2025-01-17,Prevention of financial frauds perpetrated using voice calls and SMS – Regulatory prescriptions and Institutional Safeguards,,https://www.rbi.org.in/Scripts/NotificationUser.aspx?Id=12770&Mode=0,https://www.rbi.org.in/Scripts/NotificationUser.aspx,2026-05-30T08:35:59.493434+00:00
2025-01-17,Coverage of customers under the nomination facility,,https://www.rbi.org.in/Scripts/NotificationUser.aspx?Id=12769&Mode=0,https://www.rbi.org.in/Scripts/NotificationUser.aspx,2026-05-30T08:35:59.493434+00:00
2025-01-16,"Foreign Exchange Management (Mode of Payment and Reporting of Non-Debt Instruments) (Third Amendment) Regulations, 2025",,https://www.rbi.org.in/Scripts/NotificationUser.aspx?Id=12768&Mode=0,https://www.rbi.org.in/Scripts/NotificationUser.aspx,2026-05-30T08:35:59.493434+00:00
2025-01-16,"Foreign Exchange Management (Foreign Currency Accounts by a person resident in India) (Fifth Amendment) Regulations, 2025",,https://www.rbi.org.in/Scripts/NotificationUser.aspx?Id=12767&Mode=0,https://www.rbi.org.in/Scripts/NotificationUser.aspx,2026-05-30T08:35:59.493434+00:00
2025-01-16,"Foreign Exchange Management (Deposit) (Fifth Amendment) Regulations, 2025",,https://www.rbi.org.in/Scripts/NotificationUser.aspx?Id=12766&Mode=0,https://www.rbi.org.in/Scripts/NotificationUser.aspx,2026-05-30T08:35:59.493434+00:00
2025-01-07,"Master Direction - Reserve Bank of India (Non-resident Investment in Debt Instruments) Directions, 2025 ( Updated as on April 10, 2026 )",,https://www.rbi.org.in/Scripts/NotificationUser.aspx?Id=12765&Mode=0,https://www.rbi.org.in/Scripts/NotificationUser.aspx,2026-05-30T08:35:59.493434+00:00
2025-01-03,"Status of March 30, 2025 for Government transactions through integration with e-Kuber",,https://www.rbi.org.in/Scripts/NotificationUser.aspx?Id=12763&Mode=0,https://www.rbi.org.in/Scripts/NotificationUser.aspx,2026-05-30T08:35:59.493434+00:00
2025-01-02,Formation of new district in the State of Nagaland – Assignment of Lead Bank Responsibility,,https://www.rbi.org.in/Scripts/NotificationUser.aspx?Id=12762&Mode=0,https://www.rbi.org.in/Scripts/NotificationUser.aspx,2026-05-30T08:35:59.493434+00:00
2025-01-01,Participation of NaBFID as an AIFI in financial markets,,https://www.rbi.org.in/Scripts/NotificationUser.aspx?Id=12761&Mode=0,https://www.rbi.org.in/Scripts/NotificationUser.aspx,2026-05-30T08:35:59.493434+00:00
2024-12-30,Introduction of beneficiary bank account name look-up facility for Real Time Gross Settlement (RTGS) and National Electronic Funds Transfer (NEFT) Systems,,https://www.rbi.org.in/Scripts/NotificationUser.aspx?Id=12759&Mode=0,https://www.rbi.org.in/Scripts/NotificationUser.aspx,2026-05-30T08:36:05.095840+00:00
2024-12-27,Reporting Platform for transactions undertaken to hedge price risk of gold,,https://www.rbi.org.in/Scripts/NotificationUser.aspx?Id=12757&Mode=0,https://www.rbi.org.in/Scripts/NotificationUser.aspx,2026-05-30T08:36:05.095840+00:00
2024-12-27,Unified Payments Interface (UPI) access for Prepaid Payment Instruments (PPIs) through third-party applications,,https://www.rbi.org.in/Scripts/NotificationUser.aspx?Id=12756&Mode=0,https://www.rbi.org.in/Scripts/NotificationUser.aspx,2026-05-30T08:36:05.095840+00:00
2024-12-06,Credit Flow to Agriculture – Collateral free agricultural loans,,https://www.rbi.org.in/Scripts/NotificationUser.aspx?Id=12755&Mode=0,https://www.rbi.org.in/Scripts/NotificationUser.aspx,2026-05-30T08:36:05.095840+00:00
2024-12-04,Amendment to Framework for Facilitating Small Value Digital Payments in Offline Mode,,https://www.rbi.org.in/Scripts/NotificationUser.aspx?Id=12752&Mode=0,https://www.rbi.org.in/Scripts/NotificationUser.aspx,2026-05-30T08:36:05.095840+00:00
2024-12-04,"Implementation of Section 51A of UAPA,1967: Updates to UNSC’s 1267/ 1989 ISIL (Da'esh) & Al-Qaida Sanctions List: Amendments in 03 Entries",,https://www.rbi.org.in/Scripts/NotificationUser.aspx?Id=12751&Mode=0,https://www.rbi.org.in/Scripts/NotificationUser.aspx,2026-05-30T08:36:05.095840+00:00
2024-12-02,Inoperative Accounts / Unclaimed Deposits in banks,,https://www.rbi.org.in/Scripts/NotificationUser.aspx?Id=12750&Mode=0,https://www.rbi.org.in/Scripts/NotificationUser.aspx,2026-05-30T08:36:05.095840+00:00
2024-11-19,"Foreign Exchange Management (Foreign Currency Accounts by a Person Resident in India) (Fourth Amendment) Regulations, 2024",,https://www.rbi.org.in/Scripts/NotificationUser.aspx?Id=12758&Mode=0,https://www.rbi.org.in/Scripts/NotificationUser.aspx,2026-05-30T08:36:07.390586+00:00
2024-11-11,Operational framework for reclassification of Foreign Portfolio Investment to Foreign Direct Investment (FDI),,https://www.rbi.org.in/Scripts/NotificationUser.aspx?Id=12749&Mode=0,https://www.rbi.org.in/Scripts/NotificationUser.aspx,2026-05-30T08:36:07.390586+00:00
2024-11-08,Reporting of Foreign Exchange Transactions to Trade Repository,,https://www.rbi.org.in/Scripts/NotificationUser.aspx?Id=12748&Mode=0,https://www.rbi.org.in/Scripts/NotificationUser.aspx,2026-05-30T08:36:07.390586+00:00
2024-11-07,‘Fully Accessible Route’ for Investment by Non-residents in Government Securities – Inclusion of Sovereign Green Bonds,Sovereign,https://www.rbi.org.in/Scripts/NotificationUser.aspx?Id=12747&Mode=0,https://www.rbi.org.in/Scripts/NotificationUser.aspx,2026-05-30T08:36:07.390586+00:00
2024-10-30,Note Sorting Machines: Standards issued by the Bureau of Indian Standards,Sorting,https://www.rbi.org.in/Scripts/NotificationUser.aspx?Id=12745&Mode=0,https://www.rbi.org.in/Scripts/NotificationUser.aspx,2026-05-30T08:36:09.683982+00:00
2024-10-28,Directions for Central Counterparties (CCPs),,https://www.rbi.org.in/Scripts/NotificationUser.aspx?Id=12744&Mode=0,https://www.rbi.org.in/Scripts/NotificationUser.aspx,2026-05-30T08:36:09.683982+00:00
2024-10-19,"Designation of one organisation under Section 35(1) (a) and 2(1) (m) of the Unlawful Activities (Prevention) Act, 1967 and its listing in the First Schedule of the Act- Reg.",,https://www.rbi.org.in/Scripts/NotificationUser.aspx?Id=12743&Mode=0,https://www.rbi.org.in/Scripts/NotificationUser.aspx,2026-05-30T08:36:09.683982+00:00
2024-10-18,"Reserve Bank of India (Access Criteria for NDS-OM) Directions, 2024",,https://www.rbi.org.in/Scripts/NotificationUser.aspx?Id=12742&Mode=0,https://www.rbi.org.in/Scripts/NotificationUser.aspx,2026-05-30T08:36:09.683982+00:00
2024-10-11,Facilitating accessibility to digital payment systems for Persons with Disabilities - Guidelines,,https://www.rbi.org.in/Scripts/NotificationUser.aspx?Id=12741&Mode=0,https://www.rbi.org.in/Scripts/NotificationUser.aspx,2026-05-30T08:36:09.683982+00:00
2024-10-10,Implementation of Credit Information Reporting Mechanism subsequent to cancellation of licence or Certificate of Registration,,https://www.rbi.org.in/Scripts/NotificationUser.aspx?Id=12739&Mode=0,https://www.rbi.org.in/Scripts/NotificationUser.aspx,2026-05-30T08:36:09.683982+00:00
2024-10-04,Due diligence in relation to non-resident guarantees availed by persons resident in India,,https://www.rbi.org.in/Scripts/NotificationUser.aspx?Id=12737&Mode=0,https://www.rbi.org.in/Scripts/NotificationUser.aspx,2026-05-30T08:36:09.683982+00:00
2024-10-01,"Directions - Compounding of Contraventions under FEMA, 1999",,https://www.rbi.org.in/Scripts/NotificationUser.aspx?Id=12736&Mode=0,https://www.rbi.org.in/Scripts/NotificationUser.aspx,2026-05-30T08:36:09.683982+00:00
2024-09-30,Gold loans - Irregular practices observed in grant of loans against pledge of gold ornaments and jewellery,,https://www.rbi.org.in/Scripts/NotificationUser.aspx?Id=12735&Mode=0,https://www.rbi.org.in/Scripts/NotificationUser.aspx,2026-05-30T08:36:12.284027+00:00
2024-09-19,"Implementation of Section 12A of the Weapons of Mass Destruction and their Delivery Systems (Prohibition of Unlawful Activities) Act, 2005: Designated List (Amendments)",,https://www.rbi.org.in/Scripts/NotificationUser.aspx?Id=12733&Mode=0,https://www.rbi.org.in/Scripts/NotificationUser.aspx,2026-05-30T08:36:12.284027+00:00
2024-09-06,Liberalised Remittance Scheme (LRS) for Resident Individuals- Discontinuation of Reporting of monthly return,,https://www.rbi.org.in/Scripts/NotificationUser.aspx?Id=12732&Mode=0,https://www.rbi.org.in/Scripts/NotificationUser.aspx,2026-05-30T08:36:12.284027+00:00
2024-09-02,Review of Extant Instructions – Withdrawal of Circulars,,https://www.rbi.org.in/Scripts/NotificationUser.aspx?Id=12731&Mode=0,https://www.rbi.org.in/Scripts/NotificationUser.aspx,2026-05-30T08:36:12.284027+00:00
2024-08-29,Scheme for Trading and Settlement of Sovereign Green Bonds in the International Financial Services Centre in India,Sovereign,https://www.rbi.org.in/Scripts/NotificationUser.aspx?Id=12730&Mode=0,https://www.rbi.org.in/Scripts/NotificationUser.aspx,2026-05-30T08:36:14.760972+00:00
2024-08-27,"Implementation of Section 51A of UAPA, 1967: Updates to UNSC’s 1267/1989 ISIL (Da'esh) & Al-Qaida Sanctions List: Amendments in 01 Entry",,https://www.rbi.org.in/Scripts/NotificationUser.aspx?Id=12728&Mode=0,https://www.rbi.org.in/Scripts/NotificationUser.aspx,2026-05-30T08:36:14.760972+00:00
2024-08-22,"Cessation of “Credit Suisse AG” as a banking company within the meaning of sub section (2) of Section 36 (A) of the Banking Regulation Act, 1949",,https://www.rbi.org.in/Scripts/NotificationUser.aspx?Id=12727&Mode=0,https://www.rbi.org.in/Scripts/NotificationUser.aspx,2026-05-30T08:36:14.760972+00:00
2024-08-22,"Inclusion of “UBS AG” in the Second Schedule of the Reserve Bank of India Act, 1934",,https://www.rbi.org.in/Scripts/NotificationUser.aspx?Id=12726&Mode=0,https://www.rbi.org.in/Scripts/NotificationUser.aspx,2026-05-30T08:36:14.760972+00:00
2024-08-22,"Cessation of “Krung Thai Bank Public Company Limited” as a banking company within the meaning of sub section (2) of Section 36 (A) of the Banking Regulation Act, 1949",,https://www.rbi.org.in/Scripts/NotificationUser.aspx?Id=12725&Mode=0,https://www.rbi.org.in/Scripts/NotificationUser.aspx,2026-05-30T08:36:14.760972+00:00
2024-08-22,"Exclusion of “Credit Suisse AG” from the Second Schedule of the Reserve Bank of India Act, 1934",,https://www.rbi.org.in/Scripts/NotificationUser.aspx?Id=12724&Mode=0,https://www.rbi.org.in/Scripts/NotificationUser.aspx,2026-05-30T08:36:14.760972+00:00
2024-08-22,"Exclusion of “Krung Thai Bank Public Company Limited” from the Second Schedule of the Reserve Bank of India Act, 1934",,https://www.rbi.org.in/Scripts/NotificationUser.aspx?Id=12723&Mode=0,https://www.rbi.org.in/Scripts/NotificationUser.aspx,2026-05-30T08:36:14.760972+00:00
2024-08-22,Processing of e-mandates for recurring transactions,,https://www.rbi.org.in/Scripts/NotificationUser.aspx?Id=12722&Mode=0,https://www.rbi.org.in/Scripts/NotificationUser.aspx,2026-05-30T08:36:14.760972+00:00
2024-08-08,Frequency of reporting of credit information by Credit Institutions to Credit Information Companies,,https://www.rbi.org.in/Scripts/NotificationUser.aspx?Id=12718&Mode=0,https://www.rbi.org.in/Scripts/NotificationUser.aspx,2026-05-30T08:36:14.760972+00:00
2024-08-06,Modified Interest Subvention Scheme for Short Term Loans for Agriculture and Allied Activities availed through Kisan Credit Card (KCC) during the financial year 2024-25,,https://www.rbi.org.in/Scripts/NotificationUser.aspx?Id=12717&Mode=0,https://www.rbi.org.in/Scripts/NotificationUser.aspx,2026-05-30T08:36:14.760972+00:00
2024-08-02,"Foreign Exchange Management (Debt Instruments) (Third Amendment) Regulations, 2024",,https://www.rbi.org.in/Scripts/NotificationUser.aspx?Id=12913&Mode=0,https://www.rbi.org.in/Scripts/NotificationUser.aspx,2026-05-30T08:36:14.760972+00:00
2024-07-30,Master Directions on Cyber Resilience and Digital Payment Security Controls for non-bank Payment System Operators,,https://www.rbi.org.in/Scripts/NotificationUser.aspx?Id=12715&Mode=0,https://www.rbi.org.in/Scripts/NotificationUser.aspx,2026-05-30T08:36:17.235250+00:00
2024-07-29,‘Fully Accessible Route’ for Investment by Non-residents in Government Securities – Exclusion of new issuances in 14-year and 30-year tenor securities,,https://www.rbi.org.in/Scripts/NotificationUser.aspx?Id=12712&Mode=0,https://www.rbi.org.in/Scripts/NotificationUser.aspx,2026-05-30T08:36:17.235250+00:00
2024-07-26,Prompt Corrective Action (PCA) Framework for Primary (Urban) Co-operative Banks (UCBs),,https://www.rbi.org.in/Scripts/NotificationUser.aspx?Id=12711&Mode=0,https://www.rbi.org.in/Scripts/NotificationUser.aspx,2026-05-30T08:36:17.235250+00:00
2024-07-24,"Master Direction - Overseas Investment ( Updated as on April 01, 2026 )",,https://www.rbi.org.in/Scripts/NotificationUser.aspx?Id=12710&Mode=0,https://www.rbi.org.in/Scripts/NotificationUser.aspx,2026-05-30T08:36:17.235250+00:00
2024-07-24,Domestic Money Transfer – Review of Framework,,https://www.rbi.org.in/Scripts/NotificationUser.aspx?Id=12707&Mode=0,https://www.rbi.org.in/Scripts/NotificationUser.aspx,2026-05-30T08:36:17.235250+00:00
2024-07-15,Master Directions on Fraud Risk Management in Non-Banking Financial Companies (NBFCs) (including Housing Finance Companies),,https://www.rbi.org.in/Scripts/NotificationUser.aspx?Id=12704&Mode=0,https://www.rbi.org.in/Scripts/NotificationUser.aspx,2026-05-30T08:36:17.235250+00:00
2024-07-15,Master Directions on Fraud Risk Management in Urban Cooperative Banks (UCBs) / State Cooperative Banks (StCBs) / Central Cooperative Banks (CCBs),,https://www.rbi.org.in/Scripts/NotificationUser.aspx?Id=12703&Mode=0,https://www.rbi.org.in/Scripts/NotificationUser.aspx,2026-05-30T08:36:17.235250+00:00
2024-07-15,Master Directions on Fraud Risk Management in Commercial Banks (including Regional Rural Banks) and All India Financial Institutions,,https://www.rbi.org.in/Scripts/NotificationUser.aspx?Id=12702&Mode=0,https://www.rbi.org.in/Scripts/NotificationUser.aspx,2026-05-30T08:36:17.235250+00:00
2024-07-12,Withdrawal of Circulars – Internal Review,,https://www.rbi.org.in/Scripts/NotificationUser.aspx?Id=12701&Mode=0,https://www.rbi.org.in/Scripts/NotificationUser.aspx,2026-05-30T08:36:17.235250+00:00
2024-07-10,Remittances to International Financial Services Centres (IFSCs) under the Liberalised Remittance Scheme (LRS),,https://www.rbi.org.in/Scripts/NotificationUser.aspx?Id=12699&Mode=0,https://www.rbi.org.in/Scripts/NotificationUser.aspx,2026-05-30T08:36:17.235250+00:00
2024-07-08,"Export-Import Bank of India’s GOI-supported Line of Credit of USD 2.50 mn to the Government of Co-operative Republic of Guyana, for installation of Solar Photo Voltaic Power Plant at Cheddi Jagan International Airport",Solar,https://www.rbi.org.in/Scripts/NotificationUser.aspx?Id=12698&Mode=0,https://www.rbi.org.in/Scripts/NotificationUser.aspx,2026-05-30T08:36:17.235250+00:00
2024-07-03,Online submission of Form A2: Removal of limits on amount of remittance,,https://www.rbi.org.in/Scripts/NotificationUser.aspx?Id=12697&Mode=0,https://www.rbi.org.in/Scripts/NotificationUser.aspx,2026-05-30T08:36:17.235250+00:00
2024-07-03,Release of foreign exchange for Miscellaneous Remittances,,https://www.rbi.org.in/Scripts/NotificationUser.aspx?Id=12696&Mode=0,https://www.rbi.org.in/Scripts/NotificationUser.aspx,2026-05-30T08:36:17.235250+00:00
2024-06-28,"Exclusion of “Nagar Urban Co-operative Bank Limited” from the Second Schedule of the Reserve Bank of India Act, 1934",,https://www.rbi.org.in/Scripts/NotificationUser.aspx?Id=12695&Mode=0,https://www.rbi.org.in/Scripts/NotificationUser.aspx,2026-05-30T08:36:19.670369+00:00
2024-06-21,Priority Sector Lending – Amendments to the Master Directions,,https://www.rbi.org.in/Scripts/NotificationUser.aspx?Id=12694&Mode=0,https://www.rbi.org.in/Scripts/NotificationUser.aspx,2026-05-30T08:36:19.670369+00:00
2024-06-11,International Trade Settlement in Indian Rupees (INR) – Opening of additional Current Account for settlement of trade transactions,,https://www.rbi.org.in/Scripts/NotificationUser.aspx?Id=12693&Mode=0,https://www.rbi.org.in/Scripts/NotificationUser.aspx,2026-05-30T08:36:19.670369+00:00
2024-06-11,"Export-Import Bank of India (Exim Bank)’s Government of India-supported Line of Credit of USD 23.37 mn to the Government of the Co-operative Republic of Guyana (GO-GUY), for procurement of two Hindustan 228-201 aircraft from Hindustan Aeronautics Ltd.",,https://www.rbi.org.in/Scripts/NotificationUser.aspx?Id=12692&Mode=0,https://www.rbi.org.in/Scripts/NotificationUser.aspx,2026-05-30T08:36:19.670369+00:00
2024-06-07,"Foreign Exchange Management (Overseas Investment) Directions, 2022 - Investments in Overseas Funds",,https://www.rbi.org.in/Scripts/NotificationUser.aspx?Id=12691&Mode=0,https://www.rbi.org.in/Scripts/NotificationUser.aspx,2026-05-30T08:36:19.670369+00:00
2024-05-27,Instructions on Money Changing Activities,,https://www.rbi.org.in/Scripts/NotificationUser.aspx?Id=12689&Mode=0,https://www.rbi.org.in/Scripts/NotificationUser.aspx,2026-05-30T08:36:22.038577+00:00
2024-05-24,"Exclusion of ""Fincare Small Finance Bank Limited"" from the Second Schedule to the Reserve Bank of India Act, 1934 and cessation as a banking company",,https://www.rbi.org.in/Scripts/NotificationUser.aspx?Id=12688&Mode=0,https://www.rbi.org.in/Scripts/NotificationUser.aspx,2026-05-30T08:36:22.038577+00:00
2024-05-22,Internal Review – Interim Recommendations – Withdrawal of Circulars,,https://www.rbi.org.in/Scripts/NotificationUser.aspx?Id=12687&Mode=0,https://www.rbi.org.in/Scripts/NotificationUser.aspx,2026-05-30T08:36:22.038577+00:00
2024-05-21,"Issuance of partly paid units to persons resident outside India by investment vehicles under Foreign Exchange Management (Non-debt Instruments) Rules, 2019",,https://www.rbi.org.in/Scripts/NotificationUser.aspx?Id=12686&Mode=0,https://www.rbi.org.in/Scripts/NotificationUser.aspx,2026-05-30T08:36:22.038577+00:00
2024-05-16,Formation of new district in the State of Assam – Assignment of Lead Bank Responsibility,,https://www.rbi.org.in/Scripts/NotificationUser.aspx?Id=12685&Mode=0,https://www.rbi.org.in/Scripts/NotificationUser.aspx,2026-05-30T08:36:22.038577+00:00
2024-05-10,"Foreign Exchange Management (Deposit) (Fourth Amendment) Regulations, 2024",,https://www.rbi.org.in/Scripts/NotificationUser.aspx?Id=12684&Mode=0,https://www.rbi.org.in/Scripts/NotificationUser.aspx,2026-05-30T08:36:22.038577+00:00
2024-05-08,Margin for Derivative Contracts,,https://www.rbi.org.in/Scripts/NotificationUser.aspx?Id=12683&Mode=0,https://www.rbi.org.in/Scripts/NotificationUser.aspx,2026-05-30T08:36:22.038577+00:00
2024-05-08,"Master Direction – Reserve Bank of India (Margining for Non-Centrally Cleared OTC Derivatives) Directions, 2024 ( Updated as on February 21, 2025 )",,https://www.rbi.org.in/Scripts/NotificationUser.aspx?Id=12682&Mode=0,https://www.rbi.org.in/Scripts/NotificationUser.aspx,2026-05-30T08:36:22.038577+00:00
2024-05-03,Master Direction – Risk Management and Inter-Bank Dealings: Amendments,,https://www.rbi.org.in/Scripts/NotificationUser.aspx?Id=12680&Mode=0,https://www.rbi.org.in/Scripts/NotificationUser.aspx,2026-05-30T08:36:22.038577+00:00
2024-04-29,Fair Practices Code for Lenders – Charging of Interest,,https://www.rbi.org.in/Scripts/NotificationUser.aspx?Id=12678&Mode=0,https://www.rbi.org.in/Scripts/NotificationUser.aspx,2026-05-30T08:36:24.642191+00:00
2024-04-26,"Implementation of Section 51A of UAPA,1967: Updates to UNSC’s 1267/ 1989 ISIL (Da'esh) & Al-Qaida Sanctions List: Amendments in 01 Entry",,https://www.rbi.org.in/Scripts/NotificationUser.aspx?Id=12677&Mode=0,https://www.rbi.org.in/Scripts/NotificationUser.aspx,2026-05-30T08:36:24.642191+00:00
2024-04-26,Limits for investment in debt and sale of Credit Default Swaps by Foreign Portfolio Investors (FPIs),,https://www.rbi.org.in/Scripts/NotificationUser.aspx?Id=12675&Mode=0,https://www.rbi.org.in/Scripts/NotificationUser.aspx,2026-05-30T08:36:24.642191+00:00
2024-04-25,"Foreign Exchange Management (Foreign Currency Accounts by a person resident in India) (Amendment) Regulations, 2024",,https://www.rbi.org.in/Scripts/NotificationUser.aspx?Id=12674&Mode=0,https://www.rbi.org.in/Scripts/NotificationUser.aspx,2026-05-30T08:36:24.642191+00:00
2024-04-25,"Foreign Exchange Management (Mode of Payment and Reporting of Non-Debt Instruments) (Amendment) Regulations, 2024",,https://www.rbi.org.in/Scripts/NotificationUser.aspx?Id=12673&Mode=0,https://www.rbi.org.in/Scripts/NotificationUser.aspx,2026-05-30T08:36:24.642191+00:00
2024-04-25,"Alteration in the name of ""AB Bank Limited"" to ""AB Bank PLC"" in the Second Schedule to the Reserve Bank of India Act, 1934",,https://www.rbi.org.in/Scripts/NotificationUser.aspx?Id=12672&Mode=0,https://www.rbi.org.in/Scripts/NotificationUser.aspx,2026-05-30T08:36:24.642191+00:00
2024-04-24,Unauthorised foreign exchange transactions,,https://www.rbi.org.in/Scripts/NotificationUser.aspx?Id=12671&Mode=0,https://www.rbi.org.in/Scripts/NotificationUser.aspx,2026-05-30T08:36:24.642191+00:00
2024-04-18,Formation of new district in the State of Assam – Assignment of Lead Bank Responsibility,,https://www.rbi.org.in/Scripts/NotificationUser.aspx?Id=12667&Mode=0,https://www.rbi.org.in/Scripts/NotificationUser.aspx,2026-05-30T08:36:24.642191+00:00
2024-04-16,"Implementation of Section 12A of the Weapons of Mass Destruction and their Delivery Systems (Prohibition of Unlawful Activities) Act, 2005: Designated List (Amendments)",,https://www.rbi.org.in/Scripts/NotificationUser.aspx?Id=12666&Mode=0,https://www.rbi.org.in/Scripts/NotificationUser.aspx,2026-05-30T08:36:24.642191+00:00
2024-04-16,Master Circular – Deendayal Antyodaya Yojana - National Rural Livelihoods Mission (DAY-NRLM),,https://www.rbi.org.in/Scripts/NotificationUser.aspx?Id=12665&Mode=0,https://www.rbi.org.in/Scripts/NotificationUser.aspx,2026-05-30T08:36:24.642191+00:00
2024-04-16,Master Circular - Credit facilities to Scheduled Castes (SCs) & Scheduled Tribes (STs),,https://www.rbi.org.in/Scripts/NotificationUser.aspx?Id=12664&Mode=0,https://www.rbi.org.in/Scripts/NotificationUser.aspx,2026-05-30T08:36:24.642191+00:00
2024-04-15,Hedging of Gold Price Risk in Overseas Markets,,https://www.rbi.org.in/Scripts/NotificationUser.aspx?Id=12662&Mode=0,https://www.rbi.org.in/Scripts/NotificationUser.aspx,2026-05-30T08:36:24.642191+00:00
2024-04-10,"Alteration in the name of ""Sonali Bank Limited"" to ""Sonali Bank PLC"" in the Second Schedule to the Reserve Bank of India Act, 1934",Sonali,https://www.rbi.org.in/Scripts/NotificationUser.aspx?Id=12660&Mode=0,https://www.rbi.org.in/Scripts/NotificationUser.aspx,2026-05-30T08:36:24.642191+00:00
2024-04-05,"Exclusion of “Kapol Co-operative Bank Limited” from the Second Schedule to the Reserve Bank of India Act, 1934",,https://www.rbi.org.in/Scripts/NotificationUser.aspx?Id=12659&Mode=0,https://www.rbi.org.in/Scripts/NotificationUser.aspx,2026-05-30T08:36:24.642191+00:00
2024-04-01,"Master Direction on Counterfeit Notes, 2024 – Detection, Reporting and Monitoring",,https://www.rbi.org.in/Scripts/NotificationUser.aspx?Id=12653&Mode=0,https://www.rbi.org.in/Scripts/NotificationUser.aspx,2026-05-30T08:36:24.642191+00:00
2024-04-01,Master Circular on Conduct of Government Business by Agency Banks - Payment of Agency Commission,,https://www.rbi.org.in/Scripts/NotificationUser.aspx?Id=12651&Mode=0,https://www.rbi.org.in/Scripts/NotificationUser.aspx,2026-05-30T08:36:24.642191+00:00
2024-04-01,Master Circular - Disbursement of Government Pension by Agency Banks,,https://www.rbi.org.in/Scripts/NotificationUser.aspx?Id=12650&Mode=0,https://www.rbi.org.in/Scripts/NotificationUser.aspx,2026-05-30T08:36:24.642191+00:00
2024-04-01,Master Circular on SHG-Bank Linkage Programme,,https://www.rbi.org.in/Scripts/NotificationUser.aspx?Id=12649&Mode=0,https://www.rbi.org.in/Scripts/NotificationUser.aspx,2026-05-30T08:36:24.642191+00:00
2024-04-01,Master Direction on Penal Provisions in reporting of transactions / balances at Currency Chests,,https://www.rbi.org.in/Scripts/NotificationUser.aspx?Id=12648&Mode=0,https://www.rbi.org.in/Scripts/NotificationUser.aspx,2026-05-30T08:36:24.642191+00:00
2024-04-01,Master Direction on Framework of incentives for Currency Distribution & Exchange Scheme for bank branches including currency chests,,https://www.rbi.org.in/Scripts/NotificationUser.aspx?Id=12646&Mode=0,https://www.rbi.org.in/Scripts/NotificationUser.aspx,2026-05-30T08:36:24.642191+00:00
2024-04-01,Master Direction – Scheme of Penalties for bank branches and Currency Chests for deficiency in rendering customer service to the members of public,,https://www.rbi.org.in/Scripts/NotificationUser.aspx?Id=12645&Mode=0,https://www.rbi.org.in/Scripts/NotificationUser.aspx,2026-05-30T08:36:24.642191+00:00
2024-04-01,Master Circular – Lead Bank Scheme,,https://www.rbi.org.in/Scripts/NotificationUser.aspx?Id=12643&Mode=0,https://www.rbi.org.in/Scripts/NotificationUser.aspx,2026-05-30T08:36:24.642191+00:00
2024-04-01,Master Circular on Board of Directors - UCBs,,https://www.rbi.org.in/Scripts/NotificationUser.aspx?Id=12642&Mode=0,https://www.rbi.org.in/Scripts/NotificationUser.aspx,2026-05-30T08:36:24.642191+00:00
2024-03-27,"Currency Chests (CCs) operations on March 31, 2024",,https://www.rbi.org.in/Scripts/NotificationUser.aspx?Id=12641&Mode=0,https://www.rbi.org.in/Scripts/NotificationUser.aspx,2026-05-30T08:36:27.048963+00:00
2024-03-27,"Special Clearing Operations on March 30 & 31, 2024",,https://www.rbi.org.in/Scripts/NotificationUser.aspx?Id=12640&Mode=0,https://www.rbi.org.in/Scripts/NotificationUser.aspx,2026-05-30T08:36:27.048963+00:00
2024-03-22,Reassignment of Lead Bank Responsibility,,https://www.rbi.org.in/Scripts/NotificationUser.aspx?Id=12638&Mode=0,https://www.rbi.org.in/Scripts/NotificationUser.aspx,2026-05-30T08:36:27.048963+00:00
2024-03-22,Annual Closing of Government Accounts – Transactions of Central / State Governments – Special Measures for the Current Financial Year (2023-24),,https://www.rbi.org.in/Scripts/NotificationUser.aspx?Id=12637&Mode=0,https://www.rbi.org.in/Scripts/NotificationUser.aspx,2026-05-30T08:36:27.048963+00:00
2024-03-21,Omnibus Framework for recognising Self-Regulatory Organisations (SROs) for Regulated Entities (REs) of the Reserve Bank of India,,https://www.rbi.org.in/Scripts/NotificationUser.aspx?Id=12636&Mode=0,https://www.rbi.org.in/Scripts/NotificationUser.aspx,2026-05-30T08:36:27.048963+00:00
2024-03-13,"Cut-off time for uploading of GST, ICEGATE and TIN 2.0 luggage files",,https://www.rbi.org.in/Scripts/NotificationUser.aspx?Id=12624&Mode=0,https://www.rbi.org.in/Scripts/NotificationUser.aspx,2026-05-30T08:36:27.048963+00:00
2024-03-13,Reporting and Accounting of Central Government transactions for March 2024,,https://www.rbi.org.in/Scripts/NotificationUser.aspx?Id=12623&Mode=0,https://www.rbi.org.in/Scripts/NotificationUser.aspx,2026-05-30T08:36:27.048963+00:00
2024-03-11,"Implementation of Section 12A of the Weapons of Mass Destruction and their Delivery Systems (Prohibition of Unlawful Activities) Act, 2005: Designated List (Amendments)",,https://www.rbi.org.in/Scripts/NotificationUser.aspx?Id=12622&Mode=0,https://www.rbi.org.in/Scripts/NotificationUser.aspx,2026-05-30T08:36:27.048963+00:00
2024-03-08,"Designation of an individual under clause (a) of Sub-section (1) and Sub-section (2) of Section 35 of the Unlawful Activities (Prevention) Act (UAPA), 1967 and listing in the Fourth Schedule of the Act- Reg.",,https://www.rbi.org.in/Scripts/NotificationUser.aspx?Id=12621&Mode=0,https://www.rbi.org.in/Scripts/NotificationUser.aspx,2026-05-30T08:36:27.048963+00:00
2024-03-06,Arrangements with Card Networks for issue of Credit Cards,,https://www.rbi.org.in/Scripts/NotificationUser.aspx?Id=12619&Mode=0,https://www.rbi.org.in/Scripts/NotificationUser.aspx,2026-05-30T08:36:27.048963+00:00
2024-03-05,Money Transfer Service Scheme - Submission of Statement on CIMS,,https://www.rbi.org.in/Scripts/NotificationUser.aspx?Id=12618&Mode=0,https://www.rbi.org.in/Scripts/NotificationUser.aspx,2026-05-30T08:36:27.048963+00:00
2024-03-01,Review of Guidelines - Withdrawal of Circulars,,https://www.rbi.org.in/Scripts/NotificationUser.aspx?Id=12617&Mode=0,https://www.rbi.org.in/Scripts/NotificationUser.aspx,2026-05-30T08:36:27.048963+00:00
2024-02-29,"Master Direction – Reserve Bank of India (Bharat Bill Payment System) Directions, 2024",,https://www.rbi.org.in/Scripts/NotificationUser.aspx?Id=12616&Mode=0,https://www.rbi.org.in/Scripts/NotificationUser.aspx,2026-05-30T08:36:29.500470+00:00
2024-02-28,Enabling Framework for Regulatory Sandbox,,https://www.rbi.org.in/Scripts/NotificationUser.aspx?Id=13375&Mode=0,https://www.rbi.org.in/Scripts/NotificationUser.aspx,2026-05-30T08:36:29.500470+00:00
2024-02-27,"Appointment/re-appointment of Director, Managing Director or Chief Executive Officer in Asset Reconstruction Companies",,https://www.rbi.org.in/Scripts/NotificationUser.aspx?Id=12614&Mode=0,https://www.rbi.org.in/Scripts/NotificationUser.aspx,2026-05-30T08:36:29.500470+00:00
2024-02-27,Master Direction – Reserve Bank of India (Filing of Supervisory Returns) Directions - 2024,,https://www.rbi.org.in/Scripts/NotificationUser.aspx?Id=12613&Mode=0,https://www.rbi.org.in/Scripts/NotificationUser.aspx,2026-05-30T08:36:29.500470+00:00
2024-02-23,Amendment to Master Direction on Prepaid Payment Instruments,,https://www.rbi.org.in/Scripts/NotificationUser.aspx?Id=12612&Mode=0,https://www.rbi.org.in/Scripts/NotificationUser.aspx,2026-05-30T08:36:29.500470+00:00
2024-02-20,Formation of new district in the State of Assam – Assignment of Lead Bank Responsibility,,https://www.rbi.org.in/Scripts/NotificationUser.aspx?Id=12609&Mode=0,https://www.rbi.org.in/Scripts/NotificationUser.aspx,2026-05-30T08:36:29.500470+00:00
2024-02-15,"Exclusion of “Rupee Co-operative Bank Limited” from the Second Schedule to the Reserve Bank of India Act, 1934",,https://www.rbi.org.in/Scripts/NotificationUser.aspx?Id=12608&Mode=0,https://www.rbi.org.in/Scripts/NotificationUser.aspx,2026-05-30T08:36:29.500470+00:00
2024-02-08,"Implementation of Section 51A of UAPA, 1967: Updates to UNSC’s 1267/ 1989 ISIL (Da'esh) & Al-Qaida Sanctions List: Amendments in 85 Entries",,https://www.rbi.org.in/Scripts/NotificationUser.aspx?Id=12605&Mode=0,https://www.rbi.org.in/Scripts/NotificationUser.aspx,2026-05-30T08:36:29.500470+00:00
2024-01-31,Guidelines on import of gold by Tariff Rate Quota (TRQ) holders under the India-UAE CEPA as notified by–The International Financial Services Centres Authority (IFSCA),,https://www.rbi.org.in/Scripts/NotificationUser.aspx?Id=12604&Mode=0,https://www.rbi.org.in/Scripts/NotificationUser.aspx,2026-05-30T08:36:31.961058+00:00
2024-01-31,Streamlining of Internal Compliance monitoring function – leveraging use of technology,,https://www.rbi.org.in/Scripts/NotificationUser.aspx?Id=12603&Mode=0,https://www.rbi.org.in/Scripts/NotificationUser.aspx,2026-05-30T08:36:31.961058+00:00
2024-01-19,Formation of new districts in the State of Madhya Pradesh – Assignment of Lead Bank Responsibility,,https://www.rbi.org.in/Scripts/NotificationUser.aspx?Id=12602&Mode=0,https://www.rbi.org.in/Scripts/NotificationUser.aspx,2026-05-30T08:36:31.961058+00:00
2024-01-15,Guidelines on Appointment / Re-appointment of Statutory Auditors of State Co-operative Banks and Central Co-operative Banks,,https://www.rbi.org.in/Scripts/NotificationUser.aspx?Id=12599&Mode=0,https://www.rbi.org.in/Scripts/NotificationUser.aspx,2026-05-30T08:36:31.961058+00:00
2024-01-11,"Implementation of Section 51A of UAPA,1967: Updates to UNSC’s 1267/ 1989 ISIL (Da'esh) & Al-Qaida Sanctions List: Amendments in 14 Entries",,https://www.rbi.org.in/Scripts/NotificationUser.aspx?Id=12597&Mode=0,https://www.rbi.org.in/Scripts/NotificationUser.aspx,2026-05-30T08:36:31.961058+00:00
2024-01-06,"Implementation of Section 51A of UAPA, 1967 Updates to UNSC’s 1267 / 1989 ISIL (Da'esh) & Al-Qaida Sanctions List Amendments in 07 Entries",,https://www.rbi.org.in/Scripts/NotificationUser.aspx?Id=12596&Mode=0,https://www.rbi.org.in/Scripts/NotificationUser.aspx,2026-05-30T08:36:31.961058+00:00
2024-01-06,"Implementation of Section 12A of the Weapons of Mass Destruction and their Delivery Systems (Prohibition of Unlawful Activities) Act, 2005: Designated List (Amendments)",,https://www.rbi.org.in/Scripts/NotificationUser.aspx?Id=12595&Mode=0,https://www.rbi.org.in/Scripts/NotificationUser.aspx,2026-05-30T08:36:31.961058+00:00
2024-01-05,Risk Management and Inter-Bank Dealings – Hedging of foreign exchange risk,,https://www.rbi.org.in/Scripts/NotificationUser.aspx?Id=12594&Mode=0,https://www.rbi.org.in/Scripts/NotificationUser.aspx,2026-05-30T08:36:31.961058+00:00
2024-01-03,"Master Direction – Reserve Bank of India (Commercial Paper and Non-Convertible Debentures of original or initial maturity upto one year) Directions, 2024",,https://www.rbi.org.in/Scripts/NotificationUser.aspx?Id=12592&Mode=0,https://www.rbi.org.in/Scripts/NotificationUser.aspx,2026-05-30T08:36:31.961058+00:00
2024-01-02,"Designation of 2 individuals as ‘Terrorists’ under Section 35 (1) (a) of the Unlawful Activities (Prevention) Act (UAPA), 1967 and their listing in the Schedule IV of the Act- Reg",,https://www.rbi.org.in/Scripts/NotificationUser.aspx?Id=12591&Mode=0,https://www.rbi.org.in/Scripts/NotificationUser.aspx,2026-05-30T08:36:31.961058+00:00
2023-12-29,"Master Direction - Reserve Bank of India (Internal Ombudsman for Regulated Entities) Directions, 2023",,https://www.rbi.org.in/Scripts/NotificationUser.aspx?Id=12586&Mode=0,https://www.rbi.org.in/Scripts/NotificationUser.aspx,2026-05-30T08:36:37.319084+00:00
2023-12-29,Payments Infrastructure Development Fund – Extension of Scheme and Enhancements,,https://www.rbi.org.in/Scripts/NotificationUser.aspx?Id=12584&Mode=0,https://www.rbi.org.in/Scripts/NotificationUser.aspx,2026-05-30T08:36:37.319084+00:00
2023-12-28,Framework for Dealing with Domestic Systemically Important Banks (D-SIBs),,https://www.rbi.org.in/Scripts/NotificationUser.aspx?Id=12590&Mode=0,https://www.rbi.org.in/Scripts/NotificationUser.aspx,2026-05-30T08:36:37.319084+00:00
2023-12-28,Classification of MSMEs,,https://www.rbi.org.in/Scripts/NotificationUser.aspx?Id=12583&Mode=0,https://www.rbi.org.in/Scripts/NotificationUser.aspx,2026-05-30T08:36:37.319084+00:00
2023-12-28,"Reserve Bank of India (Financial Benchmark Administrators) Directions, 2023",,https://www.rbi.org.in/Scripts/NotificationUser.aspx?Id=12581&Mode=0,https://www.rbi.org.in/Scripts/NotificationUser.aspx,2026-05-30T08:36:37.319084+00:00
2023-12-27,"Reserve Bank of India (Government Securities Lending) Directions, 2023",,https://www.rbi.org.in/Scripts/NotificationUser.aspx?Id=12580&Mode=0,https://www.rbi.org.in/Scripts/NotificationUser.aspx,2026-05-30T08:36:37.319084+00:00
2023-12-22,"Foreign Exchange Management (Manner of Receipt and Payment) Regulations, 2023 (Amended up to February 12, 2025)",,https://www.rbi.org.in/Scripts/NotificationUser.aspx?Id=12579&Mode=0,https://www.rbi.org.in/Scripts/NotificationUser.aspx,2026-05-30T08:36:37.319084+00:00
2023-12-22,Trade Credit for imports into India – Submission of return on issuance of bank guarantees for Trade Credits on the Centralised Information Management System (CIMS),,https://www.rbi.org.in/Scripts/NotificationUser.aspx?Id=12578&Mode=0,https://www.rbi.org.in/Scripts/NotificationUser.aspx,2026-05-30T08:36:37.319084+00:00
2023-12-22,Rupee Drawing Arrangement - Submission of statement/return on CIMS Portal,,https://www.rbi.org.in/Scripts/NotificationUser.aspx?Id=12577&Mode=0,https://www.rbi.org.in/Scripts/NotificationUser.aspx,2026-05-30T08:36:37.319084+00:00
2023-12-22,CIMS Project implementation - Discontinuation of submission in legacy XBRL,,https://www.rbi.org.in/Scripts/NotificationUser.aspx?Id=12576&Mode=0,https://www.rbi.org.in/Scripts/NotificationUser.aspx,2026-05-30T08:36:37.319084+00:00
2023-12-22,Liberalised Remittance Scheme (LRS) for Resident Individuals- Reporting of monthly return and daily transactions,,https://www.rbi.org.in/Scripts/NotificationUser.aspx?Id=12575&Mode=0,https://www.rbi.org.in/Scripts/NotificationUser.aspx,2026-05-30T08:36:37.319084+00:00
2023-12-22,Reverse Repo transactions - Reporting in Form ‘A’ Return,,https://www.rbi.org.in/Scripts/NotificationUser.aspx?Id=12574&Mode=0,https://www.rbi.org.in/Scripts/NotificationUser.aspx,2026-05-30T08:36:37.319084+00:00
2023-12-20,Card-on-File Tokenisation (CoFT) – Enabling Tokenisation through Card Issuing Banks,,https://www.rbi.org.in/Scripts/NotificationUser.aspx?Id=12573&Mode=0,https://www.rbi.org.in/Scripts/NotificationUser.aspx,2026-05-30T08:36:37.319084+00:00
2023-12-18,Formation of new district Mauganj in the State of Madhya Pradesh – Assignment of Lead Bank Responsibility,,https://www.rbi.org.in/Scripts/NotificationUser.aspx?Id=12571&Mode=0,https://www.rbi.org.in/Scripts/NotificationUser.aspx,2026-05-30T08:36:37.319084+00:00
2023-12-12,Processing of e-mandates for recurring transactions,,https://www.rbi.org.in/Scripts/NotificationUser.aspx?Id=12570&Mode=0,https://www.rbi.org.in/Scripts/NotificationUser.aspx,2026-05-30T08:36:37.319084+00:00
2023-12-11,Sovereign Gold Bond (SGB) Scheme 2023-24,Sovereign,https://www.rbi.org.in/Scripts/NotificationUser.aspx?Id=12569&Mode=0,https://www.rbi.org.in/Scripts/NotificationUser.aspx,2026-05-30T08:36:37.319084+00:00
2023-11-17,International Trade Settlement in Indian Rupees (INR) – Opening of additional Current Account for exports proceeds,,https://www.rbi.org.in/Scripts/NotificationUser.aspx?Id=12568&Mode=0,https://www.rbi.org.in/Scripts/NotificationUser.aspx,2026-05-30T08:36:39.772198+00:00
2023-11-15,"Implementation of Section 51A of UAPA,1967: Updates to UNSC’s 1267/1989 ISIL (Da'esh) & Al-Qaida Sanctions List: Amendments in 05 Entries",,https://www.rbi.org.in/Scripts/NotificationUser.aspx?Id=12566&Mode=0,https://www.rbi.org.in/Scripts/NotificationUser.aspx,2026-05-30T08:36:39.772198+00:00
2023-11-10,Guidelines on import of silver by Qualified Jewellers as notified by – The International Financial Services Centres Authority (IFSCA),,https://www.rbi.org.in/Scripts/NotificationUser.aspx?Id=12565&Mode=0,https://www.rbi.org.in/Scripts/NotificationUser.aspx,2026-05-30T08:36:39.772198+00:00
2023-11-10,Formation of new districts in the State of Rajasthan – Assignment of Lead Bank Responsibility,,https://www.rbi.org.in/Scripts/NotificationUser.aspx?Id=12564&Mode=0,https://www.rbi.org.in/Scripts/NotificationUser.aspx,2026-05-30T08:36:39.772198+00:00
2023-11-08,‘Fully Accessible Route’ for Investment by Non-residents in Government Securities – Inclusion of Sovereign Green Bonds,Sovereign,https://www.rbi.org.in/Scripts/NotificationUser.aspx?Id=12563&Mode=0,https://www.rbi.org.in/Scripts/NotificationUser.aspx,2026-05-30T08:36:39.772198+00:00
2023-11-07,"Master Direction on Information Technology Governance, Risk, Controls and Assurance Practices",,https://www.rbi.org.in/Scripts/NotificationUser.aspx?Id=12562&Mode=0,https://www.rbi.org.in/Scripts/NotificationUser.aspx,2026-05-30T08:36:39.772198+00:00
2023-10-31,Regulation of Payment Aggregator – Cross Border (PA - Cross Border),,https://www.rbi.org.in/Scripts/NotificationUser.aspx?Id=12561&Mode=0,https://www.rbi.org.in/Scripts/NotificationUser.aspx,2026-05-30T08:36:42.200851+00:00
2023-10-26,Framework for compensation to customers for delayed updation/ rectification of credit information,,https://www.rbi.org.in/Scripts/NotificationUser.aspx?Id=12554&Mode=0,https://www.rbi.org.in/Scripts/NotificationUser.aspx,2026-05-30T08:36:42.200851+00:00
2023-10-26,Strengthening of customer service rendered by Credit Information Companies and Credit Institutions,,https://www.rbi.org.in/Scripts/NotificationUser.aspx?Id=12553&Mode=0,https://www.rbi.org.in/Scripts/NotificationUser.aspx,2026-05-30T08:36:42.200851+00:00
2023-10-25,"Reserve Bank of India (Financial Statements - Presentation and Disclosures) Directions, 2021: Presentation of unclaimed liabilities transferred to Depositor Education and Awareness (DEA) Fund",,https://www.rbi.org.in/Scripts/NotificationUser.aspx?Id=12552&Mode=0,https://www.rbi.org.in/Scripts/NotificationUser.aspx,2026-05-30T08:36:42.200851+00:00
2023-10-16,"Foreign Exchange Management (Debt Instruments) (Second Amendment) Regulations, 2023",,https://www.rbi.org.in/Scripts/NotificationUser.aspx?Id=12706&Mode=0,https://www.rbi.org.in/Scripts/NotificationUser.aspx,2026-05-30T08:36:42.200851+00:00
2023-10-16,Reverse Repo transactions - Reporting in Form ‘A’ Return,,https://www.rbi.org.in/Scripts/NotificationUser.aspx?Id=12548&Mode=0,https://www.rbi.org.in/Scripts/NotificationUser.aspx,2026-05-30T08:36:42.200851+00:00
2023-10-10,Prompt Corrective Action (PCA) Framework for Non-Banking Financial Companies (NBFCs) – Extension to Government NBFCs,,https://www.rbi.org.in/Scripts/NotificationUser.aspx?Id=12543&Mode=0,https://www.rbi.org.in/Scripts/NotificationUser.aspx,2026-05-30T08:36:42.200851+00:00
2023-10-06,Gold Loan – Bullet Repayment – Primary (Urban) Co-operative Banks (UCBs),,https://www.rbi.org.in/Scripts/NotificationUser.aspx?Id=12542&Mode=0,https://www.rbi.org.in/Scripts/NotificationUser.aspx,2026-05-30T08:36:42.200851+00:00
2023-10-03,"Status of March 31, 2024 for Government transactions through integration with e-Kuber",,https://www.rbi.org.in/Scripts/NotificationUser.aspx?Id=12541&Mode=0,https://www.rbi.org.in/Scripts/NotificationUser.aspx,2026-05-30T08:36:42.200851+00:00
2023-09-30,₹2000 Denomination Banknotes – Withdrawal from Circulation – Review,,https://www.rbi.org.in/Scripts/NotificationUser.aspx?Id=12540&Mode=0,https://www.rbi.org.in/Scripts/NotificationUser.aspx,2026-05-30T08:36:44.667338+00:00
2023-09-25,"Display of information - Secured assets possessed under the SARFAESI Act, 2002",,https://www.rbi.org.in/Scripts/NotificationUser.aspx?Id=12539&Mode=0,https://www.rbi.org.in/Scripts/NotificationUser.aspx,2026-05-30T08:36:44.667338+00:00
2023-09-20,Data Quality Index for Commercial and Microfinance Segments by Credit Information Companies,,https://www.rbi.org.in/Scripts/NotificationUser.aspx?Id=12537&Mode=0,https://www.rbi.org.in/Scripts/NotificationUser.aspx,2026-05-30T08:36:44.667338+00:00
2023-09-13,PM Vishwakarma Scheme,,https://www.rbi.org.in/Scripts/NotificationUser.aspx?Id=12536&Mode=0,https://www.rbi.org.in/Scripts/NotificationUser.aspx,2026-05-30T08:36:44.667338+00:00
2023-09-04,"Operation of Pre-Sanctioned Credit Lines at Banks through Unified Payments Interface (UPI) ( Updated as on February 12, 2025 )",,https://www.rbi.org.in/Scripts/NotificationUser.aspx?Id=12532&Mode=0,https://www.rbi.org.in/Scripts/NotificationUser.aspx,2026-05-30T08:36:44.667338+00:00
2023-08-24,Enhancing transaction limits for Small Value Digital Payments in Offline Mode,,https://www.rbi.org.in/Scripts/NotificationUser.aspx?Id=12531&Mode=0,https://www.rbi.org.in/Scripts/NotificationUser.aspx,2026-05-30T08:36:47.117674+00:00
2023-08-18,"Implementation of Section 12A of the Weapons of Mass Destruction and their Delivery Systems (Prohibition of Unlawful Activities) Act, 2005: Designated List (Amendments)",,https://www.rbi.org.in/Scripts/NotificationUser.aspx?Id=12530&Mode=0,https://www.rbi.org.in/Scripts/NotificationUser.aspx,2026-05-30T08:36:47.117674+00:00
2023-08-18,Review of Regulatory Framework for IDF-NBFCs,,https://www.rbi.org.in/Scripts/NotificationUser.aspx?Id=12528&Mode=0,https://www.rbi.org.in/Scripts/NotificationUser.aspx,2026-05-30T08:36:47.117674+00:00
2023-07-24,"Implementation of Section 51A of UAPA,1967: Updates to UNSC’s 1267/ 1989 ISIL (Da'esh) & Al-Qaida Sanctions List: Amendments in 02 Entries",,https://www.rbi.org.in/Scripts/NotificationUser.aspx?Id=12524&Mode=0,https://www.rbi.org.in/Scripts/NotificationUser.aspx,2026-05-30T08:36:49.438837+00:00
2023-07-18,"Inclusion of “NongHyup Bank” in the Second Schedule of the Reserve Bank of India Act, 1934",,https://www.rbi.org.in/Scripts/NotificationUser.aspx?Id=12523&Mode=0,https://www.rbi.org.in/Scripts/NotificationUser.aspx,2026-05-30T08:36:49.438837+00:00
2023-07-04,"Implementation of Section 12A of the Weapons of Mass Destruction and their Delivery Systems (Prohibition of Unlawful Activities) Act, 2005: Designated List (Amendments)",,https://www.rbi.org.in/Scripts/NotificationUser.aspx?Id=12522&Mode=0,https://www.rbi.org.in/Scripts/NotificationUser.aspx,2026-05-30T08:36:49.438837+00:00
2023-07-04,"Implementation of Section 12A of the Weapons of Mass Destruction and their Delivery Systems (Prohibition of Unlawful Activities) Act, 2005: Designated List (Consolidated)",,https://www.rbi.org.in/Scripts/NotificationUser.aspx?Id=12521&Mode=0,https://www.rbi.org.in/Scripts/NotificationUser.aspx,2026-05-30T08:36:49.438837+00:00
2023-06-23,Status of MIFOR as a Significant Benchmark,,https://www.rbi.org.in/Scripts/NotificationUser.aspx?Id=12519&Mode=0,https://www.rbi.org.in/Scripts/NotificationUser.aspx,2026-05-30T08:36:51.823081+00:00
2023-06-22,Remittances to International Financial Services Centres (IFSCs) under the Liberalised Remittance Scheme (LRS),,https://www.rbi.org.in/Scripts/NotificationUser.aspx?Id=12518&Mode=0,https://www.rbi.org.in/Scripts/NotificationUser.aspx,2026-05-30T08:36:51.823081+00:00
2023-06-15,Sovereign Gold Bond (SGB) Scheme 2023-24,Sovereign,https://www.rbi.org.in/Scripts/NotificationUser.aspx?Id=12517&Mode=0,https://www.rbi.org.in/Scripts/NotificationUser.aspx,2026-05-30T08:36:51.823081+00:00
2023-06-14,Agency Commission for collection of indirect taxes through ICEGATE payment gateway,,https://www.rbi.org.in/Scripts/NotificationUser.aspx?Id=12516&Mode=0,https://www.rbi.org.in/Scripts/NotificationUser.aspx,2026-05-30T08:36:51.823081+00:00
2023-06-08,Priority Sector Lending (PSL) targets / sub-targets and contribution against shortfall in achievement of PSL targets – Primary (Urban) Co-operative Banks (UCBs) - Extension of time,,https://www.rbi.org.in/Scripts/NotificationUser.aspx?Id=12515&Mode=0,https://www.rbi.org.in/Scripts/NotificationUser.aspx,2026-05-30T08:36:51.823081+00:00
2023-06-08,"Reserve Bank of India (Call, Notice and Term Money Markets) Directions, 2021-Review",,https://www.rbi.org.in/Scripts/NotificationUser.aspx?Id=12511&Mode=0,https://www.rbi.org.in/Scripts/NotificationUser.aspx,2026-05-30T08:36:51.823081+00:00
2023-06-07,Expanding the Scope of Trade Receivables Discounting System,,https://www.rbi.org.in/Scripts/NotificationUser.aspx?Id=12510&Mode=0,https://www.rbi.org.in/Scripts/NotificationUser.aspx,2026-05-30T08:36:51.823081+00:00
2023-06-06,Risk Management and Inter-Bank Dealings - Non-deliverable derivative contracts (NDDCs),,https://www.rbi.org.in/Scripts/NotificationUser.aspx?Id=12509&Mode=0,https://www.rbi.org.in/Scripts/NotificationUser.aspx,2026-05-30T08:36:51.823081+00:00
2023-06-06,"Implementation of Section 51A of UAPA,1967: Updates to UNSC’s 1267/ 1989 ISIL (Da'esh) & Al-Qaida Sanctions List: Removal of 02 entries from Sanction List",,https://www.rbi.org.in/Scripts/NotificationUser.aspx?Id=12508&Mode=0,https://www.rbi.org.in/Scripts/NotificationUser.aspx,2026-05-30T08:36:51.823081+00:00
2023-06-05,"Implementation of Section 51A of UAPA,1967: Updates to UNSC’s 1267/ 1989 ISIL (Da'esh) & Al-Qaida Sanctions List: Amendments in 01 Entry",,https://www.rbi.org.in/Scripts/NotificationUser.aspx?Id=12507&Mode=0,https://www.rbi.org.in/Scripts/NotificationUser.aspx,2026-05-30T08:36:51.823081+00:00
2023-05-22,₹2000 Denomination Banknotes – Withdrawal from Circulation; Will continue as Legal Tender,,https://www.rbi.org.in/Scripts/NotificationUser.aspx?Id=12506&Mode=0,https://www.rbi.org.in/Scripts/NotificationUser.aspx,2026-05-30T08:36:54.502012+00:00
2023-05-19,₹2000 Denomination Banknotes – Withdrawal from Circulation; Will continue as Legal Tender,,https://www.rbi.org.in/Scripts/NotificationUser.aspx?Id=12505&Mode=0,https://www.rbi.org.in/Scripts/NotificationUser.aspx,2026-05-30T08:36:54.502012+00:00
2023-05-12,LIBOR Transition,,https://www.rbi.org.in/Scripts/NotificationUser.aspx?Id=12503&Mode=0,https://www.rbi.org.in/Scripts/NotificationUser.aspx,2026-05-30T08:36:54.502012+00:00
2023-05-09,"Levy of charges on forex prepaid cards/store value cards/travel cards, etc.",,https://www.rbi.org.in/Scripts/NotificationUser.aspx?Id=12502&Mode=0,https://www.rbi.org.in/Scripts/NotificationUser.aspx,2026-05-30T08:36:54.502012+00:00
2023-05-09,Formation of new district in the State of Arunachal Pradesh – Assignment of Lead Bank Responsibility,,https://www.rbi.org.in/Scripts/NotificationUser.aspx?Id=12501&Mode=0,https://www.rbi.org.in/Scripts/NotificationUser.aspx,2026-05-30T08:36:54.502012+00:00
2023-05-09,Formalisation of Informal Micro Enterprises on Udyam Assist Platform,,https://www.rbi.org.in/Scripts/NotificationUser.aspx?Id=12500&Mode=0,https://www.rbi.org.in/Scripts/NotificationUser.aspx,2026-05-30T08:36:54.502012+00:00
2023-04-27,"Implementation of Section 51A of UAPA, 1967: Updates to UNSC’s 1267/ 1989 ISIL (Da'esh) & Al-Qaida Sanctions List: Addition of two entries",,https://www.rbi.org.in/Scripts/NotificationUser.aspx?Id=12496&Mode=0,https://www.rbi.org.in/Scripts/NotificationUser.aspx,2026-05-30T08:36:57.412597+00:00
2023-04-26,Merger of Districts in the state of Assam – Assignment of Lead Bank Responsibility,,https://www.rbi.org.in/Scripts/NotificationUser.aspx?Id=12495&Mode=0,https://www.rbi.org.in/Scripts/NotificationUser.aspx,2026-05-30T08:36:57.412597+00:00
2023-04-26,Remittances to International Financial Services Centres (IFSCs) under the Liberalised Remittance Scheme (LRS),,https://www.rbi.org.in/Scripts/NotificationUser.aspx?Id=12494&Mode=0,https://www.rbi.org.in/Scripts/NotificationUser.aspx,2026-05-30T08:36:57.412597+00:00
2023-04-26,Master Circular – Deendayal Antyodaya Yojana - National Rural Livelihoods Mission (DAY-NRLM),,https://www.rbi.org.in/Scripts/NotificationUser.aspx?Id=12493&Mode=0,https://www.rbi.org.in/Scripts/NotificationUser.aspx,2026-05-30T08:36:57.412597+00:00
2023-04-25,General Credit Card (GCC) Facility – Review,,https://www.rbi.org.in/Scripts/NotificationUser.aspx?Id=12492&Mode=0,https://www.rbi.org.in/Scripts/NotificationUser.aspx,2026-05-30T08:36:57.412597+00:00
2023-04-12,Authorised Dealers Category-II - Online submission of Form A2,,https://www.rbi.org.in/Scripts/NotificationUser.aspx?Id=12489&Mode=0,https://www.rbi.org.in/Scripts/NotificationUser.aspx,2026-05-30T08:36:57.412597+00:00
2023-04-06,APConnect - Online application for Full Fledged Money Changers and non-bank Authorised Dealers Category-II,,https://www.rbi.org.in/Scripts/NotificationUser.aspx?Id=12485&Mode=0,https://www.rbi.org.in/Scripts/NotificationUser.aspx,2026-05-30T08:36:57.412597+00:00
2023-04-03,Master Direction on Framework of Incentives for Currency Distribution & Exchange Scheme for bank branches including currency chests based on performance in rendering customer service to the members of public,,https://www.rbi.org.in/Scripts/NotificationUser.aspx?Id=12483&Mode=0,https://www.rbi.org.in/Scripts/NotificationUser.aspx,2026-05-30T08:36:57.412597+00:00
2023-04-03,Master Direction – Scheme of Penalties for bank branches and Currency Chests for deficiency in rendering customer service to the members of public,,https://www.rbi.org.in/Scripts/NotificationUser.aspx?Id=12482&Mode=0,https://www.rbi.org.in/Scripts/NotificationUser.aspx,2026-05-30T08:36:57.412597+00:00
2023-04-03,Master Direction on Penal Provisions in reporting of transactions/ balances at Currency Chests,,https://www.rbi.org.in/Scripts/NotificationUser.aspx?Id=12481&Mode=0,https://www.rbi.org.in/Scripts/NotificationUser.aspx,2026-05-30T08:36:57.412597+00:00
2023-04-03,"Master Direction on Counterfeit Notes, 2023 - Detection, Reporting and Monitoring",,https://www.rbi.org.in/Scripts/NotificationUser.aspx?Id=12480&Mode=0,https://www.rbi.org.in/Scripts/NotificationUser.aspx,2026-05-30T08:36:57.412597+00:00
2023-04-03,"Master Direction – Facility for Exchange of Notes and Coins (Updated as on May 15, 2023)",,https://www.rbi.org.in/Scripts/NotificationUser.aspx?Id=12479&Mode=0,https://www.rbi.org.in/Scripts/NotificationUser.aspx,2026-05-30T08:36:57.412597+00:00
2023-04-03,Master Circular – Lead Bank Scheme,,https://www.rbi.org.in/Scripts/NotificationUser.aspx?Id=12478&Mode=0,https://www.rbi.org.in/Scripts/NotificationUser.aspx,2026-05-30T08:36:57.412597+00:00
2023-04-03,Master Circular - Disbursement of Government Pension by Agency Banks,,https://www.rbi.org.in/Scripts/NotificationUser.aspx?Id=12477&Mode=0,https://www.rbi.org.in/Scripts/NotificationUser.aspx,2026-05-30T08:36:57.412597+00:00
2023-04-01,Master Circular on Conduct of Government Business by Agency Banks - Payment of Agency Commission,,https://www.rbi.org.in/Scripts/NotificationUser.aspx?Id=12474&Mode=0,https://www.rbi.org.in/Scripts/NotificationUser.aspx,2026-05-30T08:36:57.412597+00:00
2023-04-01,Master Circular on SHG-Bank Linkage Programme,,https://www.rbi.org.in/Scripts/NotificationUser.aspx?Id=12470&Mode=0,https://www.rbi.org.in/Scripts/NotificationUser.aspx,2026-05-30T08:36:57.412597+00:00
2023-04-01,Master Circular - Credit facilities to Scheduled Castes (SCs) & Scheduled Tribes (STs),,https://www.rbi.org.in/Scripts/NotificationUser.aspx?Id=12468&Mode=0,https://www.rbi.org.in/Scripts/NotificationUser.aspx,2026-05-30T08:36:57.412597+00:00
2023-04-01,Master Circular on Credit Facilities to Minority Communities,,https://www.rbi.org.in/Scripts/NotificationUser.aspx?Id=12467&Mode=0,https://www.rbi.org.in/Scripts/NotificationUser.aspx,2026-05-30T08:36:57.412597+00:00
2023-03-27,"Cessation of “Abu Dhabi Commercial Bank PJSC” as a banking company within the meaning of sub section (2) of Section 36 A of Banking Regulation Act, 1949",,https://www.rbi.org.in/Scripts/NotificationUser.aspx?Id=12464&Mode=0,https://www.rbi.org.in/Scripts/NotificationUser.aspx,2026-05-30T08:36:59.824129+00:00
2023-03-27,"Exclusion of “Abu Dhabi Commercial Bank PJSC” from the Second Schedule to the Reserve Bank of India Act, 1934",,https://www.rbi.org.in/Scripts/NotificationUser.aspx?Id=12463&Mode=0,https://www.rbi.org.in/Scripts/NotificationUser.aspx,2026-05-30T08:36:59.824129+00:00
2023-03-21,Annual Closing of Government Accounts – Transactions of Central / State Governments – Special Measures for the Current Financial Year (2022-23),,https://www.rbi.org.in/Scripts/NotificationUser.aspx?Id=12462&Mode=0,https://www.rbi.org.in/Scripts/NotificationUser.aspx,2026-05-30T08:36:59.824129+00:00
2023-03-17,"Implementation of Section 51A of UAPA,1967: Updates to UNSC’s 1267/ 1989 ISIL (Da'esh) & Al-Qaida Sanctions List: Amendments to 102 entries",,https://www.rbi.org.in/Scripts/NotificationUser.aspx?Id=12461&Mode=0,https://www.rbi.org.in/Scripts/NotificationUser.aspx,2026-05-30T08:36:59.824129+00:00
2023-03-16,Reporting and Accounting of Central Government transactions for March 2023,,https://www.rbi.org.in/Scripts/NotificationUser.aspx?Id=12460&Mode=0,https://www.rbi.org.in/Scripts/NotificationUser.aspx,2026-05-30T08:36:59.824129+00:00
2023-02-28,"Designation of 1 individual and 2 organisations under Section 35(1) (a) and 2(1) (m) of the Unlawful Activities (Prevention) Act,1967 and their listing in the Fourth and First Schedule of the Act- Reg.",,https://www.rbi.org.in/Scripts/NotificationUser.aspx?Id=12459&Mode=0,https://www.rbi.org.in/Scripts/NotificationUser.aspx,2026-05-30T08:37:02.337805+00:00
2023-02-20,Implementation of Indian Accounting Standards (Ind AS),,https://www.rbi.org.in/Scripts/NotificationUser.aspx?Id=12458&Mode=0,https://www.rbi.org.in/Scripts/NotificationUser.aspx,2026-05-30T08:37:02.337805+00:00
2023-02-20,"Reserve Bank of India (Financial Statements - Presentation and Disclosures) Directions, 2021 – Disclosures for State Co-operative Banks and Central Co-operative Banks",,https://www.rbi.org.in/Scripts/NotificationUser.aspx?Id=12457&Mode=0,https://www.rbi.org.in/Scripts/NotificationUser.aspx,2026-05-30T08:37:02.337805+00:00
2023-02-16,"Exim Bank’s GOI-supported Line of Credit (LOC) for USD 100 million to the Government of the Republic of Maldives (GO-MDV), for financing new developmental projects and to meet spill over costs from developmental projects in Maldives already included under Lines of credit extended to GO-MDV by Exim Bank",,https://www.rbi.org.in/Scripts/NotificationUser.aspx?Id=12455&Mode=0,https://www.rbi.org.in/Scripts/NotificationUser.aspx,2026-05-30T08:37:02.337805+00:00
2023-02-16,Introduction of Foreign Contribution (Regulation) Act (FCRA) related transaction code in NEFT and RTGS Systems,,https://www.rbi.org.in/Scripts/NotificationUser.aspx?Id=12454&Mode=0,https://www.rbi.org.in/Scripts/NotificationUser.aspx,2026-05-30T08:37:02.337805+00:00
2023-02-13,Formation of new district in the State of Sikkim – Assignment of Lead Bank Responsibility,,https://www.rbi.org.in/Scripts/NotificationUser.aspx?Id=12453&Mode=0,https://www.rbi.org.in/Scripts/NotificationUser.aspx,2026-05-30T08:37:02.337805+00:00
2023-02-10,Issuance of PPIs to Foreign Nationals / Non-Resident Indians (NRIs) visiting India,,https://www.rbi.org.in/Scripts/NotificationUser.aspx?Id=12452&Mode=0,https://www.rbi.org.in/Scripts/NotificationUser.aspx,2026-05-30T08:37:02.337805+00:00
2023-02-08,Liquidity Adjustment Facility - Change in rates,,https://www.rbi.org.in/Scripts/NotificationUser.aspx?Id=12451&Mode=0,https://www.rbi.org.in/Scripts/NotificationUser.aspx,2026-05-30T08:37:02.337805+00:00
2023-02-08,Standing Liquidity Facility for Primary Dealers,,https://www.rbi.org.in/Scripts/NotificationUser.aspx?Id=12449&Mode=0,https://www.rbi.org.in/Scripts/NotificationUser.aspx,2026-05-30T08:37:02.337805+00:00
2023-02-03,"Implementation of Section 51A of UAPA,1967: Updates to UNSC’s 1267/ 1989 ISIL (Da'esh) & Al-Qaida Sanctions List (Amendments to 29 entries)",,https://www.rbi.org.in/Scripts/NotificationUser.aspx?Id=12448&Mode=0,https://www.rbi.org.in/Scripts/NotificationUser.aspx,2026-05-30T08:37:02.337805+00:00
2023-01-30,"Implementation of Section 51A of UAPA, 1967: Updates to UNSC’s 1267/ 1989 ISIL (Da'esh) & Al-Qaida Sanctions List: Addition of 1 entry",,https://www.rbi.org.in/Scripts/NotificationUser.aspx?Id=12447&Mode=0,https://www.rbi.org.in/Scripts/NotificationUser.aspx,2026-05-30T08:37:04.741622+00:00
2023-01-24,"Designation of 3 individuals as ‘Terrorists’ under Section 35 (1) (a) of the Unlawful Activities (Prevention) Act (UAPA), 1967 and their listing in the Schedule IV of the Act-Reg.",,https://www.rbi.org.in/Scripts/NotificationUser.aspx?Id=12446&Mode=0,https://www.rbi.org.in/Scripts/NotificationUser.aspx,2026-05-30T08:37:04.741622+00:00
2023-01-23,‘Fully Accessible Route’ for Investment by Non-residents in Government Securities – Inclusion of Sovereign Green Bonds,Sovereign,https://www.rbi.org.in/Scripts/NotificationUser.aspx?Id=12444&Mode=0,https://www.rbi.org.in/Scripts/NotificationUser.aspx,2026-05-30T08:37:04.741622+00:00
2023-01-17,"Implementation of Section 51A of UAPA, 1967: Updates to UNSC’s 1267/ 1989 ISIL (Da'esh) & Al-Qaida Sanctions List: Addition of 1 entry",,https://www.rbi.org.in/Scripts/NotificationUser.aspx?Id=12442&Mode=0,https://www.rbi.org.in/Scripts/NotificationUser.aspx,2026-05-30T08:37:04.741622+00:00
2023-01-17,"Designation of two individuals and one organisation under Section 35(1) (a) and 2(1) (m) of the Unlawful Activities (Prevention) Act,1967 and their listing in the First and Fourth Schedule of the Act",,https://www.rbi.org.in/Scripts/NotificationUser.aspx?Id=12441&Mode=0,https://www.rbi.org.in/Scripts/NotificationUser.aspx,2026-05-30T08:37:04.741622+00:00
2023-01-16,Guidelines on Acquisition and Holding of Shares or Voting Rights in Banking Companies,,https://www.rbi.org.in/Scripts/NotificationUser.aspx?Id=12440&Mode=0,https://www.rbi.org.in/Scripts/NotificationUser.aspx,2026-05-30T08:37:04.741622+00:00
2023-01-13,Formation of new district in the State of Sikkim – Assignment of Lead Bank Responsibility,,https://www.rbi.org.in/Scripts/NotificationUser.aspx?Id=12438&Mode=0,https://www.rbi.org.in/Scripts/NotificationUser.aspx,2026-05-30T08:37:04.741622+00:00
2023-01-13,Formation of new district in the State of Arunachal Pradesh – Assignment of Lead Bank Responsibility,,https://www.rbi.org.in/Scripts/NotificationUser.aspx?Id=12437&Mode=0,https://www.rbi.org.in/Scripts/NotificationUser.aspx,2026-05-30T08:37:04.741622+00:00
2023-01-11,Operational Risk Management: Price / Yield range setting in e-Kuber,,https://www.rbi.org.in/Scripts/NotificationUser.aspx?Id=12436&Mode=0,https://www.rbi.org.in/Scripts/NotificationUser.aspx,2026-05-30T08:37:04.741622+00:00
2023-01-06,Formation of new districts in the State of Chhattisgarh – Assignment of Lead Bank Responsibility,,https://www.rbi.org.in/Scripts/NotificationUser.aspx?Id=12434&Mode=0,https://www.rbi.org.in/Scripts/NotificationUser.aspx,2026-05-30T08:37:04.741622+00:00
2023-01-04,Foreign Investment in India - Rationalisation of reporting in Single Master Form (SMF) on FIRMS Portal,,https://www.rbi.org.in/Scripts/NotificationUser.aspx?Id=12433&Mode=0,https://www.rbi.org.in/Scripts/NotificationUser.aspx,2026-05-30T08:37:04.741622+00:00
