date,subject,circular_no,link,source_url,scraped_at
2025-04-01,Master Circular - Exposure Norms and Statutory / Other Restrictions - UCBs,,https://www.rbi.org.in/Scripts/BS_ViewMasCirculardetails.aspx?id=12828,https://www.rbi.org.in/Scripts/BS_ViewMasterCirculardetails.aspx,2026-05-30T10:42:38.768394+00:00
2025-04-01,Master Circular - Management of Advances - UCBs,,https://www.rbi.org.in/Scripts/BS_ViewMasCirculardetails.aspx?id=12827,https://www.rbi.org.in/Scripts/BS_ViewMasterCirculardetails.aspx,2026-05-30T10:42:38.768394+00:00
2025-04-01,Master Circular - Housing Finance for UCBs,,https://www.rbi.org.in/Scripts/BS_ViewMasCirculardetails.aspx?id=12826,https://www.rbi.org.in/Scripts/BS_ViewMasterCirculardetails.aspx,2026-05-30T10:42:38.768394+00:00
2025-04-01,"Master Circular - Income Recognition, Asset Classification, Provisioning and Other Related Matters - UCBs",,https://www.rbi.org.in/Scripts/BS_ViewMasCirculardetails.aspx?id=12821,https://www.rbi.org.in/Scripts/BS_ViewMasterCirculardetails.aspx,2026-05-30T10:42:38.768394+00:00
2025-04-01,"Master Circular - Guarantees, Co-acceptances & Letters of Credit - UCBs",,https://www.rbi.org.in/Scripts/BS_ViewMasCirculardetails.aspx?id=12819,https://www.rbi.org.in/Scripts/BS_ViewMasterCirculardetails.aspx,2026-05-30T10:42:38.768394+00:00
2025-04-01,Master Circular - Prudential Norms on Capital Adequacy - Primary (Urban) Co-operative Banks (UCBs),,https://www.rbi.org.in/Scripts/BS_ViewMasCirculardetails.aspx?id=12816,https://www.rbi.org.in/Scripts/BS_ViewMasterCirculardetails.aspx,2026-05-30T10:42:38.768394+00:00
2025-04-01,Master Circular on Board of Directors - UCBs,,https://www.rbi.org.in/Scripts/BS_ViewMasCirculardetails.aspx?id=12813,https://www.rbi.org.in/Scripts/BS_ViewMasterCirculardetails.aspx,2026-05-30T10:42:38.768394+00:00
2025-04-01,Master Circular – Housing Finance,,https://www.rbi.org.in/Scripts/BS_ViewMasCirculardetails.aspx?id=12824,https://www.rbi.org.in/Scripts/BS_ViewMasterCirculardetails.aspx,2026-05-30T10:42:38.768394+00:00
2025-04-01,Master Circular - Bank Finance to Non-Banking Financial Companies (NBFCs),,https://www.rbi.org.in/Scripts/BS_ViewMasCirculardetails.aspx?id=12823,https://www.rbi.org.in/Scripts/BS_ViewMasterCirculardetails.aspx,2026-05-30T10:42:38.768394+00:00
2025-04-01,"Master Circular - Prudential norms on Income Recognition, Asset Classification and Provisioning pertaining to Advances",,https://www.rbi.org.in/Scripts/BS_ViewMasCirculardetails.aspx?id=12822,https://www.rbi.org.in/Scripts/BS_ViewMasterCirculardetails.aspx,2026-05-30T10:42:38.768394+00:00
2025-04-01,Master Circular - Guarantees and Co-acceptances,,https://www.rbi.org.in/Scripts/BS_ViewMasCirculardetails.aspx?id=12820,https://www.rbi.org.in/Scripts/BS_ViewMasterCirculardetails.aspx,2026-05-30T10:42:38.768394+00:00
2025-04-01,Master Circular – Basel III Capital Regulations,,https://www.rbi.org.in/Scripts/BS_ViewMasCirculardetails.aspx?id=12815,https://www.rbi.org.in/Scripts/BS_ViewMasterCirculardetails.aspx,2026-05-30T10:42:38.768394+00:00
2025-06-16,Master Circular - Credit facilities to Scheduled Castes (SCs) & Scheduled Tribes (STs),,https://www.rbi.org.in/Scripts/BS_ViewMasCirculardetails.aspx?id=12869,https://www.rbi.org.in/Scripts/BS_ViewMasterCirculardetails.aspx,2026-05-30T10:42:38.768394+00:00
2025-04-01,Master Circular – Lead Bank Scheme,,https://www.rbi.org.in/Scripts/BS_ViewMasCirculardetails.aspx?id=12808,https://www.rbi.org.in/Scripts/BS_ViewMasterCirculardetails.aspx,2026-05-30T10:42:38.768394+00:00
2025-04-01,Master Circular - Credit facilities to Scheduled Castes (SCs) & Scheduled Tribes (STs),,https://www.rbi.org.in/Scripts/BS_ViewMasCirculardetails.aspx?id=12807,https://www.rbi.org.in/Scripts/BS_ViewMasterCirculardetails.aspx,2026-05-30T10:42:38.768394+00:00
2025-04-01,Master Circular – Deendayal Antyodaya Yojana - National Rural Livelihoods Mission (DAY-NRLM),,https://www.rbi.org.in/Scripts/BS_ViewMasCirculardetails.aspx?id=12806,https://www.rbi.org.in/Scripts/BS_ViewMasterCirculardetails.aspx,2026-05-30T10:42:38.768394+00:00
2025-04-01,Master Circular on SHG-Bank Linkage Programme,,https://www.rbi.org.in/Scripts/BS_ViewMasCirculardetails.aspx?id=12805,https://www.rbi.org.in/Scripts/BS_ViewMasterCirculardetails.aspx,2026-05-30T10:42:38.768394+00:00
2024-04-01,Master Circular on Conduct of Government Business by Agency Banks - Payment of Agency Commission,,https://www.rbi.org.in/Scripts/BS_ViewMasCirculardetails.aspx?id=12651,https://www.rbi.org.in/Scripts/BS_ViewMasterCirculardetails.aspx,2026-05-30T10:42:39.769437+00:00
2024-04-01,Master Circular - Disbursement of Government Pension by Agency Banks,,https://www.rbi.org.in/Scripts/BS_ViewMasCirculardetails.aspx?id=12650,https://www.rbi.org.in/Scripts/BS_ViewMasterCirculardetails.aspx,2026-05-30T10:42:39.769437+00:00
2024-04-02,"Master Circular - Income Recognition, Asset Classification, Provisioning and Other Related Matters - UCBs",,https://www.rbi.org.in/Scripts/BS_ViewMasCirculardetails.aspx?id=12658,https://www.rbi.org.in/Scripts/BS_ViewMasterCirculardetails.aspx,2026-05-30T10:42:39.769437+00:00
2024-04-02,Master Circular - Housing Finance for UCBs,,https://www.rbi.org.in/Scripts/BS_ViewMasCirculardetails.aspx?id=12655,https://www.rbi.org.in/Scripts/BS_ViewMasterCirculardetails.aspx,2026-05-30T10:42:39.769437+00:00
2024-04-01,Master Circular - Prudential Norms on Capital Adequacy - Primary (Urban) Co-operative Banks (UCBs),,https://www.rbi.org.in/Scripts/BS_ViewMasCirculardetails.aspx?id=12654,https://www.rbi.org.in/Scripts/BS_ViewMasterCirculardetails.aspx,2026-05-30T10:42:39.769437+00:00
2024-04-01,"Master Circular - Guarantees, Co-Acceptances & Letters of Credit - UCBs",,https://www.rbi.org.in/Scripts/BS_ViewMasCirculardetails.aspx?id=12647,https://www.rbi.org.in/Scripts/BS_ViewMasterCirculardetails.aspx,2026-05-30T10:42:39.769437+00:00
2024-04-01,Master Circular on Board of Directors - UCBs,,https://www.rbi.org.in/Scripts/BS_ViewMasCirculardetails.aspx?id=12642,https://www.rbi.org.in/Scripts/BS_ViewMasterCirculardetails.aspx,2026-05-30T10:42:39.769437+00:00
2024-04-24,Master Circular - Bank Finance to Non-Banking Financial Companies (NBFCs),,https://www.rbi.org.in/Scripts/BS_ViewMasCirculardetails.aspx?id=12670,https://www.rbi.org.in/Scripts/BS_ViewMasterCirculardetails.aspx,2026-05-30T10:42:39.769437+00:00
2024-04-02,"Master Circular - Prudential norms on Income Recognition, Asset Classification and Provisioning pertaining to Advances",,https://www.rbi.org.in/Scripts/BS_ViewMasCirculardetails.aspx?id=12657,https://www.rbi.org.in/Scripts/BS_ViewMasterCirculardetails.aspx,2026-05-30T10:42:39.769437+00:00
2024-04-02,Master Circular – Housing Finance,,https://www.rbi.org.in/Scripts/BS_ViewMasCirculardetails.aspx?id=12656,https://www.rbi.org.in/Scripts/BS_ViewMasterCirculardetails.aspx,2026-05-30T10:42:39.769437+00:00
2024-04-01,Master Circular – Basel III Capital Regulations,,https://www.rbi.org.in/Scripts/BS_ViewMasCirculardetails.aspx?id=12652,https://www.rbi.org.in/Scripts/BS_ViewMasterCirculardetails.aspx,2026-05-30T10:42:39.769437+00:00
2024-04-01,Master Circular - Guarantees and Co-acceptances,,https://www.rbi.org.in/Scripts/BS_ViewMasCirculardetails.aspx?id=12644,https://www.rbi.org.in/Scripts/BS_ViewMasterCirculardetails.aspx,2026-05-30T10:42:39.769437+00:00
2024-04-16,Master Circular – Deendayal Antyodaya Yojana - National Rural Livelihoods Mission (DAY-NRLM),,https://www.rbi.org.in/Scripts/BS_ViewMasCirculardetails.aspx?id=12665,https://www.rbi.org.in/Scripts/BS_ViewMasterCirculardetails.aspx,2026-05-30T10:42:39.769437+00:00
2024-04-16,Master Circular - Credit facilities to Scheduled Castes (SCs) & Scheduled Tribes (STs),,https://www.rbi.org.in/Scripts/BS_ViewMasCirculardetails.aspx?id=12664,https://www.rbi.org.in/Scripts/BS_ViewMasterCirculardetails.aspx,2026-05-30T10:42:39.769437+00:00
2024-04-01,Master Circular on SHG-Bank Linkage Programme,,https://www.rbi.org.in/Scripts/BS_ViewMasCirculardetails.aspx?id=12649,https://www.rbi.org.in/Scripts/BS_ViewMasterCirculardetails.aspx,2026-05-30T10:42:39.769437+00:00
2024-04-01,Master Circular – Lead Bank Scheme,,https://www.rbi.org.in/Scripts/BS_ViewMasCirculardetails.aspx?id=12643,https://www.rbi.org.in/Scripts/BS_ViewMasterCirculardetails.aspx,2026-05-30T10:42:39.769437+00:00
2023-04-03,Master Circular - Disbursement of Government Pension by Agency Banks,,https://www.rbi.org.in/Scripts/BS_ViewMasCirculardetails.aspx?id=12477,https://www.rbi.org.in/Scripts/BS_ViewMasterCirculardetails.aspx,2026-05-30T10:42:40.896782+00:00
2023-04-01,Master Circular on Conduct of Government Business by Agency Banks - Payment of Agency Commission,,https://www.rbi.org.in/Scripts/BS_ViewMasCirculardetails.aspx?id=12474,https://www.rbi.org.in/Scripts/BS_ViewMasterCirculardetails.aspx,2026-05-30T10:42:40.896782+00:00
2024-01-16,Master Circular- Exposure Norms and Statutory / Other Restrictions - UCBs,,https://www.rbi.org.in/Scripts/BS_ViewMasCirculardetails.aspx?id=12600,https://www.rbi.org.in/Scripts/BS_ViewMasterCirculardetails.aspx,2026-05-30T10:42:40.896782+00:00
2023-07-25,Master Circular - Management of Advances - UCBs,,https://www.rbi.org.in/Scripts/BS_ViewMasCirculardetails.aspx?id=12525,https://www.rbi.org.in/Scripts/BS_ViewMasterCirculardetails.aspx,2026-05-30T10:42:40.896782+00:00
2023-05-08,"Master Circular - Income Recognition, Asset Classification, Provisioning and Other Related Matters - UCBs",,https://www.rbi.org.in/Scripts/BS_ViewMasCirculardetails.aspx?id=12499,https://www.rbi.org.in/Scripts/BS_ViewMasterCirculardetails.aspx,2026-05-30T10:42:40.896782+00:00
2023-04-20,Master Circular- Prudential Norms on Capital Adequacy - Primary (Urban) Co-operative Banks (UCBs),,https://www.rbi.org.in/Scripts/BS_ViewMasCirculardetails.aspx?id=12490,https://www.rbi.org.in/Scripts/BS_ViewMasterCirculardetails.aspx,2026-05-30T10:42:40.896782+00:00
2023-04-11,Master Circular - Housing Finance for UCBs,,https://www.rbi.org.in/Scripts/BS_ViewMasCirculardetails.aspx?id=12488,https://www.rbi.org.in/Scripts/BS_ViewMasterCirculardetails.aspx,2026-05-30T10:42:40.896782+00:00
2023-04-01,"Master Circular - Guarantees, Co-Acceptances & Letters of Credit - UCBs",,https://www.rbi.org.in/Scripts/BS_ViewMasCirculardetails.aspx?id=12469,https://www.rbi.org.in/Scripts/BS_ViewMasterCirculardetails.aspx,2026-05-30T10:42:40.896782+00:00
2023-05-12,Master Circular – Basel III Capital Regulations,,https://www.rbi.org.in/Scripts/BS_ViewMasCirculardetails.aspx?id=12504,https://www.rbi.org.in/Scripts/BS_ViewMasterCirculardetails.aspx,2026-05-30T10:42:40.896782+00:00
2023-04-03,Master Circular - Bank Finance to Non-Banking Financial Companies (NBFCs),,https://www.rbi.org.in/Scripts/BS_ViewMasCirculardetails.aspx?id=12476,https://www.rbi.org.in/Scripts/BS_ViewMasterCirculardetails.aspx,2026-05-30T10:42:40.896782+00:00
2023-04-03,Master Circular – Housing Finance,,https://www.rbi.org.in/Scripts/BS_ViewMasCirculardetails.aspx?id=12475,https://www.rbi.org.in/Scripts/BS_ViewMasterCirculardetails.aspx,2026-05-30T10:42:40.896782+00:00
2023-04-01,"Master Circular - Prudential norms on Income Recognition, Asset Classification and Provisioning pertaining to Advances",,https://www.rbi.org.in/Scripts/BS_ViewMasCirculardetails.aspx?id=12472,https://www.rbi.org.in/Scripts/BS_ViewMasterCirculardetails.aspx,2026-05-30T10:42:40.896782+00:00
2023-04-01,Master Circular - Guarantees and Co-acceptances,,https://www.rbi.org.in/Scripts/BS_ViewMasCirculardetails.aspx?id=12471,https://www.rbi.org.in/Scripts/BS_ViewMasterCirculardetails.aspx,2026-05-30T10:42:40.896782+00:00
2023-04-26,Master Circular – Deendayal Antyodaya Yojana - National Rural Livelihoods Mission (DAY-NRLM),,https://www.rbi.org.in/Scripts/BS_ViewMasCirculardetails.aspx?id=12493,https://www.rbi.org.in/Scripts/BS_ViewMasterCirculardetails.aspx,2026-05-30T10:42:40.896782+00:00
2023-04-03,Master Circular – Lead Bank Scheme,,https://www.rbi.org.in/Scripts/BS_ViewMasCirculardetails.aspx?id=12478,https://www.rbi.org.in/Scripts/BS_ViewMasterCirculardetails.aspx,2026-05-30T10:42:40.896782+00:00
2023-04-01,Master Circular on SHG-Bank Linkage Programme,,https://www.rbi.org.in/Scripts/BS_ViewMasCirculardetails.aspx?id=12470,https://www.rbi.org.in/Scripts/BS_ViewMasterCirculardetails.aspx,2026-05-30T10:42:40.896782+00:00
2023-04-01,Master Circular - Credit facilities to Scheduled Castes (SCs) & Scheduled Tribes (STs),,https://www.rbi.org.in/Scripts/BS_ViewMasCirculardetails.aspx?id=12468,https://www.rbi.org.in/Scripts/BS_ViewMasterCirculardetails.aspx,2026-05-30T10:42:40.896782+00:00
2023-04-01,Master Circular on Credit Facilities to Minority Communities,,https://www.rbi.org.in/Scripts/BS_ViewMasCirculardetails.aspx?id=12467,https://www.rbi.org.in/Scripts/BS_ViewMasterCirculardetails.aspx,2026-05-30T10:42:40.896782+00:00
2023-04-03,Master Circular - Asset Reconstruction Companies,,https://www.rbi.org.in/Scripts/BS_ViewMasCirculardetails.aspx?id=12484,https://www.rbi.org.in/Scripts/BS_ViewMasterCirculardetails.aspx,2026-05-30T10:42:40.896782+00:00
2022-06-23,Master Circular - Housing Finance for UCBs,,https://www.rbi.org.in/Scripts/BS_ViewMasCirculardetails.aspx?id=12344,https://www.rbi.org.in/Scripts/BS_ViewMasterCirculardetails.aspx,2026-05-30T10:42:41.935645+00:00
2022-04-08,Master Circular - Management of Advances - UCBs,,https://www.rbi.org.in/Scripts/BS_ViewMasCirculardetails.aspx?id=12288,https://www.rbi.org.in/Scripts/BS_ViewMasterCirculardetails.aspx,2026-05-30T10:42:41.935645+00:00
2022-04-01,"Master Circular - Income Recognition, Asset Classification, Provisioning and Other Related Matters - UCBs",,https://www.rbi.org.in/Scripts/BS_ViewMasCirculardetails.aspx?id=12283,https://www.rbi.org.in/Scripts/BS_ViewMasterCirculardetails.aspx,2026-05-30T10:42:41.935645+00:00
2022-04-01,Master Circular - Prudential Norms on Capital Adequacy - Primary (Urban) Co-operative Banks (UCBs),,https://www.rbi.org.in/Scripts/BS_ViewMasCirculardetails.aspx?id=12279,https://www.rbi.org.in/Scripts/BS_ViewMasterCirculardetails.aspx,2026-05-30T10:42:41.935645+00:00
2022-04-01,"Master Circular - Guarantees, Co-Acceptances & Letters of Credit - UCBs",,https://www.rbi.org.in/Scripts/BS_ViewMasCirculardetails.aspx?id=12272,https://www.rbi.org.in/Scripts/BS_ViewMasterCirculardetails.aspx,2026-05-30T10:42:41.935645+00:00
2022-04-01,Master Circular on Investments by Primary (Urban) Co-operative Banks,,https://www.rbi.org.in/Scripts/BS_ViewMasCirculardetails.aspx?id=12271,https://www.rbi.org.in/Scripts/BS_ViewMasterCirculardetails.aspx,2026-05-30T10:42:41.935645+00:00
2022-04-01,Master Circular – Housing Finance,,https://www.rbi.org.in/Scripts/BS_ViewMasCirculardetails.aspx?id=12282,https://www.rbi.org.in/Scripts/BS_ViewMasterCirculardetails.aspx,2026-05-30T10:42:41.935645+00:00
2022-04-01,"Master Circular - Prudential norms on Income Recognition, Asset Classification and Provisioning pertaining to Advances",,https://www.rbi.org.in/Scripts/BS_ViewMasCirculardetails.aspx?id=12281,https://www.rbi.org.in/Scripts/BS_ViewMasterCirculardetails.aspx,2026-05-30T10:42:41.935645+00:00
2022-04-01,Master Circular - Bank Finance to Non-Banking Financial Companies (NBFCs),,https://www.rbi.org.in/Scripts/BS_ViewMasCirculardetails.aspx?id=12280,https://www.rbi.org.in/Scripts/BS_ViewMasterCirculardetails.aspx,2026-05-30T10:42:41.935645+00:00
2022-04-01,Master Circular – Basel III Capital Regulations,,https://www.rbi.org.in/Scripts/BS_ViewMasCirculardetails.aspx?id=12278,https://www.rbi.org.in/Scripts/BS_ViewMasterCirculardetails.aspx,2026-05-30T10:42:41.935645+00:00
2022-04-01,Master Circular - Guarantees and Co-acceptances,,https://www.rbi.org.in/Scripts/BS_ViewMasCirculardetails.aspx?id=12276,https://www.rbi.org.in/Scripts/BS_ViewMasterCirculardetails.aspx,2026-05-30T10:42:41.935645+00:00
2022-08-02,Master Circular on Credit Facilities to Minority Communities,,https://www.rbi.org.in/Scripts/BS_ViewMasCirculardetails.aspx?id=12367,https://www.rbi.org.in/Scripts/BS_ViewMasterCirculardetails.aspx,2026-05-30T10:42:41.935645+00:00
2022-08-01,Master Circular - Credit facilities to Scheduled Castes (SCs) & Scheduled Tribes (STs),,https://www.rbi.org.in/Scripts/BS_ViewMasCirculardetails.aspx?id=12365,https://www.rbi.org.in/Scripts/BS_ViewMasterCirculardetails.aspx,2026-05-30T10:42:41.935645+00:00
2022-07-20,Master Circular – Deendayal Antyodaya Yojana - National Rural Livelihoods Mission (DAY-NRLM),,https://www.rbi.org.in/Scripts/BS_ViewMasCirculardetails.aspx?id=12360,https://www.rbi.org.in/Scripts/BS_ViewMasterCirculardetails.aspx,2026-05-30T10:42:41.935645+00:00
2022-04-01,Master Circular – Lead Bank Scheme,,https://www.rbi.org.in/Scripts/BS_ViewMasCirculardetails.aspx?id=12277,https://www.rbi.org.in/Scripts/BS_ViewMasterCirculardetails.aspx,2026-05-30T10:42:41.935645+00:00
2022-04-01,Master Circular on SHG-Bank Linkage Programme,,https://www.rbi.org.in/Scripts/BS_ViewMasCirculardetails.aspx?id=12266,https://www.rbi.org.in/Scripts/BS_ViewMasterCirculardetails.aspx,2026-05-30T10:42:41.935645+00:00
2022-04-01,Master Circular – Detection and Impounding of Counterfeit Notes,,https://www.rbi.org.in/Scripts/BS_ViewMasCirculardetails.aspx?id=12273,https://www.rbi.org.in/Scripts/BS_ViewMasterCirculardetails.aspx,2026-05-30T10:42:41.935645+00:00
2022-04-01,Master Circular – Scheme of Penalties for bank branches including Currency Chests for deficiency in rendering customer service to the members of public,,https://www.rbi.org.in/Scripts/BS_ViewMasCirculardetails.aspx?id=12268,https://www.rbi.org.in/Scripts/BS_ViewMasterCirculardetails.aspx,2026-05-30T10:42:41.935645+00:00
2022-04-01,Master Circular – Facility for Exchange of Notes and Coins,,https://www.rbi.org.in/Scripts/BS_ViewMasCirculardetails.aspx?id=12265,https://www.rbi.org.in/Scripts/BS_ViewMasterCirculardetails.aspx,2026-05-30T10:42:41.935645+00:00
2022-04-01,"Master Circular - Asset Reconstruction Companies ( Updated as on October 14, 2022 )",,https://www.rbi.org.in/Scripts/BS_ViewMasCirculardetails.aspx?id=12267,https://www.rbi.org.in/Scripts/BS_ViewMasterCirculardetails.aspx,2026-05-30T10:42:41.935645+00:00
2021-11-02,"Master Circular- Guarantees, Co-Acceptances & Letters of Credit - UCBs",,https://www.rbi.org.in/Scripts/BS_ViewMasCirculardetails.aspx?id=12187,https://www.rbi.org.in/Scripts/BS_ViewMasterCirculardetails.aspx,2026-05-30T10:42:43.149866+00:00
2021-11-01,"Master Circular- Income Recognition, Asset Classification, Provisioning and Other Related Matters - UCBs",,https://www.rbi.org.in/Scripts/BS_ViewMasCirculardetails.aspx?id=12185,https://www.rbi.org.in/Scripts/BS_ViewMasterCirculardetails.aspx,2026-05-30T10:42:43.149866+00:00
2021-09-20,Master Circular on Investments by Primary (Urban) Co-operative Banks,,https://www.rbi.org.in/Scripts/BS_ViewMasCirculardetails.aspx?id=12164,https://www.rbi.org.in/Scripts/BS_ViewMasterCirculardetails.aspx,2026-05-30T10:42:43.149866+00:00
2022-02-18,Master Circular – Housing Finance,,https://www.rbi.org.in/Scripts/BS_ViewMasCirculardetails.aspx?id=12243,https://www.rbi.org.in/Scripts/BS_ViewMasterCirculardetails.aspx,2026-05-30T10:42:43.149866+00:00
2022-01-05,Master Circular - Bank Finance to Non-Banking Financial Companies (NBFCs),,https://www.rbi.org.in/Scripts/BS_ViewMasCirculardetails.aspx?id=12218,https://www.rbi.org.in/Scripts/BS_ViewMasterCirculardetails.aspx,2026-05-30T10:42:43.149866+00:00
2021-11-09,Master Circular - Guarantees and Co-acceptances,,https://www.rbi.org.in/Scripts/BS_ViewMasCirculardetails.aspx?id=12189,https://www.rbi.org.in/Scripts/BS_ViewMasterCirculardetails.aspx,2026-05-30T10:42:43.149866+00:00
2021-10-01,"Master Circular - Prudential norms on Income Recognition, Asset Classification and Provisioning pertaining to Advances",,https://www.rbi.org.in/Scripts/BS_ViewMasCirculardetails.aspx?id=12171,https://www.rbi.org.in/Scripts/BS_ViewMasterCirculardetails.aspx,2026-05-30T10:42:43.149866+00:00
2021-04-05,Deendayal Antyodaya Yojana – National Urban Livelihoods Mission (DAY-NULM),,https://www.rbi.org.in/Scripts/BS_ViewMasCirculardetails.aspx?id=12066,https://www.rbi.org.in/Scripts/BS_ViewMasterCirculardetails.aspx,2026-05-30T10:42:43.149866+00:00
2021-04-05,Master Circular - Credit facilities to Scheduled Castes (SCs) & Scheduled Tribes (STs),,https://www.rbi.org.in/Scripts/BS_ViewMasCirculardetails.aspx?id=12065,https://www.rbi.org.in/Scripts/BS_ViewMasterCirculardetails.aspx,2026-05-30T10:42:43.149866+00:00
2021-04-01,Master Circular – Lead Bank Scheme,,https://www.rbi.org.in/Scripts/BS_ViewMasCirculardetails.aspx?id=12064,https://www.rbi.org.in/Scripts/BS_ViewMasterCirculardetails.aspx,2026-05-30T10:42:43.149866+00:00
2021-04-01,Master Circular on SHG-Bank Linkage Programme,,https://www.rbi.org.in/Scripts/BS_ViewMasCirculardetails.aspx?id=12063,https://www.rbi.org.in/Scripts/BS_ViewMasterCirculardetails.aspx,2026-05-30T10:42:43.149866+00:00
2021-04-01,Master Circular – Deendayal Antyodaya Yojana - National Rural Livelihoods Mission (DAY-NRLM),,https://www.rbi.org.in/Scripts/BS_ViewMasCirculardetails.aspx?id=12062,https://www.rbi.org.in/Scripts/BS_ViewMasterCirculardetails.aspx,2026-05-30T10:42:43.149866+00:00
2021-04-01,Master Circular - Credit Facilities to Minority Communities,,https://www.rbi.org.in/Scripts/BS_ViewMasCirculardetails.aspx?id=12057,https://www.rbi.org.in/Scripts/BS_ViewMasterCirculardetails.aspx,2026-05-30T10:42:43.149866+00:00
2021-04-01,Master Circular – Scheme of Penalties for bank branches including Currency Chests based on performance in rendering customer service to the members of public,,https://www.rbi.org.in/Scripts/BS_ViewMasCirculardetails.aspx?id=12054,https://www.rbi.org.in/Scripts/BS_ViewMasterCirculardetails.aspx,2026-05-30T10:42:43.149866+00:00
2021-04-01,Master Circular – Detection and Impounding of Counterfeit Notes,,https://www.rbi.org.in/Scripts/BS_ViewMasCirculardetails.aspx?id=12053,https://www.rbi.org.in/Scripts/BS_ViewMasterCirculardetails.aspx,2026-05-30T10:42:43.149866+00:00
2021-04-01,Master Circular – Facility for Exchange of Notes and Coins,,https://www.rbi.org.in/Scripts/BS_ViewMasCirculardetails.aspx?id=12052,https://www.rbi.org.in/Scripts/BS_ViewMasterCirculardetails.aspx,2026-05-30T10:42:43.149866+00:00
2022-02-10,Master Circular - Asset Reconstruction Companies,,https://www.rbi.org.in/Scripts/BS_ViewMasCirculardetails.aspx?id=12225,https://www.rbi.org.in/Scripts/BS_ViewMasterCirculardetails.aspx,2026-05-30T10:42:43.149866+00:00
2020-09-18,Master Circular – Deendayal Antyodaya Yojana - National Rural Livelihoods Mission (DAY-NRLM),,https://www.rbi.org.in/Scripts/BS_ViewMasCirculardetails.aspx?id=11967,https://www.rbi.org.in/Scripts/BS_ViewMasterCirculardetails.aspx,2026-05-30T10:42:44.063378+00:00
2020-07-01,Master Circular on SHG-Bank Linkage Programme,,https://www.rbi.org.in/Scripts/BS_ViewMasCirculardetails.aspx?id=11927,https://www.rbi.org.in/Scripts/BS_ViewMasterCirculardetails.aspx,2026-05-30T10:42:44.063378+00:00
2020-07-01,Master Circular – Lead Bank Scheme,,https://www.rbi.org.in/Scripts/BS_ViewMasCirculardetails.aspx?id=11926,https://www.rbi.org.in/Scripts/BS_ViewMasterCirculardetails.aspx,2026-05-30T10:42:44.063378+00:00
2020-07-01,Master Circular – Facility for Exchange of Notes and Coins,,https://www.rbi.org.in/Scripts/BS_ViewMasCirculardetails.aspx?id=11932,https://www.rbi.org.in/Scripts/BS_ViewMasterCirculardetails.aspx,2026-05-30T10:42:44.063378+00:00
2020-07-01,Master Circular – Detection and Impounding of Counterfeit Notes,,https://www.rbi.org.in/Scripts/BS_ViewMasCirculardetails.aspx?id=11931,https://www.rbi.org.in/Scripts/BS_ViewMasterCirculardetails.aspx,2026-05-30T10:42:44.063378+00:00
2020-07-01,Master Circular – Scheme of Penalties for bank branches based on performance in rendering customer service to the members of public,,https://www.rbi.org.in/Scripts/BS_ViewMasCirculardetails.aspx?id=11928,https://www.rbi.org.in/Scripts/BS_ViewMasterCirculardetails.aspx,2026-05-30T10:42:44.063378+00:00
2019-11-28,Master Circular – Deendayal Antyodaya Yojana - National Rural Livelihoods Mission (DAY-NRLM),,https://www.rbi.org.in/Scripts/BS_ViewMasCirculardetails.aspx?id=11743,https://www.rbi.org.in/Scripts/BS_ViewMasterCirculardetails.aspx,2026-05-30T10:42:44.907095+00:00
2019-07-02,Master Circular – Lead Bank Scheme,,https://www.rbi.org.in/Scripts/BS_ViewMasCirculardetails.aspx?id=11622,https://www.rbi.org.in/Scripts/BS_ViewMasterCirculardetails.aspx,2026-05-30T10:42:44.907095+00:00
2019-07-01,Master Circular – Deendayal Antyodaya Yojana - National Rural Livelihoods Mission (DAY-NRLM),,https://www.rbi.org.in/Scripts/BS_ViewMasCirculardetails.aspx?id=11619,https://www.rbi.org.in/Scripts/BS_ViewMasterCirculardetails.aspx,2026-05-30T10:42:44.907095+00:00
2019-07-01,Master Circular- Credit Facilities to Minority Communities,,https://www.rbi.org.in/Scripts/BS_ViewMasCirculardetails.aspx?id=11618,https://www.rbi.org.in/Scripts/BS_ViewMasterCirculardetails.aspx,2026-05-30T10:42:44.907095+00:00
2019-07-01,Deendayal Antyodaya Yojana – National Urban Livelihoods Mission (DAY-NULM),,https://www.rbi.org.in/Scripts/BS_ViewMasCirculardetails.aspx?id=11615,https://www.rbi.org.in/Scripts/BS_ViewMasterCirculardetails.aspx,2026-05-30T10:42:44.907095+00:00
2019-07-01,Master Circular on SHG-Bank Linkage Programme,,https://www.rbi.org.in/Scripts/BS_ViewMasCirculardetails.aspx?id=11614,https://www.rbi.org.in/Scripts/BS_ViewMasterCirculardetails.aspx,2026-05-30T10:42:44.907095+00:00
2019-07-01,Master Circular - Credit facilities to Scheduled Castes (SCs) & Scheduled Tribes (STs),,https://www.rbi.org.in/Scripts/BS_ViewMasCirculardetails.aspx?id=11612,https://www.rbi.org.in/Scripts/BS_ViewMasterCirculardetails.aspx,2026-05-30T10:42:44.907095+00:00
2019-07-01,Master Circular – Scheme of Penalties for bank branches based on performance in rendering customer service to the members of public,,https://www.rbi.org.in/Scripts/BS_ViewMasCirculardetails.aspx?id=11613,https://www.rbi.org.in/Scripts/BS_ViewMasterCirculardetails.aspx,2026-05-30T10:42:44.907095+00:00
2019-07-01,Master Circular – Facility for Exchange of Notes and Coins,,https://www.rbi.org.in/Scripts/BS_ViewMasCirculardetails.aspx?id=11611,https://www.rbi.org.in/Scripts/BS_ViewMasterCirculardetails.aspx,2026-05-30T10:42:44.907095+00:00
2019-07-01,Master Circular – Detection and Impounding of Counterfeit Notes,,https://www.rbi.org.in/Scripts/BS_ViewMasCirculardetails.aspx?id=11610,https://www.rbi.org.in/Scripts/BS_ViewMasterCirculardetails.aspx,2026-05-30T10:42:44.907095+00:00
2018-12-06,Deendayal Antyodaya Yojana – National Urban Livelihoods Mission (DAY-NULM),,https://www.rbi.org.in/Scripts/BS_ViewMasCirculardetails.aspx?id=11433,https://www.rbi.org.in/Scripts/BS_ViewMasterCirculardetails.aspx,2026-05-30T10:42:45.791228+00:00
2018-07-04,Master Circular - Kisan Credit Card (KCC) Scheme,,https://www.rbi.org.in/Scripts/BS_ViewMasCirculardetails.aspx?id=11325,https://www.rbi.org.in/Scripts/BS_ViewMasterCirculardetails.aspx,2026-05-30T10:42:45.791228+00:00
2018-07-04,Master Circular – Deendayal Antyodaya Yojana - National Rural Livelihoods Mission (DAY-NRLM),,https://www.rbi.org.in/Scripts/BS_ViewMasCirculardetails.aspx?id=11324,https://www.rbi.org.in/Scripts/BS_ViewMasterCirculardetails.aspx,2026-05-30T10:42:45.791228+00:00
2018-07-04,Master Circular- Credit Facilities to Minority Communities,,https://www.rbi.org.in/Scripts/BS_ViewMasCirculardetails.aspx?id=11323,https://www.rbi.org.in/Scripts/BS_ViewMasterCirculardetails.aspx,2026-05-30T10:42:45.791228+00:00
2018-07-02,Master Circular – Lead Bank Scheme,,https://www.rbi.org.in/Scripts/BS_ViewMasCirculardetails.aspx?id=11321,https://www.rbi.org.in/Scripts/BS_ViewMasterCirculardetails.aspx,2026-05-30T10:42:45.791228+00:00
2018-07-02,Master Circular on SHG-Bank Linkage Programme,,https://www.rbi.org.in/Scripts/BS_ViewMasCirculardetails.aspx?id=11320,https://www.rbi.org.in/Scripts/BS_ViewMasterCirculardetails.aspx,2026-05-30T10:42:45.791228+00:00
2018-07-05,Master Circular – Scheme of Penalties for bank branches based on performance in rendering customer service to the members of public,,https://www.rbi.org.in/Scripts/BS_ViewMasCirculardetails.aspx?id=11326,https://www.rbi.org.in/Scripts/BS_ViewMasterCirculardetails.aspx,2026-05-30T10:42:45.791228+00:00
2018-07-02,Master Circular – Detection and Impounding of Counterfeit Notes,,https://www.rbi.org.in/Scripts/BS_ViewMasCirculardetails.aspx?id=11317,https://www.rbi.org.in/Scripts/BS_ViewMasterCirculardetails.aspx,2026-05-30T10:42:45.791228+00:00
2018-07-02,Master Circular – Facility for Exchange of Notes and Coins,,https://www.rbi.org.in/Scripts/BS_ViewMasCirculardetails.aspx?id=11316,https://www.rbi.org.in/Scripts/BS_ViewMasterCirculardetails.aspx,2026-05-30T10:42:45.791228+00:00
2017-07-03,Master Circular – Deendayal Antyodaya Yojana - National Rural Livelihoods Mission (DAY-NRLM),,https://www.rbi.org.in/Scripts/BS_ViewMasCirculardetails.aspx?id=11035,https://www.rbi.org.in/Scripts/BS_ViewMasterCirculardetails.aspx,2026-05-30T10:42:46.632538+00:00
2017-07-03,Master Circular - Kisan Credit Card (KCC) Scheme,,https://www.rbi.org.in/Scripts/BS_ViewMasCirculardetails.aspx?id=11034,https://www.rbi.org.in/Scripts/BS_ViewMasterCirculardetails.aspx,2026-05-30T10:42:46.632538+00:00
2017-07-03,Master Circular – Lead Bank Scheme,,https://www.rbi.org.in/Scripts/BS_ViewMasCirculardetails.aspx?id=11033,https://www.rbi.org.in/Scripts/BS_ViewMasterCirculardetails.aspx,2026-05-30T10:42:46.632538+00:00
2017-07-03,Master Circular on SHG-Bank Linkage Programme,,https://www.rbi.org.in/Scripts/BS_ViewMasCirculardetails.aspx?id=11032,https://www.rbi.org.in/Scripts/BS_ViewMasterCirculardetails.aspx,2026-05-30T10:42:46.632538+00:00
2017-07-03,Master Circular - Credit facilities to Scheduled Castes (SCs) & Scheduled Tribes (STs),,https://www.rbi.org.in/Scripts/BS_ViewMasCirculardetails.aspx?id=11031,https://www.rbi.org.in/Scripts/BS_ViewMasterCirculardetails.aspx,2026-05-30T10:42:46.632538+00:00
2017-07-03,Master Circular- Credit Facilities to Minority Communities,,https://www.rbi.org.in/Scripts/BS_ViewMasCirculardetails.aspx?id=11030,https://www.rbi.org.in/Scripts/BS_ViewMasterCirculardetails.aspx,2026-05-30T10:42:46.632538+00:00
2017-07-03,Master Circular – Deendayal Antyodaya Yojana – National Urban Livelihoods Mission (DAY-NULM),,https://www.rbi.org.in/Scripts/BS_ViewMasCirculardetails.aspx?id=11029,https://www.rbi.org.in/Scripts/BS_ViewMasterCirculardetails.aspx,2026-05-30T10:42:46.632538+00:00
2017-10-12,Master Circular –Scheme of Penalties for bank branches based on performance in rendering customer service to the members of public,,https://www.rbi.org.in/Scripts/BS_ViewMasCirculardetails.aspx?id=11147,https://www.rbi.org.in/Scripts/BS_ViewMasterCirculardetails.aspx,2026-05-30T10:42:46.632538+00:00
2017-07-20,Master Circular – Detection and Impounding of Counterfeit Notes,,https://www.rbi.org.in/Scripts/BS_ViewMasCirculardetails.aspx?id=11059,https://www.rbi.org.in/Scripts/BS_ViewMasterCirculardetails.aspx,2026-05-30T10:42:46.632538+00:00
2017-07-03,Master Circular – Facility for Exchange of Notes and Coins,,https://www.rbi.org.in/Scripts/BS_ViewMasCirculardetails.aspx?id=11028,https://www.rbi.org.in/Scripts/BS_ViewMasterCirculardetails.aspx,2026-05-30T10:42:46.632538+00:00
2016-11-16,"Section 23 of the Banking Regulation Act, 1949 – Master Circular on Branch Licensing – Census data 2011 – RRBs",,https://www.rbi.org.in/Scripts/BS_ViewMasCirculardetails.aspx?id=10714,https://www.rbi.org.in/Scripts/BS_ViewMasterCirculardetails.aspx,2026-05-30T10:42:47.559442+00:00
2016-07-07,Master Circular – Deendayal Antyodaya Yojana - National Rural Livelihoods Mission (DAY-NRLM),,https://www.rbi.org.in/Scripts/BS_ViewMasCirculardetails.aspx?id=10494,https://www.rbi.org.in/Scripts/BS_ViewMasterCirculardetails.aspx,2026-05-30T10:42:47.559442+00:00
2016-07-07,Master Circular - Deendayal Antyodaya Yojana- National Urban Livelihoods Mission (DAY-NULM),,https://www.rbi.org.in/Scripts/BS_ViewMasCirculardetails.aspx?id=10493,https://www.rbi.org.in/Scripts/BS_ViewMasterCirculardetails.aspx,2026-05-30T10:42:47.559442+00:00
2016-07-07,Master Circular - Credit facilities to Scheduled Castes (SCs) & Scheduled Tribes (STs),,https://www.rbi.org.in/Scripts/BS_ViewMasCirculardetails.aspx?id=10492,https://www.rbi.org.in/Scripts/BS_ViewMasterCirculardetails.aspx,2026-05-30T10:42:47.559442+00:00
2016-07-07,Master Circular- Credit Facilities to Minority Communities,,https://www.rbi.org.in/Scripts/BS_ViewMasCirculardetails.aspx?id=10491,https://www.rbi.org.in/Scripts/BS_ViewMasterCirculardetails.aspx,2026-05-30T10:42:47.559442+00:00
2016-07-07,Master Circular on SHG-Bank Linkage Programme,,https://www.rbi.org.in/Scripts/BS_ViewMasCirculardetails.aspx?id=10490,https://www.rbi.org.in/Scripts/BS_ViewMasterCirculardetails.aspx,2026-05-30T10:42:47.559442+00:00
2016-07-07,Master Circular - Lead Bank Scheme,,https://www.rbi.org.in/Scripts/BS_ViewMasCirculardetails.aspx?id=10488,https://www.rbi.org.in/Scripts/BS_ViewMasterCirculardetails.aspx,2026-05-30T10:42:47.559442+00:00
2016-07-20,Master Circular –Scheme of Penalties for bank branches based on performance in rendering customer service to the members of public,,https://www.rbi.org.in/Scripts/BS_ViewMasCirculardetails.aspx?id=10518,https://www.rbi.org.in/Scripts/BS_ViewMasterCirculardetails.aspx,2026-05-30T10:42:47.559442+00:00
2016-07-20,Master Circular – Detection and Impounding of Counterfeit Notes,,https://www.rbi.org.in/Scripts/BS_ViewMasCirculardetails.aspx?id=10517,https://www.rbi.org.in/Scripts/BS_ViewMasterCirculardetails.aspx,2026-05-30T10:42:47.559442+00:00
2016-07-18,Master Circular – Facility for Exchange of Notes and Coins,,https://www.rbi.org.in/Scripts/BS_ViewMasCirculardetails.aspx?id=10516,https://www.rbi.org.in/Scripts/BS_ViewMasterCirculardetails.aspx,2026-05-30T10:42:47.559442+00:00
2016-07-14,"Master Circular – Mobile Banking transactions in India – Operative Guidelines for Banks (Updated as on November 12, 2021)",,https://www.rbi.org.in/Scripts/BS_ViewMasCirculardetails.aspx?id=10509,https://www.rbi.org.in/Scripts/BS_ViewMasterCirculardetails.aspx,2026-05-30T10:42:47.559442+00:00
2015-07-01,"Master Circular on Appointment and Delisting of Brokers, and Payment of Brokerage on Relief/Savings Bonds",,https://www.rbi.org.in/Scripts/BS_ViewMasCirculardetails.aspx?id=9856,https://www.rbi.org.in/Scripts/BS_ViewMasterCirculardetails.aspx,2026-05-30T10:42:48.491537+00:00
2015-07-01,Master Circular on Nomination facility for Relief/Savings bonds,,https://www.rbi.org.in/Scripts/BS_ViewMasCirculardetails.aspx?id=9855,https://www.rbi.org.in/Scripts/BS_ViewMasterCirculardetails.aspx,2026-05-30T10:42:48.491537+00:00
2015-07-01,Master Circular- Management of Advances - UCBs,,https://www.rbi.org.in/Scripts/BS_ViewMasCirculardetails.aspx?id=9880,https://www.rbi.org.in/Scripts/BS_ViewMasterCirculardetails.aspx,2026-05-30T10:42:48.491537+00:00
2015-07-01,Master Circular- Exposure Norms and Statutory / Other Restrictions - UCBs,,https://www.rbi.org.in/Scripts/BS_ViewMasCirculardetails.aspx?id=9866,https://www.rbi.org.in/Scripts/BS_ViewMasterCirculardetails.aspx,2026-05-30T10:42:48.491537+00:00
2015-07-01,"Master Circular on Area of Operation, Branch Authorisation Policy, Opening/Up-gradation of Extension Counters, ATMs and Shifting/Splitting/Closure of Offices",,https://www.rbi.org.in/Scripts/BS_ViewMasCirculardetails.aspx?id=9864,https://www.rbi.org.in/Scripts/BS_ViewMasterCirculardetails.aspx,2026-05-30T10:42:48.491537+00:00
2015-07-01,Master Circular on Customer Service - UCBs,,https://www.rbi.org.in/Scripts/BS_ViewMasCirculardetails.aspx?id=9863,https://www.rbi.org.in/Scripts/BS_ViewMasterCirculardetails.aspx,2026-05-30T10:42:48.491537+00:00
2015-07-01,"Master Circular- Income Recognition, Asset Classification, Provisioning and Other Related Matters - UCBs",,https://www.rbi.org.in/Scripts/BS_ViewMasCirculardetails.aspx?id=9850,https://www.rbi.org.in/Scripts/BS_ViewMasterCirculardetails.aspx,2026-05-30T10:42:48.491537+00:00
2015-07-01,Master Circular on Investments by Primary (Urban) Co-operative Banks,,https://www.rbi.org.in/Scripts/BS_ViewMasCirculardetails.aspx?id=9849,https://www.rbi.org.in/Scripts/BS_ViewMasterCirculardetails.aspx,2026-05-30T10:42:48.491537+00:00
2015-07-01,Master Circular Interest Rates on Rupee Deposits – Primary (Urban) Co-operative Banks,,https://www.rbi.org.in/Scripts/BS_ViewMasCirculardetails.aspx?id=9839,https://www.rbi.org.in/Scripts/BS_ViewMasterCirculardetails.aspx,2026-05-30T10:42:48.491537+00:00
2015-07-01,Master Circular- Prudential Norms on Capital Adequacy - UCBs,,https://www.rbi.org.in/Scripts/BS_ViewMasCirculardetails.aspx?id=9816,https://www.rbi.org.in/Scripts/BS_ViewMasterCirculardetails.aspx,2026-05-30T10:42:48.491537+00:00
2015-07-01,Master Circular - Priority Sector Lending - UCBs,,https://www.rbi.org.in/Scripts/BS_ViewMasCirculardetails.aspx?id=9815,https://www.rbi.org.in/Scripts/BS_ViewMasterCirculardetails.aspx,2026-05-30T10:42:48.491537+00:00
2015-07-01,Master Circular- Finance for Housing Schemes - UCBs,,https://www.rbi.org.in/Scripts/BS_ViewMasCirculardetails.aspx?id=9814,https://www.rbi.org.in/Scripts/BS_ViewMasterCirculardetails.aspx,2026-05-30T10:42:48.491537+00:00
2015-07-01,"Master Circular- Guarantees, Co-Acceptances & Letters of Credit - UCBs",,https://www.rbi.org.in/Scripts/BS_ViewMasCirculardetails.aspx?id=9813,https://www.rbi.org.in/Scripts/BS_ViewMasterCirculardetails.aspx,2026-05-30T10:42:48.491537+00:00
2015-07-01,Master Circular on Maintenance of Deposit Accounts – Primary (Urban) Co-operative Banks,,https://www.rbi.org.in/Scripts/BS_ViewMasCirculardetails.aspx?id=9812,https://www.rbi.org.in/Scripts/BS_ViewMasterCirculardetails.aspx,2026-05-30T10:42:48.491537+00:00
2015-07-01,Master Circular on Maintenance of Statutory Reserves - Cash Reserve Ratio (CRR) and Statutory Liquidity Ratio (SLR) by Primary (Urban) Co-operative Banks,,https://www.rbi.org.in/Scripts/BS_ViewMasCirculardetails.aspx?id=9811,https://www.rbi.org.in/Scripts/BS_ViewMasterCirculardetails.aspx,2026-05-30T10:42:48.491537+00:00
2015-07-01,Master Circular on Inspection & Audit Systems in Primary (Urban) Co- operative Banks,,https://www.rbi.org.in/Scripts/BS_ViewMasCirculardetails.aspx?id=9810,https://www.rbi.org.in/Scripts/BS_ViewMasterCirculardetails.aspx,2026-05-30T10:42:48.491537+00:00
2015-07-01,Master Circular on Board of Directors - UCBs,,https://www.rbi.org.in/Scripts/BS_ViewMasCirculardetails.aspx?id=9809,https://www.rbi.org.in/Scripts/BS_ViewMasterCirculardetails.aspx,2026-05-30T10:42:48.491537+00:00
2015-07-01,Master Circular on Frauds - Classification and Reporting,,https://www.rbi.org.in/Scripts/BS_ViewMasCirculardetails.aspx?id=9808,https://www.rbi.org.in/Scripts/BS_ViewMasterCirculardetails.aspx,2026-05-30T10:42:48.491537+00:00
2015-07-01,"Master Circular - Prudential Norms for Classification, Valuation and Operation of Investment Portfolio by FIs",,https://www.rbi.org.in/Scripts/BS_ViewMasCirculardetails.aspx?id=9911,https://www.rbi.org.in/Scripts/BS_ViewMasterCirculardetails.aspx,2026-05-30T10:42:48.491537+00:00
2015-07-01,Master Circular - Disclosure Norms for Financial Institutions,,https://www.rbi.org.in/Scripts/BS_ViewMasCirculardetails.aspx?id=9910,https://www.rbi.org.in/Scripts/BS_ViewMasterCirculardetails.aspx,2026-05-30T10:42:48.491537+00:00
2015-07-01,Master Circular - Exposure Norms for Financial Institutions,,https://www.rbi.org.in/Scripts/BS_ViewMasCirculardetails.aspx?id=9909,https://www.rbi.org.in/Scripts/BS_ViewMasterCirculardetails.aspx,2026-05-30T10:42:48.491537+00:00
2015-07-01,"Master Circular - Prudential norms on Income Recognition, Asset Classification and Provisioning pertaining to Advances",,https://www.rbi.org.in/Scripts/BS_ViewMasCirculardetails.aspx?id=9908,https://www.rbi.org.in/Scripts/BS_ViewMasterCirculardetails.aspx,2026-05-30T10:42:48.491537+00:00
2015-07-01,Master Circular on Wilful Defaulters,,https://www.rbi.org.in/Scripts/BS_ViewMasCirculardetails.aspx?id=9907,https://www.rbi.org.in/Scripts/BS_ViewMasterCirculardetails.aspx,2026-05-30T10:42:48.491537+00:00
2015-07-01,Master Circular - Disclosure in Financial Statements - ‘Notes to Accounts’,,https://www.rbi.org.in/Scripts/BS_ViewMasCirculardetails.aspx?id=9906,https://www.rbi.org.in/Scripts/BS_ViewMasterCirculardetails.aspx,2026-05-30T10:42:48.491537+00:00
2015-07-01,Master Circular - Cash Reserve Ratio (CRR) and Statutory Liquidity Ratio (SLR),,https://www.rbi.org.in/Scripts/BS_ViewMasCirculardetails.aspx?id=9905,https://www.rbi.org.in/Scripts/BS_ViewMasterCirculardetails.aspx,2026-05-30T10:42:48.491537+00:00
2015-07-01,"Master Circular – Prudential Norms for Classification, Valuation and Operation of Investment Portfolio by Banks",,https://www.rbi.org.in/Scripts/BS_ViewMasCirculardetails.aspx?id=9904,https://www.rbi.org.in/Scripts/BS_ViewMasterCirculardetails.aspx,2026-05-30T10:42:48.491537+00:00
2015-07-01,Master Circular- Loans and Advances – Statutory and Other Restrictions,,https://www.rbi.org.in/Scripts/BS_ViewMasCirculardetails.aspx?id=9902,https://www.rbi.org.in/Scripts/BS_ViewMasterCirculardetails.aspx,2026-05-30T10:42:48.491537+00:00
2015-07-01,Master Circular - Prudential Norms on Capital Adequacy - Basel I Framework,,https://www.rbi.org.in/Scripts/BS_ViewMasCirculardetails.aspx?id=9894,https://www.rbi.org.in/Scripts/BS_ViewMasterCirculardetails.aspx,2026-05-30T10:42:48.491537+00:00
2015-07-01,Master Circular - Prudential Guidelines on Capital Adequacy and Market Discipline-New Capital Adequacy Framework (NCAF),,https://www.rbi.org.in/Scripts/BS_ViewMasCirculardetails.aspx?id=9893,https://www.rbi.org.in/Scripts/BS_ViewMasterCirculardetails.aspx,2026-05-30T10:42:48.491537+00:00
2015-07-01,Master Circular - Guarantees and Co-acceptances,,https://www.rbi.org.in/Scripts/BS_ViewMasCirculardetails.aspx?id=9879,https://www.rbi.org.in/Scripts/BS_ViewMasterCirculardetails.aspx,2026-05-30T10:42:48.491537+00:00
2015-07-01,Frauds – Classification and Reporting,,https://www.rbi.org.in/Scripts/BS_ViewMasCirculardetails.aspx?id=9878,https://www.rbi.org.in/Scripts/BS_ViewMasterCirculardetails.aspx,2026-05-30T10:42:48.491537+00:00
2015-07-01,Master Circular – Exposure Norms,,https://www.rbi.org.in/Scripts/BS_ViewMasCirculardetails.aspx?id=9875,https://www.rbi.org.in/Scripts/BS_ViewMasterCirculardetails.aspx,2026-05-30T10:42:48.491537+00:00
2015-07-01,Master Circular - Resource Raising Norms for Financial Institutions,,https://www.rbi.org.in/Scripts/BS_ViewMasCirculardetails.aspx?id=9874,https://www.rbi.org.in/Scripts/BS_ViewMasterCirculardetails.aspx,2026-05-30T10:42:48.491537+00:00
2015-07-01,"Master Circular on Interest Rates on Rupee Deposits held in Domestic, Ordinary Non-Resident (NRO) and Non-Resident (External) (NRE) Accounts",,https://www.rbi.org.in/Scripts/BS_ViewMasCirculardetails.aspx?id=9867,https://www.rbi.org.in/Scripts/BS_ViewMasterCirculardetails.aspx,2026-05-30T10:42:48.491537+00:00
2015-07-01,Master Circular on Customer Service in Banks,,https://www.rbi.org.in/Scripts/BS_ViewMasCirculardetails.aspx?id=9862,https://www.rbi.org.in/Scripts/BS_ViewMasterCirculardetails.aspx,2026-05-30T10:42:48.491537+00:00
2015-07-01,Master Circular – Basel III Capital Regulations,,https://www.rbi.org.in/Scripts/BS_ViewMasCirculardetails.aspx?id=9859,https://www.rbi.org.in/Scripts/BS_ViewMasterCirculardetails.aspx,2026-05-30T10:42:48.491537+00:00
2015-07-01,Master Circular- Rupee / Foreign Currency Export Credit and Customer Service To Exporters,,https://www.rbi.org.in/Scripts/BS_ViewMasCirculardetails.aspx?id=9852,https://www.rbi.org.in/Scripts/BS_ViewMasterCirculardetails.aspx,2026-05-30T10:42:48.491537+00:00
2015-07-01,Master Circular – Housing Finance,,https://www.rbi.org.in/Scripts/BS_ViewMasCirculardetails.aspx?id=9851,https://www.rbi.org.in/Scripts/BS_ViewMasterCirculardetails.aspx,2026-05-30T10:42:48.491537+00:00
2015-07-01,"Master Circular – Know Your Customer (KYC) norms / Anti-Money Laundering (AML) standards/Combating Financing of Terrorism (CFT)/Obligation of banks and financial institutions under PMLA, 2002",,https://www.rbi.org.in/Scripts/BS_ViewMasCirculardetails.aspx?id=9848,https://www.rbi.org.in/Scripts/BS_ViewMasterCirculardetails.aspx,2026-05-30T10:42:48.491537+00:00
2015-07-01,Master Circular on Interest Rates on Deposits held in FCNR (B) Accounts,,https://www.rbi.org.in/Scripts/BS_ViewMasCirculardetails.aspx?id=9846,https://www.rbi.org.in/Scripts/BS_ViewMasterCirculardetails.aspx,2026-05-30T10:42:48.491537+00:00
2015-07-01,Master Circular - Interest Rates on Advances,,https://www.rbi.org.in/Scripts/BS_ViewMasCirculardetails.aspx?id=9844,https://www.rbi.org.in/Scripts/BS_ViewMasterCirculardetails.aspx,2026-05-30T10:42:48.491537+00:00
2015-07-01,Master Circular - Bank Finance to Non-Banking Financial Companies (NBFCs),,https://www.rbi.org.in/Scripts/BS_ViewMasCirculardetails.aspx?id=9843,https://www.rbi.org.in/Scripts/BS_ViewMasterCirculardetails.aspx,2026-05-30T10:42:48.491537+00:00
2015-07-01,"Guidelines issued under Section 36(1)(a) of the Banking Regulation Act, 1949 - Implementation of the provisions of Foreign Contribution (Regulation) Act, 2010",,https://www.rbi.org.in/Scripts/BS_ViewMasCirculardetails.aspx?id=9842,https://www.rbi.org.in/Scripts/BS_ViewMasterCirculardetails.aspx,2026-05-30T10:42:48.491537+00:00
2015-07-01,"Master Circular on Credit Card, Debit Card and Rupee Denominated Co-branded Pre-paid Card Operations of Banks and Credit Card issuing NBFCs",,https://www.rbi.org.in/Scripts/BS_ViewMasCirculardetails.aspx?id=9838,https://www.rbi.org.in/Scripts/BS_ViewMasterCirculardetails.aspx,2026-05-30T10:42:48.491537+00:00
2015-07-01,Master Circular – Para-banking Activities,,https://www.rbi.org.in/Scripts/BS_ViewMasCirculardetails.aspx?id=9837,https://www.rbi.org.in/Scripts/BS_ViewMasterCirculardetails.aspx,2026-05-30T10:42:48.491537+00:00
2015-07-01,Master Circular on Branch Licensing,,https://www.rbi.org.in/Scripts/BS_ViewMasCirculardetails.aspx?id=9817,https://www.rbi.org.in/Scripts/BS_ViewMasterCirculardetails.aspx,2026-05-30T10:42:48.491537+00:00
2015-07-30,Master Circular - National Rural Livelihoods Mission (NRLM),,https://www.rbi.org.in/Scripts/BS_ViewMasCirculardetails.aspx?id=9968,https://www.rbi.org.in/Scripts/BS_ViewMasterCirculardetails.aspx,2026-05-30T10:42:48.491537+00:00
2015-07-30,Master Circular - National Urban Livelihoods Mission (NULM),,https://www.rbi.org.in/Scripts/BS_ViewMasCirculardetails.aspx?id=9967,https://www.rbi.org.in/Scripts/BS_ViewMasterCirculardetails.aspx,2026-05-30T10:42:48.491537+00:00
2015-07-01,"Master Circular - Lending to Micro, Small & Medium Enterprises (MSME) Sector",,https://www.rbi.org.in/Scripts/BS_ViewMasCirculardetails.aspx?id=9877,https://www.rbi.org.in/Scripts/BS_ViewMasterCirculardetails.aspx,2026-05-30T10:42:48.491537+00:00
2015-07-01,Master Circular - Guidelines for Relief Measures by banks in areas affected by Natural Calamities,,https://www.rbi.org.in/Scripts/BS_ViewMasCirculardetails.aspx?id=9870,https://www.rbi.org.in/Scripts/BS_ViewMasterCirculardetails.aspx,2026-05-30T10:42:48.491537+00:00
2015-07-01,Master Circular- Credit Facilities to Minority Communities,,https://www.rbi.org.in/Scripts/BS_ViewMasCirculardetails.aspx?id=9868,https://www.rbi.org.in/Scripts/BS_ViewMasterCirculardetails.aspx,2026-05-30T10:42:48.491537+00:00
2015-07-01,Master Circular - Credit facilities to Scheduled Castes (SCs) & Scheduled Tribes (STs),,https://www.rbi.org.in/Scripts/BS_ViewMasCirculardetails.aspx?id=9865,https://www.rbi.org.in/Scripts/BS_ViewMasterCirculardetails.aspx,2026-05-30T10:42:48.491537+00:00
2015-07-01,Master Circular - Priority Sector Lending- Targets and Classification,,https://www.rbi.org.in/Scripts/BS_ViewMasCirculardetails.aspx?id=9857,https://www.rbi.org.in/Scripts/BS_ViewMasterCirculardetails.aspx,2026-05-30T10:42:48.491537+00:00
2015-07-01,Master Circular - Lead Bank Scheme,,https://www.rbi.org.in/Scripts/BS_ViewMasCirculardetails.aspx?id=9853,https://www.rbi.org.in/Scripts/BS_ViewMasterCirculardetails.aspx,2026-05-30T10:42:48.491537+00:00
2015-07-01,Master Circular on SHG-Bank Linkage Programme,,https://www.rbi.org.in/Scripts/BS_ViewMasCirculardetails.aspx?id=9836,https://www.rbi.org.in/Scripts/BS_ViewMasterCirculardetails.aspx,2026-05-30T10:42:48.491537+00:00
2015-07-01,Master Circular on Risk Management and Inter-Bank Dealings,,https://www.rbi.org.in/Scripts/BS_ViewMasCirculardetails.aspx?id=9891,https://www.rbi.org.in/Scripts/BS_ViewMasterCirculardetails.aspx,2026-05-30T10:42:48.491537+00:00
2015-07-01,Master Circular - Guidelines for Issue of Certificates of Deposit,,https://www.rbi.org.in/Scripts/BS_ViewMasCirculardetails.aspx?id=9882,https://www.rbi.org.in/Scripts/BS_ViewMasterCirculardetails.aspx,2026-05-30T10:42:48.491537+00:00
2015-07-01,Master Circular - Guidelines for Issue of Commercial Paper,,https://www.rbi.org.in/Scripts/BS_ViewMasCirculardetails.aspx?id=9881,https://www.rbi.org.in/Scripts/BS_ViewMasterCirculardetails.aspx,2026-05-30T10:42:48.491537+00:00
2015-07-01,Master Circular on Call/Notice Money Market Operations,,https://www.rbi.org.in/Scripts/BS_ViewMasCirculardetails.aspx?id=9858,https://www.rbi.org.in/Scripts/BS_ViewMasterCirculardetails.aspx,2026-05-30T10:42:48.491537+00:00
2015-07-01,Master Circular – Detection and Impounding of Counterfeit Notes,,https://www.rbi.org.in/Scripts/BS_ViewMasCirculardetails.aspx?id=9860,https://www.rbi.org.in/Scripts/BS_ViewMasterCirculardetails.aspx,2026-05-30T10:42:48.491537+00:00
2015-07-01,Master Circular – Levy of Penal Interest for Delayed Reporting/Wrong Reporting/Non-Reporting of Currency Chest Transactions and Inclusion of Ineligible Amounts in Currency Chest Balances,,https://www.rbi.org.in/Scripts/BS_ViewMasCirculardetails.aspx?id=9854,https://www.rbi.org.in/Scripts/BS_ViewMasterCirculardetails.aspx,2026-05-30T10:42:48.491537+00:00
2015-07-01,Master Circular – Facility for Exchange of Notes and Coins,,https://www.rbi.org.in/Scripts/BS_ViewMasCirculardetails.aspx?id=9845,https://www.rbi.org.in/Scripts/BS_ViewMasterCirculardetails.aspx,2026-05-30T10:42:48.491537+00:00
2015-07-01,"Master Circular – 'Know Your Customer' (KYC) Guidelines – Anti Money Laundering Standards (AML) - 'Prevention of Money Laundering Act, 2002 - Obligations of NBFCs in terms of Rules notified thereunder’",,https://www.rbi.org.in/Scripts/BS_ViewMasCirculardetails.aspx?id=9914,https://www.rbi.org.in/Scripts/BS_ViewMasterCirculardetails.aspx,2026-05-30T10:42:48.491537+00:00
2015-07-01,Master Circular - Miscellaneous Instructions to all Non-Banking Financial Companies,,https://www.rbi.org.in/Scripts/BS_ViewMasCirculardetails.aspx?id=9913,https://www.rbi.org.in/Scripts/BS_ViewMasterCirculardetails.aspx,2026-05-30T10:42:48.491537+00:00
2015-07-01,"Notification as amended up to June 30, 2015 - The Securitisation Companies and Reconstruction Companies (Reserve Bank) Guidelines and Directions, 2003",,https://www.rbi.org.in/Scripts/BS_ViewMasCirculardetails.aspx?id=9901,https://www.rbi.org.in/Scripts/BS_ViewMasterCirculardetails.aspx,2026-05-30T10:42:48.491537+00:00
2015-07-01,Master Circular - Returns to be submitted by NBFCs,,https://www.rbi.org.in/Scripts/BS_ViewMasCirculardetails.aspx?id=9896,https://www.rbi.org.in/Scripts/BS_ViewMasterCirculardetails.aspx,2026-05-30T10:42:48.491537+00:00
2015-07-01,"Notification as Amended upto June 30, 2015 - Change in or Take Over of the Management of the Business of the Borrower by Securitisation Companies and Reconstruction Companies (Reserve Bank) Guidelines, 2010",,https://www.rbi.org.in/Scripts/BS_ViewMasCirculardetails.aspx?id=9888,https://www.rbi.org.in/Scripts/BS_ViewMasterCirculardetails.aspx,2026-05-30T10:42:48.491537+00:00
2015-07-01,"Notification as amended upto June 30, 2015 - ""Mortgage Guarantee Companies (Reserve Bank) Guidelines, 2008"" on Registration and Operations of Mortgage Guarantee Company",,https://www.rbi.org.in/Scripts/BS_ViewMasCirculardetails.aspx?id=9884,https://www.rbi.org.in/Scripts/BS_ViewMasterCirculardetails.aspx,2026-05-30T10:42:48.491537+00:00
2015-07-01,"Notification as Amended upto June 30, 2015 'Mortgage Guarantee Companies Investment (Reserve Bank) Directions, 2008'",,https://www.rbi.org.in/Scripts/BS_ViewMasCirculardetails.aspx?id=9876,https://www.rbi.org.in/Scripts/BS_ViewMasterCirculardetails.aspx,2026-05-30T10:42:48.491537+00:00
2015-07-01,"Notification as amended upto June 30, 2015 - ""Mortgage Guarantee Companies Prudential Norms (Reserve Bank) Directions, 2008""",,https://www.rbi.org.in/Scripts/BS_ViewMasCirculardetails.aspx?id=9871,https://www.rbi.org.in/Scripts/BS_ViewMasterCirculardetails.aspx,2026-05-30T10:42:48.491537+00:00
2015-07-01,Master Circulars- Miscellaneous Instructions to NBFC- ND-SI,,https://www.rbi.org.in/Scripts/BS_ViewMasCirculardetails.aspx?id=9835,https://www.rbi.org.in/Scripts/BS_ViewMasterCirculardetails.aspx,2026-05-30T10:42:48.491537+00:00
2015-07-01,"Master Circular – The Non-Banking Financial Company - Factors (Reserve Bank) Directions, 2012",,https://www.rbi.org.in/Scripts/BS_ViewMasCirculardetails.aspx?id=9834,https://www.rbi.org.in/Scripts/BS_ViewMasterCirculardetails.aspx,2026-05-30T10:42:48.491537+00:00
2015-07-01,Master Circular– Requirement for Obtaining Prior Approval of RBI in Cases of Acquisition / Transfer of Control of NBFCs,,https://www.rbi.org.in/Scripts/BS_ViewMasCirculardetails.aspx?id=9833,https://www.rbi.org.in/Scripts/BS_ViewMasterCirculardetails.aspx,2026-05-30T10:42:48.491537+00:00
2015-07-01,Master Circular– Regulatory Framework for Core Investment Companies (CICs),,https://www.rbi.org.in/Scripts/BS_ViewMasCirculardetails.aspx?id=9832,https://www.rbi.org.in/Scripts/BS_ViewMasterCirculardetails.aspx,2026-05-30T10:42:48.491537+00:00
2015-07-01,Master Circular – Opening of Branch/Subsidiary/Joint Venture/ Representative office or Undertaking Investment Abroad by NBFCs,,https://www.rbi.org.in/Scripts/BS_ViewMasCirculardetails.aspx?id=9831,https://www.rbi.org.in/Scripts/BS_ViewMasterCirculardetails.aspx,2026-05-30T10:42:48.491537+00:00
2015-07-01,"Master Circular – ""Non-Systemically Important Non-Banking Financial (Non-Deposit Accepting or Holding) Companies Prudential Norms (Reserve Bank) Directions, 2015""",,https://www.rbi.org.in/Scripts/BS_ViewMasCirculardetails.aspx?id=9830,https://www.rbi.org.in/Scripts/BS_ViewMasterCirculardetails.aspx,2026-05-30T10:42:48.491537+00:00
2015-07-01,"Master Circular – “Non-Banking Financial (Deposit Accepting or Holding) Companies Prudential Norms (Reserve Bank) Directions, 2007”",,https://www.rbi.org.in/Scripts/BS_ViewMasCirculardetails.aspx?id=9829,https://www.rbi.org.in/Scripts/BS_ViewMasterCirculardetails.aspx,2026-05-30T10:42:48.491537+00:00
2015-07-01,"Master Circular – “Non-Banking Financial Companies Acceptance of Public Deposits (Reserve Bank) Directions, 1998”",,https://www.rbi.org.in/Scripts/BS_ViewMasCirculardetails.aspx?id=9828,https://www.rbi.org.in/Scripts/BS_ViewMasterCirculardetails.aspx,2026-05-30T10:42:48.491537+00:00
2015-07-01,Master Circular- ‘Non-Banking Financial Company-Micro Finance Institutions’ (NBFC-MFIs) - Directions,,https://www.rbi.org.in/Scripts/BS_ViewMasCirculardetails.aspx?id=9827,https://www.rbi.org.in/Scripts/BS_ViewMasterCirculardetails.aspx,2026-05-30T10:42:48.491537+00:00
2015-07-01,"Master Circular – “Miscellaneous Non-Banking Companies (Reserve Bank) Directions, 1977”",,https://www.rbi.org.in/Scripts/BS_ViewMasCirculardetails.aspx?id=9826,https://www.rbi.org.in/Scripts/BS_ViewMasterCirculardetails.aspx,2026-05-30T10:42:48.491537+00:00
2015-07-01,"Master Circular – ""Infrastructure Debt Fund-Non-Banking Financial Companies (Reserve Bank) Directions, 2011""",,https://www.rbi.org.in/Scripts/BS_ViewMasCirculardetails.aspx?id=9825,https://www.rbi.org.in/Scripts/BS_ViewMasterCirculardetails.aspx,2026-05-30T10:42:48.491537+00:00
2015-07-01,Master Circular – Frauds –Future approach towards monitoring of frauds in NBFCs,,https://www.rbi.org.in/Scripts/BS_ViewMasCirculardetails.aspx?id=9824,https://www.rbi.org.in/Scripts/BS_ViewMasterCirculardetails.aspx,2026-05-30T10:42:48.491537+00:00
2015-07-01,Master Circular - Fair Practices Code,,https://www.rbi.org.in/Scripts/BS_ViewMasCirculardetails.aspx?id=9823,https://www.rbi.org.in/Scripts/BS_ViewMasterCirculardetails.aspx,2026-05-30T10:42:48.491537+00:00
2015-07-01,"Master Circular- Exemptions from the provisions of RBI Act, 1934",,https://www.rbi.org.in/Scripts/BS_ViewMasCirculardetails.aspx?id=9822,https://www.rbi.org.in/Scripts/BS_ViewMasterCirculardetails.aspx,2026-05-30T10:42:48.491537+00:00
2015-07-01,"Master Circular - Allied activities- Entry into insurance business, issue of credit card and marketing and distribution of certain products",,https://www.rbi.org.in/Scripts/BS_ViewMasCirculardetails.aspx?id=9821,https://www.rbi.org.in/Scripts/BS_ViewMasterCirculardetails.aspx,2026-05-30T10:42:48.491537+00:00
2015-07-01,"Master Circular – “Systemically Important Non-Banking Financial (Non-Deposit Accepting or Holding) Companies Prudential Norms (Reserve Bank) Directions, 2015”",,https://www.rbi.org.in/Scripts/BS_ViewMasCirculardetails.aspx?id=9820,https://www.rbi.org.in/Scripts/BS_ViewMasterCirculardetails.aspx,2026-05-30T10:42:48.491537+00:00
2015-07-01,"Master Circular – “Non-Banking Financial Companies – Corporate Governance (Reserve Bank) Directions, 2015”",,https://www.rbi.org.in/Scripts/BS_ViewMasCirculardetails.aspx?id=9819,https://www.rbi.org.in/Scripts/BS_ViewMasterCirculardetails.aspx,2026-05-30T10:42:48.491537+00:00
2015-07-01,"Master Circular – Non-Banking Financial Companies Auditor’s Report (Reserve Bank) Directions, 2008",,https://www.rbi.org.in/Scripts/BS_ViewMasCirculardetails.aspx?id=9818,https://www.rbi.org.in/Scripts/BS_ViewMasterCirculardetails.aspx,2026-05-30T10:42:48.491537+00:00
2015-07-01,Master Circular - Capital Adequacy Standards and Risk Management Guidelines for Standalone Primary Dealers,,https://www.rbi.org.in/Scripts/BS_ViewMasCirculardetails.aspx?id=9917,https://www.rbi.org.in/Scripts/BS_ViewMasterCirculardetails.aspx,2026-05-30T10:42:48.491537+00:00
2015-07-01,Master Circular – Prudential Guidelines for the Primary Dealers in Government Securities Market,,https://www.rbi.org.in/Scripts/BS_ViewMasCirculardetails.aspx?id=9912,https://www.rbi.org.in/Scripts/BS_ViewMasterCirculardetails.aspx,2026-05-30T10:42:48.491537+00:00
2015-07-01,Master Circular – Operational Guidelines for Primary Dealers,,https://www.rbi.org.in/Scripts/BS_ViewMasCirculardetails.aspx?id=9841,https://www.rbi.org.in/Scripts/BS_ViewMasterCirculardetails.aspx,2026-05-30T10:42:48.491537+00:00
2014-07-01,Master Circular on Nomination facility for Relief/Savings Bonds,,https://www.rbi.org.in/Scripts/BS_ViewMasCirculardetails.aspx?id=9036,https://www.rbi.org.in/Scripts/BS_ViewMasterCirculardetails.aspx,2026-05-30T10:42:49.443398+00:00
2014-07-01,Master Circular on Appointment & Delisting of Brokers and Payment of Brokerage on Relief/Savings Bonds,,https://www.rbi.org.in/Scripts/BS_ViewMasCirculardetails.aspx?id=9035,https://www.rbi.org.in/Scripts/BS_ViewMasterCirculardetails.aspx,2026-05-30T10:42:49.443398+00:00
2014-07-01,Master Circular on Maintenance of Statutory Reserves - Cash Reserve Ratio (CRR) and Statutory Liquidity Ratio (SLR) by Primary (Urban) Co-operative Banks,,https://www.rbi.org.in/Scripts/BS_ViewMasCirculardetails.aspx?id=9067,https://www.rbi.org.in/Scripts/BS_ViewMasterCirculardetails.aspx,2026-05-30T10:42:49.443398+00:00
2014-07-01,"Master Circular on Area of Operation, Branch Authorisation Policy, Opening/ Up-gradation of Extension Counters, ATMs and Shifting/Splitting/Closure of Offices",,https://www.rbi.org.in/Scripts/BS_ViewMasCirculardetails.aspx?id=9066,https://www.rbi.org.in/Scripts/BS_ViewMasterCirculardetails.aspx,2026-05-30T10:42:49.443398+00:00
2014-07-01,Master Circular on Investments by Primary (Urban) Co-operative Banks,,https://www.rbi.org.in/Scripts/BS_ViewMasCirculardetails.aspx?id=9065,https://www.rbi.org.in/Scripts/BS_ViewMasterCirculardetails.aspx,2026-05-30T10:42:49.443398+00:00
2014-07-01,"Master Circular- Income Recognition, Asset Classification, Provisioning and Other Related Matters - UCBs",,https://www.rbi.org.in/Scripts/BS_ViewMasCirculardetails.aspx?id=8996,https://www.rbi.org.in/Scripts/BS_ViewMasterCirculardetails.aspx,2026-05-30T10:42:49.443398+00:00
2014-07-01,Master Circular on Maintenance of Deposit Accounts – Primary (Urban) Co-operative Banks,,https://www.rbi.org.in/Scripts/BS_ViewMasCirculardetails.aspx?id=8984,https://www.rbi.org.in/Scripts/BS_ViewMasterCirculardetails.aspx,2026-05-30T10:42:49.443398+00:00
2014-07-01,Master Circular Interest Rates on Rupee Deposits – Primary (Urban) Co-operative Banks,,https://www.rbi.org.in/Scripts/BS_ViewMasCirculardetails.aspx?id=8983,https://www.rbi.org.in/Scripts/BS_ViewMasterCirculardetails.aspx,2026-05-30T10:42:49.443398+00:00
2014-07-01,"Master Circular on Know Your Customer (KYC) Norms/Anti-Money Laundering (AML) Measures/Combating of Financing of Terrorism (CFT) / Obligations of banks under Prevention of Money Laundering Act (PMLA), 2002",,https://www.rbi.org.in/Scripts/BS_ViewMasCirculardetails.aspx?id=8982,https://www.rbi.org.in/Scripts/BS_ViewMasterCirculardetails.aspx,2026-05-30T10:42:49.443398+00:00
2014-07-01,Master Circular on Customer Service - UCBs,,https://www.rbi.org.in/Scripts/BS_ViewMasCirculardetails.aspx?id=8981,https://www.rbi.org.in/Scripts/BS_ViewMasterCirculardetails.aspx,2026-05-30T10:42:49.443398+00:00
2014-07-01,Master Circular- Exposure Norms and Statutory / Other Restrictions - UCBs,,https://www.rbi.org.in/Scripts/BS_ViewMasCirculardetails.aspx?id=8980,https://www.rbi.org.in/Scripts/BS_ViewMasterCirculardetails.aspx,2026-05-30T10:42:49.443398+00:00
2014-07-01,"Master Circular- Guarantees, Co-Acceptances & Letters of Credit - UCBs",,https://www.rbi.org.in/Scripts/BS_ViewMasCirculardetails.aspx?id=8979,https://www.rbi.org.in/Scripts/BS_ViewMasterCirculardetails.aspx,2026-05-30T10:42:49.443398+00:00
2014-07-01,Master Circular - Priority Sector Lending - UCBs,,https://www.rbi.org.in/Scripts/BS_ViewMasCirculardetails.aspx?id=8978,https://www.rbi.org.in/Scripts/BS_ViewMasterCirculardetails.aspx,2026-05-30T10:42:49.443398+00:00
2014-07-01,Master Circular- Management of Advances - UCBs,,https://www.rbi.org.in/Scripts/BS_ViewMasCirculardetails.aspx?id=8977,https://www.rbi.org.in/Scripts/BS_ViewMasterCirculardetails.aspx,2026-05-30T10:42:49.443398+00:00
2014-07-01,Master Circular- Finance for Housing Schemes - UCBs,,https://www.rbi.org.in/Scripts/BS_ViewMasCirculardetails.aspx?id=8976,https://www.rbi.org.in/Scripts/BS_ViewMasterCirculardetails.aspx,2026-05-30T10:42:49.443398+00:00
2014-07-01,Master Circular - Prudential Norms on Capital Adequacy - UCBs,,https://www.rbi.org.in/Scripts/BS_ViewMasCirculardetails.aspx?id=8975,https://www.rbi.org.in/Scripts/BS_ViewMasterCirculardetails.aspx,2026-05-30T10:42:49.443398+00:00
2014-07-01,Master Circular on Inspection & Audit Systems in Primary (Urban) Co-operative Banks,,https://www.rbi.org.in/Scripts/BS_ViewMasCirculardetails.aspx?id=8974,https://www.rbi.org.in/Scripts/BS_ViewMasterCirculardetails.aspx,2026-05-30T10:42:49.443398+00:00
2014-07-01,Master Circular on Board of Directors - UCBs,,https://www.rbi.org.in/Scripts/BS_ViewMasCirculardetails.aspx?id=8973,https://www.rbi.org.in/Scripts/BS_ViewMasterCirculardetails.aspx,2026-05-30T10:42:49.443398+00:00
2014-07-01,Master Circular on Frauds - Classification and Reporting,,https://www.rbi.org.in/Scripts/BS_ViewMasCirculardetails.aspx?id=8972,https://www.rbi.org.in/Scripts/BS_ViewMasterCirculardetails.aspx,2026-05-30T10:42:49.443398+00:00
2015-01-07,Master Circular on Wilful Defaulters,,https://www.rbi.org.in/Scripts/BS_ViewMasCirculardetails.aspx?id=9044,https://www.rbi.org.in/Scripts/BS_ViewMasterCirculardetails.aspx,2026-05-30T10:42:49.443398+00:00
2014-07-01,Master Circular- Credit Facilities to Minority Communities,,https://www.rbi.org.in/Scripts/BS_ViewMasCirculardetails.aspx?id=9385,https://www.rbi.org.in/Scripts/BS_ViewMasterCirculardetails.aspx,2026-05-30T10:42:49.443398+00:00
2014-07-01,Master Circular – Lead Bank Scheme,,https://www.rbi.org.in/Scripts/BS_ViewMasCirculardetails.aspx?id=9077,https://www.rbi.org.in/Scripts/BS_ViewMasterCirculardetails.aspx,2026-05-30T10:42:49.443398+00:00
2014-07-01,"RRBs/StCBs/CCBs Master Circular – Know Your Customer (KYC) norms / Anti-Money Laundering (AML) standards / Combating of Financing of Terrorism (CFT) / Obligation of Banks under PMLA, 2002",,https://www.rbi.org.in/Scripts/BS_ViewMasCirculardetails.aspx?id=9074,https://www.rbi.org.in/Scripts/BS_ViewMasterCirculardetails.aspx,2026-05-30T10:42:49.443398+00:00
2014-07-01,"Master Circular - Prudential Norms for Classification, Valuation and Operation of Investment Portfolio by FIs",,https://www.rbi.org.in/Scripts/BS_ViewMasCirculardetails.aspx?id=9072,https://www.rbi.org.in/Scripts/BS_ViewMasterCirculardetails.aspx,2026-05-30T10:42:49.443398+00:00
2014-07-01,RRBs - Master Circular on Branch Licensing,,https://www.rbi.org.in/Scripts/BS_ViewMasCirculardetails.aspx?id=9064,https://www.rbi.org.in/Scripts/BS_ViewMasterCirculardetails.aspx,2026-05-30T10:42:49.443398+00:00
2014-07-01,Master Circular on SHG-Bank Linkage Programme,,https://www.rbi.org.in/Scripts/BS_ViewMasCirculardetails.aspx?id=9063,https://www.rbi.org.in/Scripts/BS_ViewMasterCirculardetails.aspx,2026-05-30T10:42:49.443398+00:00
2014-07-01,Frauds – Classification and Reporting,,https://www.rbi.org.in/Scripts/BS_ViewMasCirculardetails.aspx?id=9062,https://www.rbi.org.in/Scripts/BS_ViewMasterCirculardetails.aspx,2026-05-30T10:42:49.443398+00:00
2014-07-01,Master Circular – Exposure Norms,,https://www.rbi.org.in/Scripts/BS_ViewMasCirculardetails.aspx?id=9060,https://www.rbi.org.in/Scripts/BS_ViewMasterCirculardetails.aspx,2026-05-30T10:42:49.443398+00:00
2014-07-01,"Master Circular on Interest Rates on Rupee Deposits held in Domestic, Ordinary Non-Resident (NRO) and Non-Resident (External) (NRE) Accounts",,https://www.rbi.org.in/Scripts/BS_ViewMasCirculardetails.aspx?id=9059,https://www.rbi.org.in/Scripts/BS_ViewMasterCirculardetails.aspx,2026-05-30T10:42:49.443398+00:00
2014-07-01,Master Circular - Guidelines for Relief Measures by Banks in Areas Affected by Natural Calamities,,https://www.rbi.org.in/Scripts/BS_ViewMasCirculardetails.aspx?id=9058,https://www.rbi.org.in/Scripts/BS_ViewMasterCirculardetails.aspx,2026-05-30T10:42:49.443398+00:00
2014-07-01,Master Circular - Disclosure in Financial Statements - Notes to Accounts,,https://www.rbi.org.in/Scripts/BS_ViewMasCirculardetails.aspx?id=9057,https://www.rbi.org.in/Scripts/BS_ViewMasterCirculardetails.aspx,2026-05-30T10:42:49.443398+00:00
2014-07-01,Master Circular - Guarantees and Co-acceptances,,https://www.rbi.org.in/Scripts/BS_ViewMasCirculardetails.aspx?id=9054,https://www.rbi.org.in/Scripts/BS_ViewMasterCirculardetails.aspx,2026-05-30T10:42:49.443398+00:00
2014-07-01,Master Circular - Credit facilities to Scheduled Castes (SCs) & Scheduled Tribes (STs),,https://www.rbi.org.in/Scripts/BS_ViewMasCirculardetails.aspx?id=9052,https://www.rbi.org.in/Scripts/BS_ViewMasterCirculardetails.aspx,2026-05-30T10:42:49.443398+00:00
2014-07-01,Master Circular - Cash Reserve Ratio (CRR) and Statutory Liquidity Ratio (SLR),,https://www.rbi.org.in/Scripts/BS_ViewMasCirculardetails.aspx?id=9051,https://www.rbi.org.in/Scripts/BS_ViewMasterCirculardetails.aspx,2026-05-30T10:42:49.443398+00:00
2014-07-01,Master Circular - Disclosure Norms for Financial Institutions,,https://www.rbi.org.in/Scripts/BS_ViewMasCirculardetails.aspx?id=9049,https://www.rbi.org.in/Scripts/BS_ViewMasterCirculardetails.aspx,2026-05-30T10:42:49.443398+00:00
2014-07-01,Master Circular – Housing Finance,,https://www.rbi.org.in/Scripts/BS_ViewMasCirculardetails.aspx?id=9048,https://www.rbi.org.in/Scripts/BS_ViewMasterCirculardetails.aspx,2026-05-30T10:42:49.443398+00:00
2014-07-01,Master Circular on Export Credit Refinance Facility,,https://www.rbi.org.in/Scripts/BS_ViewMasCirculardetails.aspx?id=9047,https://www.rbi.org.in/Scripts/BS_ViewMasterCirculardetails.aspx,2026-05-30T10:42:49.443398+00:00
2014-07-01,Master Circular - Priority Sector Lending-Targets and Classification,,https://www.rbi.org.in/Scripts/BS_ViewMasCirculardetails.aspx?id=9046,https://www.rbi.org.in/Scripts/BS_ViewMasterCirculardetails.aspx,2026-05-30T10:42:49.443398+00:00
2014-07-01,Master Circular - Resource Raising Norms for Financial Institutions,,https://www.rbi.org.in/Scripts/BS_ViewMasCirculardetails.aspx?id=9045,https://www.rbi.org.in/Scripts/BS_ViewMasterCirculardetails.aspx,2026-05-30T10:42:49.443398+00:00
2014-07-01,Master Circular - Interest Rates on Advances,,https://www.rbi.org.in/Scripts/BS_ViewMasCirculardetails.aspx?id=9043,https://www.rbi.org.in/Scripts/BS_ViewMasterCirculardetails.aspx,2026-05-30T10:42:49.443398+00:00
2014-07-01,"Master Circular – Know Your Customer (KYC) norms / Anti-Money Laundering (AML) standards/Combating of Financing of Terrorism (CFT)/Obligation of banks under PMLA, 2002",,https://www.rbi.org.in/Scripts/BS_ViewMasCirculardetails.aspx?id=9031,https://www.rbi.org.in/Scripts/BS_ViewMasterCirculardetails.aspx,2026-05-30T10:42:49.443398+00:00
2014-07-01,Master Circular - Rupee / Foreign Currency Export Credit and Customer Service To Exporters,,https://www.rbi.org.in/Scripts/BS_ViewMasCirculardetails.aspx?id=9030,https://www.rbi.org.in/Scripts/BS_ViewMasterCirculardetails.aspx,2026-05-30T10:42:49.443398+00:00
2014-07-01,Master Circular - Exposure Norms for Financial Institutions,,https://www.rbi.org.in/Scripts/BS_ViewMasCirculardetails.aspx?id=9028,https://www.rbi.org.in/Scripts/BS_ViewMasterCirculardetails.aspx,2026-05-30T10:42:49.443398+00:00
2014-07-01,"Master Circular – Prudential Norms for Classification, Valuation and Operation of Investment Portfolio by Banks",,https://www.rbi.org.in/Scripts/BS_ViewMasCirculardetails.aspx?id=9027,https://www.rbi.org.in/Scripts/BS_ViewMasterCirculardetails.aspx,2026-05-30T10:42:49.443398+00:00
2014-07-01,Master Circular - Loans and Advances – Statutory and Other Restrictions,,https://www.rbi.org.in/Scripts/BS_ViewMasCirculardetails.aspx?id=9024,https://www.rbi.org.in/Scripts/BS_ViewMasterCirculardetails.aspx,2026-05-30T10:42:49.443398+00:00
2014-07-01,Master Circular - Prudential Guidelines on Capital Adequacy and Market Discipline - New Capital Adequacy Framework (NCAF),,https://www.rbi.org.in/Scripts/BS_ViewMasCirculardetails.aspx?id=9021,https://www.rbi.org.in/Scripts/BS_ViewMasterCirculardetails.aspx,2026-05-30T10:42:49.443398+00:00
2014-07-01,RRBs - Master Circular on Priority Sector Lending,,https://www.rbi.org.in/Scripts/BS_ViewMasCirculardetails.aspx?id=9020,https://www.rbi.org.in/Scripts/BS_ViewMasterCirculardetails.aspx,2026-05-30T10:42:49.443398+00:00
2014-07-01,"Master Circular - Lending to Micro, Small & Medium Enterprises (MSME) Sector",,https://www.rbi.org.in/Scripts/BS_ViewMasCirculardetails.aspx?id=9018,https://www.rbi.org.in/Scripts/BS_ViewMasterCirculardetails.aspx,2026-05-30T10:42:49.443398+00:00
2014-07-01,Master Circular of Instructions Relating to Deposits held in FCNR(B) Accounts,,https://www.rbi.org.in/Scripts/BS_ViewMasCirculardetails.aspx?id=9016,https://www.rbi.org.in/Scripts/BS_ViewMasterCirculardetails.aspx,2026-05-30T10:42:49.443398+00:00
2014-07-01,Master Circular – Basel III Capital Regulations,,https://www.rbi.org.in/Scripts/BS_ViewMasCirculardetails.aspx?id=9015,https://www.rbi.org.in/Scripts/BS_ViewMasterCirculardetails.aspx,2026-05-30T10:42:49.443398+00:00
2014-07-01,Master Circular on Branch Authorisation,,https://www.rbi.org.in/Scripts/BS_ViewMasCirculardetails.aspx?id=9014,https://www.rbi.org.in/Scripts/BS_ViewMasterCirculardetails.aspx,2026-05-30T10:42:49.443398+00:00
2014-07-01,"Guidelines issued under Section 36(1)(a) of the Banking Regulation Act, 1949 - Implementation of the provisions of Foreign Contribution (Regulation) Act, 2010",,https://www.rbi.org.in/Scripts/BS_ViewMasCirculardetails.aspx?id=9013,https://www.rbi.org.in/Scripts/BS_ViewMasterCirculardetails.aspx,2026-05-30T10:42:49.443398+00:00
2014-07-01,Master Circular - Prudential Norms on Capital Adequacy - Basel I Framework,,https://www.rbi.org.in/Scripts/BS_ViewMasCirculardetails.aspx?id=9011,https://www.rbi.org.in/Scripts/BS_ViewMasterCirculardetails.aspx,2026-05-30T10:42:49.443398+00:00
2014-07-01,"Master Circular - Prudential norms on Income Recognition, Asset Classification and Provisioning pertaining to Advances",,https://www.rbi.org.in/Scripts/BS_ViewMasCirculardetails.aspx?id=9009,https://www.rbi.org.in/Scripts/BS_ViewMasterCirculardetails.aspx,2026-05-30T10:42:49.443398+00:00
2014-07-01,Master Circular on Customer Service in Banks,,https://www.rbi.org.in/Scripts/BS_ViewMasCirculardetails.aspx?id=9008,https://www.rbi.org.in/Scripts/BS_ViewMasterCirculardetails.aspx,2026-05-30T10:42:49.443398+00:00
2014-07-01,Master Circular – Para-banking Activities,,https://www.rbi.org.in/Scripts/BS_ViewMasCirculardetails.aspx?id=9002,https://www.rbi.org.in/Scripts/BS_ViewMasterCirculardetails.aspx,2026-05-30T10:42:49.443398+00:00
2014-07-01,"Master Circular on Credit Card, Debit Card and Rupee Denominated Cobranded Prepaid Card operations of banks",,https://www.rbi.org.in/Scripts/BS_ViewMasCirculardetails.aspx?id=8998,https://www.rbi.org.in/Scripts/BS_ViewMasterCirculardetails.aspx,2026-05-30T10:42:49.443398+00:00
2014-07-01,Master Circular - Bank Finance to Non-Banking Financial Companies (NBFCs),,https://www.rbi.org.in/Scripts/BS_ViewMasCirculardetails.aspx?id=8994,https://www.rbi.org.in/Scripts/BS_ViewMasterCirculardetails.aspx,2026-05-30T10:42:49.443398+00:00
2014-07-01,Master Circular - Guidelines for Issue of Commercial Paper,,https://www.rbi.org.in/Scripts/BS_ViewMasCirculardetails.aspx?id=9034,https://www.rbi.org.in/Scripts/BS_ViewMasterCirculardetails.aspx,2026-05-30T10:42:49.443398+00:00
2014-07-01,Master Circular - Guidelines for Issue of Certificates of Deposit,,https://www.rbi.org.in/Scripts/BS_ViewMasCirculardetails.aspx?id=9033,https://www.rbi.org.in/Scripts/BS_ViewMasterCirculardetails.aspx,2026-05-30T10:42:49.443398+00:00
2014-07-01,Master Circular on Call / Notice Money Market Operations,,https://www.rbi.org.in/Scripts/BS_ViewMasCirculardetails.aspx?id=9023,https://www.rbi.org.in/Scripts/BS_ViewMasterCirculardetails.aspx,2026-05-30T10:42:49.443398+00:00
2014-07-01,Master Circular on Risk Management and Inter-Bank Dealings,,https://www.rbi.org.in/Scripts/BS_ViewMasCirculardetails.aspx?id=9025,https://www.rbi.org.in/Scripts/BS_ViewMasterCirculardetails.aspx,2026-05-30T10:42:49.443398+00:00
2014-07-01,Master Circular – Facility for Exchange of Notes and Coins,,https://www.rbi.org.in/Scripts/BS_ViewMasCirculardetails.aspx?id=8991,https://www.rbi.org.in/Scripts/BS_ViewMasterCirculardetails.aspx,2026-05-30T10:42:49.443398+00:00
2014-07-01,Master Circular – Levy of Penal Interest for delayed Reporting/Wrong Reporting/Non-Reporting of Currency Chest Transactions and Inclusion of Ineligible Amounts in Currency Chest Balances,,https://www.rbi.org.in/Scripts/BS_ViewMasCirculardetails.aspx?id=8990,https://www.rbi.org.in/Scripts/BS_ViewMasterCirculardetails.aspx,2026-05-30T10:42:49.443398+00:00
2014-07-01,Master Circular – Detection and Impounding of Counterfeit Notes,,https://www.rbi.org.in/Scripts/BS_ViewMasCirculardetails.aspx?id=8989,https://www.rbi.org.in/Scripts/BS_ViewMasterCirculardetails.aspx,2026-05-30T10:42:49.443398+00:00
2014-07-01,Master Circular – Scheme of Incentives and Penalties for bank branches based on performance in rendering customer service to the members of public,,https://www.rbi.org.in/Scripts/BS_ViewMasCirculardetails.aspx?id=8988,https://www.rbi.org.in/Scripts/BS_ViewMasterCirculardetails.aspx,2026-05-30T10:42:49.443398+00:00
2015-06-11,"Master Circular – ""Infrastructure Debt Fund-Non-Banking Financial Companies (Reserve Bank) Directions, 2011""",,https://www.rbi.org.in/Scripts/BS_ViewMasCirculardetails.aspx?id=9776,https://www.rbi.org.in/Scripts/BS_ViewMasterCirculardetails.aspx,2026-05-30T10:42:49.443398+00:00
2015-06-11,"Master Circular – “Non-Banking Financial Companies – Corporate Governance (Reserve Bank) Directions, 2015”",,https://www.rbi.org.in/Scripts/BS_ViewMasCirculardetails.aspx?id=9775,https://www.rbi.org.in/Scripts/BS_ViewMasterCirculardetails.aspx,2026-05-30T10:42:49.443398+00:00
2015-06-11,"Master Circular – “Systemically Important Non-Banking Financial (Non-Deposit Accepting or Holding) Companies Prudential Norms (Reserve Bank) Directions, 2015”",,https://www.rbi.org.in/Scripts/BS_ViewMasCirculardetails.aspx?id=9774,https://www.rbi.org.in/Scripts/BS_ViewMasterCirculardetails.aspx,2026-05-30T10:42:49.443398+00:00
2015-06-11,"Master Circular – ""Non-Systemically Important Non-Banking Financial (Non-Deposit Accepting or Holding) Companies Prudential Norms (Reserve Bank) Directions, 2015""",,https://www.rbi.org.in/Scripts/BS_ViewMasCirculardetails.aspx?id=9773,https://www.rbi.org.in/Scripts/BS_ViewMasterCirculardetails.aspx,2026-05-30T10:42:49.443398+00:00
2014-07-01,"Master Circular – “Non-Banking Financial (Non - Deposit Accepting or Holding) Companies Prudential Norms (Reserve Bank) Directions, 2007”",,https://www.rbi.org.in/Scripts/BS_ViewMasCirculardetails.aspx?id=9082,https://www.rbi.org.in/Scripts/BS_ViewMasterCirculardetails.aspx,2026-05-30T10:42:49.443398+00:00
2014-07-01,"Master Circular – 'Know Your Customer' (KYC) Guidelines – Anti Money Laundering Standards (AML) -'Prevention of Money Laundering Act, 2002 - Obligations of NBFCs in terms of Rules notified thereunder’",,https://www.rbi.org.in/Scripts/BS_ViewMasCirculardetails.aspx?id=9081,https://www.rbi.org.in/Scripts/BS_ViewMasterCirculardetails.aspx,2026-05-30T10:42:49.443398+00:00
2014-07-01,"Master Circular – “Non-Banking Financial (Deposit Accepting or Holding) Companies Prudential Norms (Reserve Bank) Directions, 2007”",,https://www.rbi.org.in/Scripts/BS_ViewMasCirculardetails.aspx?id=9080,https://www.rbi.org.in/Scripts/BS_ViewMasterCirculardetails.aspx,2026-05-30T10:42:49.443398+00:00
2014-07-01,"Master Circular – “Non-Banking Financial Companies Acceptance of Public Deposits (Reserve Bank) Directions, 1998”",,https://www.rbi.org.in/Scripts/BS_ViewMasCirculardetails.aspx?id=9079,https://www.rbi.org.in/Scripts/BS_ViewMasterCirculardetails.aspx,2026-05-30T10:42:49.443398+00:00
2014-07-01,Master Circulars - Miscellaneous Instructions to all Non-Banking Financial Companies,,https://www.rbi.org.in/Scripts/BS_ViewMasCirculardetails.aspx?id=9078,https://www.rbi.org.in/Scripts/BS_ViewMasterCirculardetails.aspx,2026-05-30T10:42:49.443398+00:00
2014-07-01,Master Circular – Frauds – Future approach towards monitoring of frauds in NBFCs,,https://www.rbi.org.in/Scripts/BS_ViewMasCirculardetails.aspx?id=9068,https://www.rbi.org.in/Scripts/BS_ViewMasterCirculardetails.aspx,2026-05-30T10:42:49.443398+00:00
2014-07-01,"Notification as amended upto June 30, 2014 – “Miscellaneous Non-Banking Companies (Reserve Bank) Directions, 1977”",,https://www.rbi.org.in/Scripts/BS_ViewMasCirculardetails.aspx?id=9055,https://www.rbi.org.in/Scripts/BS_ViewMasterCirculardetails.aspx,2026-05-30T10:42:49.443398+00:00
2014-07-01,"Notification as amended upto June 30, 2013 - The Securitisation Companies and Reconstruction Companies (Reserve Bank) Guidelines and Directions, 2003",,https://www.rbi.org.in/Scripts/BS_ViewMasCirculardetails.aspx?id=9042,https://www.rbi.org.in/Scripts/BS_ViewMasterCirculardetails.aspx,2026-05-30T10:42:49.443398+00:00
2014-07-01,"Notification as amended upto June 30, 2014 - ""Mortgage Guarantee Companies (Reserve Bank) Guidelines, 2008""",,https://www.rbi.org.in/Scripts/BS_ViewMasCirculardetails.aspx?id=9038,https://www.rbi.org.in/Scripts/BS_ViewMasterCirculardetails.aspx,2026-05-30T10:42:49.443398+00:00
2014-07-01,"Notification as amended upto June 30, 2014 - ""Mortgage Guarantee Companies Prudential Norms (Reserve Bank) Directions, 2008""",,https://www.rbi.org.in/Scripts/BS_ViewMasCirculardetails.aspx?id=9029,https://www.rbi.org.in/Scripts/BS_ViewMasterCirculardetails.aspx,2026-05-30T10:42:49.443398+00:00
2014-07-01,"Notification as Amended upto June 30, 2014 'Mortgage Guarantee Companies Investment (Reserve Bank) Directions, 2008'",,https://www.rbi.org.in/Scripts/BS_ViewMasCirculardetails.aspx?id=9026,https://www.rbi.org.in/Scripts/BS_ViewMasterCirculardetails.aspx,2026-05-30T10:42:49.443398+00:00
2014-07-01,"Notification as Amended upto June 30, 2014 - Change in or Take Over of the Management of the Business of the Borrower by Securitisation Companies and Reconstruction Companies (Reserve Bank) Guidelines, 2010",,https://www.rbi.org.in/Scripts/BS_ViewMasCirculardetails.aspx?id=9022,https://www.rbi.org.in/Scripts/BS_ViewMasterCirculardetails.aspx,2026-05-30T10:42:49.443398+00:00
2014-07-01,Master Circular – Requirement for Obtaining Prior Approval of RBI in Cases of Acquisition / Transfer of Control of NBFCs,,https://www.rbi.org.in/Scripts/BS_ViewMasCirculardetails.aspx?id=9017,https://www.rbi.org.in/Scripts/BS_ViewMasterCirculardetails.aspx,2026-05-30T10:42:49.443398+00:00
2014-07-01,Master Circular - ‘Non Banking Financial Company-Micro Finance Institutions’ (NBFC-MFIs) - Directions,,https://www.rbi.org.in/Scripts/BS_ViewMasCirculardetails.aspx?id=9012,https://www.rbi.org.in/Scripts/BS_ViewMasterCirculardetails.aspx,2026-05-30T10:42:49.443398+00:00
2014-07-01,Master Circular– Regulatory Framework for Core Investment Companies (CICs),,https://www.rbi.org.in/Scripts/BS_ViewMasCirculardetails.aspx?id=9010,https://www.rbi.org.in/Scripts/BS_ViewMasterCirculardetails.aspx,2026-05-30T10:42:49.443398+00:00
2014-07-01,Master Circular – Opening of Branch/Subsidiary/Joint Venture/ Representative office or Undertaking Investment Abroad by NBFCs,,https://www.rbi.org.in/Scripts/BS_ViewMasCirculardetails.aspx?id=9007,https://www.rbi.org.in/Scripts/BS_ViewMasterCirculardetails.aspx,2026-05-30T10:42:49.443398+00:00
2014-07-01,Master Circulars - Miscellaneous Instructions to NBFC- ND-SI,,https://www.rbi.org.in/Scripts/BS_ViewMasCirculardetails.aspx?id=9005,https://www.rbi.org.in/Scripts/BS_ViewMasterCirculardetails.aspx,2026-05-30T10:42:49.443398+00:00
2014-07-01,"Master Circular- Exemptions from the provisions of RBI Act, 1934",,https://www.rbi.org.in/Scripts/BS_ViewMasCirculardetails.aspx?id=9003,https://www.rbi.org.in/Scripts/BS_ViewMasterCirculardetails.aspx,2026-05-30T10:42:49.443398+00:00
2014-07-01,Master Circular - Returns to be submitted by NBFCs,,https://www.rbi.org.in/Scripts/BS_ViewMasCirculardetails.aspx?id=9001,https://www.rbi.org.in/Scripts/BS_ViewMasterCirculardetails.aspx,2026-05-30T10:42:49.443398+00:00
2014-07-01,"Master Circular – “Non-Banking Financial Companies Auditor’s Report (Reserve Bank) Directions, 2008.”",,https://www.rbi.org.in/Scripts/BS_ViewMasCirculardetails.aspx?id=9000,https://www.rbi.org.in/Scripts/BS_ViewMasterCirculardetails.aspx,2026-05-30T10:42:49.443398+00:00
2014-07-01,"Master Circular - Allied activities - Entry into insurance business, issue of credit card and marketing and distribution of certain products",,https://www.rbi.org.in/Scripts/BS_ViewMasCirculardetails.aspx?id=8995,https://www.rbi.org.in/Scripts/BS_ViewMasterCirculardetails.aspx,2026-05-30T10:42:49.443398+00:00
2014-07-01,Master Circular –Corporate Governance,,https://www.rbi.org.in/Scripts/BS_ViewMasCirculardetails.aspx?id=8987,https://www.rbi.org.in/Scripts/BS_ViewMasterCirculardetails.aspx,2026-05-30T10:42:49.443398+00:00
2014-07-01,Master Circular - Fair Practices Code,,https://www.rbi.org.in/Scripts/BS_ViewMasCirculardetails.aspx?id=8986,https://www.rbi.org.in/Scripts/BS_ViewMasterCirculardetails.aspx,2026-05-30T10:42:49.443398+00:00
2014-07-01,"Master Circular – The Non-Banking Financial Company - Factors (Reserve Bank) Directions, 2012",,https://www.rbi.org.in/Scripts/BS_ViewMasCirculardetails.aspx?id=8985,https://www.rbi.org.in/Scripts/BS_ViewMasterCirculardetails.aspx,2026-05-30T10:42:49.443398+00:00
2014-07-01,Master Circular – Operational Guidelines to Primary Dealers,,https://www.rbi.org.in/Scripts/BS_ViewMasCirculardetails.aspx?id=9076,https://www.rbi.org.in/Scripts/BS_ViewMasterCirculardetails.aspx,2026-05-30T10:42:49.443398+00:00
2014-07-01,Master Circular- Capital Adequacy Standards and Risk Management Guidelines for Standalone Primary Dealers,,https://www.rbi.org.in/Scripts/BS_ViewMasCirculardetails.aspx?id=9073,https://www.rbi.org.in/Scripts/BS_ViewMasterCirculardetails.aspx,2026-05-30T10:42:49.443398+00:00
2013-07-01,Master Circular on Nomination facility for Relief/Savings Bonds,,https://www.rbi.org.in/Scripts/BS_ViewMasCirculardetails.aspx?id=8139,https://www.rbi.org.in/Scripts/BS_ViewMasterCirculardetails.aspx,2026-05-30T10:42:50.351639+00:00
2013-07-01,Master Circular on Appointment and Delisting of Brokers and Payment of Brokerage on Relief/Savings Bonds,,https://www.rbi.org.in/Scripts/BS_ViewMasCirculardetails.aspx?id=8138,https://www.rbi.org.in/Scripts/BS_ViewMasterCirculardetails.aspx,2026-05-30T10:42:50.351639+00:00
2013-07-01,Master Circular on Inspection and Audit Systems in Primary (Urban) Co-operative Banks,,https://www.rbi.org.in/Scripts/BS_ViewMasCirculardetails.aspx?id=8143,https://www.rbi.org.in/Scripts/BS_ViewMasterCirculardetails.aspx,2026-05-30T10:42:50.351639+00:00
2013-07-01,"Master Circular on Know Your Customer (KYC) Norms/Anti-Money Laundering (AML) Measures/Combating of Financing of Terrorism (CFT) / Obligations of banks under Prevention of Money Laundering Act (PMLA), 2002",,https://www.rbi.org.in/Scripts/BS_ViewMasCirculardetails.aspx?id=8127,https://www.rbi.org.in/Scripts/BS_ViewMasterCirculardetails.aspx,2026-05-30T10:42:50.351639+00:00
2013-07-01,Master Circular on Maintenance of Statutory Reserves- Cash Reserve Ratio (CRR) and Statutory Liquidity Ratio (SLR) by Primary (Urban) Co-operative Banks,,https://www.rbi.org.in/Scripts/BS_ViewMasCirculardetails.aspx?id=8126,https://www.rbi.org.in/Scripts/BS_ViewMasterCirculardetails.aspx,2026-05-30T10:42:50.351639+00:00
2013-07-01,Master Circular on Maintenance of Deposit Accounts – Primary (Urban) Co-operative Banks,,https://www.rbi.org.in/Scripts/BS_ViewMasCirculardetails.aspx?id=8125,https://www.rbi.org.in/Scripts/BS_ViewMasterCirculardetails.aspx,2026-05-30T10:42:50.351639+00:00
2013-07-01,Master Circular on Investments by Primary (Urban) Co-operative Banks,,https://www.rbi.org.in/Scripts/BS_ViewMasCirculardetails.aspx?id=8124,https://www.rbi.org.in/Scripts/BS_ViewMasterCirculardetails.aspx,2026-05-30T10:42:50.351639+00:00
2013-07-01,"Master Circular - Income Recognition, Asset Classification, Provisioning and Other Related Matters - UCBs",,https://www.rbi.org.in/Scripts/BS_ViewMasCirculardetails.aspx?id=8123,https://www.rbi.org.in/Scripts/BS_ViewMasterCirculardetails.aspx,2026-05-30T10:42:50.351639+00:00
2013-07-01,Master Circular on Frauds- Classification and Reporting,,https://www.rbi.org.in/Scripts/BS_ViewMasCirculardetails.aspx?id=8114,https://www.rbi.org.in/Scripts/BS_ViewMasterCirculardetails.aspx,2026-05-30T10:42:50.351639+00:00
2013-07-01,"Master Circular on Area of Operation, Branch Authorisation Policy, Opening/ Up-gradation of Extension Counters, ATMs and Shifting/Splitting/Closure of Offices",,https://www.rbi.org.in/Scripts/BS_ViewMasCirculardetails.aspx?id=8113,https://www.rbi.org.in/Scripts/BS_ViewMasterCirculardetails.aspx,2026-05-30T10:42:50.351639+00:00
2013-07-01,Master Circular Interest Rates on Rupee Deposits – Primary (Urban) Co-operative Banks,,https://www.rbi.org.in/Scripts/BS_ViewMasCirculardetails.aspx?id=8112,https://www.rbi.org.in/Scripts/BS_ViewMasterCirculardetails.aspx,2026-05-30T10:42:50.351639+00:00
2013-07-01,Master Circular on Customer Service - UCBs,,https://www.rbi.org.in/Scripts/BS_ViewMasCirculardetails.aspx?id=8111,https://www.rbi.org.in/Scripts/BS_ViewMasterCirculardetails.aspx,2026-05-30T10:42:50.351639+00:00
2013-07-01,Master Circular on Board of Directors - UCBs,,https://www.rbi.org.in/Scripts/BS_ViewMasCirculardetails.aspx?id=8110,https://www.rbi.org.in/Scripts/BS_ViewMasterCirculardetails.aspx,2026-05-30T10:42:50.351639+00:00
2013-07-01,Master Circular- Prudential Norms on Capital Adequacy - UCBs,,https://www.rbi.org.in/Scripts/BS_ViewMasCirculardetails.aspx?id=8109,https://www.rbi.org.in/Scripts/BS_ViewMasterCirculardetails.aspx,2026-05-30T10:42:50.351639+00:00
2013-07-01,Master Circular - Management of Advances - UCBs,,https://www.rbi.org.in/Scripts/BS_ViewMasCirculardetails.aspx?id=8108,https://www.rbi.org.in/Scripts/BS_ViewMasterCirculardetails.aspx,2026-05-30T10:42:50.351639+00:00
2013-07-01,"Master Circular- Guarantees, Co-Acceptances & Letters of Credit - UCBs",,https://www.rbi.org.in/Scripts/BS_ViewMasCirculardetails.aspx?id=8107,https://www.rbi.org.in/Scripts/BS_ViewMasterCirculardetails.aspx,2026-05-30T10:42:50.351639+00:00
2013-07-01,Master Circular- Finance for Housing Schemes - UCBs,,https://www.rbi.org.in/Scripts/BS_ViewMasCirculardetails.aspx?id=8106,https://www.rbi.org.in/Scripts/BS_ViewMasterCirculardetails.aspx,2026-05-30T10:42:50.351639+00:00
2013-07-01,Master Circular- Exposure Norms and Statutory / Other Restrictions - UCBs,,https://www.rbi.org.in/Scripts/BS_ViewMasCirculardetails.aspx?id=8105,https://www.rbi.org.in/Scripts/BS_ViewMasterCirculardetails.aspx,2026-05-30T10:42:50.351639+00:00
2013-07-01,Master Circular - Use of Hindi in Banks,,https://www.rbi.org.in/Scripts/BS_ViewMasCirculardetails.aspx?id=8205,https://www.rbi.org.in/Scripts/BS_ViewMasterCirculardetails.aspx,2026-05-30T10:42:50.351639+00:00
2013-07-01,Master Circular - Para-banking Activities,,https://www.rbi.org.in/Scripts/BS_ViewMasCirculardetails.aspx?id=8196,https://www.rbi.org.in/Scripts/BS_ViewMasterCirculardetails.aspx,2026-05-30T10:42:50.351639+00:00
2013-07-01,RRBs - Master Circular – Lending to Priority Sector,,https://www.rbi.org.in/Scripts/BS_ViewMasCirculardetails.aspx?id=8194,https://www.rbi.org.in/Scripts/BS_ViewMasterCirculardetails.aspx,2026-05-30T10:42:50.351639+00:00
2013-07-01,Master Circular on Export Credit Refinance Facility,,https://www.rbi.org.in/Scripts/BS_ViewMasCirculardetails.aspx?id=8193,https://www.rbi.org.in/Scripts/BS_ViewMasterCirculardetails.aspx,2026-05-30T10:42:50.351639+00:00
2013-07-01,"Master Circular - Lending to Micro, Small & Medium Enterprises (MSME) Sector",,https://www.rbi.org.in/Scripts/BS_ViewMasCirculardetails.aspx?id=8192,https://www.rbi.org.in/Scripts/BS_ViewMasterCirculardetails.aspx,2026-05-30T10:42:50.351639+00:00
2013-07-01,Master Circular - Priority Sector Lending-Targets and Classification,,https://www.rbi.org.in/Scripts/BS_ViewMasCirculardetails.aspx?id=8191,https://www.rbi.org.in/Scripts/BS_ViewMasterCirculardetails.aspx,2026-05-30T10:42:50.351639+00:00
2013-07-01,Master Circular on Branch Licensing – RRBs,,https://www.rbi.org.in/Scripts/BS_ViewMasCirculardetails.aspx?id=8184,https://www.rbi.org.in/Scripts/BS_ViewMasterCirculardetails.aspx,2026-05-30T10:42:50.351639+00:00
2013-07-01,"Master Circular – Prudential norms for Classification, Valuation and Operation of Investment Portfolio by Banks",,https://www.rbi.org.in/Scripts/BS_ViewMasCirculardetails.aspx?id=8183,https://www.rbi.org.in/Scripts/BS_ViewMasterCirculardetails.aspx,2026-05-30T10:42:50.351639+00:00
2013-07-01,"Master Circular – Know Your Customer (KYC) norms / Anti-Money Laundering (AML) standards/Combating of Financing of Terrorism (CFT)/Obligation of banks under PMLA, 2002",,https://www.rbi.org.in/Scripts/BS_ViewMasCirculardetails.aspx?id=8179,https://www.rbi.org.in/Scripts/BS_ViewMasterCirculardetails.aspx,2026-05-30T10:42:50.351639+00:00
2013-07-01,Frauds – Classification and Reporting,,https://www.rbi.org.in/Scripts/BS_ViewMasCirculardetails.aspx?id=8178,https://www.rbi.org.in/Scripts/BS_ViewMasterCirculardetails.aspx,2026-05-30T10:42:50.351639+00:00
2013-07-01,"Master Circular on Implementation of the Provisions of Foreign Contribution (Regulation) Act, 2010",,https://www.rbi.org.in/Scripts/BS_ViewMasCirculardetails.aspx?id=8169,https://www.rbi.org.in/Scripts/BS_ViewMasterCirculardetails.aspx,2026-05-30T10:42:50.351639+00:00
2013-07-01,Master Circular - Disclosure in Financial Statements - Notes to Accounts,,https://www.rbi.org.in/Scripts/BS_ViewMasCirculardetails.aspx?id=8144,https://www.rbi.org.in/Scripts/BS_ViewMasterCirculardetails.aspx,2026-05-30T10:42:50.351639+00:00
2013-07-01,Master Circular – Basel III Capital Regulations,,https://www.rbi.org.in/Scripts/BS_ViewMasCirculardetails.aspx?id=8142,https://www.rbi.org.in/Scripts/BS_ViewMasterCirculardetails.aspx,2026-05-30T10:42:50.351639+00:00
2013-07-01,Master Circular - Guidelines for Relief Measures by Banks in Areas Affected by Natural Calamities,,https://www.rbi.org.in/Scripts/BS_ViewMasCirculardetails.aspx?id=8141,https://www.rbi.org.in/Scripts/BS_ViewMasterCirculardetails.aspx,2026-05-30T10:42:50.351639+00:00
2013-07-01,"Master Circular on Interest Rates on Rupee Deposits held in Domestic, Ordinary Non-Resident (NRO) and Non-Resident (External) (NRE) Accounts",,https://www.rbi.org.in/Scripts/BS_ViewMasCirculardetails.aspx?id=8137,https://www.rbi.org.in/Scripts/BS_ViewMasterCirculardetails.aspx,2026-05-30T10:42:50.351639+00:00
2013-07-01,Master Circular on Branch Authorisation,,https://www.rbi.org.in/Scripts/BS_ViewMasCirculardetails.aspx?id=8136,https://www.rbi.org.in/Scripts/BS_ViewMasterCirculardetails.aspx,2026-05-30T10:42:50.351639+00:00
2013-07-01,Master Circular- Loans and Advances – Statutory and Other Restrictions,,https://www.rbi.org.in/Scripts/BS_ViewMasCirculardetails.aspx?id=8135,https://www.rbi.org.in/Scripts/BS_ViewMasterCirculardetails.aspx,2026-05-30T10:42:50.351639+00:00
2013-07-01,Master Circular - Prudential Guidelines on Capital Adequacy and Market Discipline - New Capital Adequacy Framework (NCAF),,https://www.rbi.org.in/Scripts/BS_ViewMasCirculardetails.aspx?id=8134,https://www.rbi.org.in/Scripts/BS_ViewMasterCirculardetails.aspx,2026-05-30T10:42:50.351639+00:00
2013-07-01,Master Circular - Prudential Norms on Capital Adequacy - Basel I Framework,,https://www.rbi.org.in/Scripts/BS_ViewMasCirculardetails.aspx?id=8133,https://www.rbi.org.in/Scripts/BS_ViewMasterCirculardetails.aspx,2026-05-30T10:42:50.351639+00:00
2013-07-01,Master Circular - Rupee / Foreign Currency Export Credit and Customer Service To Exporters,,https://www.rbi.org.in/Scripts/BS_ViewMasCirculardetails.aspx?id=8132,https://www.rbi.org.in/Scripts/BS_ViewMasterCirculardetails.aspx,2026-05-30T10:42:50.351639+00:00
2013-07-01,Master Circular on Customer Service in Banks,,https://www.rbi.org.in/Scripts/BS_ViewMasCirculardetails.aspx?id=8131,https://www.rbi.org.in/Scripts/BS_ViewMasterCirculardetails.aspx,2026-05-30T10:42:50.351639+00:00
2013-07-01,Master Circular – Exposure Norms,,https://www.rbi.org.in/Scripts/BS_ViewMasCirculardetails.aspx?id=8130,https://www.rbi.org.in/Scripts/BS_ViewMasterCirculardetails.aspx,2026-05-30T10:42:50.351639+00:00
2013-07-01,Master Circular - Guarantees and Co-acceptances,,https://www.rbi.org.in/Scripts/BS_ViewMasCirculardetails.aspx?id=8129,https://www.rbi.org.in/Scripts/BS_ViewMasterCirculardetails.aspx,2026-05-30T10:42:50.351639+00:00
2013-07-01,"Master Circular - Prudential norms on Income Recognition, Asset Classification and Provisioning pertaining to Advances",,https://www.rbi.org.in/Scripts/BS_ViewMasCirculardetails.aspx?id=8128,https://www.rbi.org.in/Scripts/BS_ViewMasterCirculardetails.aspx,2026-05-30T10:42:50.351639+00:00
2013-07-01,Master Circular of instructions relating to deposits held in FCNR(B) Accounts,,https://www.rbi.org.in/Scripts/BS_ViewMasCirculardetails.aspx?id=8120,https://www.rbi.org.in/Scripts/BS_ViewMasterCirculardetails.aspx,2026-05-30T10:42:50.351639+00:00
2013-07-01,Master Circular - Interest Rates on Advances,,https://www.rbi.org.in/Scripts/BS_ViewMasCirculardetails.aspx?id=8119,https://www.rbi.org.in/Scripts/BS_ViewMasterCirculardetails.aspx,2026-05-30T10:42:50.351639+00:00
2013-07-01,Master Circular – Housing Finance,,https://www.rbi.org.in/Scripts/BS_ViewMasCirculardetails.aspx?id=8118,https://www.rbi.org.in/Scripts/BS_ViewMasterCirculardetails.aspx,2026-05-30T10:42:50.351639+00:00
2013-07-01,Master Circular - Cash Reserve Ratio (CRR) and Statutory Liquidity Ratio (SLR),,https://www.rbi.org.in/Scripts/BS_ViewMasCirculardetails.aspx?id=8117,https://www.rbi.org.in/Scripts/BS_ViewMasterCirculardetails.aspx,2026-05-30T10:42:50.351639+00:00
2013-07-01,Master Circular on Wilful Defaulters,,https://www.rbi.org.in/Scripts/BS_ViewMasCirculardetails.aspx?id=8116,https://www.rbi.org.in/Scripts/BS_ViewMasterCirculardetails.aspx,2026-05-30T10:42:50.351639+00:00
2013-07-01,Master Circular - Bank Finance to Non-Banking Financial Companies (NBFCs),,https://www.rbi.org.in/Scripts/BS_ViewMasCirculardetails.aspx?id=8115,https://www.rbi.org.in/Scripts/BS_ViewMasterCirculardetails.aspx,2026-05-30T10:42:50.351639+00:00
2013-07-01,"Master Circular on Credit Card, Debit Card and Rupee Denominated Cobranded Prepaid Card operations of banks",,https://www.rbi.org.in/Scripts/BS_ViewMasCirculardetails.aspx?id=8087,https://www.rbi.org.in/Scripts/BS_ViewMasterCirculardetails.aspx,2026-05-30T10:42:50.351639+00:00
2013-07-01,Master Circular on SHG-Bank Linkage Programme,,https://www.rbi.org.in/Scripts/BS_ViewMasCirculardetails.aspx?id=8203,https://www.rbi.org.in/Scripts/BS_ViewMasterCirculardetails.aspx,2026-05-30T10:42:50.351639+00:00
2013-07-01,Master Circular - Swarna Jayanti Shahari Rozgar Yojana (SJSRY),,https://www.rbi.org.in/Scripts/BS_ViewMasCirculardetails.aspx?id=8190,https://www.rbi.org.in/Scripts/BS_ViewMasterCirculardetails.aspx,2026-05-30T10:42:50.351639+00:00
2013-07-01,Master Circular - Credit Facilities to Minority Communities,,https://www.rbi.org.in/Scripts/BS_ViewMasCirculardetails.aspx?id=8165,https://www.rbi.org.in/Scripts/BS_ViewMasterCirculardetails.aspx,2026-05-30T10:42:50.351639+00:00
2013-07-01,Master Circular on “Self Employment Scheme for Rehabilitation of Manual Scavengers” (SRMS),,https://www.rbi.org.in/Scripts/BS_ViewMasCirculardetails.aspx?id=8145,https://www.rbi.org.in/Scripts/BS_ViewMasterCirculardetails.aspx,2026-05-30T10:42:50.351639+00:00
2013-07-01,Master Circular - Credit facilities to Scheduled Castes (SCs) & Scheduled Tribes (STs),,https://www.rbi.org.in/Scripts/BS_ViewMasCirculardetails.aspx?id=8140,https://www.rbi.org.in/Scripts/BS_ViewMasterCirculardetails.aspx,2026-05-30T10:42:50.351639+00:00
2013-07-01,"Master Circular - Prudential Norms for Classification, Valuation and Operation of Investment Portfolio by FIs",,https://www.rbi.org.in/Scripts/BS_ViewMasCirculardetails.aspx?id=8181,https://www.rbi.org.in/Scripts/BS_ViewMasterCirculardetails.aspx,2026-05-30T10:42:50.351639+00:00
2013-07-01,Master Circular - Exposure Norms for Financial Institutions,,https://www.rbi.org.in/Scripts/BS_ViewMasCirculardetails.aspx?id=8091,https://www.rbi.org.in/Scripts/BS_ViewMasterCirculardetails.aspx,2026-05-30T10:42:50.351639+00:00
2013-07-01,Master Circular - Disclosure Norms for Financial Institutions,,https://www.rbi.org.in/Scripts/BS_ViewMasCirculardetails.aspx?id=8089,https://www.rbi.org.in/Scripts/BS_ViewMasterCirculardetails.aspx,2026-05-30T10:42:50.351639+00:00
2013-07-01,Master Circular - Resource Raising Norms for Financial Institutions,,https://www.rbi.org.in/Scripts/BS_ViewMasCirculardetails.aspx?id=8088,https://www.rbi.org.in/Scripts/BS_ViewMasterCirculardetails.aspx,2026-05-30T10:42:50.351639+00:00
2013-07-01,Master Circular - Guidelines for Issue of Commercial Paper,,https://www.rbi.org.in/Scripts/BS_ViewMasCirculardetails.aspx?id=8188,https://www.rbi.org.in/Scripts/BS_ViewMasterCirculardetails.aspx,2026-05-30T10:42:50.351639+00:00
2013-07-01,Master Circular - Guidelines for Issue of Certificates of Deposit,,https://www.rbi.org.in/Scripts/BS_ViewMasCirculardetails.aspx?id=8171,https://www.rbi.org.in/Scripts/BS_ViewMasterCirculardetails.aspx,2026-05-30T10:42:50.351639+00:00
2013-07-01,Master Circular on Call/Notice Money Market Operations,,https://www.rbi.org.in/Scripts/BS_ViewMasCirculardetails.aspx?id=8170,https://www.rbi.org.in/Scripts/BS_ViewMasterCirculardetails.aspx,2026-05-30T10:42:50.351639+00:00
2013-07-01,Master Circular on Risk Management and Inter-Bank Dealings,,https://www.rbi.org.in/Scripts/BS_ViewMasCirculardetails.aspx?id=8121,https://www.rbi.org.in/Scripts/BS_ViewMasterCirculardetails.aspx,2026-05-30T10:42:50.351639+00:00
2013-07-01,Master Circular – Levy of Penal Interest for Delayed Reporting/Wrong Reporting/Non-Reporting of Currency Chest Transactions and Inclusion of Ineligible Amounts in Currency Chest Balances,,https://www.rbi.org.in/Scripts/BS_ViewMasCirculardetails.aspx?id=8167,https://www.rbi.org.in/Scripts/BS_ViewMasterCirculardetails.aspx,2026-05-30T10:42:50.351639+00:00
2013-07-01,Master Circular - Scheme of Incentives and Penalties for bank branches based on performance in rendering customer service to the members of public,,https://www.rbi.org.in/Scripts/BS_ViewMasCirculardetails.aspx?id=8166,https://www.rbi.org.in/Scripts/BS_ViewMasterCirculardetails.aspx,2026-05-30T10:42:50.351639+00:00
2013-07-01,Master Circular – Facility for Exchange of Notes and Coins,,https://www.rbi.org.in/Scripts/BS_ViewMasCirculardetails.aspx?id=8147,https://www.rbi.org.in/Scripts/BS_ViewMasterCirculardetails.aspx,2026-05-30T10:42:50.351639+00:00
2013-07-01,Master Circular – Detection and Impounding of Counterfeit Notes,,https://www.rbi.org.in/Scripts/BS_ViewMasCirculardetails.aspx?id=8146,https://www.rbi.org.in/Scripts/BS_ViewMasterCirculardetails.aspx,2026-05-30T10:42:50.351639+00:00
2013-07-01,Master Circular- Introduction of New Category of NBFCs - ‘Non Banking Financial Company-Micro Finance Institutions’ (NBFC-MFIs) - Directions,,https://www.rbi.org.in/Scripts/BS_ViewMasCirculardetails.aspx?id=8195,https://www.rbi.org.in/Scripts/BS_ViewMasterCirculardetails.aspx,2026-05-30T10:42:50.351639+00:00
2013-07-01,"Notification as amended upto June 30, 2013 - Change in or Take Over of the Management of the Business of the Borrower by Securitisation Companies and Reconstruction Companies (Reserve Bank) Guidelines, 2010",,https://www.rbi.org.in/Scripts/BS_ViewMasCirculardetails.aspx?id=8189,https://www.rbi.org.in/Scripts/BS_ViewMasterCirculardetails.aspx,2026-05-30T10:42:50.351639+00:00
2013-07-01,"Notification as amended upto June 30, 2013 – “Mortgage Guarantee Companies Prudential Norms (Reserve Bank) Directions, 2008”",,https://www.rbi.org.in/Scripts/BS_ViewMasCirculardetails.aspx?id=8187,https://www.rbi.org.in/Scripts/BS_ViewMasterCirculardetails.aspx,2026-05-30T10:42:50.351639+00:00
2013-07-01,"Notification as amended upto June 30, 2013 -The Securitisation Companies and Reconstruction Companies (Reserve Bank) Guidelines and Directions, 2003",,https://www.rbi.org.in/Scripts/BS_ViewMasCirculardetails.aspx?id=8180,https://www.rbi.org.in/Scripts/BS_ViewMasterCirculardetails.aspx,2026-05-30T10:42:50.351639+00:00
2013-07-01,Master Circular– Regulatory Framework for Core Investment Companies(CICs),,https://www.rbi.org.in/Scripts/BS_ViewMasCirculardetails.aspx?id=8176,https://www.rbi.org.in/Scripts/BS_ViewMasterCirculardetails.aspx,2026-05-30T10:42:50.351639+00:00
2013-07-01,"Notification as amended upto June 30, 2013 – “Mortgage Guarantee Company (Reserve Bank) Guidelines, 2008”",,https://www.rbi.org.in/Scripts/BS_ViewMasCirculardetails.aspx?id=8174,https://www.rbi.org.in/Scripts/BS_ViewMasterCirculardetails.aspx,2026-05-30T10:42:50.351639+00:00
2013-07-01,Master Circulars- Miscellaneous Instructions to All Non-Banking Financial Companies,,https://www.rbi.org.in/Scripts/BS_ViewMasCirculardetails.aspx?id=8173,https://www.rbi.org.in/Scripts/BS_ViewMasterCirculardetails.aspx,2026-05-30T10:42:50.351639+00:00
2013-07-01,Master Circular - Fair Practices Code,,https://www.rbi.org.in/Scripts/BS_ViewMasCirculardetails.aspx?id=8172,https://www.rbi.org.in/Scripts/BS_ViewMasterCirculardetails.aspx,2026-05-30T10:42:50.351639+00:00
2013-07-01,"Master Circular – 'Know Your Customer' (KYC) Guidelines – Anti Money Laundering Standards (AML) -'Prevention of Money Laundering Act, 2002 - Obligations of NBFCs in terms of Rules notified thereunder’",,https://www.rbi.org.in/Scripts/BS_ViewMasCirculardetails.aspx?id=8168,https://www.rbi.org.in/Scripts/BS_ViewMasterCirculardetails.aspx,2026-05-30T10:42:50.351639+00:00
2013-07-01,"Notification as amended upto June 30, 2013 – “Miscellaneous Non-Banking Companies (Reserve Bank) Directions, 1977”",,https://www.rbi.org.in/Scripts/BS_ViewMasCirculardetails.aspx?id=8164,https://www.rbi.org.in/Scripts/BS_ViewMasterCirculardetails.aspx,2026-05-30T10:42:50.351639+00:00
2013-07-01,Master Circular on directions/ instructions issued to the Securitisation Companies/Reconstruction Companies,,https://www.rbi.org.in/Scripts/BS_ViewMasCirculardetails.aspx?id=8163,https://www.rbi.org.in/Scripts/BS_ViewMasterCirculardetails.aspx,2026-05-30T10:42:50.351639+00:00
2013-07-01,Master Circular - Frauds – Future approach towards monitoring of frauds in NBFCs,,https://www.rbi.org.in/Scripts/BS_ViewMasCirculardetails.aspx?id=8162,https://www.rbi.org.in/Scripts/BS_ViewMasterCirculardetails.aspx,2026-05-30T10:42:50.351639+00:00
2013-07-01,"Notification as amended upto June 30, 2013 – “Mortgage Guarantee Companies Investment (Reserve Bank) Directions, 2008”",,https://www.rbi.org.in/Scripts/BS_ViewMasCirculardetails.aspx?id=8161,https://www.rbi.org.in/Scripts/BS_ViewMasterCirculardetails.aspx,2026-05-30T10:42:50.351639+00:00
2013-07-01,Master Circulars - Miscellaneous Instructions to NBFC- ND-SI,,https://www.rbi.org.in/Scripts/BS_ViewMasCirculardetails.aspx?id=8160,https://www.rbi.org.in/Scripts/BS_ViewMasterCirculardetails.aspx,2026-05-30T10:42:50.351639+00:00
2013-07-01,"Master Circular – The Non-Banking Financial Company -Factors (Reserve Bank) Directions, 2012",,https://www.rbi.org.in/Scripts/BS_ViewMasCirculardetails.aspx?id=8159,https://www.rbi.org.in/Scripts/BS_ViewMasterCirculardetails.aspx,2026-05-30T10:42:50.351639+00:00
2013-07-01,Master Circular 2013 – Opening of Branch-Subsidiary-Joint Venture-Representative office or Undertaking Investment Abroad by NBFCs,,https://www.rbi.org.in/Scripts/BS_ViewMasCirculardetails.aspx?id=8158,https://www.rbi.org.in/Scripts/BS_ViewMasterCirculardetails.aspx,2026-05-30T10:42:50.351639+00:00
2013-07-01,Master Circular – Corporate Governance,,https://www.rbi.org.in/Scripts/BS_ViewMasCirculardetails.aspx?id=8157,https://www.rbi.org.in/Scripts/BS_ViewMasterCirculardetails.aspx,2026-05-30T10:42:50.351639+00:00
2013-07-01,"Master Circular - allied activities- entry into insurance business, issue of credit card and marketing and distribution of certain products",,https://www.rbi.org.in/Scripts/BS_ViewMasCirculardetails.aspx?id=8156,https://www.rbi.org.in/Scripts/BS_ViewMasterCirculardetails.aspx,2026-05-30T10:42:50.351639+00:00
2013-07-01,"Master Circular- Exemptions from the provisions of RBI Act, 1934",,https://www.rbi.org.in/Scripts/BS_ViewMasCirculardetails.aspx?id=8155,https://www.rbi.org.in/Scripts/BS_ViewMasterCirculardetails.aspx,2026-05-30T10:42:50.351639+00:00
2013-07-01,"Notification as amended upto June 30, 2013– “Non-Banking Financial (Non - Deposit Accepting or Holding) Companies Prudential Norms (Reserve Bank) Directions, 2007”",,https://www.rbi.org.in/Scripts/BS_ViewMasCirculardetails.aspx?id=8154,https://www.rbi.org.in/Scripts/BS_ViewMasterCirculardetails.aspx,2026-05-30T10:42:50.351639+00:00
2013-07-01,Master Circular - Returns to be submitted by NBFCs,,https://www.rbi.org.in/Scripts/BS_ViewMasCirculardetails.aspx?id=8153,https://www.rbi.org.in/Scripts/BS_ViewMasterCirculardetails.aspx,2026-05-30T10:42:50.351639+00:00
2013-07-01,"Notification as amended upto June 30, 2013 – “Non-Banking Financial Companies Auditor’s Report (Reserve Bank) Directions, 2008.”",,https://www.rbi.org.in/Scripts/BS_ViewMasCirculardetails.aspx?id=8152,https://www.rbi.org.in/Scripts/BS_ViewMasterCirculardetails.aspx,2026-05-30T10:42:50.351639+00:00
2013-07-01,"Notification as amended upto June 30, 2013 – “Non-Banking Financial (Deposit Accepting or Holding) Companies Prudential Norms (Reserve Bank) Directions, 2007”",,https://www.rbi.org.in/Scripts/BS_ViewMasCirculardetails.aspx?id=8151,https://www.rbi.org.in/Scripts/BS_ViewMasterCirculardetails.aspx,2026-05-30T10:42:50.351639+00:00
2013-07-01,"Notification as amended upto June 30, 2012 – “Non-Banking Financial Companies Acceptance of Public Deposits (Reserve Bank) Directions, 1998”",,https://www.rbi.org.in/Scripts/BS_ViewMasCirculardetails.aspx?id=8150,https://www.rbi.org.in/Scripts/BS_ViewMasterCirculardetails.aspx,2026-05-30T10:42:50.351639+00:00
2013-07-01,Master Circular- Capital Adequacy Standards and Risk Management Guidelines for Standalone Primary Dealers,,https://www.rbi.org.in/Scripts/BS_ViewMasCirculardetails.aspx?id=8182,https://www.rbi.org.in/Scripts/BS_ViewMasterCirculardetails.aspx,2026-05-30T10:42:50.351639+00:00
2013-07-01,Master Circular – Operational Guidelines to Primary Dealers,,https://www.rbi.org.in/Scripts/BS_ViewMasCirculardetails.aspx?id=8175,https://www.rbi.org.in/Scripts/BS_ViewMasterCirculardetails.aspx,2026-05-30T10:42:50.351639+00:00
2012-07-02,Master Circular on Nomination facility in Relief/Savings bonds,,https://www.rbi.org.in/Scripts/BS_ViewMasCirculardetails.aspx?id=7343,https://www.rbi.org.in/Scripts/BS_ViewMasterCirculardetails.aspx,2026-05-30T10:42:51.290909+00:00
2012-07-02,Master Circular on Appointment & Delisting of Brokers and Payment of Brokerage on Relief/Savings Bonds,,https://www.rbi.org.in/Scripts/BS_ViewMasCirculardetails.aspx?id=7342,https://www.rbi.org.in/Scripts/BS_ViewMasterCirculardetails.aspx,2026-05-30T10:42:51.290909+00:00
2012-07-02,Master Circular- Exposure Norms and Statutory / Other Restrictions - UCBs,,https://www.rbi.org.in/Scripts/BS_ViewMasCirculardetails.aspx?id=7376,https://www.rbi.org.in/Scripts/BS_ViewMasterCirculardetails.aspx,2026-05-30T10:42:51.290909+00:00
2012-07-02,Master Circular on Customer Service - UCBs,,https://www.rbi.org.in/Scripts/BS_ViewMasCirculardetails.aspx?id=7372,https://www.rbi.org.in/Scripts/BS_ViewMasterCirculardetails.aspx,2026-05-30T10:42:51.290909+00:00
2012-07-02,Master Circular- Prudential Norms on Capital Adequacy - UCBs,,https://www.rbi.org.in/Scripts/BS_ViewMasCirculardetails.aspx?id=7371,https://www.rbi.org.in/Scripts/BS_ViewMasterCirculardetails.aspx,2026-05-30T10:42:51.290909+00:00
2012-07-02,"Master Circular- Income Recognition, Asset Classification, Provisioning and Other Related Matters - UCBs",,https://www.rbi.org.in/Scripts/BS_ViewMasCirculardetails.aspx?id=7370,https://www.rbi.org.in/Scripts/BS_ViewMasterCirculardetails.aspx,2026-05-30T10:42:51.290909+00:00
2012-07-02,Master Circular- Management of Advances - UCBs,,https://www.rbi.org.in/Scripts/BS_ViewMasCirculardetails.aspx?id=7369,https://www.rbi.org.in/Scripts/BS_ViewMasterCirculardetails.aspx,2026-05-30T10:42:51.290909+00:00
2012-07-02,"Master Circular on Area of Operation, Branch Authorisation Policy, Opening/ Up-gradation of Extension Counters, ATMs and Shifting/Splitting/Closure of Offices",,https://www.rbi.org.in/Scripts/BS_ViewMasCirculardetails.aspx?id=7368,https://www.rbi.org.in/Scripts/BS_ViewMasterCirculardetails.aspx,2026-05-30T10:42:51.290909+00:00
2012-07-02,"Master Circular on Know Your Customer (KYC) Norms/Anti-Money Laundering (AML) Measures/Combating of Financing of Terrorism (CFT) / Obligations of banks under Prevention of Money Laundering Act (PMLA), 2002",,https://www.rbi.org.in/Scripts/BS_ViewMasCirculardetails.aspx?id=7367,https://www.rbi.org.in/Scripts/BS_ViewMasterCirculardetails.aspx,2026-05-30T10:42:51.290909+00:00
2012-07-02,Master Circular on Maintenance of Deposit Accounts – Primary (Urban) Co-operative Banks,,https://www.rbi.org.in/Scripts/BS_ViewMasCirculardetails.aspx?id=7366,https://www.rbi.org.in/Scripts/BS_ViewMasterCirculardetails.aspx,2026-05-30T10:42:51.290909+00:00
2012-07-02,Master Circular on Maintenance of Statutory Reserves-Cash Reserve Ratio (CRR) and Statutory Liquidity Ratio (SLR) by Primary (Urban) Co-operative Banks,,https://www.rbi.org.in/Scripts/BS_ViewMasCirculardetails.aspx?id=7365,https://www.rbi.org.in/Scripts/BS_ViewMasterCirculardetails.aspx,2026-05-30T10:42:51.290909+00:00
2012-07-02,Master Circular on Investments by Primary (Urban) Co-operative Banks,,https://www.rbi.org.in/Scripts/BS_ViewMasCirculardetails.aspx?id=7364,https://www.rbi.org.in/Scripts/BS_ViewMasterCirculardetails.aspx,2026-05-30T10:42:51.290909+00:00
2012-07-02,Master Circular on Frauds- Classification and Reporting,,https://www.rbi.org.in/Scripts/BS_ViewMasCirculardetails.aspx?id=7344,https://www.rbi.org.in/Scripts/BS_ViewMasterCirculardetails.aspx,2026-05-30T10:42:51.290909+00:00
2012-07-02,Master Circular- Finance for Housing Schemes - UCBs,,https://www.rbi.org.in/Scripts/BS_ViewMasCirculardetails.aspx?id=7336,https://www.rbi.org.in/Scripts/BS_ViewMasterCirculardetails.aspx,2026-05-30T10:42:51.290909+00:00
2012-07-02,"Master Circular- Guarantees, Co-Acceptances & Letters of Credit - UCBs",,https://www.rbi.org.in/Scripts/BS_ViewMasCirculardetails.aspx?id=7335,https://www.rbi.org.in/Scripts/BS_ViewMasterCirculardetails.aspx,2026-05-30T10:42:51.290909+00:00
2012-07-02,Master Circular- Priority Sector Lending - UCBs,,https://www.rbi.org.in/Scripts/BS_ViewMasCirculardetails.aspx?id=7334,https://www.rbi.org.in/Scripts/BS_ViewMasterCirculardetails.aspx,2026-05-30T10:42:51.290909+00:00
2012-07-02,Master Circular on Inspection & Audit Systems in Primary (Urban) Co-operative Banks,,https://www.rbi.org.in/Scripts/BS_ViewMasCirculardetails.aspx?id=7333,https://www.rbi.org.in/Scripts/BS_ViewMasterCirculardetails.aspx,2026-05-30T10:42:51.290909+00:00
2012-07-02,Master Circular on Board of Directors - UCBs,,https://www.rbi.org.in/Scripts/BS_ViewMasCirculardetails.aspx?id=7332,https://www.rbi.org.in/Scripts/BS_ViewMasterCirculardetails.aspx,2026-05-30T10:42:51.290909+00:00
2012-07-02,Master Circular Interest Rates on Rupee Deposits – Primary (Urban) Co-operative Banks,,https://www.rbi.org.in/Scripts/BS_ViewMasCirculardetails.aspx?id=7331,https://www.rbi.org.in/Scripts/BS_ViewMasterCirculardetails.aspx,2026-05-30T10:42:51.290909+00:00
2012-07-02,Master Circular - Use of Hindi in Banks,,https://www.rbi.org.in/Scripts/BS_ViewMasCirculardetails.aspx?id=7420,https://www.rbi.org.in/Scripts/BS_ViewMasterCirculardetails.aspx,2026-05-30T10:42:51.290909+00:00
2012-07-02,"Master Circular - Lending to Micro, Small & Medium Enterprises (MSME) Sector",,https://www.rbi.org.in/Scripts/BS_ViewMasCirculardetails.aspx?id=7417,https://www.rbi.org.in/Scripts/BS_ViewMasterCirculardetails.aspx,2026-05-30T10:42:51.290909+00:00
2012-07-02,Master Circular on Export Credit Refinance Facility,,https://www.rbi.org.in/Scripts/BS_ViewMasCirculardetails.aspx?id=7414,https://www.rbi.org.in/Scripts/BS_ViewMasterCirculardetails.aspx,2026-05-30T10:42:51.290909+00:00
2012-07-02,Master Circular - Prudential Guidelines on Capital Adequacy and Market Discipline - New Capital Adequacy Framework (NCAF),,https://www.rbi.org.in/Scripts/BS_ViewMasCirculardetails.aspx?id=7413,https://www.rbi.org.in/Scripts/BS_ViewMasterCirculardetails.aspx,2026-05-30T10:42:51.290909+00:00
2012-07-02,Master Circular - Lending To Priority Sector,,https://www.rbi.org.in/Scripts/BS_ViewMasCirculardetails.aspx?id=7402,https://www.rbi.org.in/Scripts/BS_ViewMasterCirculardetails.aspx,2026-05-30T10:42:51.290909+00:00
2012-07-02,Master Circular - Bank Finance to Non-Banking Financial Companies (NBFCs),,https://www.rbi.org.in/Scripts/BS_ViewMasCirculardetails.aspx?id=7395,https://www.rbi.org.in/Scripts/BS_ViewMasterCirculardetails.aspx,2026-05-30T10:42:51.290909+00:00
2012-07-02,Master Circular on Branch Licensing - Regional Rural Banks,,https://www.rbi.org.in/Scripts/BS_ViewMasCirculardetails.aspx?id=7382,https://www.rbi.org.in/Scripts/BS_ViewMasterCirculardetails.aspx,2026-05-30T10:42:51.290909+00:00
2012-07-02,Frauds – Classification and Reporting,,https://www.rbi.org.in/Scripts/BS_ViewMasCirculardetails.aspx?id=7381,https://www.rbi.org.in/Scripts/BS_ViewMasterCirculardetails.aspx,2026-05-30T10:42:51.290909+00:00
2012-07-02,Master Circular- Loans and Advances – Statutory and Other Restrictions,,https://www.rbi.org.in/Scripts/BS_ViewMasCirculardetails.aspx?id=7380,https://www.rbi.org.in/Scripts/BS_ViewMasterCirculardetails.aspx,2026-05-30T10:42:51.290909+00:00
2012-07-02,Master Circular - Branch Authorisation,,https://www.rbi.org.in/Scripts/BS_ViewMasCirculardetails.aspx?id=7379,https://www.rbi.org.in/Scripts/BS_ViewMasterCirculardetails.aspx,2026-05-30T10:42:51.290909+00:00
2012-07-02,"Master Circular on Interest Rates on Rupee Deposits held in Domestic, Ordinary Non-Resident (NRO) and Non-Resident (External) (NRE) Accounts",,https://www.rbi.org.in/Scripts/BS_ViewMasCirculardetails.aspx?id=7378,https://www.rbi.org.in/Scripts/BS_ViewMasterCirculardetails.aspx,2026-05-30T10:42:51.290909+00:00
2012-07-02,Master Circular - Rupee / Foreign Currency Export Credit & Customer Service To Exporters,,https://www.rbi.org.in/Scripts/BS_ViewMasCirculardetails.aspx?id=7377,https://www.rbi.org.in/Scripts/BS_ViewMasterCirculardetails.aspx,2026-05-30T10:42:51.290909+00:00
2012-07-02,Master Circular - Para-banking Activities,,https://www.rbi.org.in/Scripts/BS_ViewMasCirculardetails.aspx?id=7375,https://www.rbi.org.in/Scripts/BS_ViewMasterCirculardetails.aspx,2026-05-30T10:42:51.290909+00:00
2012-07-02,Master Circular - Guarantees and Co-acceptances,,https://www.rbi.org.in/Scripts/BS_ViewMasCirculardetails.aspx?id=7374,https://www.rbi.org.in/Scripts/BS_ViewMasterCirculardetails.aspx,2026-05-30T10:42:51.290909+00:00
2012-07-02,Master Circular – Exposure Norms,,https://www.rbi.org.in/Scripts/BS_ViewMasCirculardetails.aspx?id=7373,https://www.rbi.org.in/Scripts/BS_ViewMasterCirculardetails.aspx,2026-05-30T10:42:51.290909+00:00
2012-07-02,Master Circular on Customer Service in Banks,,https://www.rbi.org.in/Scripts/BS_ViewMasCirculardetails.aspx?id=7363,https://www.rbi.org.in/Scripts/BS_ViewMasterCirculardetails.aspx,2026-05-30T10:42:51.290909+00:00
2012-07-02,"Master Circular – Know Your Customer (KYC) norms / Anti-Money Laundering (AML) standards/Combating of Financing of Terrorism (CFT)/Obligation of banks under PMLA, 2002",,https://www.rbi.org.in/Scripts/BS_ViewMasCirculardetails.aspx?id=7361,https://www.rbi.org.in/Scripts/BS_ViewMasterCirculardetails.aspx,2026-05-30T10:42:51.290909+00:00
2012-07-02,Master Circular - Prudential Norms on Capital Adequacy - Basel I Framework,,https://www.rbi.org.in/Scripts/BS_ViewMasCirculardetails.aspx?id=7360,https://www.rbi.org.in/Scripts/BS_ViewMasterCirculardetails.aspx,2026-05-30T10:42:51.290909+00:00
2012-07-02,Master Circular - Disclosure in Financial Statements - Notes to Accounts,,https://www.rbi.org.in/Scripts/BS_ViewMasCirculardetails.aspx?id=7359,https://www.rbi.org.in/Scripts/BS_ViewMasterCirculardetails.aspx,2026-05-30T10:42:51.290909+00:00
2012-07-02,"Master Circular – Prudential norms for classification, valuation and operation of investment portfolio by banks",,https://www.rbi.org.in/Scripts/BS_ViewMasCirculardetails.aspx?id=7358,https://www.rbi.org.in/Scripts/BS_ViewMasterCirculardetails.aspx,2026-05-30T10:42:51.290909+00:00
2012-07-02,"Master Circular - Prudential norms on Income Recognition, Asset Classification and Provisioning pertaining to Advances",,https://www.rbi.org.in/Scripts/BS_ViewMasCirculardetails.aspx?id=7357,https://www.rbi.org.in/Scripts/BS_ViewMasterCirculardetails.aspx,2026-05-30T10:42:51.290909+00:00
2012-07-02,Master Circular on SHG-Bank Linkage Programme,,https://www.rbi.org.in/Scripts/BS_ViewMasCirculardetails.aspx?id=7348,https://www.rbi.org.in/Scripts/BS_ViewMasterCirculardetails.aspx,2026-05-30T10:42:51.290909+00:00
2012-07-02,Master Circular - Guidelines for Relief Measures by Banks in Areas Affected by Natural Calamities,,https://www.rbi.org.in/Scripts/BS_ViewMasCirculardetails.aspx?id=7347,https://www.rbi.org.in/Scripts/BS_ViewMasterCirculardetails.aspx,2026-05-30T10:42:51.290909+00:00
2012-07-02,Master Circular - Lending to Priority Sector,,https://www.rbi.org.in/Scripts/BS_ViewMasCirculardetails.aspx?id=7346,https://www.rbi.org.in/Scripts/BS_ViewMasterCirculardetails.aspx,2026-05-30T10:42:51.290909+00:00
2012-07-02,Master Circular of instructions relating to deposits held in FCNR(B) Accounts,,https://www.rbi.org.in/Scripts/BS_ViewMasCirculardetails.aspx?id=7341,https://www.rbi.org.in/Scripts/BS_ViewMasterCirculardetails.aspx,2026-05-30T10:42:51.290909+00:00
2012-07-02,Master Circular - Cash Reserve Ratio (CRR) and Statutory Liquidity Ratio (SLR),,https://www.rbi.org.in/Scripts/BS_ViewMasCirculardetails.aspx?id=7340,https://www.rbi.org.in/Scripts/BS_ViewMasterCirculardetails.aspx,2026-05-30T10:42:51.290909+00:00
2012-07-02,Master Circular – Housing Finance,,https://www.rbi.org.in/Scripts/BS_ViewMasCirculardetails.aspx?id=7339,https://www.rbi.org.in/Scripts/BS_ViewMasterCirculardetails.aspx,2026-05-30T10:42:51.290909+00:00
2012-07-02,Master Circular on Credit Card Operations of Banks,,https://www.rbi.org.in/Scripts/BS_ViewMasCirculardetails.aspx?id=7338,https://www.rbi.org.in/Scripts/BS_ViewMasterCirculardetails.aspx,2026-05-30T10:42:51.290909+00:00
2012-07-02,Master Circular - Interest Rates on Advances,,https://www.rbi.org.in/Scripts/BS_ViewMasCirculardetails.aspx?id=7337,https://www.rbi.org.in/Scripts/BS_ViewMasterCirculardetails.aspx,2026-05-30T10:42:51.290909+00:00
2012-07-02,"Guidelines issued under Section 36(1)(a) of the Banking Regulation Act, 1949 - Implementation of the provisions of Foreign Contribution (Regulation) Act, 2010",,https://www.rbi.org.in/Scripts/BS_ViewMasCirculardetails.aspx?id=7327,https://www.rbi.org.in/Scripts/BS_ViewMasterCirculardetails.aspx,2026-05-30T10:42:51.290909+00:00
2012-07-02,Master Circular on Wilful Defaulters,,https://www.rbi.org.in/Scripts/BS_ViewMasCirculardetails.aspx?id=7326,https://www.rbi.org.in/Scripts/BS_ViewMasterCirculardetails.aspx,2026-05-30T10:42:51.290909+00:00
2012-07-02,Master Circular Priority Sector Lending - Credit facilities to Scheduled Castes (SCs) & Scheduled Tribes (STs),,https://www.rbi.org.in/Scripts/BS_ViewMasCirculardetails.aspx?id=7386,https://www.rbi.org.in/Scripts/BS_ViewMasterCirculardetails.aspx,2026-05-30T10:42:51.290909+00:00
2012-07-02,Master Circular on “Self Employment Scheme for Rehabilitation of Manual Scavengers” (SRMS) from the Ministry of Social Justice & Empowerment for rehabilitation of all the remaining scavengers and their dependents,Social,https://www.rbi.org.in/Scripts/BS_ViewMasCirculardetails.aspx?id=7385,https://www.rbi.org.in/Scripts/BS_ViewMasterCirculardetails.aspx,2026-05-30T10:42:51.290909+00:00
2012-07-02,Master Circular Priority Sector Lending- Special Programmes Swarna Jayanti Shahari Rozgar Yojana (SJSRY),,https://www.rbi.org.in/Scripts/BS_ViewMasCirculardetails.aspx?id=7384,https://www.rbi.org.in/Scripts/BS_ViewMasterCirculardetails.aspx,2026-05-30T10:42:51.290909+00:00
2012-07-02,Master Circular on Priority Sector Lending- Special Programmes - Swarnajayanti Gram Swarozgar Yojana (SGSY),,https://www.rbi.org.in/Scripts/BS_ViewMasCirculardetails.aspx?id=7383,https://www.rbi.org.in/Scripts/BS_ViewMasterCirculardetails.aspx,2026-05-30T10:42:51.290909+00:00
2012-07-02,Master Circular- Priority Sector Lending - Credit Facilities to Minority Communities,,https://www.rbi.org.in/Scripts/BS_ViewMasCirculardetails.aspx?id=7356,https://www.rbi.org.in/Scripts/BS_ViewMasterCirculardetails.aspx,2026-05-30T10:42:51.290909+00:00
2012-07-02,"Master Circular - Prudential Norms for Classification, Valuation and Operation of Investment Portfolio by FIs",,https://www.rbi.org.in/Scripts/BS_ViewMasCirculardetails.aspx?id=7362,https://www.rbi.org.in/Scripts/BS_ViewMasterCirculardetails.aspx,2026-05-30T10:42:51.290909+00:00
2012-07-02,Master Circular - Exposure Norms for Financial Institutions,,https://www.rbi.org.in/Scripts/BS_ViewMasCirculardetails.aspx?id=7330,https://www.rbi.org.in/Scripts/BS_ViewMasterCirculardetails.aspx,2026-05-30T10:42:51.290909+00:00
2012-07-02,Master Circular - Disclosure Norms for Financial Institutions,,https://www.rbi.org.in/Scripts/BS_ViewMasCirculardetails.aspx?id=7329,https://www.rbi.org.in/Scripts/BS_ViewMasterCirculardetails.aspx,2026-05-30T10:42:51.290909+00:00
2012-07-02,Master Circular - Resource Raising Norms for Financial Institutions,,https://www.rbi.org.in/Scripts/BS_ViewMasCirculardetails.aspx?id=7328,https://www.rbi.org.in/Scripts/BS_ViewMasterCirculardetails.aspx,2026-05-30T10:42:51.290909+00:00
2012-07-02,Master Circular - Guidelines for Issue of Commercial Paper,,https://www.rbi.org.in/Scripts/BS_ViewMasCirculardetails.aspx?id=7412,https://www.rbi.org.in/Scripts/BS_ViewMasterCirculardetails.aspx,2026-05-30T10:42:51.290909+00:00
2012-07-02,Master Circular - Guidelines for Issue of Certificates of Deposit,,https://www.rbi.org.in/Scripts/BS_ViewMasCirculardetails.aspx?id=7397,https://www.rbi.org.in/Scripts/BS_ViewMasterCirculardetails.aspx,2026-05-30T10:42:51.290909+00:00
2012-07-02,Master Circular on Call/Notice Money Market Operations,,https://www.rbi.org.in/Scripts/BS_ViewMasCirculardetails.aspx?id=7396,https://www.rbi.org.in/Scripts/BS_ViewMasterCirculardetails.aspx,2026-05-30T10:42:51.290909+00:00
2012-07-02,Master Circular on Risk Management and Inter-Bank Dealings,,https://www.rbi.org.in/Scripts/BS_ViewMasCirculardetails.aspx?id=7349,https://www.rbi.org.in/Scripts/BS_ViewMasterCirculardetails.aspx,2026-05-30T10:42:51.290909+00:00
2012-07-02,Master Circular – Detection and Impounding of Counterfeit Notes,,https://www.rbi.org.in/Scripts/BS_ViewMasCirculardetails.aspx?id=7416,https://www.rbi.org.in/Scripts/BS_ViewMasterCirculardetails.aspx,2026-05-30T10:42:51.290909+00:00
2012-07-02,Master Circular – Levy of Penal Interest for Delayed Reporting/Wrong Reporting/Non-Reporting of Currency Chest Transactions and Inclusion of Ineligible Amounts in Currency Chest Balances,,https://www.rbi.org.in/Scripts/BS_ViewMasCirculardetails.aspx?id=7399,https://www.rbi.org.in/Scripts/BS_ViewMasterCirculardetails.aspx,2026-05-30T10:42:51.290909+00:00
2012-07-02,Master Circular – Facility for Exchange of Notes and Coins,,https://www.rbi.org.in/Scripts/BS_ViewMasCirculardetails.aspx?id=7345,https://www.rbi.org.in/Scripts/BS_ViewMasterCirculardetails.aspx,2026-05-30T10:42:51.290909+00:00
2012-07-02,"Notification as amended upto June 30, 2012 – “Non-Banking Financial (Deposit Accepting or Holding) Companies Prudential Norms (Reserve Bank) Directions, 2007”",,https://www.rbi.org.in/Scripts/BS_ViewMasCirculardetails.aspx?id=7410,https://www.rbi.org.in/Scripts/BS_ViewMasterCirculardetails.aspx,2026-05-30T10:42:51.290909+00:00
2012-07-02,"Notification as amended upto June 30, 2012– “Non-Banking Financial (Non - Deposit Accepting or Holding) Companies Prudential Norms (Reserve Bank) Directions, 2007”",,https://www.rbi.org.in/Scripts/BS_ViewMasCirculardetails.aspx?id=7409,https://www.rbi.org.in/Scripts/BS_ViewMasterCirculardetails.aspx,2026-05-30T10:42:51.290909+00:00
2012-07-02,"Notification as amended upto June 30, 2012 – “Non-Banking Financial Companies Acceptance of Public Deposits (Reserve Bank) Directions, 1998”",,https://www.rbi.org.in/Scripts/BS_ViewMasCirculardetails.aspx?id=7403,https://www.rbi.org.in/Scripts/BS_ViewMasterCirculardetails.aspx,2026-05-30T10:42:51.290909+00:00
2012-07-02,"Notification as amended upto June 30, 2012 – “Miscellaneous Non-Banking Companies (Reserve Bank) Directions, 1977”",,https://www.rbi.org.in/Scripts/BS_ViewMasCirculardetails.aspx?id=7401,https://www.rbi.org.in/Scripts/BS_ViewMasterCirculardetails.aspx,2026-05-30T10:42:51.290909+00:00
2012-07-02,"Master Circular – 'Know Your Customer' (KYC) Guidelines – Anti Money Laundering Standards (AML) -'Prevention of Money Laundering Act, 2002 - Obligations of NBFCs in terms of Rules notified thereunder’",,https://www.rbi.org.in/Scripts/BS_ViewMasCirculardetails.aspx?id=7400,https://www.rbi.org.in/Scripts/BS_ViewMasterCirculardetails.aspx,2026-05-30T10:42:51.290909+00:00
2012-07-02,Master Circulars- Miscellaneous Instructions to All Non-Banking Financial Companies,,https://www.rbi.org.in/Scripts/BS_ViewMasCirculardetails.aspx?id=7394,https://www.rbi.org.in/Scripts/BS_ViewMasterCirculardetails.aspx,2026-05-30T10:42:51.290909+00:00
2012-07-02,Master Circular - Returns to be submitted by NBFCs,,https://www.rbi.org.in/Scripts/BS_ViewMasCirculardetails.aspx?id=7393,https://www.rbi.org.in/Scripts/BS_ViewMasterCirculardetails.aspx,2026-05-30T10:42:51.290909+00:00
2012-07-02,Master Circular- Introduction of New Category of NBFCs - ‘Non Banking Financial Company-Micro Finance Institutions’ (NBFC-MFIs) - Directions,,https://www.rbi.org.in/Scripts/BS_ViewMasCirculardetails.aspx?id=7392,https://www.rbi.org.in/Scripts/BS_ViewMasterCirculardetails.aspx,2026-05-30T10:42:51.290909+00:00
2012-07-02,Master Circular– Regulatory Framework for Core Investment Companies (CICs),,https://www.rbi.org.in/Scripts/BS_ViewMasCirculardetails.aspx?id=7391,https://www.rbi.org.in/Scripts/BS_ViewMasterCirculardetails.aspx,2026-05-30T10:42:51.290909+00:00
2012-07-02,"Master Circular- Exemptions from the provisions of RBI Act, 1934",,https://www.rbi.org.in/Scripts/BS_ViewMasCirculardetails.aspx?id=7390,https://www.rbi.org.in/Scripts/BS_ViewMasterCirculardetails.aspx,2026-05-30T10:42:51.290909+00:00
2012-07-02,Master Circular 2012 – Opening of Branch-Subsidiary-Joint Venture-Representative office or Undertaking Investment Abroad by NBFCs,,https://www.rbi.org.in/Scripts/BS_ViewMasCirculardetails.aspx?id=7389,https://www.rbi.org.in/Scripts/BS_ViewMasterCirculardetails.aspx,2026-05-30T10:42:51.290909+00:00
2012-07-02,Master Circular - Fair Practices Code,,https://www.rbi.org.in/Scripts/BS_ViewMasCirculardetails.aspx?id=7388,https://www.rbi.org.in/Scripts/BS_ViewMasterCirculardetails.aspx,2026-05-30T10:42:51.290909+00:00
2012-07-02,Master Circulars- Miscellaneous Instructions to NBFC- ND-SI,,https://www.rbi.org.in/Scripts/BS_ViewMasCirculardetails.aspx?id=7387,https://www.rbi.org.in/Scripts/BS_ViewMasterCirculardetails.aspx,2026-05-30T10:42:51.290909+00:00
2012-07-02,Master Circular – Corporate Governance,,https://www.rbi.org.in/Scripts/BS_ViewMasCirculardetails.aspx?id=7325,https://www.rbi.org.in/Scripts/BS_ViewMasterCirculardetails.aspx,2026-05-30T10:42:51.290909+00:00
2012-07-02,"Master Circular - allied activities- entry into insurance business, issue of credit card and marketing and distribution of certain products",,https://www.rbi.org.in/Scripts/BS_ViewMasCirculardetails.aspx?id=7324,https://www.rbi.org.in/Scripts/BS_ViewMasterCirculardetails.aspx,2026-05-30T10:42:51.290909+00:00
2012-07-02,Master Circular-Frauds – Future approach towards monitoring of frauds in NBFCs,,https://www.rbi.org.in/Scripts/BS_ViewMasCirculardetails.aspx?id=7323,https://www.rbi.org.in/Scripts/BS_ViewMasterCirculardetails.aspx,2026-05-30T10:42:51.290909+00:00
2012-07-02,"Non-Banking Financial Companies Auditor’s Report (Reserve Bank) Directions, 2008",,https://www.rbi.org.in/Scripts/BS_ViewMasCirculardetails.aspx?id=7322,https://www.rbi.org.in/Scripts/BS_ViewMasterCirculardetails.aspx,2026-05-30T10:42:51.290909+00:00
2012-07-02,Master Circular on directions/ instructions issued to the Securitisation Companies/ Reconstruction Companies,,https://www.rbi.org.in/Scripts/BS_ViewMasCirculardetails.aspx?id=7321,https://www.rbi.org.in/Scripts/BS_ViewMasterCirculardetails.aspx,2026-05-30T10:42:51.290909+00:00
2012-07-02,"Notification as amended upto June 30, 2012 - Change in or Take Over of the Management of the Business of the Borrower by Securitisation Companies and Reconstruction Companies (Reserve Bank) Guidelines, 2010",,https://www.rbi.org.in/Scripts/BS_ViewMasCirculardetails.aspx?id=7320,https://www.rbi.org.in/Scripts/BS_ViewMasterCirculardetails.aspx,2026-05-30T10:42:51.290909+00:00
2012-07-02,"Notification as amended upto June 30, 2012 - The Securitisation Companies and Reconstruction Companies (Reserve Bank) Guidelines and Directions, 2003",,https://www.rbi.org.in/Scripts/BS_ViewMasCirculardetails.aspx?id=7319,https://www.rbi.org.in/Scripts/BS_ViewMasterCirculardetails.aspx,2026-05-30T10:42:51.290909+00:00
2012-07-02,"Notification as amended upto June 30, 2012 – “Mortgage Guarantee Companies Investment (Reserve Bank) Directions, 2008”",,https://www.rbi.org.in/Scripts/BS_ViewMasCirculardetails.aspx?id=7318,https://www.rbi.org.in/Scripts/BS_ViewMasterCirculardetails.aspx,2026-05-30T10:42:51.290909+00:00
2012-07-02,"Notification as amended upto June 30, 2012 – “Mortgage Guarantee Companies Prudential Norms (Reserve Bank) Directions, 2008”",,https://www.rbi.org.in/Scripts/BS_ViewMasCirculardetails.aspx?id=7317,https://www.rbi.org.in/Scripts/BS_ViewMasterCirculardetails.aspx,2026-05-30T10:42:51.290909+00:00
2012-07-02,"Notification as amended upto June 30, 2012 – “Mortgage Guarantee Company (Reserve Bank) Guidelines, 2008”",,https://www.rbi.org.in/Scripts/BS_ViewMasCirculardetails.aspx?id=7316,https://www.rbi.org.in/Scripts/BS_ViewMasterCirculardetails.aspx,2026-05-30T10:42:51.290909+00:00
2012-07-02,Master Circular- Capital Adequacy Standards and Risk Management Guidelines for standalone Primary Dealers,,https://www.rbi.org.in/Scripts/BS_ViewMasCirculardetails.aspx?id=7421,https://www.rbi.org.in/Scripts/BS_ViewMasterCirculardetails.aspx,2026-05-30T10:42:51.290909+00:00
2012-07-02,Master Circular – Operational Guidelines to Primary Dealers,,https://www.rbi.org.in/Scripts/BS_ViewMasCirculardetails.aspx?id=7419,https://www.rbi.org.in/Scripts/BS_ViewMasterCirculardetails.aspx,2026-05-30T10:42:51.290909+00:00
2011-07-01,Master Circular on Nomination facility in Relief / Savings Bonds,,https://www.rbi.org.in/Scripts/BS_ViewMasCirculardetails.aspx?id=6555,https://www.rbi.org.in/Scripts/BS_ViewMasterCirculardetails.aspx,2026-05-30T10:42:52.237738+00:00
2011-07-01,Master Circular on Appointment & delisting of Brokers and Payment of Brokerage on Relief / Savings Bonds,,https://www.rbi.org.in/Scripts/BS_ViewMasCirculardetails.aspx?id=6554,https://www.rbi.org.in/Scripts/BS_ViewMasterCirculardetails.aspx,2026-05-30T10:42:52.237738+00:00
2011-07-01,Master Circular - Management of Advances - UCBs,,https://www.rbi.org.in/Scripts/BS_ViewMasCirculardetails.aspx?id=6595,https://www.rbi.org.in/Scripts/BS_ViewMasterCirculardetails.aspx,2026-05-30T10:42:52.237738+00:00
2011-07-01,"Master Circular on Area of Operation, Branch Authorisation Policy, Opening/ Up-gradation of Extension Counters, ATMs and Shifting/Splitting/Closure of Offices",,https://www.rbi.org.in/Scripts/BS_ViewMasCirculardetails.aspx?id=6594,https://www.rbi.org.in/Scripts/BS_ViewMasterCirculardetails.aspx,2026-05-30T10:42:52.237738+00:00
2011-07-01,Frauds – Classification and Reporting,,https://www.rbi.org.in/Scripts/BS_ViewMasCirculardetails.aspx?id=6562,https://www.rbi.org.in/Scripts/BS_ViewMasterCirculardetails.aspx,2026-05-30T10:42:52.237738+00:00
2011-07-01,Master Circular on Maintenance of Deposit Accounts – Primary (Urban) Co-operative Banks,,https://www.rbi.org.in/Scripts/BS_ViewMasCirculardetails.aspx?id=6552,https://www.rbi.org.in/Scripts/BS_ViewMasterCirculardetails.aspx,2026-05-30T10:42:52.237738+00:00
2011-07-01,Master Circular- Priority Sector Lending - UCBs,,https://www.rbi.org.in/Scripts/BS_ViewMasCirculardetails.aspx?id=6551,https://www.rbi.org.in/Scripts/BS_ViewMasterCirculardetails.aspx,2026-05-30T10:42:52.237738+00:00
2011-07-01,"Master Circular on Know Your Customer (KYC) Norms / Anti-Money Laundering (AML) Standards / Combating of Financing of Terrorism (CFT)/Obligation of banks under Prevention of Money Laundering Act, 2002",,https://www.rbi.org.in/Scripts/BS_ViewMasCirculardetails.aspx?id=6545,https://www.rbi.org.in/Scripts/BS_ViewMasterCirculardetails.aspx,2026-05-30T10:42:52.237738+00:00
2011-07-01,"Master Circular- Income Recognition, Asset Classification, Provisioning and Other Related Matters - UCBs",,https://www.rbi.org.in/Scripts/BS_ViewMasCirculardetails.aspx?id=6544,https://www.rbi.org.in/Scripts/BS_ViewMasterCirculardetails.aspx,2026-05-30T10:42:52.237738+00:00
2011-07-01,Master Circular on Inspection and Audit Systems in Primary (Urban) Co-operative Banks,,https://www.rbi.org.in/Scripts/BS_ViewMasCirculardetails.aspx?id=6535,https://www.rbi.org.in/Scripts/BS_ViewMasterCirculardetails.aspx,2026-05-30T10:42:52.237738+00:00
2011-07-01,Master Circular on Customer Service – Primary (Urban) Co-operative Banks,,https://www.rbi.org.in/Scripts/BS_ViewMasCirculardetails.aspx?id=6529,https://www.rbi.org.in/Scripts/BS_ViewMasterCirculardetails.aspx,2026-05-30T10:42:52.237738+00:00
2011-07-01,Master Circular on Investments by Primary (Urban) Co-operative Banks,,https://www.rbi.org.in/Scripts/BS_ViewMasCirculardetails.aspx?id=6528,https://www.rbi.org.in/Scripts/BS_ViewMasterCirculardetails.aspx,2026-05-30T10:42:52.237738+00:00
2011-07-01,Master Circular on Board of Directors – Primary (Urban) Co-operative Banks,,https://www.rbi.org.in/Scripts/BS_ViewMasCirculardetails.aspx?id=6527,https://www.rbi.org.in/Scripts/BS_ViewMasterCirculardetails.aspx,2026-05-30T10:42:52.237738+00:00
2011-07-01,Master Circular Interest Rates on Rupee Deposits – Primary (Urban) Co-operative Banks,,https://www.rbi.org.in/Scripts/BS_ViewMasCirculardetails.aspx?id=6526,https://www.rbi.org.in/Scripts/BS_ViewMasterCirculardetails.aspx,2026-05-30T10:42:52.237738+00:00
2011-07-01,Master Circular- Prudential Norms on Capital Adequacy - UCBs,,https://www.rbi.org.in/Scripts/BS_ViewMasCirculardetails.aspx?id=6525,https://www.rbi.org.in/Scripts/BS_ViewMasterCirculardetails.aspx,2026-05-30T10:42:52.237738+00:00
2011-07-01,Master Circular on Maintenance of Statutory Reserves - Cash Reserve Ratio (CRR) and Statutory Liquidity Ratio (SLR) by Primary (Urban) Co-operative Banks,,https://www.rbi.org.in/Scripts/BS_ViewMasCirculardetails.aspx?id=6524,https://www.rbi.org.in/Scripts/BS_ViewMasterCirculardetails.aspx,2026-05-30T10:42:52.237738+00:00
2011-07-01,"Master Circular- Guarantees, Co-Acceptances & Letters of Credit - UCBs",,https://www.rbi.org.in/Scripts/BS_ViewMasCirculardetails.aspx?id=6523,https://www.rbi.org.in/Scripts/BS_ViewMasterCirculardetails.aspx,2026-05-30T10:42:52.237738+00:00
2011-07-01,Master Circular- Finance for Housing Schemes - UCBs,,https://www.rbi.org.in/Scripts/BS_ViewMasCirculardetails.aspx?id=6522,https://www.rbi.org.in/Scripts/BS_ViewMasterCirculardetails.aspx,2026-05-30T10:42:52.237738+00:00
2011-07-01,Master Circular- Exposure Norms and Statutory / Other Restrictions - UCBs,,https://www.rbi.org.in/Scripts/BS_ViewMasCirculardetails.aspx?id=6521,https://www.rbi.org.in/Scripts/BS_ViewMasterCirculardetails.aspx,2026-05-30T10:42:52.237738+00:00
2011-08-10,Master Circular - Use of Hindi in banks,,https://www.rbi.org.in/Scripts/BS_ViewMasCirculardetails.aspx?id=6666,https://www.rbi.org.in/Scripts/BS_ViewMasterCirculardetails.aspx,2026-05-30T10:42:52.237738+00:00
2011-07-05,Master Circular - Lending To Priority Sector,,https://www.rbi.org.in/Scripts/BS_ViewMasCirculardetails.aspx?id=6603,https://www.rbi.org.in/Scripts/BS_ViewMasterCirculardetails.aspx,2026-05-30T10:42:52.237738+00:00
2011-07-01,Master Circular on Branch Authorisation,,https://www.rbi.org.in/Scripts/BS_ViewMasCirculardetails.aspx?id=6568,https://www.rbi.org.in/Scripts/BS_ViewMasterCirculardetails.aspx,2026-05-30T10:42:52.237738+00:00
2011-07-01,Master Circular on Export Credit Refinance Facility,,https://www.rbi.org.in/Scripts/BS_ViewMasCirculardetails.aspx?id=6567,https://www.rbi.org.in/Scripts/BS_ViewMasterCirculardetails.aspx,2026-05-30T10:42:52.237738+00:00
2011-07-01,Master Circular - Para-banking Activities,,https://www.rbi.org.in/Scripts/BS_ViewMasCirculardetails.aspx?id=6561,https://www.rbi.org.in/Scripts/BS_ViewMasterCirculardetails.aspx,2026-05-30T10:42:52.237738+00:00
2011-07-01,"Master Circular - Lending to Micro, Small & Medium Enterprises (MSME) Sector",,https://www.rbi.org.in/Scripts/BS_ViewMasCirculardetails.aspx?id=6553,https://www.rbi.org.in/Scripts/BS_ViewMasterCirculardetails.aspx,2026-05-30T10:42:52.237738+00:00
2011-07-01,Master Circular - Bank Finance to Non-Banking Financial Companies (NBFCs),,https://www.rbi.org.in/Scripts/BS_ViewMasCirculardetails.aspx?id=6550,https://www.rbi.org.in/Scripts/BS_ViewMasterCirculardetails.aspx,2026-05-30T10:42:52.237738+00:00
2011-07-01,Frauds – Classification and Reporting,,https://www.rbi.org.in/Scripts/BS_ViewMasCirculardetails.aspx?id=6549,https://www.rbi.org.in/Scripts/BS_ViewMasterCirculardetails.aspx,2026-05-30T10:42:52.237738+00:00
2011-07-01,Master Circular – Exposure Norms,,https://www.rbi.org.in/Scripts/BS_ViewMasCirculardetails.aspx?id=6546,https://www.rbi.org.in/Scripts/BS_ViewMasterCirculardetails.aspx,2026-05-30T10:42:52.237738+00:00
2011-07-01,Master Circular on Credit Card Operations of banks,,https://www.rbi.org.in/Scripts/BS_ViewMasCirculardetails.aspx?id=6543,https://www.rbi.org.in/Scripts/BS_ViewMasterCirculardetails.aspx,2026-05-30T10:42:52.237738+00:00
2011-07-01,Master Circular - Disclosure in Financial Statements - Notes to Accounts,,https://www.rbi.org.in/Scripts/BS_ViewMasCirculardetails.aspx?id=6542,https://www.rbi.org.in/Scripts/BS_ViewMasterCirculardetails.aspx,2026-05-30T10:42:52.237738+00:00
2011-07-01,"Section 23 of the Banking Regulation Act, 1949 - Master Circular on Branch Licensing - Regional Rural Banks (RRBs)",,https://www.rbi.org.in/Scripts/BS_ViewMasCirculardetails.aspx?id=6540,https://www.rbi.org.in/Scripts/BS_ViewMasterCirculardetails.aspx,2026-05-30T10:42:52.237738+00:00
2011-07-01,Master Circular on Wilful Defaulters,,https://www.rbi.org.in/Scripts/BS_ViewMasCirculardetails.aspx?id=6539,https://www.rbi.org.in/Scripts/BS_ViewMasterCirculardetails.aspx,2026-05-30T10:42:52.237738+00:00
2011-07-01,Master Circular - Guidelines For Relief Measures By Banks In Areas Affected By Natural Calamities,,https://www.rbi.org.in/Scripts/BS_ViewMasCirculardetails.aspx?id=6537,https://www.rbi.org.in/Scripts/BS_ViewMasterCirculardetails.aspx,2026-05-30T10:42:52.237738+00:00
2011-07-01,Master Circular - Guarantees and Co-acceptances,,https://www.rbi.org.in/Scripts/BS_ViewMasCirculardetails.aspx?id=6536,https://www.rbi.org.in/Scripts/BS_ViewMasterCirculardetails.aspx,2026-05-30T10:42:52.237738+00:00
2011-07-01,Master Circular on SHG-Bank Linkage Programme,,https://www.rbi.org.in/Scripts/BS_ViewMasCirculardetails.aspx?id=6531,https://www.rbi.org.in/Scripts/BS_ViewMasterCirculardetails.aspx,2026-05-30T10:42:52.237738+00:00
2011-07-01,"Master Circular – Know Your Customer (KYC) norms / Anti-Money Laundering (AML) standards/Combating of Financing of Terrorism (CFT)/Obligation of banks under PMLA, 2002",,https://www.rbi.org.in/Scripts/BS_ViewMasCirculardetails.aspx?id=6520,https://www.rbi.org.in/Scripts/BS_ViewMasterCirculardetails.aspx,2026-05-30T10:42:52.237738+00:00
2011-07-01,"Master Circular - Prudential norms on Income Recognition, Asset Classification and Provisioning pertaining to Advances",,https://www.rbi.org.in/Scripts/BS_ViewMasCirculardetails.aspx?id=6519,https://www.rbi.org.in/Scripts/BS_ViewMasterCirculardetails.aspx,2026-05-30T10:42:52.237738+00:00
2011-07-01,"Master Circular – Prudential norms for classification, valuation and operation of investment portfolio by banks",,https://www.rbi.org.in/Scripts/BS_ViewMasCirculardetails.aspx?id=6518,https://www.rbi.org.in/Scripts/BS_ViewMasterCirculardetails.aspx,2026-05-30T10:42:52.237738+00:00
2011-07-01,Master Circular - Prudential Norms on Capital Adequacy - Basel I Framework,,https://www.rbi.org.in/Scripts/BS_ViewMasCirculardetails.aspx?id=6517,https://www.rbi.org.in/Scripts/BS_ViewMasterCirculardetails.aspx,2026-05-30T10:42:52.237738+00:00
2011-07-01,Master Circular - Prudential Guidelines on Capital Adequacy and Market Discipline- New Capital Adequacy Framework (NCAF),,https://www.rbi.org.in/Scripts/BS_ViewMasCirculardetails.aspx?id=6516,https://www.rbi.org.in/Scripts/BS_ViewMasterCirculardetails.aspx,2026-05-30T10:42:52.237738+00:00
2011-07-01,Master Circular on Rupee / Foreign Currency Export Credit & Customer Service To Exporters,,https://www.rbi.org.in/Scripts/BS_ViewMasCirculardetails.aspx?id=6515,https://www.rbi.org.in/Scripts/BS_ViewMasterCirculardetails.aspx,2026-05-30T10:42:52.237738+00:00
2011-07-01,Master Circular- Loans and Advances – Statutory and Other Restrictions,,https://www.rbi.org.in/Scripts/BS_ViewMasCirculardetails.aspx?id=6514,https://www.rbi.org.in/Scripts/BS_ViewMasterCirculardetails.aspx,2026-05-30T10:42:52.237738+00:00
2011-07-01,Master Circular on Customer Service in Banks,,https://www.rbi.org.in/Scripts/BS_ViewMasCirculardetails.aspx?id=6513,https://www.rbi.org.in/Scripts/BS_ViewMasterCirculardetails.aspx,2026-05-30T10:42:52.237738+00:00
2011-07-01,"Master Circular on Interest Rates on Rupee Deposits held in Domestic, Ordinary Non-Resident (NRO) and Non-Resident (External) (NRE) Accounts",,https://www.rbi.org.in/Scripts/BS_ViewMasCirculardetails.aspx?id=6512,https://www.rbi.org.in/Scripts/BS_ViewMasterCirculardetails.aspx,2026-05-30T10:42:52.237738+00:00
2011-07-01,Master Circular - Interest Rates on Advances,,https://www.rbi.org.in/Scripts/BS_ViewMasCirculardetails.aspx?id=6511,https://www.rbi.org.in/Scripts/BS_ViewMasterCirculardetails.aspx,2026-05-30T10:42:52.237738+00:00
2011-07-01,Master Circular on Housing Finance,,https://www.rbi.org.in/Scripts/BS_ViewMasCirculardetails.aspx?id=6510,https://www.rbi.org.in/Scripts/BS_ViewMasterCirculardetails.aspx,2026-05-30T10:42:52.237738+00:00
2011-07-01,Master Circular of instructions relating to deposits held in FCNR(B) Accounts,,https://www.rbi.org.in/Scripts/BS_ViewMasCirculardetails.aspx?id=6509,https://www.rbi.org.in/Scripts/BS_ViewMasterCirculardetails.aspx,2026-05-30T10:42:52.237738+00:00
2011-07-01,Master Circular - Cash Reserve Ratio (CRR) and Statutory Liquidity Ratio (SLR),,https://www.rbi.org.in/Scripts/BS_ViewMasCirculardetails.aspx?id=6508,https://www.rbi.org.in/Scripts/BS_ViewMasterCirculardetails.aspx,2026-05-30T10:42:52.237738+00:00
2011-07-01,Master Circular- Priority Sector Lending - Credit Facilities to Minority Communities,,https://www.rbi.org.in/Scripts/BS_ViewMasCirculardetails.aspx?id=6572,https://www.rbi.org.in/Scripts/BS_ViewMasterCirculardetails.aspx,2026-05-30T10:42:52.237738+00:00
2011-07-01,Master Circular on Self Employment Scheme for Rehabilitation of Manual Scavengers,,https://www.rbi.org.in/Scripts/BS_ViewMasCirculardetails.aspx?id=6571,https://www.rbi.org.in/Scripts/BS_ViewMasterCirculardetails.aspx,2026-05-30T10:42:52.237738+00:00
2011-07-01,Master Circular on Priority Sector Lending - Special Programmes – SGSY,,https://www.rbi.org.in/Scripts/BS_ViewMasCirculardetails.aspx?id=6557,https://www.rbi.org.in/Scripts/BS_ViewMasterCirculardetails.aspx,2026-05-30T10:42:52.237738+00:00
2011-07-01,Master Circular - Priority Sector Lending - Credit facilities to SCs and STs,,https://www.rbi.org.in/Scripts/BS_ViewMasCirculardetails.aspx?id=6556,https://www.rbi.org.in/Scripts/BS_ViewMasterCirculardetails.aspx,2026-05-30T10:42:52.237738+00:00
2011-07-01,Master Circular - Priority Sector Lending - Special Programmes - SJSRY,,https://www.rbi.org.in/Scripts/BS_ViewMasCirculardetails.aspx?id=6547,https://www.rbi.org.in/Scripts/BS_ViewMasterCirculardetails.aspx,2026-05-30T10:42:52.237738+00:00
2011-07-01,Master Circular - Exposure Norms for Financial Institutions,,https://www.rbi.org.in/Scripts/BS_ViewMasCirculardetails.aspx?id=6541,https://www.rbi.org.in/Scripts/BS_ViewMasterCirculardetails.aspx,2026-05-30T10:42:52.237738+00:00
2011-07-01,Master Circular- Resource Raising Norms for Financial Institutions,,https://www.rbi.org.in/Scripts/BS_ViewMasCirculardetails.aspx?id=6538,https://www.rbi.org.in/Scripts/BS_ViewMasterCirculardetails.aspx,2026-05-30T10:42:52.237738+00:00
2011-07-01,"Master Circular – Prudential norms for classification, valuation and operation of investment portfolio by FIs",,https://www.rbi.org.in/Scripts/BS_ViewMasCirculardetails.aspx?id=6530,https://www.rbi.org.in/Scripts/BS_ViewMasterCirculardetails.aspx,2026-05-30T10:42:52.237738+00:00
2011-07-01,Master Circular - Disclosure Norms for Financial Institutions,,https://www.rbi.org.in/Scripts/BS_ViewMasCirculardetails.aspx?id=6507,https://www.rbi.org.in/Scripts/BS_ViewMasterCirculardetails.aspx,2026-05-30T10:42:52.237738+00:00
2011-07-01,Master Circular - Guidelines for Issue of Certificates of Deposit,,https://www.rbi.org.in/Scripts/BS_ViewMasCirculardetails.aspx?id=6560,https://www.rbi.org.in/Scripts/BS_ViewMasterCirculardetails.aspx,2026-05-30T10:42:52.237738+00:00
2011-07-01,Master Circular on Call/Notice Money Market Operations,,https://www.rbi.org.in/Scripts/BS_ViewMasCirculardetails.aspx?id=6559,https://www.rbi.org.in/Scripts/BS_ViewMasterCirculardetails.aspx,2026-05-30T10:42:52.237738+00:00
2011-07-01,Master Circular - Guidelines for Issue of Commercial Paper,,https://www.rbi.org.in/Scripts/BS_ViewMasCirculardetails.aspx?id=6558,https://www.rbi.org.in/Scripts/BS_ViewMasterCirculardetails.aspx,2026-05-30T10:42:52.237738+00:00
2012-01-31,Master Circular on Risk Management and Inter-Bank Dealings,,https://www.rbi.org.in/Scripts/BS_ViewMasCirculardetails.aspx?id=6980,https://www.rbi.org.in/Scripts/BS_ViewMasterCirculardetails.aspx,2026-05-30T10:42:52.237738+00:00
2011-07-01,Master Circular on Risk Management and Inter-Bank Dealings,,https://www.rbi.org.in/Scripts/BS_ViewMasCirculardetails.aspx?id=6503,https://www.rbi.org.in/Scripts/BS_ViewMasterCirculardetails.aspx,2026-05-30T10:42:52.237738+00:00
2011-07-01,Master Circular – Detection and Impounding of Counterfeit Notes,,https://www.rbi.org.in/Scripts/BS_ViewMasCirculardetails.aspx?id=6548,https://www.rbi.org.in/Scripts/BS_ViewMasterCirculardetails.aspx,2026-05-30T10:42:52.237738+00:00
2011-07-01,Master Circular – Levy of Penal Interest for Delayed Reporting/Wrong Reporting/Non-Reporting of Currency Chest Transactions and Inclusion of Ineligible Amounts in Currency Chest Balances,,https://www.rbi.org.in/Scripts/BS_ViewMasCirculardetails.aspx?id=6534,https://www.rbi.org.in/Scripts/BS_ViewMasterCirculardetails.aspx,2026-05-30T10:42:52.237738+00:00
2011-07-01,Master Circular – Facility for Exchange of Notes and Coins,,https://www.rbi.org.in/Scripts/BS_ViewMasCirculardetails.aspx?id=6533,https://www.rbi.org.in/Scripts/BS_ViewMasterCirculardetails.aspx,2026-05-30T10:42:52.237738+00:00
2011-07-01,Master Circulars - Miscellaneous Instructions to NBFC- ND-SI,,https://www.rbi.org.in/Scripts/BS_ViewMasCirculardetails.aspx?id=6593,https://www.rbi.org.in/Scripts/BS_ViewMasterCirculardetails.aspx,2026-05-30T10:42:52.237738+00:00
2011-07-01,"Notification as amended upto June 30, 2011 - The Securitisation Companies and Reconstruction Companies (Reserve Bank) Guidelines and Directions, 2003",,https://www.rbi.org.in/Scripts/BS_ViewMasCirculardetails.aspx?id=6592,https://www.rbi.org.in/Scripts/BS_ViewMasterCirculardetails.aspx,2026-05-30T10:42:52.237738+00:00
2011-07-01,"Notification as amended upto June 30, 2011 – “Mortgage Guarantee Company (Reserve Bank) Guidelines, 2008”",,https://www.rbi.org.in/Scripts/BS_ViewMasCirculardetails.aspx?id=6591,https://www.rbi.org.in/Scripts/BS_ViewMasterCirculardetails.aspx,2026-05-30T10:42:52.237738+00:00
2011-07-01,"Notification as amended upto June 30, 2011 – “Mortgage Guarantee Companies Prudential Norms (Reserve Bank) Directions, 2008”",,https://www.rbi.org.in/Scripts/BS_ViewMasCirculardetails.aspx?id=6590,https://www.rbi.org.in/Scripts/BS_ViewMasterCirculardetails.aspx,2026-05-30T10:42:52.237738+00:00
2011-07-01,Master Circular – Regulatory Framework for Core Investment Companies (CICs),,https://www.rbi.org.in/Scripts/BS_ViewMasCirculardetails.aspx?id=6589,https://www.rbi.org.in/Scripts/BS_ViewMasterCirculardetails.aspx,2026-05-30T10:42:52.237738+00:00
2011-07-01,Master Circulars - Miscellaneous Instructions to All Non-Banking Financial Companies,,https://www.rbi.org.in/Scripts/BS_ViewMasCirculardetails.aspx?id=6588,https://www.rbi.org.in/Scripts/BS_ViewMasterCirculardetails.aspx,2026-05-30T10:42:52.237738+00:00
2011-07-01,"Notification as amended upto June 30, 2011 - Change in or Take Over of the Management of the Business of the Borrower by Securitisation Companies and Reconstruction Companies (Reserve Bank) Guidelines, 2010",,https://www.rbi.org.in/Scripts/BS_ViewMasCirculardetails.aspx?id=6587,https://www.rbi.org.in/Scripts/BS_ViewMasterCirculardetails.aspx,2026-05-30T10:42:52.237738+00:00
2011-07-01,Master Circular - Frauds – Future approach towards monitoring of frauds in NBFCs,,https://www.rbi.org.in/Scripts/BS_ViewMasCirculardetails.aspx?id=6586,https://www.rbi.org.in/Scripts/BS_ViewMasterCirculardetails.aspx,2026-05-30T10:42:52.237738+00:00
2011-07-01,"Notification as amended upto June 30, 2011– “Non-Banking Financial (Non - Deposit Accepting or Holding) Companies Prudential Norms (Reserve Bank) Directions, 2007”",,https://www.rbi.org.in/Scripts/BS_ViewMasCirculardetails.aspx?id=6585,https://www.rbi.org.in/Scripts/BS_ViewMasterCirculardetails.aspx,2026-05-30T10:42:52.237738+00:00
2011-07-01,Master Circular – Corporate Governance,,https://www.rbi.org.in/Scripts/BS_ViewMasCirculardetails.aspx?id=6584,https://www.rbi.org.in/Scripts/BS_ViewMasterCirculardetails.aspx,2026-05-30T10:42:52.237738+00:00
2011-07-01,Master Circular - Fair Practices Code,,https://www.rbi.org.in/Scripts/BS_ViewMasCirculardetails.aspx?id=6583,https://www.rbi.org.in/Scripts/BS_ViewMasterCirculardetails.aspx,2026-05-30T10:42:52.237738+00:00
2011-07-01,"Notification as amended upto June 30, 2011 – “Miscellaneous Non-Banking Companies (Reserve Bank) Directions, 1977”",,https://www.rbi.org.in/Scripts/BS_ViewMasCirculardetails.aspx?id=6582,https://www.rbi.org.in/Scripts/BS_ViewMasterCirculardetails.aspx,2026-05-30T10:42:52.237738+00:00
2011-07-01,Master Circular - Returns to be submitted by NBFCs,,https://www.rbi.org.in/Scripts/BS_ViewMasCirculardetails.aspx?id=6578,https://www.rbi.org.in/Scripts/BS_ViewMasterCirculardetails.aspx,2026-05-30T10:42:52.237738+00:00
2011-07-01,"Master Circular - allied activities- entry into insurance business, issue of credit card and marketing and distribution of certain products",,https://www.rbi.org.in/Scripts/BS_ViewMasCirculardetails.aspx?id=6577,https://www.rbi.org.in/Scripts/BS_ViewMasterCirculardetails.aspx,2026-05-30T10:42:52.237738+00:00
2011-07-01,"Notification as amended upto June 30, 2011 – “Non-Banking Financial (Deposit Accepting or Holding) Companies Prudential Norms (Reserve Bank) Directions, 2007”",,https://www.rbi.org.in/Scripts/BS_ViewMasCirculardetails.aspx?id=6576,https://www.rbi.org.in/Scripts/BS_ViewMasterCirculardetails.aspx,2026-05-30T10:42:52.237738+00:00
2011-07-01,"Master Circular – KYC Guidelines – Anti Money Laundering Standards - PMLA, 2002 - Obligations of NBFCs",,https://www.rbi.org.in/Scripts/BS_ViewMasCirculardetails.aspx?id=6575,https://www.rbi.org.in/Scripts/BS_ViewMasterCirculardetails.aspx,2026-05-30T10:42:52.237738+00:00
2011-07-01,"Notification as amended upto June 30, 2011 – “Non-Banking Financial Companies Acceptance of Public Deposits (Reserve Bank) Directions, 1998”",,https://www.rbi.org.in/Scripts/BS_ViewMasCirculardetails.aspx?id=6574,https://www.rbi.org.in/Scripts/BS_ViewMasterCirculardetails.aspx,2026-05-30T10:42:52.237738+00:00
2011-07-01,"Master Circular- Exemptions from the provisions of RBI Act, 1934",,https://www.rbi.org.in/Scripts/BS_ViewMasCirculardetails.aspx?id=6573,https://www.rbi.org.in/Scripts/BS_ViewMasterCirculardetails.aspx,2026-05-30T10:42:52.237738+00:00
2011-07-01,"Notification as amended upto June 30, 2011 – “Mortgage Guarantee Companies Investment (Reserve Bank) Directions, 2008”",,https://www.rbi.org.in/Scripts/BS_ViewMasCirculardetails.aspx?id=6566,https://www.rbi.org.in/Scripts/BS_ViewMasterCirculardetails.aspx,2026-05-30T10:42:52.237738+00:00
2011-07-01,"Notification as amended upto June 30, 2011 “Non-Banking Financial Companies Auditor’s Report (Reserve Bank) Directions, 2008”",,https://www.rbi.org.in/Scripts/BS_ViewMasCirculardetails.aspx?id=6565,https://www.rbi.org.in/Scripts/BS_ViewMasterCirculardetails.aspx,2026-05-30T10:42:52.237738+00:00
2011-07-01,Master Circular on directions/instructions issued to the Securitisation Companies/ Reconstruction Companies,,https://www.rbi.org.in/Scripts/BS_ViewMasCirculardetails.aspx?id=6564,https://www.rbi.org.in/Scripts/BS_ViewMasterCirculardetails.aspx,2026-05-30T10:42:52.237738+00:00
2011-07-01,Master Circular 2011 – Opening of Branch-Subsidiary-Joint Venture-Representative office or Undertaking Investment Abroad by NBFCs,,https://www.rbi.org.in/Scripts/BS_ViewMasCirculardetails.aspx?id=6563,https://www.rbi.org.in/Scripts/BS_ViewMasterCirculardetails.aspx,2026-05-30T10:42:52.237738+00:00
2011-07-01,Master Circular- Capital Adequacy Standards and Risk Management Guidelines for standalone Primary Dealers,,https://www.rbi.org.in/Scripts/BS_ViewMasCirculardetails.aspx?id=6570,https://www.rbi.org.in/Scripts/BS_ViewMasterCirculardetails.aspx,2026-05-30T10:42:52.237738+00:00
2011-07-01,Master Circular – Operational Guidelines to Primary Dealers,,https://www.rbi.org.in/Scripts/BS_ViewMasCirculardetails.aspx?id=6569,https://www.rbi.org.in/Scripts/BS_ViewMasterCirculardetails.aspx,2026-05-30T10:42:52.237738+00:00
2010-07-01,Master Circular on Nomination facility in Relief / Savings Bonds,,https://www.rbi.org.in/Scripts/BS_ViewMasCirculardetails.aspx?id=5776,https://www.rbi.org.in/Scripts/BS_ViewMasterCirculardetails.aspx,2026-05-30T10:42:53.163857+00:00
2010-07-01,Master Circular on Appointment & delisting of Brokers and Payment of Brokerage on Relief / Savings Bonds,,https://www.rbi.org.in/Scripts/BS_ViewMasCirculardetails.aspx?id=5775,https://www.rbi.org.in/Scripts/BS_ViewMasterCirculardetails.aspx,2026-05-30T10:42:53.163857+00:00
2010-07-01,Master Circular on Management of Advances- UCBs,,https://www.rbi.org.in/Scripts/BS_ViewMasCirculardetails.aspx?id=5837,https://www.rbi.org.in/Scripts/BS_ViewMasterCirculardetails.aspx,2026-05-30T10:42:53.163857+00:00
2010-07-01,Master Circular on Investments by Primary (Urban) Co-operative Banks,,https://www.rbi.org.in/Scripts/BS_ViewMasCirculardetails.aspx?id=5836,https://www.rbi.org.in/Scripts/BS_ViewMasterCirculardetails.aspx,2026-05-30T10:42:53.163857+00:00
2010-07-01,"Master Circular – Know Your Customer (KYC) Norms / Anti-Money Laundering (AML) Standards / Combating of Financing of Terrorism (CFT)/Obligation of banks under PMLA, 2002",,https://www.rbi.org.in/Scripts/BS_ViewMasCirculardetails.aspx?id=5835,https://www.rbi.org.in/Scripts/BS_ViewMasterCirculardetails.aspx,2026-05-30T10:42:53.163857+00:00
2010-07-01,Master Circular on Customer Service - UCBs,,https://www.rbi.org.in/Scripts/BS_ViewMasCirculardetails.aspx?id=5834,https://www.rbi.org.in/Scripts/BS_ViewMasterCirculardetails.aspx,2026-05-30T10:42:53.163857+00:00
2010-07-01,Master Circular on Inspection & Audit Systems in Primary (Urban)Co-op. Banks,,https://www.rbi.org.in/Scripts/BS_ViewMasCirculardetails.aspx?id=5833,https://www.rbi.org.in/Scripts/BS_ViewMasterCirculardetails.aspx,2026-05-30T10:42:53.163857+00:00
2010-07-01,Master Circular on Board of Directors - UCBs,,https://www.rbi.org.in/Scripts/BS_ViewMasCirculardetails.aspx?id=5832,https://www.rbi.org.in/Scripts/BS_ViewMasterCirculardetails.aspx,2026-05-30T10:42:53.163857+00:00
2010-07-01,Master Circular on Maintenance of Statutory Reserves - Cash Reserve Ratio (CRR) and Statutory Liquidity Ratio (SLR) by Primary (Urban) Co-operative Banks,,https://www.rbi.org.in/Scripts/BS_ViewMasCirculardetails.aspx?id=5831,https://www.rbi.org.in/Scripts/BS_ViewMasterCirculardetails.aspx,2026-05-30T10:42:53.163857+00:00
2010-07-01,Master Circular on Maintenance of Deposit Accounts – Primary (Urban) Co-operative Banks,,https://www.rbi.org.in/Scripts/BS_ViewMasCirculardetails.aspx?id=5830,https://www.rbi.org.in/Scripts/BS_ViewMasterCirculardetails.aspx,2026-05-30T10:42:53.163857+00:00
2010-07-01,Master Circular - Interest Rates on Rupee Deposits – Primary (Urban) Co-operative Banks,,https://www.rbi.org.in/Scripts/BS_ViewMasCirculardetails.aspx?id=5829,https://www.rbi.org.in/Scripts/BS_ViewMasterCirculardetails.aspx,2026-05-30T10:42:53.163857+00:00
2010-07-01,"Master Circular on Area of Operation, Branch Authorisation Policy, Opening/ Up-gradation of Extension Counters, ATMs and Shifting/Splitting/Closure of Offices",,https://www.rbi.org.in/Scripts/BS_ViewMasCirculardetails.aspx?id=5764,https://www.rbi.org.in/Scripts/BS_ViewMasterCirculardetails.aspx,2026-05-30T10:42:53.163857+00:00
2010-07-01,Master Circular - Priority Sector Lending - UCBs,,https://www.rbi.org.in/Scripts/BS_ViewMasCirculardetails.aspx?id=5763,https://www.rbi.org.in/Scripts/BS_ViewMasterCirculardetails.aspx,2026-05-30T10:42:53.163857+00:00
2010-07-01,Prudential Norms on Capital Adequacy – Master Circular -UCBs,,https://www.rbi.org.in/Scripts/BS_ViewMasCirculardetails.aspx?id=5762,https://www.rbi.org.in/Scripts/BS_ViewMasterCirculardetails.aspx,2026-05-30T10:42:53.163857+00:00
2010-07-01,"Master Circular on Income Recognition, Asset Classification, Provisioning & Other Related Matters - UCBs",,https://www.rbi.org.in/Scripts/BS_ViewMasCirculardetails.aspx?id=5761,https://www.rbi.org.in/Scripts/BS_ViewMasterCirculardetails.aspx,2026-05-30T10:42:53.163857+00:00
2010-07-01,Master Circular on Finance For Housing Schemes-UCBs,,https://www.rbi.org.in/Scripts/BS_ViewMasCirculardetails.aspx?id=5760,https://www.rbi.org.in/Scripts/BS_ViewMasterCirculardetails.aspx,2026-05-30T10:42:53.163857+00:00
2010-07-01,Master Circular on Exposure Norms and Statutory/Other Restrictions - UCBs,,https://www.rbi.org.in/Scripts/BS_ViewMasCirculardetails.aspx?id=5759,https://www.rbi.org.in/Scripts/BS_ViewMasterCirculardetails.aspx,2026-05-30T10:42:53.163857+00:00
2010-07-01,"Master Circular- Guarantees, Co-Acceptances & Letters of Credit - UCBs",,https://www.rbi.org.in/Scripts/BS_ViewMasCirculardetails.aspx?id=5758,https://www.rbi.org.in/Scripts/BS_ViewMasterCirculardetails.aspx,2026-05-30T10:42:53.163857+00:00
2011-02-14,Master Circular on Micro Credit,,https://www.rbi.org.in/Scripts/BS_ViewMasCirculardetails.aspx?id=6266,https://www.rbi.org.in/Scripts/BS_ViewMasterCirculardetails.aspx,2026-05-30T10:42:53.163857+00:00
2010-07-01,Master Circular - Frauds – Classification and Reporting,,https://www.rbi.org.in/Scripts/BS_ViewMasCirculardetails.aspx?id=5861,https://www.rbi.org.in/Scripts/BS_ViewMasterCirculardetails.aspx,2026-05-30T10:42:53.163857+00:00
2010-07-01,Frauds – Classification and Reporting- UCBs,,https://www.rbi.org.in/Scripts/BS_ViewMasCirculardetails.aspx?id=5855,https://www.rbi.org.in/Scripts/BS_ViewMasterCirculardetails.aspx,2026-05-30T10:42:53.163857+00:00
2010-07-01,Master Circular - Guidelines for Relief Measures by Banks in Areas Affected by Natural Calamities,,https://www.rbi.org.in/Scripts/BS_ViewMasCirculardetails.aspx?id=5853,https://www.rbi.org.in/Scripts/BS_ViewMasterCirculardetails.aspx,2026-05-30T10:42:53.163857+00:00
2010-07-01,Master Circular on Export Credit Refinance Facility,,https://www.rbi.org.in/Scripts/BS_ViewMasCirculardetails.aspx?id=5819,https://www.rbi.org.in/Scripts/BS_ViewMasterCirculardetails.aspx,2026-05-30T10:42:53.163857+00:00
2010-07-01,Master Circular - Lending To Priority Sector,,https://www.rbi.org.in/Scripts/BS_ViewMasCirculardetails.aspx?id=5818,https://www.rbi.org.in/Scripts/BS_ViewMasterCirculardetails.aspx,2026-05-30T10:42:53.163857+00:00
2010-07-01,"Master Circular - Lending to Micro, Small & Medium Enterprises (MSME) Sector",,https://www.rbi.org.in/Scripts/BS_ViewMasCirculardetails.aspx?id=5817,https://www.rbi.org.in/Scripts/BS_ViewMasterCirculardetails.aspx,2026-05-30T10:42:53.163857+00:00
2010-07-01,Master Circular - Interest Rates on Advances,,https://www.rbi.org.in/Scripts/BS_ViewMasCirculardetails.aspx?id=5816,https://www.rbi.org.in/Scripts/BS_ViewMasterCirculardetails.aspx,2026-05-30T10:42:53.163857+00:00
2010-07-01,Master Circular - Cash Reserve Ratio (CRR) and Statutory Liquidity Ratio (SLR),,https://www.rbi.org.in/Scripts/BS_ViewMasCirculardetails.aspx?id=5815,https://www.rbi.org.in/Scripts/BS_ViewMasterCirculardetails.aspx,2026-05-30T10:42:53.163857+00:00
2010-07-01,Master Circular - Use of Hindi in banks,,https://www.rbi.org.in/Scripts/BS_ViewMasCirculardetails.aspx?id=5814,https://www.rbi.org.in/Scripts/BS_ViewMasterCirculardetails.aspx,2026-05-30T10:42:53.163857+00:00
2010-07-01,Master Circular - Guarantees and Co-acceptances,,https://www.rbi.org.in/Scripts/BS_ViewMasCirculardetails.aspx?id=5813,https://www.rbi.org.in/Scripts/BS_ViewMasterCirculardetails.aspx,2026-05-30T10:42:53.163857+00:00
2010-07-01,"Master Circular on Interest Rates on Rupee Deposits held in Domestic, Ordinary Non-Resident (NRO) and Non-Resident (External) (NRE) Accounts",,https://www.rbi.org.in/Scripts/BS_ViewMasCirculardetails.aspx?id=5812,https://www.rbi.org.in/Scripts/BS_ViewMasterCirculardetails.aspx,2026-05-30T10:42:53.163857+00:00
2010-07-01,Master Circular on Housing Finance,,https://www.rbi.org.in/Scripts/BS_ViewMasCirculardetails.aspx?id=5803,https://www.rbi.org.in/Scripts/BS_ViewMasterCirculardetails.aspx,2026-05-30T10:42:53.163857+00:00
2010-07-01,Master Circular - Para-banking Activities,,https://www.rbi.org.in/Scripts/BS_ViewMasCirculardetails.aspx?id=5802,https://www.rbi.org.in/Scripts/BS_ViewMasterCirculardetails.aspx,2026-05-30T10:42:53.163857+00:00
2010-07-01,Master Circular – Exposure Norms,,https://www.rbi.org.in/Scripts/BS_ViewMasCirculardetails.aspx?id=5800,https://www.rbi.org.in/Scripts/BS_ViewMasterCirculardetails.aspx,2026-05-30T10:42:53.163857+00:00
2010-07-01,Master Circular on Customer Service in banks,,https://www.rbi.org.in/Scripts/BS_ViewMasCirculardetails.aspx?id=5799,https://www.rbi.org.in/Scripts/BS_ViewMasterCirculardetails.aspx,2026-05-30T10:42:53.163857+00:00
2010-07-01,Master Circular of instructions relating to deposits held in FCNR(B) Accounts,,https://www.rbi.org.in/Scripts/BS_ViewMasCirculardetails.aspx?id=5797,https://www.rbi.org.in/Scripts/BS_ViewMasterCirculardetails.aspx,2026-05-30T10:42:53.163857+00:00
2010-07-01,"Master Circular – Foreign Contribution ( Regulation ) Act, 1976 – Obligations of Banks in Regulating Receipt of Foreign Contributions by Associations / Organizations in India",,https://www.rbi.org.in/Scripts/BS_ViewMasCirculardetails.aspx?id=5796,https://www.rbi.org.in/Scripts/BS_ViewMasterCirculardetails.aspx,2026-05-30T10:42:53.163857+00:00
2010-07-01,Master Circular on Micro Credit,,https://www.rbi.org.in/Scripts/BS_ViewMasCirculardetails.aspx?id=5795,https://www.rbi.org.in/Scripts/BS_ViewMasterCirculardetails.aspx,2026-05-30T10:42:53.163857+00:00
2010-07-01,Master Circular on Credit Card Operations of banks,,https://www.rbi.org.in/Scripts/BS_ViewMasCirculardetails.aspx?id=5794,https://www.rbi.org.in/Scripts/BS_ViewMasterCirculardetails.aspx,2026-05-30T10:42:53.163857+00:00
2010-07-01,Master Circular on Wilful Defaulters,,https://www.rbi.org.in/Scripts/BS_ViewMasCirculardetails.aspx?id=5793,https://www.rbi.org.in/Scripts/BS_ViewMasterCirculardetails.aspx,2026-05-30T10:42:53.163857+00:00
2010-07-01,"Section 23 of the Banking Regulation Act, 1949 - Master Circular on Branch Licensing - Regional Rural Banks (RRBs)",,https://www.rbi.org.in/Scripts/BS_ViewMasCirculardetails.aspx?id=5784,https://www.rbi.org.in/Scripts/BS_ViewMasterCirculardetails.aspx,2026-05-30T10:42:53.163857+00:00
2010-07-01,"Master Circular – Know Your Customer (KYC) norms / Anti-Money Laundering (AML) standards/Combating of Financing of Terrorism (CFT)/Obligation of banks under PMLA, 2002",,https://www.rbi.org.in/Scripts/BS_ViewMasCirculardetails.aspx?id=5783,https://www.rbi.org.in/Scripts/BS_ViewMasterCirculardetails.aspx,2026-05-30T10:42:53.163857+00:00
2010-07-01,"Master Circular - Prudential Norms on Income Recognition, Asset Classification and Provisioning pertaining to Advances",,https://www.rbi.org.in/Scripts/BS_ViewMasCirculardetails.aspx?id=5781,https://www.rbi.org.in/Scripts/BS_ViewMasterCirculardetails.aspx,2026-05-30T10:42:53.163857+00:00
2010-07-01,Master Circular- Loans and Advances – Statutory and Other Restrictions,,https://www.rbi.org.in/Scripts/BS_ViewMasCirculardetails.aspx?id=5780,https://www.rbi.org.in/Scripts/BS_ViewMasterCirculardetails.aspx,2026-05-30T10:42:53.163857+00:00
2010-07-01,Master Circular – Rupee / Foreign Currency Export Credit and Customer Service to Exporters,,https://www.rbi.org.in/Scripts/BS_ViewMasCirculardetails.aspx?id=5779,https://www.rbi.org.in/Scripts/BS_ViewMasterCirculardetails.aspx,2026-05-30T10:42:53.163857+00:00
2010-07-01,"Section 23 of Banking Regulation Act, 1949 – Master Circular on Branch Authorisation",,https://www.rbi.org.in/Scripts/BS_ViewMasCirculardetails.aspx?id=5778,https://www.rbi.org.in/Scripts/BS_ViewMasterCirculardetails.aspx,2026-05-30T10:42:53.163857+00:00
2010-07-01,Master Circular - Prudential Guidelines on Capital Adequacy and Market Discipline- New Capital Adequacy Framework (NCAF),,https://www.rbi.org.in/Scripts/BS_ViewMasCirculardetails.aspx?id=5777,https://www.rbi.org.in/Scripts/BS_ViewMasterCirculardetails.aspx,2026-05-30T10:42:53.163857+00:00
2010-07-01,Master Circular - Bank Finance to Non-Banking Financial Companies (NBFCs),,https://www.rbi.org.in/Scripts/BS_ViewMasCirculardetails.aspx?id=5771,https://www.rbi.org.in/Scripts/BS_ViewMasterCirculardetails.aspx,2026-05-30T10:42:53.163857+00:00
2010-07-01,"Master Circular – Prudential norms for classification, valuation and operation of investment portfolio by banks",,https://www.rbi.org.in/Scripts/BS_ViewMasCirculardetails.aspx?id=5770,https://www.rbi.org.in/Scripts/BS_ViewMasterCirculardetails.aspx,2026-05-30T10:42:53.163857+00:00
2010-07-01,Master Circular - Prudential Norms on Capital Adequacy-Basel I Framework,,https://www.rbi.org.in/Scripts/BS_ViewMasCirculardetails.aspx?id=5769,https://www.rbi.org.in/Scripts/BS_ViewMasterCirculardetails.aspx,2026-05-30T10:42:53.163857+00:00
2010-07-01,Master Circular - Disclosure in Financial Statements - Notes to Accounts,,https://www.rbi.org.in/Scripts/BS_ViewMasCirculardetails.aspx?id=5768,https://www.rbi.org.in/Scripts/BS_ViewMasterCirculardetails.aspx,2026-05-30T10:42:53.163857+00:00
2010-07-01,Master Circular- Priority Sector Lending - Credit Facilities to Minority Communities,,https://www.rbi.org.in/Scripts/BS_ViewMasCirculardetails.aspx?id=5840,https://www.rbi.org.in/Scripts/BS_ViewMasterCirculardetails.aspx,2026-05-30T10:42:53.163857+00:00
2010-07-01,"Master Circular on New SRMS from the Ministry of Social Justice & Empowerment for rehabilitation of all the remaining scavengers and their dependents by December 2009 and the spillover in inevitable cases up to March 31, 2010",Social,https://www.rbi.org.in/Scripts/BS_ViewMasCirculardetails.aspx?id=5839,https://www.rbi.org.in/Scripts/BS_ViewMasterCirculardetails.aspx,2026-05-30T10:42:53.163857+00:00
2010-07-01,Master Circular - Priority Sector Lending-Credit facilities to Scheduled Castes (SCs) & Scheduled Tribes (STs),,https://www.rbi.org.in/Scripts/BS_ViewMasCirculardetails.aspx?id=5838,https://www.rbi.org.in/Scripts/BS_ViewMasterCirculardetails.aspx,2026-05-30T10:42:53.163857+00:00
2010-07-01,Master Circular on Priority Sector Lending- Special Programmes - Swarnajayanti Gram Swarozgar Yojana (SGSY),,https://www.rbi.org.in/Scripts/BS_ViewMasCirculardetails.aspx?id=5791,https://www.rbi.org.in/Scripts/BS_ViewMasterCirculardetails.aspx,2026-05-30T10:42:53.163857+00:00
2010-07-01,Master Circular - Priority Sector Lending - Special Programmes Swarna Jayanti Shahari Rozgar Yojana (SJSRY),,https://www.rbi.org.in/Scripts/BS_ViewMasCirculardetails.aspx?id=5790,https://www.rbi.org.in/Scripts/BS_ViewMasterCirculardetails.aspx,2026-05-30T10:42:53.163857+00:00
2010-07-01,"Master Circular – Prudential norms for classification, valuation and operation of investment portfolio by FIs",,https://www.rbi.org.in/Scripts/BS_ViewMasCirculardetails.aspx?id=5772,https://www.rbi.org.in/Scripts/BS_ViewMasterCirculardetails.aspx,2026-05-30T10:42:53.163857+00:00
2010-07-01,Master Circular - Exposure Norms for Financial Institutions,,https://www.rbi.org.in/Scripts/BS_ViewMasCirculardetails.aspx?id=5767,https://www.rbi.org.in/Scripts/BS_ViewMasterCirculardetails.aspx,2026-05-30T10:42:53.163857+00:00
2010-07-01,Master Circular - Disclosure Norms for Financial Institutions,,https://www.rbi.org.in/Scripts/BS_ViewMasCirculardetails.aspx?id=5766,https://www.rbi.org.in/Scripts/BS_ViewMasterCirculardetails.aspx,2026-05-30T10:42:53.163857+00:00
2010-07-01,Master Circular- Resource Raising Norms for Financial Institutions,,https://www.rbi.org.in/Scripts/BS_ViewMasCirculardetails.aspx?id=5765,https://www.rbi.org.in/Scripts/BS_ViewMasterCirculardetails.aspx,2026-05-30T10:42:53.163857+00:00
2010-07-01,Master Circular on Call/Notice Money Market Operations,,https://www.rbi.org.in/Scripts/BS_ViewMasCirculardetails.aspx?id=5854,https://www.rbi.org.in/Scripts/BS_ViewMasterCirculardetails.aspx,2026-05-30T10:42:53.163857+00:00
2010-07-01,Master Circular - Guidelines for Issue of Commercial Paper,,https://www.rbi.org.in/Scripts/BS_ViewMasCirculardetails.aspx?id=5850,https://www.rbi.org.in/Scripts/BS_ViewMasterCirculardetails.aspx,2026-05-30T10:42:53.163857+00:00
2010-07-01,Master Circular - Guidelines for Issue of Certificates of Deposit,,https://www.rbi.org.in/Scripts/BS_ViewMasCirculardetails.aspx?id=5849,https://www.rbi.org.in/Scripts/BS_ViewMasterCirculardetails.aspx,2026-05-30T10:42:53.163857+00:00
2010-07-01,Master Circular on Risk Management and Inter-Bank Dealings,,https://www.rbi.org.in/Scripts/BS_ViewMasCirculardetails.aspx?id=5789,https://www.rbi.org.in/Scripts/BS_ViewMasterCirculardetails.aspx,2026-05-30T10:42:53.163857+00:00
2010-07-01,Master Circular – Facility for Exchange of Notes and Coins,,https://www.rbi.org.in/Scripts/BS_ViewMasCirculardetails.aspx?id=5860,https://www.rbi.org.in/Scripts/BS_ViewMasterCirculardetails.aspx,2026-05-30T10:42:53.163857+00:00
2010-07-01,Master Circular – Detection and Impounding of Counterfeit Notes,,https://www.rbi.org.in/Scripts/BS_ViewMasCirculardetails.aspx?id=5828,https://www.rbi.org.in/Scripts/BS_ViewMasterCirculardetails.aspx,2026-05-30T10:42:53.163857+00:00
2010-07-01,Master Circular – Levy of Penal Interest for Delayed Reporting/Wrong Reporting/Non-Reporting of Currency Chest Transactions and Inclusion of Ineligible Amounts in Currency Chest Balances,,https://www.rbi.org.in/Scripts/BS_ViewMasCirculardetails.aspx?id=5827,https://www.rbi.org.in/Scripts/BS_ViewMasterCirculardetails.aspx,2026-05-30T10:42:53.163857+00:00
2010-07-01,Master Circular on directions/instructions issued to the Securitisation Companies/ Reconstruction Companies,,https://www.rbi.org.in/Scripts/BS_ViewMasCirculardetails.aspx?id=5848,https://www.rbi.org.in/Scripts/BS_ViewMasterCirculardetails.aspx,2026-05-30T10:42:53.163857+00:00
2010-07-01,"Notification as amended up to June 30, 2010 - The Securitisation Companies and Reconstruction Companies (Reserve Bank) Guidelines and Directions, 2003",,https://www.rbi.org.in/Scripts/BS_ViewMasCirculardetails.aspx?id=5847,https://www.rbi.org.in/Scripts/BS_ViewMasterCirculardetails.aspx,2026-05-30T10:42:53.163857+00:00
2010-07-01,"Notification as amended up to June 30, 2010 – “Mortgage Guarantee Company (Reserve Bank) Guidelines, 2008”",,https://www.rbi.org.in/Scripts/BS_ViewMasCirculardetails.aspx?id=5846,https://www.rbi.org.in/Scripts/BS_ViewMasterCirculardetails.aspx,2026-05-30T10:42:53.163857+00:00
2010-07-01,Master Circulars- Miscellaneous Instructions to All Non-Banking Financial Companies,,https://www.rbi.org.in/Scripts/BS_ViewMasCirculardetails.aspx?id=5845,https://www.rbi.org.in/Scripts/BS_ViewMasterCirculardetails.aspx,2026-05-30T10:42:53.163857+00:00
2010-07-01,"Notification as amended up to June 30, 2010 – “Mortgage Guarantee Companies Prudential Norms (Reserve Bank) Directions, 2008”",,https://www.rbi.org.in/Scripts/BS_ViewMasCirculardetails.aspx?id=5844,https://www.rbi.org.in/Scripts/BS_ViewMasterCirculardetails.aspx,2026-05-30T10:42:53.163857+00:00
2010-07-01,Master Circular - Returns to be submitted by NBFCs,,https://www.rbi.org.in/Scripts/BS_ViewMasCirculardetails.aspx?id=5843,https://www.rbi.org.in/Scripts/BS_ViewMasterCirculardetails.aspx,2026-05-30T10:42:53.163857+00:00
2010-07-01,"Master Circular- Exemptions from the provisions of RBI Act, 1934",,https://www.rbi.org.in/Scripts/BS_ViewMasCirculardetails.aspx?id=5842,https://www.rbi.org.in/Scripts/BS_ViewMasterCirculardetails.aspx,2026-05-30T10:42:53.163857+00:00
2010-07-01,"Notification as amended up to June 30, 2010 – “Mortgage Guarantee Companies Investment (Reserve Bank) Directions, 2008”",,https://www.rbi.org.in/Scripts/BS_ViewMasCirculardetails.aspx?id=5826,https://www.rbi.org.in/Scripts/BS_ViewMasterCirculardetails.aspx,2026-05-30T10:42:53.163857+00:00
2010-07-01,Master Circulars- Miscellaneous Instructions to NBFC- ND-SI,,https://www.rbi.org.in/Scripts/BS_ViewMasCirculardetails.aspx?id=5825,https://www.rbi.org.in/Scripts/BS_ViewMasterCirculardetails.aspx,2026-05-30T10:42:53.163857+00:00
2010-07-01,Master Circular – Corporate Governance,,https://www.rbi.org.in/Scripts/BS_ViewMasCirculardetails.aspx?id=5824,https://www.rbi.org.in/Scripts/BS_ViewMasterCirculardetails.aspx,2026-05-30T10:42:53.163857+00:00
2010-07-01,"Master Circular - allied activities- entry into insurance business, issue of credit card and marketing and distribution of certain products",,https://www.rbi.org.in/Scripts/BS_ViewMasCirculardetails.aspx?id=5823,https://www.rbi.org.in/Scripts/BS_ViewMasterCirculardetails.aspx,2026-05-30T10:42:53.163857+00:00
2010-07-01,Master Circular - Fair Practices Code,,https://www.rbi.org.in/Scripts/BS_ViewMasCirculardetails.aspx?id=5822,https://www.rbi.org.in/Scripts/BS_ViewMasterCirculardetails.aspx,2026-05-30T10:42:53.163857+00:00
2010-07-01,"Notification as amended up to June 30, 2010 – “Non-Banking Financial Companies Auditor’s Report (Reserve Bank) Directions, 2008.”",,https://www.rbi.org.in/Scripts/BS_ViewMasCirculardetails.aspx?id=5811,https://www.rbi.org.in/Scripts/BS_ViewMasterCirculardetails.aspx,2026-05-30T10:42:53.163857+00:00
2010-07-01,"Notification as amended up to June 30, 2010 - Change in or Take Over of the Management of the Business of the Borrower by Securitisation Companies and Reconstruction Companies (Reserve Bank) Guidelines, 2010",,https://www.rbi.org.in/Scripts/BS_ViewMasCirculardetails.aspx?id=5810,https://www.rbi.org.in/Scripts/BS_ViewMasterCirculardetails.aspx,2026-05-30T10:42:53.163857+00:00
2010-07-01,"Master Circular – 'Know Your Customer' (KYC) Guidelines – Anti Money Laundering Standards (AML) -'Prevention of Money Laundering Act, 2002 - Obligations of NBFCs in terms of Rules notified thereunder’",,https://www.rbi.org.in/Scripts/BS_ViewMasCirculardetails.aspx?id=5809,https://www.rbi.org.in/Scripts/BS_ViewMasterCirculardetails.aspx,2026-05-30T10:42:53.163857+00:00
2010-07-01,"Notification as amended up to June 30, 2010 – “Miscellaneous Non-Banking Companies (Reserve Bank) Directions, 1977”",,https://www.rbi.org.in/Scripts/BS_ViewMasCirculardetails.aspx?id=5808,https://www.rbi.org.in/Scripts/BS_ViewMasterCirculardetails.aspx,2026-05-30T10:42:53.163857+00:00
2010-07-01,Master Circular-Frauds – Future approach towards monitoring of frauds in NBFCs,,https://www.rbi.org.in/Scripts/BS_ViewMasCirculardetails.aspx?id=5807,https://www.rbi.org.in/Scripts/BS_ViewMasterCirculardetails.aspx,2026-05-30T10:42:53.163857+00:00
2010-07-01,"Notification as amended up to June 30, 2010– “Non-Banking Financial (Non - Deposit Accepting or Holding) Companies Prudential Norms (Reserve Bank) Directions, 2007”",,https://www.rbi.org.in/Scripts/BS_ViewMasCirculardetails.aspx?id=5806,https://www.rbi.org.in/Scripts/BS_ViewMasterCirculardetails.aspx,2026-05-30T10:42:53.163857+00:00
2010-07-01,"Notification as amended up to June 30, 2010 – “Non-Banking Financial (Deposit Accepting or Holding) Companies Prudential Norms (Reserve Bank) Directions, 2007”",,https://www.rbi.org.in/Scripts/BS_ViewMasCirculardetails.aspx?id=5805,https://www.rbi.org.in/Scripts/BS_ViewMasterCirculardetails.aspx,2026-05-30T10:42:53.163857+00:00
2010-07-01,"Notification as amended up to June 30, 2010 – “Non-Banking Financial Companies Acceptance of Public Deposits (Reserve Bank) Directions, 1998”",,https://www.rbi.org.in/Scripts/BS_ViewMasCirculardetails.aspx?id=5804,https://www.rbi.org.in/Scripts/BS_ViewMasterCirculardetails.aspx,2026-05-30T10:42:53.163857+00:00
2010-07-01,Master Circular on Capital Adequacy Standards and Risk Management Guidelines for standalone Primary Dealers,,https://www.rbi.org.in/Scripts/BS_ViewMasCirculardetails.aspx?id=5821,https://www.rbi.org.in/Scripts/BS_ViewMasterCirculardetails.aspx,2026-05-30T10:42:53.163857+00:00
2010-07-01,Master Circular – Operational Guidelines to Primary Dealers,,https://www.rbi.org.in/Scripts/BS_ViewMasCirculardetails.aspx?id=5820,https://www.rbi.org.in/Scripts/BS_ViewMasterCirculardetails.aspx,2026-05-30T10:42:53.163857+00:00
2009-07-01,Master Circular on Appointment & delisting of Brokers and Payment of Brokerage on Relief / Savings Bonds,,https://www.rbi.org.in/Scripts/BS_ViewMasCirculardetails.aspx?id=5104,https://www.rbi.org.in/Scripts/BS_ViewMasterCirculardetails.aspx,2026-05-30T10:42:54.145628+00:00
2009-07-01,Master Circular on Nomination facility in Relief / Savings Bonds,,https://www.rbi.org.in/Scripts/BS_ViewMasCirculardetails.aspx?id=5103,https://www.rbi.org.in/Scripts/BS_ViewMasterCirculardetails.aspx,2026-05-30T10:42:54.145628+00:00
2009-07-01,Master Circular on Exposure Norms and Statutory/Other Restrictions - UCBs,,https://www.rbi.org.in/Scripts/BS_ViewMasCirculardetails.aspx?id=5156,https://www.rbi.org.in/Scripts/BS_ViewMasterCirculardetails.aspx,2026-05-30T10:42:54.145628+00:00
2009-07-01,Prudential Norms on Capital Adequacy – Master Circular -UCBs,,https://www.rbi.org.in/Scripts/BS_ViewMasCirculardetails.aspx?id=5155,https://www.rbi.org.in/Scripts/BS_ViewMasterCirculardetails.aspx,2026-05-30T10:42:54.145628+00:00
2009-07-01,"Master Circular on Income Recognition, Asset Classification, Provisioning & Other Related Matters - UCBs",,https://www.rbi.org.in/Scripts/BS_ViewMasCirculardetails.aspx?id=5154,https://www.rbi.org.in/Scripts/BS_ViewMasterCirculardetails.aspx,2026-05-30T10:42:54.145628+00:00
2009-07-01,Master Circular - Inspection and Audit Systems in Primary (Urban) Co-operative Banks,,https://www.rbi.org.in/Scripts/BS_ViewMasCirculardetails.aspx?id=5147,https://www.rbi.org.in/Scripts/BS_ViewMasterCirculardetails.aspx,2026-05-30T10:42:54.145628+00:00
2009-07-01,Master Circular on Management of Advances- UCBs,,https://www.rbi.org.in/Scripts/BS_ViewMasCirculardetails.aspx?id=5146,https://www.rbi.org.in/Scripts/BS_ViewMasterCirculardetails.aspx,2026-05-30T10:42:54.145628+00:00
2009-07-01,Master Circular - Priority Sector Lending - UCBs,,https://www.rbi.org.in/Scripts/BS_ViewMasCirculardetails.aspx?id=5145,https://www.rbi.org.in/Scripts/BS_ViewMasterCirculardetails.aspx,2026-05-30T10:42:54.145628+00:00
2009-07-01,"Master Circular on Area of Operation, Branch Authorisation Policy, Opening/ Up-gradation of Extension Counters, ATMs and Shifting/Splitting/Closure of Offices - UCBs",,https://www.rbi.org.in/Scripts/BS_ViewMasCirculardetails.aspx?id=5143,https://www.rbi.org.in/Scripts/BS_ViewMasterCirculardetails.aspx,2026-05-30T10:42:54.145628+00:00
2009-07-01,Master Circular on Maintenance of Statutory Reserves Cash Reserve Ratio (CRR) and Statutory Liquidity Ratio (SLR) - UCBs,,https://www.rbi.org.in/Scripts/BS_ViewMasCirculardetails.aspx?id=5142,https://www.rbi.org.in/Scripts/BS_ViewMasterCirculardetails.aspx,2026-05-30T10:42:54.145628+00:00
2009-07-01,Master Circular on Board of Directors - UCBs,,https://www.rbi.org.in/Scripts/BS_ViewMasCirculardetails.aspx?id=5141,https://www.rbi.org.in/Scripts/BS_ViewMasterCirculardetails.aspx,2026-05-30T10:42:54.145628+00:00
2009-07-01,Master Circular - Interest Rates on Rupee Deposits - UCBs,,https://www.rbi.org.in/Scripts/BS_ViewMasCirculardetails.aspx?id=5140,https://www.rbi.org.in/Scripts/BS_ViewMasterCirculardetails.aspx,2026-05-30T10:42:54.145628+00:00
2009-07-01,Master Circular on Customer Service - UCBs,,https://www.rbi.org.in/Scripts/BS_ViewMasCirculardetails.aspx?id=5139,https://www.rbi.org.in/Scripts/BS_ViewMasterCirculardetails.aspx,2026-05-30T10:42:54.145628+00:00
2009-07-01,Master Circular – Frauds – Classification and Reporting – UCBs,,https://www.rbi.org.in/Scripts/BS_ViewMasCirculardetails.aspx?id=5125,https://www.rbi.org.in/Scripts/BS_ViewMasterCirculardetails.aspx,2026-05-30T10:42:54.145628+00:00
2009-07-01,Master Circular on Finance For Housing Schemes-UCBs,,https://www.rbi.org.in/Scripts/BS_ViewMasCirculardetails.aspx?id=5124,https://www.rbi.org.in/Scripts/BS_ViewMasterCirculardetails.aspx,2026-05-30T10:42:54.145628+00:00
2009-07-01,"Master Circular- Guarantees, Co-Acceptances & Letters of Credit - UCBs",,https://www.rbi.org.in/Scripts/BS_ViewMasCirculardetails.aspx?id=5123,https://www.rbi.org.in/Scripts/BS_ViewMasterCirculardetails.aspx,2026-05-30T10:42:54.145628+00:00
2009-07-01,Master Circular on Maintenance of Deposit Accounts - UCBs,,https://www.rbi.org.in/Scripts/BS_ViewMasCirculardetails.aspx?id=5122,https://www.rbi.org.in/Scripts/BS_ViewMasterCirculardetails.aspx,2026-05-30T10:42:54.145628+00:00
2009-07-01,Master Circular on Investments by Primary (Urban) Co-operative Banks,,https://www.rbi.org.in/Scripts/BS_ViewMasCirculardetails.aspx?id=5121,https://www.rbi.org.in/Scripts/BS_ViewMasterCirculardetails.aspx,2026-05-30T10:42:54.145628+00:00
2009-07-01,Master Circular – Branch Licensing - RRBs,,https://www.rbi.org.in/Scripts/BS_ViewMasCirculardetails.aspx?id=5068,https://www.rbi.org.in/Scripts/BS_ViewMasterCirculardetails.aspx,2026-05-30T10:42:54.145628+00:00
2010-02-08,Master Circular - Prudential Guidelines on Capital Adequacy and Market Discipline – New Capital Adequacy Framework (NCAF),,https://www.rbi.org.in/Scripts/BS_ViewMasCirculardetails.aspx?id=5494,https://www.rbi.org.in/Scripts/BS_ViewMasterCirculardetails.aspx,2026-05-30T10:42:54.145628+00:00
2009-09-18,Master Circular - Cash Reserve Ratio (CRR) and Statutory Liquidity Ratio (SLR),,https://www.rbi.org.in/Scripts/BS_ViewMasCirculardetails.aspx?id=5279,https://www.rbi.org.in/Scripts/BS_ViewMasterCirculardetails.aspx,2026-05-30T10:42:54.145628+00:00
2009-07-01,Master Circular - Use of Hindi in Banks,,https://www.rbi.org.in/Scripts/BS_ViewMasCirculardetails.aspx?id=5159,https://www.rbi.org.in/Scripts/BS_ViewMasterCirculardetails.aspx,2026-05-30T10:42:54.145628+00:00
2009-07-01,"Master Circular Lending to Micro, Small & Medium Enterprises (MSME) Sector",,https://www.rbi.org.in/Scripts/BS_ViewMasCirculardetails.aspx?id=5137,https://www.rbi.org.in/Scripts/BS_ViewMasterCirculardetails.aspx,2026-05-30T10:42:54.145628+00:00
2009-07-01,Master Circular on Rupee/Foreign Currency Export Credit & Customer Services to Exporters,,https://www.rbi.org.in/Scripts/BS_ViewMasCirculardetails.aspx?id=5136,https://www.rbi.org.in/Scripts/BS_ViewMasterCirculardetails.aspx,2026-05-30T10:42:54.145628+00:00
2009-07-01,Master Circular on Housing Finance,,https://www.rbi.org.in/Scripts/BS_ViewMasCirculardetails.aspx?id=5135,https://www.rbi.org.in/Scripts/BS_ViewMasterCirculardetails.aspx,2026-05-30T10:42:54.145628+00:00
2009-07-01,"Master Circular – Know Your Customer (KYC) norms / Anti-Money Laundering (AML) standards/Combating of Financing of Terrorism (CFT)/Obligation of banks under PMLA, 2002",,https://www.rbi.org.in/Scripts/BS_ViewMasCirculardetails.aspx?id=5134,https://www.rbi.org.in/Scripts/BS_ViewMasterCirculardetails.aspx,2026-05-30T10:42:54.145628+00:00
2009-07-01,Master Circular - Interest Rates on Advances,,https://www.rbi.org.in/Scripts/BS_ViewMasCirculardetails.aspx?id=5133,https://www.rbi.org.in/Scripts/BS_ViewMasterCirculardetails.aspx,2026-05-30T10:42:54.145628+00:00
2009-07-01,Master Circular of instructions relating to deposits held in FCNR(B) Accounts,,https://www.rbi.org.in/Scripts/BS_ViewMasCirculardetails.aspx?id=5132,https://www.rbi.org.in/Scripts/BS_ViewMasterCirculardetails.aspx,2026-05-30T10:42:54.145628+00:00
2009-07-01,"Master Circular – Foreign Contribution ( Regulation ) Act, 1976 – Obligations of Banks in Regulating Receipt of Foreign Contributions by Associations / Organizations in India",,https://www.rbi.org.in/Scripts/BS_ViewMasCirculardetails.aspx?id=5131,https://www.rbi.org.in/Scripts/BS_ViewMasterCirculardetails.aspx,2026-05-30T10:42:54.145628+00:00
2009-07-01,Master Circular - Guarantees and Co-acceptances,,https://www.rbi.org.in/Scripts/BS_ViewMasCirculardetails.aspx?id=5130,https://www.rbi.org.in/Scripts/BS_ViewMasterCirculardetails.aspx,2026-05-30T10:42:54.145628+00:00
2009-07-01,Master Circular – Exposure Norms,,https://www.rbi.org.in/Scripts/BS_ViewMasCirculardetails.aspx?id=5129,https://www.rbi.org.in/Scripts/BS_ViewMasterCirculardetails.aspx,2026-05-30T10:42:54.145628+00:00
2009-07-01,Master Circular- Loans and Advances – Statutory and Other Restrictions,,https://www.rbi.org.in/Scripts/BS_ViewMasCirculardetails.aspx?id=5113,https://www.rbi.org.in/Scripts/BS_ViewMasterCirculardetails.aspx,2026-05-30T10:42:54.145628+00:00
2009-07-01,"Master Circular on Interest Rates on Rupee Deposits held in Domestic, Ordinary Non-Resident (NRO) and Non-Resident (External) (NRE) Accounts",,https://www.rbi.org.in/Scripts/BS_ViewMasCirculardetails.aspx?id=5112,https://www.rbi.org.in/Scripts/BS_ViewMasterCirculardetails.aspx,2026-05-30T10:42:54.145628+00:00
2009-07-01,Frauds – Classification and Reporting,,https://www.rbi.org.in/Scripts/BS_ViewMasCirculardetails.aspx?id=5111,https://www.rbi.org.in/Scripts/BS_ViewMasterCirculardetails.aspx,2026-05-30T10:42:54.145628+00:00
2009-07-01,Master Circular on Credit Card Operations of banks,,https://www.rbi.org.in/Scripts/BS_ViewMasCirculardetails.aspx?id=5110,https://www.rbi.org.in/Scripts/BS_ViewMasterCirculardetails.aspx,2026-05-30T10:42:54.145628+00:00
2009-07-01,Master Circular - Para-banking Activities,,https://www.rbi.org.in/Scripts/BS_ViewMasCirculardetails.aspx?id=5109,https://www.rbi.org.in/Scripts/BS_ViewMasterCirculardetails.aspx,2026-05-30T10:42:54.145628+00:00
2009-07-01,Master Circular on Branch Authorisation,,https://www.rbi.org.in/Scripts/BS_ViewMasCirculardetails.aspx?id=5108,https://www.rbi.org.in/Scripts/BS_ViewMasterCirculardetails.aspx,2026-05-30T10:42:54.145628+00:00
2009-07-01,Master Circular - Lending to Priority Sector,,https://www.rbi.org.in/Scripts/BS_ViewMasCirculardetails.aspx?id=5091,https://www.rbi.org.in/Scripts/BS_ViewMasterCirculardetails.aspx,2026-05-30T10:42:54.145628+00:00
2009-07-01,"Master Circular - Prudential norms on Income Recognition, Asset Classification and Provisioning pertaining to Advances",,https://www.rbi.org.in/Scripts/BS_ViewMasCirculardetails.aspx?id=5090,https://www.rbi.org.in/Scripts/BS_ViewMasterCirculardetails.aspx,2026-05-30T10:42:54.145628+00:00
2009-07-01,Master Circular - Prudential Guidelines on Capital Adequacy and Market Discipline - Implementation of the New Capital Adequacy Framework (NCAF),,https://www.rbi.org.in/Scripts/BS_ViewMasCirculardetails.aspx?id=5074,https://www.rbi.org.in/Scripts/BS_ViewMasterCirculardetails.aspx,2026-05-30T10:42:54.145628+00:00
2009-07-01,Master Circular on Customer Service in banks,,https://www.rbi.org.in/Scripts/BS_ViewMasCirculardetails.aspx?id=5071,https://www.rbi.org.in/Scripts/BS_ViewMasterCirculardetails.aspx,2026-05-30T10:42:54.145628+00:00
2009-07-01,Master Circular on Wilful Defaulters,,https://www.rbi.org.in/Scripts/BS_ViewMasCirculardetails.aspx?id=5070,https://www.rbi.org.in/Scripts/BS_ViewMasterCirculardetails.aspx,2026-05-30T10:42:54.145628+00:00
2009-07-01,Master Circular - Disclosure in Financial Statements - Notes to Accounts,,https://www.rbi.org.in/Scripts/BS_ViewMasCirculardetails.aspx?id=5069,https://www.rbi.org.in/Scripts/BS_ViewMasterCirculardetails.aspx,2026-05-30T10:42:54.145628+00:00
2009-07-01,Master Circular on Micro Credit,,https://www.rbi.org.in/Scripts/BS_ViewMasCirculardetails.aspx?id=5067,https://www.rbi.org.in/Scripts/BS_ViewMasterCirculardetails.aspx,2026-05-30T10:42:54.145628+00:00
2009-07-01,Master Circular on Export Credit Refinance Facility,,https://www.rbi.org.in/Scripts/BS_ViewMasCirculardetails.aspx?id=5066,https://www.rbi.org.in/Scripts/BS_ViewMasterCirculardetails.aspx,2026-05-30T10:42:54.145628+00:00
2009-07-01,Master Circular - Prudential Norms on Capital Adequacy-Basel I Framework,,https://www.rbi.org.in/Scripts/BS_ViewMasCirculardetails.aspx?id=5065,https://www.rbi.org.in/Scripts/BS_ViewMasterCirculardetails.aspx,2026-05-30T10:42:54.145628+00:00
2009-07-01,Master Circular - Bank Finance to Non-Banking Financial Companies (NBFCs),,https://www.rbi.org.in/Scripts/BS_ViewMasCirculardetails.aspx?id=5064,https://www.rbi.org.in/Scripts/BS_ViewMasterCirculardetails.aspx,2026-05-30T10:42:54.145628+00:00
2009-07-01,Master Circular - Guidelines for Relief Measures by Banks in Areas affected by Natural Calamities,,https://www.rbi.org.in/Scripts/BS_ViewMasCirculardetails.aspx?id=5062,https://www.rbi.org.in/Scripts/BS_ViewMasterCirculardetails.aspx,2026-05-30T10:42:54.145628+00:00
2009-07-01,"Master Circular – Prudential norms for classification, valuation and operation of investment portfolio by banks",,https://www.rbi.org.in/Scripts/BS_ViewMasCirculardetails.aspx?id=5061,https://www.rbi.org.in/Scripts/BS_ViewMasterCirculardetails.aspx,2026-05-30T10:42:54.145628+00:00
2009-07-01,Master Circular on New “Self Employment Scheme for Rehabilitation of Manual Scavengers” (SRMS) from the Ministry of Social Justice & Empowerment for rehabilitation of all the remaining scavengers and their dependents by September 2009,Social,https://www.rbi.org.in/Scripts/BS_ViewMasCirculardetails.aspx?id=5138,https://www.rbi.org.in/Scripts/BS_ViewMasterCirculardetails.aspx,2026-05-30T10:42:54.145628+00:00
2009-07-01,Master Circular Priority Sector Lending- Special Programmes Swarna Jayanti Shahari Rozgar Yojana (SJSRY),,https://www.rbi.org.in/Scripts/BS_ViewMasCirculardetails.aspx?id=5098,https://www.rbi.org.in/Scripts/BS_ViewMasterCirculardetails.aspx,2026-05-30T10:42:54.145628+00:00
2009-07-01,Master Circular Priority Sector Lending-Credit facilities to Scheduled Castes (SCs) & Scheduled Tribes (STs),,https://www.rbi.org.in/Scripts/BS_ViewMasCirculardetails.aspx?id=5097,https://www.rbi.org.in/Scripts/BS_ViewMasterCirculardetails.aspx,2026-05-30T10:42:54.145628+00:00
2009-07-01,Master Circular- Priority Sector Lending - Credit Facilities to Minority Communities,,https://www.rbi.org.in/Scripts/BS_ViewMasCirculardetails.aspx?id=5096,https://www.rbi.org.in/Scripts/BS_ViewMasterCirculardetails.aspx,2026-05-30T10:42:54.145628+00:00
2009-07-01,Master Circular on Priority Sector Lending- Special Programmes- Swarnajayanti Gram Swarozgar Yojana (SGSY),,https://www.rbi.org.in/Scripts/BS_ViewMasCirculardetails.aspx?id=5095,https://www.rbi.org.in/Scripts/BS_ViewMasterCirculardetails.aspx,2026-05-30T10:42:54.145628+00:00
2009-07-01,Master Circular - Disclosure Norms for Financial Institutions,,https://www.rbi.org.in/Scripts/BS_ViewMasCirculardetails.aspx?id=5153,https://www.rbi.org.in/Scripts/BS_ViewMasterCirculardetails.aspx,2026-05-30T10:42:54.145628+00:00
2009-07-01,Master Circular- Resource Raising Norms for Financial Institutions,,https://www.rbi.org.in/Scripts/BS_ViewMasCirculardetails.aspx?id=5107,https://www.rbi.org.in/Scripts/BS_ViewMasterCirculardetails.aspx,2026-05-30T10:42:54.145628+00:00
2009-07-01,"Master Circular – Prudential norms for classification, valuation and operation of investment portfolio by FIs",,https://www.rbi.org.in/Scripts/BS_ViewMasCirculardetails.aspx?id=5106,https://www.rbi.org.in/Scripts/BS_ViewMasterCirculardetails.aspx,2026-05-30T10:42:54.145628+00:00
2009-07-01,Master Circular - Exposure Norms for Financial Institutions,,https://www.rbi.org.in/Scripts/BS_ViewMasCirculardetails.aspx?id=5105,https://www.rbi.org.in/Scripts/BS_ViewMasterCirculardetails.aspx,2026-05-30T10:42:54.145628+00:00
2009-07-01,Master Circular - Guidelines for Issue of Commercial Paper,,https://www.rbi.org.in/Scripts/BS_ViewMasCirculardetails.aspx?id=5128,https://www.rbi.org.in/Scripts/BS_ViewMasterCirculardetails.aspx,2026-05-30T10:42:54.145628+00:00
2009-07-01,Master Circular - Guidelines for Issue of Certificates of Deposit,,https://www.rbi.org.in/Scripts/BS_ViewMasCirculardetails.aspx?id=5102,https://www.rbi.org.in/Scripts/BS_ViewMasterCirculardetails.aspx,2026-05-30T10:42:54.145628+00:00
2009-07-01,Master Circular on Call/Notice Money Market Operations,,https://www.rbi.org.in/Scripts/BS_ViewMasCirculardetails.aspx?id=5101,https://www.rbi.org.in/Scripts/BS_ViewMasterCirculardetails.aspx,2026-05-30T10:42:54.145628+00:00
2009-07-01,Master Circular on Risk Management and Inter-Bank Dealings,,https://www.rbi.org.in/Scripts/BS_ViewMasCirculardetails.aspx?id=5117,https://www.rbi.org.in/Scripts/BS_ViewMasterCirculardetails.aspx,2026-05-30T10:42:54.145628+00:00
2009-07-01,Master Circular – Detection and Impounding of Counterfeit Notes,,https://www.rbi.org.in/Scripts/BS_ViewMasCirculardetails.aspx?id=5149,https://www.rbi.org.in/Scripts/BS_ViewMasterCirculardetails.aspx,2026-05-30T10:42:54.145628+00:00
2009-07-01,Master Circular – Facility for Exchange of Notes and Coins,,https://www.rbi.org.in/Scripts/BS_ViewMasCirculardetails.aspx?id=5148,https://www.rbi.org.in/Scripts/BS_ViewMasterCirculardetails.aspx,2026-05-30T10:42:54.145628+00:00
2009-07-01,Master Circular – Levy of Penal Interest for Delayed Reporting/Wrong Reporting/Non-Reporting of Currency Chest Transactions and Penal Measures for Cases involving Shortages/Inclusion of Counterfeit Banknotes in Chest Balances/Chest remittances,,https://www.rbi.org.in/Scripts/BS_ViewMasCirculardetails.aspx?id=5126,https://www.rbi.org.in/Scripts/BS_ViewMasterCirculardetails.aspx,2026-05-30T10:42:54.145628+00:00
2009-07-01,"Master Circular – “Non-Banking Financial (Deposit Accepting or Holding) Companies Prudential Norms (Reserve Bank) Directions, 2007”",,https://www.rbi.org.in/Scripts/BS_ViewMasCirculardetails.aspx?id=5092,https://www.rbi.org.in/Scripts/BS_ViewMasterCirculardetails.aspx,2026-05-30T10:42:54.145628+00:00
2009-07-01,"Master Circular – “Non-Banking Financial (Non - Deposit Accepting or Holding) Companies Prudential Norms (Reserve Bank) Directions, 2007”",,https://www.rbi.org.in/Scripts/BS_ViewMasCirculardetails.aspx?id=5089,https://www.rbi.org.in/Scripts/BS_ViewMasterCirculardetails.aspx,2026-05-30T10:42:54.145628+00:00
2009-07-01,"Master Circular – “Non-Banking Financial Companies Auditor’s Report (Reserve Bank) Directions, 2008.”",,https://www.rbi.org.in/Scripts/BS_ViewMasCirculardetails.aspx?id=5088,https://www.rbi.org.in/Scripts/BS_ViewMasterCirculardetails.aspx,2026-05-30T10:42:54.145628+00:00
2009-07-01,Master Circular – “Reserve Bank of India (Non-Banking Financial Companies) Returns Specifications 1997”,,https://www.rbi.org.in/Scripts/BS_ViewMasCirculardetails.aspx?id=5087,https://www.rbi.org.in/Scripts/BS_ViewMasterCirculardetails.aspx,2026-05-30T10:42:54.145628+00:00
2009-07-01,"Master Circular- Exemptions from the provisions of RBI Act, 1934",,https://www.rbi.org.in/Scripts/BS_ViewMasCirculardetails.aspx?id=5086,https://www.rbi.org.in/Scripts/BS_ViewMasterCirculardetails.aspx,2026-05-30T10:42:54.145628+00:00
2009-07-01,Master Circular- Frauds – Future approach towards monitoring of frauds in NBFCs,,https://www.rbi.org.in/Scripts/BS_ViewMasCirculardetails.aspx?id=5085,https://www.rbi.org.in/Scripts/BS_ViewMasterCirculardetails.aspx,2026-05-30T10:42:54.145628+00:00
2009-07-01,"Master Circular – “Miscellaneous Non-Banking Companies (Reserve Bank) Directions, 1977”",,https://www.rbi.org.in/Scripts/BS_ViewMasCirculardetails.aspx?id=5084,https://www.rbi.org.in/Scripts/BS_ViewMasterCirculardetails.aspx,2026-05-30T10:42:54.145628+00:00
2009-07-01,Master Circular – 'Know Your Customer' (KYC) Guidelines – Anti Money Laundering Standards,,https://www.rbi.org.in/Scripts/BS_ViewMasCirculardetails.aspx?id=5083,https://www.rbi.org.in/Scripts/BS_ViewMasterCirculardetails.aspx,2026-05-30T10:42:54.145628+00:00
2009-07-01,"Master Circular- 'Prevention of Money Laundering Act, 2002 - Obligations of NBFCs in terms of Rules notified thereunder’",,https://www.rbi.org.in/Scripts/BS_ViewMasCirculardetails.aspx?id=5082,https://www.rbi.org.in/Scripts/BS_ViewMasterCirculardetails.aspx,2026-05-30T10:42:54.145628+00:00
2009-07-01,Master Circular – Residuary Non-Banking Companies,,https://www.rbi.org.in/Scripts/BS_ViewMasCirculardetails.aspx?id=5081,https://www.rbi.org.in/Scripts/BS_ViewMasterCirculardetails.aspx,2026-05-30T10:42:54.145628+00:00
2009-07-01,"The Securitisation Companies and Reconstruction Companies (Reserve Bank) Guidelines and Directions, 2003",,https://www.rbi.org.in/Scripts/BS_ViewMasCirculardetails.aspx?id=5080,https://www.rbi.org.in/Scripts/BS_ViewMasterCirculardetails.aspx,2026-05-30T10:42:54.145628+00:00
2009-07-01,Master Circular on directions/instructions issued to the Securitisation Companies/ Reconstruction Companies,,https://www.rbi.org.in/Scripts/BS_ViewMasCirculardetails.aspx?id=5079,https://www.rbi.org.in/Scripts/BS_ViewMasterCirculardetails.aspx,2026-05-30T10:42:54.145628+00:00
2009-07-01,Master Circulars – Mortgage Guarantee Companies,,https://www.rbi.org.in/Scripts/BS_ViewMasCirculardetails.aspx?id=5078,https://www.rbi.org.in/Scripts/BS_ViewMasterCirculardetails.aspx,2026-05-30T10:42:54.145628+00:00
2009-07-01,Master Circular - Fair Practices Code,,https://www.rbi.org.in/Scripts/BS_ViewMasCirculardetails.aspx?id=5077,https://www.rbi.org.in/Scripts/BS_ViewMasterCirculardetails.aspx,2026-05-30T10:42:54.145628+00:00
2009-07-01,"Master Circular - allied activities- entry into insurance business, issue of credit card and marketing and distribution of certain products",,https://www.rbi.org.in/Scripts/BS_ViewMasCirculardetails.aspx?id=5076,https://www.rbi.org.in/Scripts/BS_ViewMasterCirculardetails.aspx,2026-05-30T10:42:54.145628+00:00
2009-07-01,Master Circular – Corporate Governance,,https://www.rbi.org.in/Scripts/BS_ViewMasCirculardetails.aspx?id=5075,https://www.rbi.org.in/Scripts/BS_ViewMasterCirculardetails.aspx,2026-05-30T10:42:54.145628+00:00
2009-07-01,Master circulars- miscellaneous instructions to NBFC- ND-SI,,https://www.rbi.org.in/Scripts/BS_ViewMasCirculardetails.aspx?id=5073,https://www.rbi.org.in/Scripts/BS_ViewMasterCirculardetails.aspx,2026-05-30T10:42:54.145628+00:00
2009-07-01,Master circulars- miscellaneous instructions to Non-Banking Financial Companies,,https://www.rbi.org.in/Scripts/BS_ViewMasCirculardetails.aspx?id=5072,https://www.rbi.org.in/Scripts/BS_ViewMasterCirculardetails.aspx,2026-05-30T10:42:54.145628+00:00
2009-07-01,"Master Circular – “Non-Banking Financial Companies Acceptance of Public Deposits (Reserve Bank) Directions, 1998”",,https://www.rbi.org.in/Scripts/BS_ViewMasCirculardetails.aspx?id=5063,https://www.rbi.org.in/Scripts/BS_ViewMasterCirculardetails.aspx,2026-05-30T10:42:54.145628+00:00
2009-07-01,Master Circular on Capital Adequacy Standards and Risk Management Guidelines for standalone Primary Dealers,,https://www.rbi.org.in/Scripts/BS_ViewMasCirculardetails.aspx?id=5100,https://www.rbi.org.in/Scripts/BS_ViewMasterCirculardetails.aspx,2026-05-30T10:42:54.145628+00:00
2009-07-01,Master Circular – Operational Guidelines to Primary Dealers,,https://www.rbi.org.in/Scripts/BS_ViewMasCirculardetails.aspx?id=5099,https://www.rbi.org.in/Scripts/BS_ViewMasterCirculardetails.aspx,2026-05-30T10:42:54.145628+00:00
2008-07-01,Master Circular – Appointment & delisting of Brokers and Payment of Brokerage on Relief / Savings Bonds,,https://www.rbi.org.in/Scripts/BS_ViewMasCirculardetails.aspx?id=4307,https://www.rbi.org.in/Scripts/BS_ViewMasterCirculardetails.aspx,2026-05-30T10:42:55.123660+00:00
2008-07-01,Master Circular – Nomination Facility in Relief / Savings Bonds,,https://www.rbi.org.in/Scripts/BS_ViewMasCirculardetails.aspx?id=4306,https://www.rbi.org.in/Scripts/BS_ViewMasterCirculardetails.aspx,2026-05-30T10:42:55.123660+00:00
2008-07-01,Master Circular – Frauds – Classification and Reporting,,https://www.rbi.org.in/Scripts/BS_ViewMasCirculardetails.aspx?id=4358,https://www.rbi.org.in/Scripts/BS_ViewMasterCirculardetails.aspx,2026-05-30T10:42:55.123660+00:00
2008-07-01,Master Circular - Maintenance of Statutory Reserves Cash Reserve Ratio (CRR) and Statutory Liquidity Ratio (SLR),,https://www.rbi.org.in/Scripts/BS_ViewMasCirculardetails.aspx?id=4351,https://www.rbi.org.in/Scripts/BS_ViewMasterCirculardetails.aspx,2026-05-30T10:42:55.123660+00:00
2008-07-01,Master Circular - Inspection & Audit Systems in Primary (Urban)Co-op. Banks,,https://www.rbi.org.in/Scripts/BS_ViewMasCirculardetails.aspx?id=4338,https://www.rbi.org.in/Scripts/BS_ViewMasterCirculardetails.aspx,2026-05-30T10:42:55.123660+00:00
2008-07-01,Master Circular - Customer Service,,https://www.rbi.org.in/Scripts/BS_ViewMasCirculardetails.aspx?id=4337,https://www.rbi.org.in/Scripts/BS_ViewMasterCirculardetails.aspx,2026-05-30T10:42:55.123660+00:00
2008-07-01,Master Circular - Board of Directors,,https://www.rbi.org.in/Scripts/BS_ViewMasCirculardetails.aspx?id=4336,https://www.rbi.org.in/Scripts/BS_ViewMasterCirculardetails.aspx,2026-05-30T10:42:55.123660+00:00
2008-07-01,Master Circular - Priority Sector Lending,,https://www.rbi.org.in/Scripts/BS_ViewMasCirculardetails.aspx?id=4335,https://www.rbi.org.in/Scripts/BS_ViewMasterCirculardetails.aspx,2026-05-30T10:42:55.123660+00:00
2008-07-01,Master Circular - Prudential Norms on Capital Adequacy,,https://www.rbi.org.in/Scripts/BS_ViewMasCirculardetails.aspx?id=4331,https://www.rbi.org.in/Scripts/BS_ViewMasterCirculardetails.aspx,2026-05-30T10:42:55.123660+00:00
2008-07-01,Master Circular - Management of Advances,,https://www.rbi.org.in/Scripts/BS_ViewMasCirculardetails.aspx?id=4330,https://www.rbi.org.in/Scripts/BS_ViewMasterCirculardetails.aspx,2026-05-30T10:42:55.123660+00:00
2008-07-01,"Master Circular - Guarantees, Co-Acceptances& Letters of Credit",,https://www.rbi.org.in/Scripts/BS_ViewMasCirculardetails.aspx?id=4329,https://www.rbi.org.in/Scripts/BS_ViewMasterCirculardetails.aspx,2026-05-30T10:42:55.123660+00:00
2008-07-01,"Master Circular - Income Recognition, Asset Classification, Provisioning & Other Related Matters",,https://www.rbi.org.in/Scripts/BS_ViewMasCirculardetails.aspx?id=4328,https://www.rbi.org.in/Scripts/BS_ViewMasterCirculardetails.aspx,2026-05-30T10:42:55.123660+00:00
2008-07-01,Master Circular - Finance For Housing Schemes,,https://www.rbi.org.in/Scripts/BS_ViewMasCirculardetails.aspx?id=4327,https://www.rbi.org.in/Scripts/BS_ViewMasterCirculardetails.aspx,2026-05-30T10:42:55.123660+00:00
2008-07-01,Master Circular - Maintenance of Deposit Accounts,,https://www.rbi.org.in/Scripts/BS_ViewMasCirculardetails.aspx?id=4321,https://www.rbi.org.in/Scripts/BS_ViewMasterCirculardetails.aspx,2026-05-30T10:42:55.123660+00:00
2008-07-01,Master Circular - Interest Rates on Rupee Deposits,,https://www.rbi.org.in/Scripts/BS_ViewMasCirculardetails.aspx?id=4320,https://www.rbi.org.in/Scripts/BS_ViewMasterCirculardetails.aspx,2026-05-30T10:42:55.123660+00:00
2008-07-01,Master Circular - Investments by Primary (Urban) Co-operative Banks,,https://www.rbi.org.in/Scripts/BS_ViewMasCirculardetails.aspx?id=4318,https://www.rbi.org.in/Scripts/BS_ViewMasterCirculardetails.aspx,2026-05-30T10:42:55.123660+00:00
2008-07-01,Master Circular - Exposure Norms and Statutory/Other Restrictions,,https://www.rbi.org.in/Scripts/BS_ViewMasCirculardetails.aspx?id=4317,https://www.rbi.org.in/Scripts/BS_ViewMasterCirculardetails.aspx,2026-05-30T10:42:55.123660+00:00
2008-07-01,"Master Circular - Area of Operation, Branch Authorisation Policy, Opening/ Up- gradation of Extension Counters, ATMs and Shifting/Splitting/Closure of Offices",,https://www.rbi.org.in/Scripts/BS_ViewMasCirculardetails.aspx?id=4310,https://www.rbi.org.in/Scripts/BS_ViewMasterCirculardetails.aspx,2026-05-30T10:42:55.123660+00:00
2008-11-03,Master Circular on Customer Service,,https://www.rbi.org.in/Scripts/BS_ViewMasCirculardetails.aspx?id=4614,https://www.rbi.org.in/Scripts/BS_ViewMasterCirculardetails.aspx,2026-05-30T10:42:55.123660+00:00
2008-07-01,"Master Circular – Know Your Customer norms / Anti-Money Laundering Standards/ Combating of Financing of Terrorism /Obligation of banks under PMLA, 2002",,https://www.rbi.org.in/Scripts/BS_ViewMasCirculardetails.aspx?id=4354,https://www.rbi.org.in/Scripts/BS_ViewMasterCirculardetails.aspx,2026-05-30T10:42:55.123660+00:00
2008-07-01,Master Circular - Prudential Guidelines on Capital Adequacy and Market Discipline - Implementation of the New Capital Adequacy Framework,,https://www.rbi.org.in/Scripts/BS_ViewMasCirculardetails.aspx?id=4353,https://www.rbi.org.in/Scripts/BS_ViewMasterCirculardetails.aspx,2026-05-30T10:42:55.123660+00:00
2008-07-01,Master Circular - Export Credit Refinance Facility,,https://www.rbi.org.in/Scripts/BS_ViewMasCirculardetails.aspx?id=4352,https://www.rbi.org.in/Scripts/BS_ViewMasterCirculardetails.aspx,2026-05-30T10:42:55.123660+00:00
2008-07-01,Master Circular – Exposure Norms,,https://www.rbi.org.in/Scripts/BS_ViewMasCirculardetails.aspx?id=4347,https://www.rbi.org.in/Scripts/BS_ViewMasterCirculardetails.aspx,2026-05-30T10:42:55.123660+00:00
2008-07-01,Master Circular- Loans and Advances – Statutory and Other Restrictions,,https://www.rbi.org.in/Scripts/BS_ViewMasCirculardetails.aspx?id=4346,https://www.rbi.org.in/Scripts/BS_ViewMasterCirculardetails.aspx,2026-05-30T10:42:55.123660+00:00
2008-07-01,Master Circular - Guarantees and Co-acceptances,,https://www.rbi.org.in/Scripts/BS_ViewMasCirculardetails.aspx?id=4345,https://www.rbi.org.in/Scripts/BS_ViewMasterCirculardetails.aspx,2026-05-30T10:42:55.123660+00:00
2008-07-01,Master Circular - Instructions relating to Deposits held in FCNR(B) Accounts,,https://www.rbi.org.in/Scripts/BS_ViewMasCirculardetails.aspx?id=4344,https://www.rbi.org.in/Scripts/BS_ViewMasterCirculardetails.aspx,2026-05-30T10:42:55.123660+00:00
2008-07-01,Master Circular - Interest Rates on Advances,,https://www.rbi.org.in/Scripts/BS_ViewMasCirculardetails.aspx?id=4343,https://www.rbi.org.in/Scripts/BS_ViewMasterCirculardetails.aspx,2026-05-30T10:42:55.123660+00:00
2008-07-01,Master Circular – Branch Licensing - RRBs,,https://www.rbi.org.in/Scripts/BS_ViewMasCirculardetails.aspx?id=4341,https://www.rbi.org.in/Scripts/BS_ViewMasterCirculardetails.aspx,2026-05-30T10:42:55.123660+00:00
2008-07-01,"Master Circular - Interest Rates on Rupee Deposits held in Domestic, Ordinary Non-Resident (NRO) and Non-Resident (External) (NRE) Accounts",,https://www.rbi.org.in/Scripts/BS_ViewMasCirculardetails.aspx?id=4339,https://www.rbi.org.in/Scripts/BS_ViewMasterCirculardetails.aspx,2026-05-30T10:42:55.123660+00:00
2008-07-01,Master Circular – Wilful Defaulters,,https://www.rbi.org.in/Scripts/BS_ViewMasCirculardetails.aspx?id=4333,https://www.rbi.org.in/Scripts/BS_ViewMasterCirculardetails.aspx,2026-05-30T10:42:55.123660+00:00
2008-07-01,Master Circular – Frauds – Classification and Reporting,,https://www.rbi.org.in/Scripts/BS_ViewMasCirculardetails.aspx?id=4332,https://www.rbi.org.in/Scripts/BS_ViewMasterCirculardetails.aspx,2026-05-30T10:42:55.123660+00:00
2008-07-01,Master Circular - Branch Authorisation,,https://www.rbi.org.in/Scripts/BS_ViewMasCirculardetails.aspx?id=4326,https://www.rbi.org.in/Scripts/BS_ViewMasterCirculardetails.aspx,2026-05-30T10:42:55.123660+00:00
2008-07-01,"Master Circular – Prudential Norms for Classification, Valuation and Operation of Investment Portfolio by Banks",,https://www.rbi.org.in/Scripts/BS_ViewMasCirculardetails.aspx?id=4324,https://www.rbi.org.in/Scripts/BS_ViewMasterCirculardetails.aspx,2026-05-30T10:42:55.123660+00:00
2008-07-01,Master Circular - Prudential Norms on Capital Adequacy-Basel I Framework,,https://www.rbi.org.in/Scripts/BS_ViewMasCirculardetails.aspx?id=4323,https://www.rbi.org.in/Scripts/BS_ViewMasterCirculardetails.aspx,2026-05-30T10:42:55.123660+00:00
2008-07-01,Master Circular - Housing Finance,,https://www.rbi.org.in/Scripts/BS_ViewMasCirculardetails.aspx?id=4315,https://www.rbi.org.in/Scripts/BS_ViewMasterCirculardetails.aspx,2026-05-30T10:42:55.123660+00:00
2008-07-01,Master Circular – Rupee / Foreign Currency Export Credit & Customer Service to Exporters,,https://www.rbi.org.in/Scripts/BS_ViewMasCirculardetails.aspx?id=4314,https://www.rbi.org.in/Scripts/BS_ViewMasterCirculardetails.aspx,2026-05-30T10:42:55.123660+00:00
2008-07-01,"Master Circular - Prudential Norms on Income Recognition, Asset Classification and Provisioning pertaining to Advances",,https://www.rbi.org.in/Scripts/BS_ViewMasCirculardetails.aspx?id=4313,https://www.rbi.org.in/Scripts/BS_ViewMasterCirculardetails.aspx,2026-05-30T10:42:55.123660+00:00
2008-07-01,"Master Circular - Lending to Micro, Small and Medium Enterprises (MSME)Sector",,https://www.rbi.org.in/Scripts/BS_ViewMasCirculardetails.aspx?id=4311,https://www.rbi.org.in/Scripts/BS_ViewMasterCirculardetails.aspx,2026-05-30T10:42:55.123660+00:00
2008-07-01,Master Circular - Credit Card Operations of Banks,,https://www.rbi.org.in/Scripts/BS_ViewMasCirculardetails.aspx?id=4309,https://www.rbi.org.in/Scripts/BS_ViewMasterCirculardetails.aspx,2026-05-30T10:42:55.123660+00:00
2008-07-01,Master Circular - Para-banking Activities,,https://www.rbi.org.in/Scripts/BS_ViewMasCirculardetails.aspx?id=4308,https://www.rbi.org.in/Scripts/BS_ViewMasterCirculardetails.aspx,2026-05-30T10:42:55.123660+00:00
2008-07-01,Master Circular - Micro Credit,,https://www.rbi.org.in/Scripts/BS_ViewMasCirculardetails.aspx?id=4305,https://www.rbi.org.in/Scripts/BS_ViewMasterCirculardetails.aspx,2026-05-30T10:42:55.123660+00:00
2008-07-01,Master Circular - Lending to Priority Sector,,https://www.rbi.org.in/Scripts/BS_ViewMasCirculardetails.aspx?id=4304,https://www.rbi.org.in/Scripts/BS_ViewMasterCirculardetails.aspx,2026-05-30T10:42:55.123660+00:00
2008-07-01,Master Circular - Guidelines for Relief Measures by Banks in Areas affected by Natural Calamities,,https://www.rbi.org.in/Scripts/BS_ViewMasCirculardetails.aspx?id=4295,https://www.rbi.org.in/Scripts/BS_ViewMasterCirculardetails.aspx,2026-05-30T10:42:55.123660+00:00
2008-07-01,Master Circular - Bank Finance to Non-Banking Financial Companies (NBFCs),,https://www.rbi.org.in/Scripts/BS_ViewMasCirculardetails.aspx?id=4294,https://www.rbi.org.in/Scripts/BS_ViewMasterCirculardetails.aspx,2026-05-30T10:42:55.123660+00:00
2008-07-01,Master Circular - Disclosure in Financial Statements - Notes to Accounts,,https://www.rbi.org.in/Scripts/BS_ViewMasCirculardetails.aspx?id=4293,https://www.rbi.org.in/Scripts/BS_ViewMasterCirculardetails.aspx,2026-05-30T10:42:55.123660+00:00
2008-07-01,"Master Circular – Foreign Contribution ( Regulation ) Act, 1976 – Obligations of Banks in Regulating Receipt of Foreign Contributions by Associations / Organizations in India",,https://www.rbi.org.in/Scripts/BS_ViewMasCirculardetails.aspx?id=4276,https://www.rbi.org.in/Scripts/BS_ViewMasterCirculardetails.aspx,2026-05-30T10:42:55.123660+00:00
2008-07-01,Master Circular - Swarna Jayanti Shahari Rozgar Yojana (SJSRY),,https://www.rbi.org.in/Scripts/BS_ViewMasCirculardetails.aspx?id=4299,https://www.rbi.org.in/Scripts/BS_ViewMasterCirculardetails.aspx,2026-05-30T10:42:55.123660+00:00
2008-07-01,Master Circular - Credit facilities to Scheduled Castes (SCs) & Scheduled Tribes (STs),,https://www.rbi.org.in/Scripts/BS_ViewMasCirculardetails.aspx?id=4298,https://www.rbi.org.in/Scripts/BS_ViewMasterCirculardetails.aspx,2026-05-30T10:42:55.123660+00:00
2008-07-01,Master Circular - Credit facilities to Minority Communities,,https://www.rbi.org.in/Scripts/BS_ViewMasCirculardetails.aspx?id=4297,https://www.rbi.org.in/Scripts/BS_ViewMasterCirculardetails.aspx,2026-05-30T10:42:55.123660+00:00
2008-07-01,Master Circular - Swarnajayanti Gram Swarozgar Yojana (SGSY),,https://www.rbi.org.in/Scripts/BS_ViewMasCirculardetails.aspx?id=4296,https://www.rbi.org.in/Scripts/BS_ViewMasterCirculardetails.aspx,2026-05-30T10:42:55.123660+00:00
2008-07-01,Master Circular - New “ Self Employment Scheme for Rehabilitation of Manual Scavengers” (SRMS),,https://www.rbi.org.in/Scripts/BS_ViewMasCirculardetails.aspx?id=4282,https://www.rbi.org.in/Scripts/BS_ViewMasterCirculardetails.aspx,2026-05-30T10:42:55.123660+00:00
2008-07-01,Master Circular - Exposure Norms for Financial Institutions,,https://www.rbi.org.in/Scripts/BS_ViewMasCirculardetails.aspx?id=4303,https://www.rbi.org.in/Scripts/BS_ViewMasterCirculardetails.aspx,2026-05-30T10:42:55.123660+00:00
2008-07-01,"Master Circular – Prudential Norms for Classification, Valuation and Operation of Investment Portfolio by FIs",,https://www.rbi.org.in/Scripts/BS_ViewMasCirculardetails.aspx?id=4302,https://www.rbi.org.in/Scripts/BS_ViewMasterCirculardetails.aspx,2026-05-30T10:42:55.123660+00:00
2008-07-01,Master Circular - Disclosure Norms for Financial Institutions,,https://www.rbi.org.in/Scripts/BS_ViewMasCirculardetails.aspx?id=4301,https://www.rbi.org.in/Scripts/BS_ViewMasterCirculardetails.aspx,2026-05-30T10:42:55.123660+00:00
2008-07-01,Master Circular- Resource Raising Norms for Financial Institutions,,https://www.rbi.org.in/Scripts/BS_ViewMasCirculardetails.aspx?id=4300,https://www.rbi.org.in/Scripts/BS_ViewMasterCirculardetails.aspx,2026-05-30T10:42:55.123660+00:00
2008-07-01,Master Circular – Call/Notice Money Market Operations,,https://www.rbi.org.in/Scripts/BS_ViewMasCirculardetails.aspx?id=4289,https://www.rbi.org.in/Scripts/BS_ViewMasterCirculardetails.aspx,2026-05-30T10:42:55.123660+00:00
2008-07-01,Master Circular – Guidelines for Issue of Certificates of Deposit,,https://www.rbi.org.in/Scripts/BS_ViewMasCirculardetails.aspx?id=4287,https://www.rbi.org.in/Scripts/BS_ViewMasterCirculardetails.aspx,2026-05-30T10:42:55.123660+00:00
2008-07-01,Master Circular – Guidelines for Issue of Commercial Paper,,https://www.rbi.org.in/Scripts/BS_ViewMasCirculardetails.aspx?id=4285,https://www.rbi.org.in/Scripts/BS_ViewMasterCirculardetails.aspx,2026-05-30T10:42:55.123660+00:00
2008-07-01,Master Circular – Risk Management and Inter-Bank Dealings,,https://www.rbi.org.in/Scripts/BS_ViewMasCirculardetails.aspx?id=4334,https://www.rbi.org.in/Scripts/BS_ViewMasterCirculardetails.aspx,2026-05-30T10:42:55.123660+00:00
2008-07-03,Master Circular – Facility for Exchange of Notes and Coins,,https://www.rbi.org.in/Scripts/BS_ViewMasCirculardetails.aspx?id=4356,https://www.rbi.org.in/Scripts/BS_ViewMasterCirculardetails.aspx,2026-05-30T10:42:55.123660+00:00
2008-07-01,Master Circular – Levy of Penal Interest for Delayed Reporting/Wrong Reporting/Non-Reporting of Currency Chest Transactions and Cases involving Shortages/Inclusion of Counterfeit Banknotes in Chest Balances/Chest remittances,,https://www.rbi.org.in/Scripts/BS_ViewMasCirculardetails.aspx?id=4361,https://www.rbi.org.in/Scripts/BS_ViewMasterCirculardetails.aspx,2026-05-30T10:42:55.123660+00:00
2008-07-01,Master Circular – Detection and Impounding of Counterfeit Notes,,https://www.rbi.org.in/Scripts/BS_ViewMasCirculardetails.aspx?id=4355,https://www.rbi.org.in/Scripts/BS_ViewMasterCirculardetails.aspx,2026-05-30T10:42:55.123660+00:00
2008-07-01,Master Circular – Directions/instructions issued to Securitisation Companies/ Reconstruction Companies,,https://www.rbi.org.in/Scripts/BS_ViewMasCirculardetails.aspx?id=4292,https://www.rbi.org.in/Scripts/BS_ViewMasterCirculardetails.aspx,2026-05-30T10:42:55.123660+00:00
2008-07-01,"Master Circular – The Securitisation Companies and Reconstruction Companies (Reserve Bank) Guidelines and Directions, 2003",,https://www.rbi.org.in/Scripts/BS_ViewMasCirculardetails.aspx?id=4291,https://www.rbi.org.in/Scripts/BS_ViewMasterCirculardetails.aspx,2026-05-30T10:42:55.123660+00:00
2008-07-01,"Master Circular – ""Residuary Non-Banking Companies (Reserve Bank) Directions, 1987”",,https://www.rbi.org.in/Scripts/BS_ViewMasCirculardetails.aspx?id=4290,https://www.rbi.org.in/Scripts/BS_ViewMasterCirculardetails.aspx,2026-05-30T10:42:55.123660+00:00
2008-07-01,"Master Circular – “Mortgage Guarantee Companies Prudential Norms (Reserve Bank) Directions, 2008” and "" Mortgage Guarantee Companies Investment (Reserve Bank) Directions, 2008""",,https://www.rbi.org.in/Scripts/BS_ViewMasCirculardetails.aspx?id=4288,https://www.rbi.org.in/Scripts/BS_ViewMasterCirculardetails.aspx,2026-05-30T10:42:55.123660+00:00
2008-07-01,"Master Circular – “Mortgage Guarantee Company (Reserve Bank) Guidelines, 2008”",,https://www.rbi.org.in/Scripts/BS_ViewMasCirculardetails.aspx?id=4286,https://www.rbi.org.in/Scripts/BS_ViewMasterCirculardetails.aspx,2026-05-30T10:42:55.123660+00:00
2008-07-01,"Master Circular – “Miscellaneous Non-Banking Companies (Reserve Bank) Directions, 1977”",,https://www.rbi.org.in/Scripts/BS_ViewMasCirculardetails.aspx?id=4284,https://www.rbi.org.in/Scripts/BS_ViewMasterCirculardetails.aspx,2026-05-30T10:42:55.123660+00:00
2008-07-01,Master Circular - Frauds – Future approach towards monitoring of frauds in NBFCs,,https://www.rbi.org.in/Scripts/BS_ViewMasCirculardetails.aspx?id=4283,https://www.rbi.org.in/Scripts/BS_ViewMasterCirculardetails.aspx,2026-05-30T10:42:55.123660+00:00
2008-07-01,"Master Circular - Exemptions from the provisions of RBI Act, 1934",,https://www.rbi.org.in/Scripts/BS_ViewMasCirculardetails.aspx?id=4281,https://www.rbi.org.in/Scripts/BS_ViewMasterCirculardetails.aspx,2026-05-30T10:42:55.123660+00:00
2008-07-01,Master Circular – “Reserve Bank of India (Non-Banking Financial Companies) Returns Specifications 1997”,,https://www.rbi.org.in/Scripts/BS_ViewMasCirculardetails.aspx?id=4280,https://www.rbi.org.in/Scripts/BS_ViewMasterCirculardetails.aspx,2026-05-30T10:42:55.123660+00:00
2008-07-01,"Master Circular – “Non-Banking Financial Companies Auditor’s Report (Reserve Bank) Directions, 1998”",,https://www.rbi.org.in/Scripts/BS_ViewMasCirculardetails.aspx?id=4278,https://www.rbi.org.in/Scripts/BS_ViewMasterCirculardetails.aspx,2026-05-30T10:42:55.123660+00:00
2008-07-01,"Master Circular – “Non-Banking Financial (Non - Deposit Accepting or Holding) Companies Prudential Norms (Reserve Bank) Directions, 2007”",,https://www.rbi.org.in/Scripts/BS_ViewMasCirculardetails.aspx?id=4272,https://www.rbi.org.in/Scripts/BS_ViewMasterCirculardetails.aspx,2026-05-30T10:42:55.123660+00:00
2008-07-01,"Master Circular – “Non-Banking Financial (Deposit Accepting or Holding) Companies Prudential Norms (Reserve Bank) Directions, 2007”",,https://www.rbi.org.in/Scripts/BS_ViewMasCirculardetails.aspx?id=4271,https://www.rbi.org.in/Scripts/BS_ViewMasterCirculardetails.aspx,2026-05-30T10:42:55.123660+00:00
2008-07-01,"Master Circular – “Non-Banking Financial Companies Acceptance of Public Deposits (Reserve Bank) Directions, 1998”",,https://www.rbi.org.in/Scripts/BS_ViewMasCirculardetails.aspx?id=4270,https://www.rbi.org.in/Scripts/BS_ViewMasterCirculardetails.aspx,2026-05-30T10:42:55.123660+00:00
2008-07-01,Master Circular - Capital Adequacy Standards and Risk Management Guidelines for standalone Primary Dealers,,https://www.rbi.org.in/Scripts/BS_ViewMasCirculardetails.aspx?id=4279,https://www.rbi.org.in/Scripts/BS_ViewMasterCirculardetails.aspx,2026-05-30T10:42:55.123660+00:00
2008-07-01,Master Circular – Operational Guidelines to Primary Dealers,,https://www.rbi.org.in/Scripts/BS_ViewMasCirculardetails.aspx?id=4277,https://www.rbi.org.in/Scripts/BS_ViewMasterCirculardetails.aspx,2026-05-30T10:42:55.123660+00:00
2008-02-21,Master Circular on Miscellaneous Remittances from India – Facilities for Residents,,https://www.rbi.org.in/Scripts/BS_ViewMasCirculardetails.aspx?id=3637,https://www.rbi.org.in/Scripts/BS_ViewMasterCirculardetails.aspx,2026-05-30T10:42:56.181441+00:00
2008-02-21,Master Circular on Remittance Facilities for Non-Resident Indians / Persons of Indian Origin / Foreign Nationals,,https://www.rbi.org.in/Scripts/BS_ViewMasCirculardetails.aspx?id=3635,https://www.rbi.org.in/Scripts/BS_ViewMasterCirculardetails.aspx,2026-05-30T10:42:56.181441+00:00
2008-02-21,Master Circular on Non-Resident Ordinary Rupee (NRO) Account,,https://www.rbi.org.in/Scripts/BS_ViewMasCirculardetails.aspx?id=3632,https://www.rbi.org.in/Scripts/BS_ViewMasterCirculardetails.aspx,2026-05-30T10:42:56.181441+00:00
2007-07-05,Master Circular-Priority Sector Lending - Credit facilities to Minority Communities,,https://www.rbi.org.in/Scripts/BS_ViewMasCirculardetails.aspx?id=3703,https://www.rbi.org.in/Scripts/BS_ViewMasterCirculardetails.aspx,2026-05-30T10:42:56.181441+00:00
2007-07-04,Master Circular on Management of Advances- UCBs,,https://www.rbi.org.in/Scripts/BS_ViewMasCirculardetails.aspx?id=3705,https://www.rbi.org.in/Scripts/BS_ViewMasterCirculardetails.aspx,2026-05-30T10:42:56.181441+00:00
2007-07-04,Master Circular on Priority Sector Lending – UCBs,,https://www.rbi.org.in/Scripts/BS_ViewMasCirculardetails.aspx?id=3704,https://www.rbi.org.in/Scripts/BS_ViewMasterCirculardetails.aspx,2026-05-30T10:42:56.181441+00:00
2007-07-04,"Master Circular on Income Recognition, Asset Classification, Provisioning & Other Related Matters - UCBs",,https://www.rbi.org.in/Scripts/BS_ViewMasCirculardetails.aspx?id=3702,https://www.rbi.org.in/Scripts/BS_ViewMasterCirculardetails.aspx,2026-05-30T10:42:56.181441+00:00
2007-07-04,Master Circular on Customer Service - UCBs,,https://www.rbi.org.in/Scripts/BS_ViewMasCirculardetails.aspx?id=3699,https://www.rbi.org.in/Scripts/BS_ViewMasterCirculardetails.aspx,2026-05-30T10:42:56.181441+00:00
2007-07-04,Master Circular on Maintenance of Deposit Accounts - UCBs,,https://www.rbi.org.in/Scripts/BS_ViewMasCirculardetails.aspx?id=3698,https://www.rbi.org.in/Scripts/BS_ViewMasterCirculardetails.aspx,2026-05-30T10:42:56.181441+00:00
2007-07-02,Master Circular on Priority Sector Lending- Special Programmes- Swarnajayanti Gram Swarozgar Yojana (SGSY),,https://www.rbi.org.in/Scripts/BS_ViewMasCirculardetails.aspx?id=3697,https://www.rbi.org.in/Scripts/BS_ViewMasterCirculardetails.aspx,2026-05-30T10:42:56.181441+00:00
2007-07-02,Master Circular Priority Sector Lending- Special Programmes Swarna Jayanti Shahari Rozgar Yojana (SJSRY),,https://www.rbi.org.in/Scripts/BS_ViewMasCirculardetails.aspx?id=3694,https://www.rbi.org.in/Scripts/BS_ViewMasterCirculardetails.aspx,2026-05-30T10:42:56.181441+00:00
2007-07-02,Master Circular Priority Sector Lending-Credit facilities to Scheduled Castes (SCs) & Scheduled Tribes (STs),,https://www.rbi.org.in/Scripts/BS_ViewMasCirculardetails.aspx?id=3693,https://www.rbi.org.in/Scripts/BS_ViewMasterCirculardetails.aspx,2026-05-30T10:42:56.181441+00:00
2007-07-02,Master Circular - Priority Sector Lending- Special Programmes Scheme for Liberation and Rehabilitation of Scavengers (SLRS),,https://www.rbi.org.in/Scripts/BS_ViewMasCirculardetails.aspx?id=3692,https://www.rbi.org.in/Scripts/BS_ViewMasterCirculardetails.aspx,2026-05-30T10:42:56.181441+00:00
2007-07-02,Master Circular Interest Rates on Rupee Deposits - UCBs,,https://www.rbi.org.in/Scripts/BS_ViewMasCirculardetails.aspx?id=3691,https://www.rbi.org.in/Scripts/BS_ViewMasterCirculardetails.aspx,2026-05-30T10:42:56.181441+00:00
2007-07-02,Master Circular on Appointment & delisting of Brokers for Relief / Savings Bonds,,https://www.rbi.org.in/Scripts/BS_ViewMasCirculardetails.aspx?id=3690,https://www.rbi.org.in/Scripts/BS_ViewMasterCirculardetails.aspx,2026-05-30T10:42:56.181441+00:00
2007-07-02,Master Circular on Rates of Brokerage etc. for Relief / Savings Bonds,,https://www.rbi.org.in/Scripts/BS_ViewMasCirculardetails.aspx?id=3689,https://www.rbi.org.in/Scripts/BS_ViewMasterCirculardetails.aspx,2026-05-30T10:42:56.181441+00:00
2007-07-02,Master Circular on Nomination facility in Relief / Savings Bonds,,https://www.rbi.org.in/Scripts/BS_ViewMasCirculardetails.aspx?id=3688,https://www.rbi.org.in/Scripts/BS_ViewMasterCirculardetails.aspx,2026-05-30T10:42:56.181441+00:00
2007-07-02,"Master Circular-Guarantees, Co-Acceptances& Letters of Credit-UCBs",,https://www.rbi.org.in/Scripts/BS_ViewMasCirculardetails.aspx?id=3687,https://www.rbi.org.in/Scripts/BS_ViewMasterCirculardetails.aspx,2026-05-30T10:42:56.181441+00:00
2007-07-02,Master Circular on Investments by Primary (Urban) Co-operative Banks,,https://www.rbi.org.in/Scripts/BS_ViewMasCirculardetails.aspx?id=3686,https://www.rbi.org.in/Scripts/BS_ViewMasterCirculardetails.aspx,2026-05-30T10:42:56.181441+00:00
2007-07-02,Master Circular on Export of Goods and Services,,https://www.rbi.org.in/Scripts/BS_ViewMasCirculardetails.aspx?id=3684,https://www.rbi.org.in/Scripts/BS_ViewMasterCirculardetails.aspx,2026-05-30T10:42:56.181441+00:00
2007-07-02,Master Circular on Finance For Housing Schemes-UCBs,,https://www.rbi.org.in/Scripts/BS_ViewMasCirculardetails.aspx?id=3683,https://www.rbi.org.in/Scripts/BS_ViewMasterCirculardetails.aspx,2026-05-30T10:42:56.181441+00:00
2007-07-02,Master Circular on Exposure Norms and Statutory/Other Restrictions - UCBs,,https://www.rbi.org.in/Scripts/BS_ViewMasCirculardetails.aspx?id=3681,https://www.rbi.org.in/Scripts/BS_ViewMasterCirculardetails.aspx,2026-05-30T10:42:56.181441+00:00
2007-07-02,Master Circular on Board of Directors - UCBs,,https://www.rbi.org.in/Scripts/BS_ViewMasCirculardetails.aspx?id=3679,https://www.rbi.org.in/Scripts/BS_ViewMasterCirculardetails.aspx,2026-05-30T10:42:56.181441+00:00
2007-07-02,Master Circular Inspection & Audit Systems in Primary (Urban)Co-op. Banks,,https://www.rbi.org.in/Scripts/BS_ViewMasCirculardetails.aspx?id=3678,https://www.rbi.org.in/Scripts/BS_ViewMasterCirculardetails.aspx,2026-05-30T10:42:56.181441+00:00
2007-07-02,"Section 23 of the Banking Regulation Act, 1949 - Master Circular on Branch Licensing - Regional Rural Banks (RRBs)",,https://www.rbi.org.in/Scripts/BS_ViewMasCirculardetails.aspx?id=3677,https://www.rbi.org.in/Scripts/BS_ViewMasterCirculardetails.aspx,2026-05-30T10:42:56.181441+00:00
2007-07-02,"Master Circular – Prudential norms for classification, valuation and operation of investment portfolio by FIs",,https://www.rbi.org.in/Scripts/BS_ViewMasCirculardetails.aspx?id=3675,https://www.rbi.org.in/Scripts/BS_ViewMasterCirculardetails.aspx,2026-05-30T10:42:56.181441+00:00
2007-07-02,Master Circular on Export Credit Refinance Facility,,https://www.rbi.org.in/Scripts/BS_ViewMasCirculardetails.aspx?id=3674,https://www.rbi.org.in/Scripts/BS_ViewMasterCirculardetails.aspx,2026-05-30T10:42:56.181441+00:00
2007-07-02,Master Circular - Disclosure Norms for Financial Institutions,,https://www.rbi.org.in/Scripts/BS_ViewMasCirculardetails.aspx?id=3673,https://www.rbi.org.in/Scripts/BS_ViewMasterCirculardetails.aspx,2026-05-30T10:42:56.181441+00:00
2007-07-02,Master Circular - Levy of Penal Interest for Delayed Reporting / Wrong Reporting / Non-Reporting of Currency Chest Transactions and Cases involving Shortages/Inclusion of Counterfeit Banknotes in Chest Balances / Chest remittances.,,https://www.rbi.org.in/Scripts/BS_ViewMasCirculardetails.aspx?id=3672,https://www.rbi.org.in/Scripts/BS_ViewMasterCirculardetails.aspx,2026-05-30T10:42:56.181441+00:00
2007-07-02,Master Circular – Facility for Exchange of Notes and Coins,,https://www.rbi.org.in/Scripts/BS_ViewMasCirculardetails.aspx?id=3671,https://www.rbi.org.in/Scripts/BS_ViewMasterCirculardetails.aspx,2026-05-30T10:42:56.181441+00:00
2007-07-02,Master Circular on Wilful Defaulters,,https://www.rbi.org.in/Scripts/BS_ViewMasCirculardetails.aspx?id=3670,https://www.rbi.org.in/Scripts/BS_ViewMasterCirculardetails.aspx,2026-05-30T10:42:56.181441+00:00
2007-07-02,Master Circular on Capital Adequacy Standards and Risk Management Guidelines for standalone Primary Dealers,,https://www.rbi.org.in/Scripts/BS_ViewMasCirculardetails.aspx?id=3669,https://www.rbi.org.in/Scripts/BS_ViewMasterCirculardetails.aspx,2026-05-30T10:42:56.181441+00:00
2007-07-02,Master Circular: Operational guidelines for banks undertaking/ proposing to undertake Primary Dealer Business in Government Securities Market,,https://www.rbi.org.in/Scripts/BS_ViewMasCirculardetails.aspx?id=3668,https://www.rbi.org.in/Scripts/BS_ViewMasterCirculardetails.aspx,2026-05-30T10:42:56.181441+00:00
2007-07-02,Master Circular – Operational Guidelines to Primary Dealers,,https://www.rbi.org.in/Scripts/BS_ViewMasCirculardetails.aspx?id=3667,https://www.rbi.org.in/Scripts/BS_ViewMasterCirculardetails.aspx,2026-05-30T10:42:56.181441+00:00
2007-07-02,Master Circular on Prime Minister’s Rozgar Yojana (PMRY),,https://www.rbi.org.in/Scripts/BS_ViewMasCirculardetails.aspx?id=3666,https://www.rbi.org.in/Scripts/BS_ViewMasterCirculardetails.aspx,2026-05-30T10:42:56.181441+00:00
2007-07-02,"Section 23 of Banking Regulation Act, 1949 – Master Circular on Branch Authorisation",,https://www.rbi.org.in/Scripts/BS_ViewMasCirculardetails.aspx?id=3665,https://www.rbi.org.in/Scripts/BS_ViewMasterCirculardetails.aspx,2026-05-30T10:42:56.181441+00:00
2007-07-02,"Master Circular – Prudential norms for classification, valuation and operation of investment portfolio by banks",,https://www.rbi.org.in/Scripts/BS_ViewMasCirculardetails.aspx?id=3664,https://www.rbi.org.in/Scripts/BS_ViewMasterCirculardetails.aspx,2026-05-30T10:42:56.181441+00:00
2007-07-02,Master Circular - Disclosure in Financial Statements - Notes to Accounts,,https://www.rbi.org.in/Scripts/BS_ViewMasCirculardetails.aspx?id=3663,https://www.rbi.org.in/Scripts/BS_ViewMasterCirculardetails.aspx,2026-05-30T10:42:56.181441+00:00
2007-07-02,Master Circular - Bank Finance to Non-Banking Financial Companies (NBFCs),,https://www.rbi.org.in/Scripts/BS_ViewMasCirculardetails.aspx?id=3662,https://www.rbi.org.in/Scripts/BS_ViewMasterCirculardetails.aspx,2026-05-30T10:42:56.181441+00:00
2007-07-02,"Master Circular – Foreign Contribution ( Regulation ) Act, 1976 – Obligations of Banks in Regulating Receipt of Foreign Contributions by Associations / Organizations in India",,https://www.rbi.org.in/Scripts/BS_ViewMasCirculardetails.aspx?id=3661,https://www.rbi.org.in/Scripts/BS_ViewMasterCirculardetails.aspx,2026-05-30T10:42:56.181441+00:00
2007-07-02,Master Circular - Exposure Norms for Financial Institutions,,https://www.rbi.org.in/Scripts/BS_ViewMasCirculardetails.aspx?id=3660,https://www.rbi.org.in/Scripts/BS_ViewMasterCirculardetails.aspx,2026-05-30T10:42:56.181441+00:00
2007-07-02,Master Circular- Resource Raising Norms for Financial Institutions,,https://www.rbi.org.in/Scripts/BS_ViewMasCirculardetails.aspx?id=3659,https://www.rbi.org.in/Scripts/BS_ViewMasterCirculardetails.aspx,2026-05-30T10:42:56.181441+00:00
2007-07-02,Master Circular – Exposure Norms,,https://www.rbi.org.in/Scripts/BS_ViewMasCirculardetails.aspx?id=3658,https://www.rbi.org.in/Scripts/BS_ViewMasterCirculardetails.aspx,2026-05-30T10:42:56.181441+00:00
2007-07-02,Master Circular - Guarantees and Co-acceptances,,https://www.rbi.org.in/Scripts/BS_ViewMasCirculardetails.aspx?id=3657,https://www.rbi.org.in/Scripts/BS_ViewMasterCirculardetails.aspx,2026-05-30T10:42:56.181441+00:00
2007-07-02,Master Circular- Loans and Advances – Statutory and Other Restrictions,,https://www.rbi.org.in/Scripts/BS_ViewMasCirculardetails.aspx?id=3656,https://www.rbi.org.in/Scripts/BS_ViewMasterCirculardetails.aspx,2026-05-30T10:42:56.181441+00:00
2007-07-02,Master Circular of instructions relating to deposits held in FCNR(B) Accounts,,https://www.rbi.org.in/Scripts/BS_ViewMasCirculardetails.aspx?id=3655,https://www.rbi.org.in/Scripts/BS_ViewMasterCirculardetails.aspx,2026-05-30T10:42:56.181441+00:00
2007-07-02,"Master Circular on Interest Rates on Rupee Deposits held in Domestic, Ordinary Non- Resident (NRO) and Non-Resident (External) (NRE) Accounts",,https://www.rbi.org.in/Scripts/BS_ViewMasCirculardetails.aspx?id=3654,https://www.rbi.org.in/Scripts/BS_ViewMasterCirculardetails.aspx,2026-05-30T10:42:56.181441+00:00
2007-07-02,Master Circular - Interest Rates on Advances,,https://www.rbi.org.in/Scripts/BS_ViewMasCirculardetails.aspx?id=3653,https://www.rbi.org.in/Scripts/BS_ViewMasterCirculardetails.aspx,2026-05-30T10:42:56.181441+00:00
2007-07-02,"Master Circular - Prudential norms on Income Recognition, Asset Classification and Provisioning pertaining to Advances",,https://www.rbi.org.in/Scripts/BS_ViewMasCirculardetails.aspx?id=3652,https://www.rbi.org.in/Scripts/BS_ViewMasterCirculardetails.aspx,2026-05-30T10:42:56.181441+00:00
2007-07-02,Master Circular on Micro Credit,,https://www.rbi.org.in/Scripts/BS_ViewMasCirculardetails.aspx?id=3651,https://www.rbi.org.in/Scripts/BS_ViewMasterCirculardetails.aspx,2026-05-30T10:42:56.181441+00:00
2007-07-02,Master Circular - Lending To Small & Medium Enterprises (Smes) Sector,,https://www.rbi.org.in/Scripts/BS_ViewMasCirculardetails.aspx?id=3650,https://www.rbi.org.in/Scripts/BS_ViewMasterCirculardetails.aspx,2026-05-30T10:42:56.181441+00:00
2007-07-02,Master Circular - Use of Hindi in banks,,https://www.rbi.org.in/Scripts/BS_ViewMasCirculardetails.aspx?id=3649,https://www.rbi.org.in/Scripts/BS_ViewMasterCirculardetails.aspx,2026-05-30T10:42:56.181441+00:00
2007-07-02,Master Circular - Lending To Priority Sector,,https://www.rbi.org.in/Scripts/BS_ViewMasCirculardetails.aspx?id=3648,https://www.rbi.org.in/Scripts/BS_ViewMasterCirculardetails.aspx,2026-05-30T10:42:56.181441+00:00
2007-07-02,Master Circular - Para-banking Activities,,https://www.rbi.org.in/Scripts/BS_ViewMasCirculardetails.aspx?id=3647,https://www.rbi.org.in/Scripts/BS_ViewMasterCirculardetails.aspx,2026-05-30T10:42:56.181441+00:00
2007-07-02,Master Circular on Credit Card Operations of banks,,https://www.rbi.org.in/Scripts/BS_ViewMasCirculardetails.aspx?id=3646,https://www.rbi.org.in/Scripts/BS_ViewMasterCirculardetails.aspx,2026-05-30T10:42:56.181441+00:00
2007-07-02,Master Circular on Housing Finance,,https://www.rbi.org.in/Scripts/BS_ViewMasCirculardetails.aspx?id=3645,https://www.rbi.org.in/Scripts/BS_ViewMasterCirculardetails.aspx,2026-05-30T10:42:56.181441+00:00
2007-07-02,Master Circular on Rupee / Foreign Currency Export Credit & Customer Service to Exporters,,https://www.rbi.org.in/Scripts/BS_ViewMasCirculardetails.aspx?id=3644,https://www.rbi.org.in/Scripts/BS_ViewMasterCirculardetails.aspx,2026-05-30T10:42:56.181441+00:00
2007-07-02,Master Circular – Detection and impounding of counterfeit banknotes,,https://www.rbi.org.in/Scripts/BS_ViewMasCirculardetails.aspx?id=3643,https://www.rbi.org.in/Scripts/BS_ViewMasterCirculardetails.aspx,2026-05-30T10:42:56.181441+00:00
2007-07-02,Master Circular- Prudential Norms on Capital Adequacy,,https://www.rbi.org.in/Scripts/BS_ViewMasCirculardetails.aspx?id=3642,https://www.rbi.org.in/Scripts/BS_ViewMasterCirculardetails.aspx,2026-05-30T10:42:56.181441+00:00
2007-07-02,Master Circular on Import of Goods and Services,,https://www.rbi.org.in/Scripts/BS_ViewMasCirculardetails.aspx?id=3641,https://www.rbi.org.in/Scripts/BS_ViewMasterCirculardetails.aspx,2026-05-30T10:42:56.181441+00:00
2007-07-02,Master Circular on External Commercial Borrowings and Trade Credits,,https://www.rbi.org.in/Scripts/BS_ViewMasCirculardetails.aspx?id=3640,https://www.rbi.org.in/Scripts/BS_ViewMasterCirculardetails.aspx,2026-05-30T10:42:56.181441+00:00
2007-07-02,Master Circular on Risk Management and Inter-Bank Dealings,,https://www.rbi.org.in/Scripts/BS_ViewMasCirculardetails.aspx?id=3639,https://www.rbi.org.in/Scripts/BS_ViewMasterCirculardetails.aspx,2026-05-30T10:42:56.181441+00:00
2007-07-02,Primary (Urban) Co-operative Banks-Frauds – Classification and Reporting,,https://www.rbi.org.in/Scripts/BS_ViewMasCirculardetails.aspx?id=3638,https://www.rbi.org.in/Scripts/BS_ViewMasterCirculardetails.aspx,2026-05-30T10:42:56.181441+00:00
2007-07-02,Commercial Banks and Financial Institutions - Frauds – Classification and Reporting,,https://www.rbi.org.in/Scripts/BS_ViewMasCirculardetails.aspx?id=3636,https://www.rbi.org.in/Scripts/BS_ViewMasterCirculardetails.aspx,2026-05-30T10:42:56.181441+00:00
2007-07-02,Master Circular on Call/Notice Money Market Operations,,https://www.rbi.org.in/Scripts/BS_ViewMasCirculardetails.aspx?id=3634,https://www.rbi.org.in/Scripts/BS_ViewMasterCirculardetails.aspx,2026-05-30T10:42:56.181441+00:00
2007-07-02,Guidelines for Issue of Certificates of Deposit,,https://www.rbi.org.in/Scripts/BS_ViewMasCirculardetails.aspx?id=3633,https://www.rbi.org.in/Scripts/BS_ViewMasterCirculardetails.aspx,2026-05-30T10:42:56.181441+00:00
2007-07-02,Guidelines for Issue of Commercial Paper,,https://www.rbi.org.in/Scripts/BS_ViewMasCirculardetails.aspx?id=3631,https://www.rbi.org.in/Scripts/BS_ViewMasterCirculardetails.aspx,2026-05-30T10:42:56.181441+00:00
2007-07-02,Master Circular on Foreign Investment in India,,https://www.rbi.org.in/Scripts/BS_ViewMasCirculardetails.aspx?id=3630,https://www.rbi.org.in/Scripts/BS_ViewMasterCirculardetails.aspx,2026-05-30T10:42:56.181441+00:00
2007-07-02,Master Circular on Direct Investment by Residents in Joint Venture (JV)/ Wholly Owned Subsidiary (WOS) abroad,,https://www.rbi.org.in/Scripts/BS_ViewMasCirculardetails.aspx?id=3629,https://www.rbi.org.in/Scripts/BS_ViewMasterCirculardetails.aspx,2026-05-30T10:42:56.181441+00:00
2007-07-02,Master Circular on directions/instructions issued to the Securitisation Companies and Reconstruction Companies,,https://www.rbi.org.in/Scripts/BS_ViewMasCirculardetails.aspx?id=3628,https://www.rbi.org.in/Scripts/BS_ViewMasterCirculardetails.aspx,2026-05-30T10:42:56.181441+00:00
2007-07-02,"The Securitisation Companies and Reconstruction Companies (Reserve Bank) Guidelines and Directions, 2003",,https://www.rbi.org.in/Scripts/BS_ViewMasCirculardetails.aspx?id=3627,https://www.rbi.org.in/Scripts/BS_ViewMasterCirculardetails.aspx,2026-05-30T10:42:56.181441+00:00
2007-07-02,Master Circular - Guidelines For Relief Masures By Banks in Areas Affected By Natural Calamities,,https://www.rbi.org.in/Scripts/BS_ViewMasCirculardetails.aspx?id=3626,https://www.rbi.org.in/Scripts/BS_ViewMasterCirculardetails.aspx,2026-05-30T10:42:56.181441+00:00
2007-07-02,"Master Circular – ""Residuary Non-Banking Companies (Reserve Bank) Directions, 1987”",,https://www.rbi.org.in/Scripts/BS_ViewMasCirculardetails.aspx?id=3625,https://www.rbi.org.in/Scripts/BS_ViewMasterCirculardetails.aspx,2026-05-30T10:42:56.181441+00:00
2007-07-02,"Master Circular – “Miscellaneous Non-Banking Companies (Reserve Bank) Directions, 1977”",,https://www.rbi.org.in/Scripts/BS_ViewMasCirculardetails.aspx?id=3624,https://www.rbi.org.in/Scripts/BS_ViewMasterCirculardetails.aspx,2026-05-30T10:42:56.181441+00:00
2007-07-02,"Master Circular- Exemptions from the provisions of RBI Act, 1934",,https://www.rbi.org.in/Scripts/BS_ViewMasCirculardetails.aspx?id=3623,https://www.rbi.org.in/Scripts/BS_ViewMasterCirculardetails.aspx,2026-05-30T10:42:56.181441+00:00
2007-07-02,"Master Circular – “Non-Banking Financial Companies Auditor’s Report (Reserve Bank) Directions, 1998”",,https://www.rbi.org.in/Scripts/BS_ViewMasCirculardetails.aspx?id=3622,https://www.rbi.org.in/Scripts/BS_ViewMasterCirculardetails.aspx,2026-05-30T10:42:56.181441+00:00
2007-07-02,Master Circular – “Reserve Bank of India (Non-Banking Financial Companies) Returns Specifications 1997”,,https://www.rbi.org.in/Scripts/BS_ViewMasCirculardetails.aspx?id=3621,https://www.rbi.org.in/Scripts/BS_ViewMasterCirculardetails.aspx,2026-05-30T10:42:56.181441+00:00
2007-07-02,"Master Circular – “Non-Banking Financial (Non - Deposit Accepting or Holding) Companies Prudential Norms (Reserve Bank) Directions, 2007”",,https://www.rbi.org.in/Scripts/BS_ViewMasCirculardetails.aspx?id=3620,https://www.rbi.org.in/Scripts/BS_ViewMasterCirculardetails.aspx,2026-05-30T10:42:56.181441+00:00
2007-07-02,"Master Circular – “Non-Banking Financial (Deposit Accepting or Holding) Companies Prudential Norms (Reserve Bank) Directions, 2007”",,https://www.rbi.org.in/Scripts/BS_ViewMasCirculardetails.aspx?id=3619,https://www.rbi.org.in/Scripts/BS_ViewMasterCirculardetails.aspx,2026-05-30T10:42:56.181441+00:00
2007-07-02,"Master Circular – “Non-Banking Financial Companies Acceptance of Public Deposits (Reserve Bank) Directions, 1998”",,https://www.rbi.org.in/Scripts/BS_ViewMasCirculardetails.aspx?id=3618,https://www.rbi.org.in/Scripts/BS_ViewMasterCirculardetails.aspx,2026-05-30T10:42:56.181441+00:00
2007-01-22,Master Circular on Management of Advances- UCBs,,https://www.rbi.org.in/Scripts/BS_ViewMasCirculardetails.aspx?id=3250,https://www.rbi.org.in/Scripts/BS_ViewMasterCirculardetails.aspx,2026-05-30T10:42:57.211183+00:00
2006-11-01,UCBs - Master Cicrular on Maintenance of CRR/SLR,,https://www.rbi.org.in/Scripts/BS_ViewMasCirculardetails.aspx?id=3146,https://www.rbi.org.in/Scripts/BS_ViewMasterCirculardetails.aspx,2026-05-30T10:42:57.211183+00:00
2006-10-11,Master Circular - Cash Reserve Ratio (CRR) and Statutory Liquidity Ratio (SLR),,https://www.rbi.org.in/Scripts/BS_ViewMasCirculardetails.aspx?id=3119,https://www.rbi.org.in/Scripts/BS_ViewMasterCirculardetails.aspx,2026-05-30T10:42:57.211183+00:00
2006-10-10,Master Circular – Exposure Norms,,https://www.rbi.org.in/Scripts/BS_ViewMasCirculardetails.aspx?id=3118,https://www.rbi.org.in/Scripts/BS_ViewMasterCirculardetails.aspx,2026-05-30T10:42:57.211183+00:00
2006-08-31,Detection and Impounding of Counterfeit Banknotes- Updated Master Circular (2006),,https://www.rbi.org.in/Scripts/BS_ViewMasCirculardetails.aspx?id=3078,https://www.rbi.org.in/Scripts/BS_ViewMasterCirculardetails.aspx,2026-05-30T10:42:57.211183+00:00
2006-08-08,Master Circular on Priority Sector Lending - UCBs,,https://www.rbi.org.in/Scripts/BS_ViewMasCirculardetails.aspx?id=3054,https://www.rbi.org.in/Scripts/BS_ViewMasterCirculardetails.aspx,2026-05-30T10:42:57.211183+00:00
2006-08-08,"Master Circular on Income Recognition, Asset Classification, Provisioning & Other Related Matters - UCBs",,https://www.rbi.org.in/Scripts/BS_ViewMasCirculardetails.aspx?id=3053,https://www.rbi.org.in/Scripts/BS_ViewMasterCirculardetails.aspx,2026-05-30T10:42:57.211183+00:00
2006-08-02,Master Circular on Capital Adequacy Standards and Risk Management Guidelines for standalone Primary Dealers,,https://www.rbi.org.in/Scripts/BS_ViewMasCirculardetails.aspx?id=3046,https://www.rbi.org.in/Scripts/BS_ViewMasterCirculardetails.aspx,2026-05-30T10:42:57.211183+00:00
2006-07-27,Master Circular on Appointment & delisting of Brokers for Relief / Savings Bonds,,https://www.rbi.org.in/Scripts/BS_ViewMasCirculardetails.aspx?id=3034,https://www.rbi.org.in/Scripts/BS_ViewMasterCirculardetails.aspx,2026-05-30T10:42:57.211183+00:00
2006-07-27,Master Circular on Rates of Brokerage etc. for Relief / Savings Bonds,,https://www.rbi.org.in/Scripts/BS_ViewMasCirculardetails.aspx?id=3030,https://www.rbi.org.in/Scripts/BS_ViewMasterCirculardetails.aspx,2026-05-30T10:42:57.211183+00:00
2006-07-18,Master Circular – Operational Guidelines to Primary Dealers,,https://www.rbi.org.in/Scripts/BS_ViewMasCirculardetails.aspx?id=3012,https://www.rbi.org.in/Scripts/BS_ViewMasterCirculardetails.aspx,2026-05-30T10:42:57.211183+00:00
2006-07-13,Master Circular on Call/Notice Money Market Operations,,https://www.rbi.org.in/Scripts/BS_ViewMasCirculardetails.aspx?id=3006,https://www.rbi.org.in/Scripts/BS_ViewMasterCirculardetails.aspx,2026-05-30T10:42:57.211183+00:00
2006-07-13,Master Circular on Guidelines for Issue of Certificates of Deposit,,https://www.rbi.org.in/Scripts/BS_ViewMasCirculardetails.aspx?id=3004,https://www.rbi.org.in/Scripts/BS_ViewMasterCirculardetails.aspx,2026-05-30T10:42:57.211183+00:00
2006-07-13,Guidelines for Issue of Commercial Paper,,https://www.rbi.org.in/Scripts/BS_ViewMasCirculardetails.aspx?id=3003,https://www.rbi.org.in/Scripts/BS_ViewMasterCirculardetails.aspx,2026-05-30T10:42:57.211183+00:00
2006-07-13,"Master Circular – ""Residuary Non-Banking Companies (Reserve Bank) Directions, 1987”",,https://www.rbi.org.in/Scripts/BS_ViewMasCirculardetails.aspx?id=3002,https://www.rbi.org.in/Scripts/BS_ViewMasterCirculardetails.aspx,2026-05-30T10:42:57.211183+00:00
2006-07-12,Master Circular on Export Credit Refinance Facility,,https://www.rbi.org.in/Scripts/BS_ViewMasCirculardetails.aspx?id=3007,https://www.rbi.org.in/Scripts/BS_ViewMasterCirculardetails.aspx,2026-05-30T10:42:57.211183+00:00
2006-07-12,Master Circular-Levy of Penal Interest for Delayed Reporting / Wrong Reporting / Non-Reporting of Currency Chest Transactions and Cases involving Shortages/Inclusion of Counterfeit Banknotes in Chest Balances,,https://www.rbi.org.in/Scripts/BS_ViewMasCirculardetails.aspx?id=3005,https://www.rbi.org.in/Scripts/BS_ViewMasterCirculardetails.aspx,2026-05-30T10:42:57.211183+00:00
2006-07-12,Master Circular on Investments by Primary (Urban) Co-operative Banks,,https://www.rbi.org.in/Scripts/BS_ViewMasCirculardetails.aspx?id=3001,https://www.rbi.org.in/Scripts/BS_ViewMasterCirculardetails.aspx,2026-05-30T10:42:57.211183+00:00
2006-07-11,"Master Circular – Foreign Contribution ( Regulation ) Act, 1976 - Obligations of banks",,https://www.rbi.org.in/Scripts/BS_ViewMasCirculardetails.aspx?id=2998,https://www.rbi.org.in/Scripts/BS_ViewMasterCirculardetails.aspx,2026-05-30T10:42:57.211183+00:00
2006-07-11,Master Circular on Branch Licensing - RRBs,,https://www.rbi.org.in/Scripts/BS_ViewMasCirculardetails.aspx?id=2995,https://www.rbi.org.in/Scripts/BS_ViewMasterCirculardetails.aspx,2026-05-30T10:42:57.211183+00:00
2006-07-10,Master Circular on Exposure Norms and Statutory/Other Restrictions - UCBs,,https://www.rbi.org.in/Scripts/BS_ViewMasCirculardetails.aspx?id=2996,https://www.rbi.org.in/Scripts/BS_ViewMasterCirculardetails.aspx,2026-05-30T10:42:57.211183+00:00
2006-07-10,Master Circular - Guidelines for Relief Measures by Banks in areas affected by Natural Calamities,,https://www.rbi.org.in/Scripts/BS_ViewMasCirculardetails.aspx?id=2992,https://www.rbi.org.in/Scripts/BS_ViewMasterCirculardetails.aspx,2026-05-30T10:42:57.211183+00:00
2006-07-07,Priority Sector Lending- Special Programmes- Swarnajayanti Gram Swarozgar Yojana (SGSY),,https://www.rbi.org.in/Scripts/BS_ViewMasCirculardetails.aspx?id=2994,https://www.rbi.org.in/Scripts/BS_ViewMasterCirculardetails.aspx,2026-05-30T10:42:57.211183+00:00
2006-07-07,Master Circular on Finance For Housing Schemes-UCBs,,https://www.rbi.org.in/Scripts/BS_ViewMasCirculardetails.aspx?id=2993,https://www.rbi.org.in/Scripts/BS_ViewMasterCirculardetails.aspx,2026-05-30T10:42:57.211183+00:00
2006-07-05,Master Circular-Priority Sector Lending - Credit facilities to Minority Communities,,https://www.rbi.org.in/Scripts/BS_ViewMasCirculardetails.aspx?id=2983,https://www.rbi.org.in/Scripts/BS_ViewMasterCirculardetails.aspx,2026-05-30T10:42:57.211183+00:00
2006-07-05,Master Circular - Priority Sector Lending- Special Programmes Swarna Jayanti Shahari Rozgar Yojana (SJSRY),,https://www.rbi.org.in/Scripts/BS_ViewMasCirculardetails.aspx?id=2982,https://www.rbi.org.in/Scripts/BS_ViewMasterCirculardetails.aspx,2026-05-30T10:42:57.211183+00:00
2006-07-05,Master Circular - Priority Sector Lending-Credit facilities to Scheduled Castes (SCs) & Scheduled Tribes (STs),,https://www.rbi.org.in/Scripts/BS_ViewMasCirculardetails.aspx?id=2981,https://www.rbi.org.in/Scripts/BS_ViewMasterCirculardetails.aspx,2026-05-30T10:42:57.211183+00:00
2006-07-03,Master Circular on Micro Credit,,https://www.rbi.org.in/Scripts/BS_ViewMasCirculardetails.aspx?id=2978,https://www.rbi.org.in/Scripts/BS_ViewMasterCirculardetails.aspx,2026-05-30T10:42:57.211183+00:00
2006-07-03,Master Circular on Inspection & Audit Systems in Primary (Urban) Co-op. Banks,,https://www.rbi.org.in/Scripts/BS_ViewMasCirculardetails.aspx?id=2976,https://www.rbi.org.in/Scripts/BS_ViewMasterCirculardetails.aspx,2026-05-30T10:42:57.211183+00:00
2006-07-03,Master Circular on Interest Rates on Rupee Deposits - UCBs,,https://www.rbi.org.in/Scripts/BS_ViewMasCirculardetails.aspx?id=2975,https://www.rbi.org.in/Scripts/BS_ViewMasterCirculardetails.aspx,2026-05-30T10:42:57.211183+00:00
2006-07-03,Master Circular on Board of Directors - UCBs,,https://www.rbi.org.in/Scripts/BS_ViewMasCirculardetails.aspx?id=2974,https://www.rbi.org.in/Scripts/BS_ViewMasterCirculardetails.aspx,2026-05-30T10:42:57.211183+00:00
2006-07-03,"Master Circular-Guarantees, Co-Acceptances& Letters of Credit-UCBs",,https://www.rbi.org.in/Scripts/BS_ViewMasCirculardetails.aspx?id=2973,https://www.rbi.org.in/Scripts/BS_ViewMasterCirculardetails.aspx,2026-05-30T10:42:57.211183+00:00
2006-07-03,Master Circular - Lending to Priority Sector,,https://www.rbi.org.in/Scripts/BS_ViewMasCirculardetails.aspx?id=2972,https://www.rbi.org.in/Scripts/BS_ViewMasterCirculardetails.aspx,2026-05-30T10:42:57.211183+00:00
2006-07-01,Master Circular - Priority Sector Lending- Special Programmes Scheme for Liberation and Rehabilitation of Scavengers (SLRS),,https://www.rbi.org.in/Scripts/BS_ViewMasCirculardetails.aspx?id=2970,https://www.rbi.org.in/Scripts/BS_ViewMasterCirculardetails.aspx,2026-05-30T10:42:57.211183+00:00
2006-07-01,Master Circular - Lending to Small & Medium Enterprises Sector (SMEs),,https://www.rbi.org.in/Scripts/BS_ViewMasCirculardetails.aspx?id=2969,https://www.rbi.org.in/Scripts/BS_ViewMasterCirculardetails.aspx,2026-05-30T10:42:57.211183+00:00
2006-07-01,Master Circular on Wilful Defaulters,,https://www.rbi.org.in/Scripts/BS_ViewMasCirculardetails.aspx?id=2968,https://www.rbi.org.in/Scripts/BS_ViewMasterCirculardetails.aspx,2026-05-30T10:42:57.211183+00:00
2006-07-01,"Master Circular – “Non-Banking Financial Companies Acceptance of Public Deposits (Reserve Bank) Directions, 1998”",,https://www.rbi.org.in/Scripts/BS_ViewMasCirculardetails.aspx?id=2967,https://www.rbi.org.in/Scripts/BS_ViewMasterCirculardetails.aspx,2026-05-30T10:42:57.211183+00:00
2006-07-01,"Master Circular – “Miscellaneous Non-Banking Companies (Reserve Bank) Directions, 1977”",,https://www.rbi.org.in/Scripts/BS_ViewMasCirculardetails.aspx?id=2966,https://www.rbi.org.in/Scripts/BS_ViewMasterCirculardetails.aspx,2026-05-30T10:42:57.211183+00:00
2006-07-01,"Master Circular- Exemptions from the provisions of RBI Act, 1934",,https://www.rbi.org.in/Scripts/BS_ViewMasCirculardetails.aspx?id=2965,https://www.rbi.org.in/Scripts/BS_ViewMasterCirculardetails.aspx,2026-05-30T10:42:57.211183+00:00
2006-07-01,"Master Circular – “Non-Banking Financial Companies Prudential Norms (Reserve Bank) Directions, 1998”",,https://www.rbi.org.in/Scripts/BS_ViewMasCirculardetails.aspx?id=2964,https://www.rbi.org.in/Scripts/BS_ViewMasterCirculardetails.aspx,2026-05-30T10:42:57.211183+00:00
2006-07-01,"Master Circular – “Non-Banking Financial Companies Auditor’s Report (Reserve Bank) Directions, 1998”",,https://www.rbi.org.in/Scripts/BS_ViewMasCirculardetails.aspx?id=2963,https://www.rbi.org.in/Scripts/BS_ViewMasterCirculardetails.aspx,2026-05-30T10:42:57.211183+00:00
2006-07-01,Master Circular – “Reserve Bank of India (Non-Banking Financial Companies) Returns Specifications 1997”,,https://www.rbi.org.in/Scripts/BS_ViewMasCirculardetails.aspx?id=2962,https://www.rbi.org.in/Scripts/BS_ViewMasterCirculardetails.aspx,2026-05-30T10:42:57.211183+00:00
2006-07-01,Master Circular – Bank Finance to Non-Banking Financial Companies (NBFCs),,https://www.rbi.org.in/Scripts/BS_ViewMasCirculardetails.aspx?id=2961,https://www.rbi.org.in/Scripts/BS_ViewMasterCirculardetails.aspx,2026-05-30T10:42:57.211183+00:00
2006-07-01,Master Circular - Guarantees and Co-acceptances,,https://www.rbi.org.in/Scripts/BS_ViewMasCirculardetails.aspx?id=2960,https://www.rbi.org.in/Scripts/BS_ViewMasterCirculardetails.aspx,2026-05-30T10:42:57.211183+00:00
2006-07-01,Master Circular – Disclosure in Balance Sheets,,https://www.rbi.org.in/Scripts/BS_ViewMasCirculardetails.aspx?id=2959,https://www.rbi.org.in/Scripts/BS_ViewMasterCirculardetails.aspx,2026-05-30T10:42:57.211183+00:00
2006-07-01,"Master Circular – Prudential norms on Income Recognition, Asset Classification and Provisioning pertaining to Advances",,https://www.rbi.org.in/Scripts/BS_ViewMasCirculardetails.aspx?id=2958,https://www.rbi.org.in/Scripts/BS_ViewMasterCirculardetails.aspx,2026-05-30T10:42:57.211183+00:00
2006-07-01,"Master Circular – Prudential norms for classification, valuation and operation of investment portfolio by banks",,https://www.rbi.org.in/Scripts/BS_ViewMasCirculardetails.aspx?id=2957,https://www.rbi.org.in/Scripts/BS_ViewMasterCirculardetails.aspx,2026-05-30T10:42:57.211183+00:00
2006-07-01,Master Circular- Prudential Norms on Capital Adequacy,,https://www.rbi.org.in/Scripts/BS_ViewMasCirculardetails.aspx?id=2956,https://www.rbi.org.in/Scripts/BS_ViewMasterCirculardetails.aspx,2026-05-30T10:42:57.211183+00:00
2006-07-01,Master Circular on External Commercial Borrowings and Trade Credits,,https://www.rbi.org.in/Scripts/BS_ViewMasCirculardetails.aspx?id=2953,https://www.rbi.org.in/Scripts/BS_ViewMasterCirculardetails.aspx,2026-05-30T10:42:57.211183+00:00
2006-07-01,Master Circular on Risk Management and Inter-Bank Dealings,,https://www.rbi.org.in/Scripts/BS_ViewMasCirculardetails.aspx?id=2952,https://www.rbi.org.in/Scripts/BS_ViewMasterCirculardetails.aspx,2026-05-30T10:42:57.211183+00:00
2006-07-01,Master Circular on Miscellaneous Remittances from India – Facilities for Residents,,https://www.rbi.org.in/Scripts/BS_ViewMasCirculardetails.aspx?id=2951,https://www.rbi.org.in/Scripts/BS_ViewMasterCirculardetails.aspx,2026-05-30T10:42:57.211183+00:00
2006-07-01,Master Circular on Remittance facilities for Non-Resident Indians/ Persons of Indian Origin/Foreign Nationals,,https://www.rbi.org.in/Scripts/BS_ViewMasCirculardetails.aspx?id=2950,https://www.rbi.org.in/Scripts/BS_ViewMasterCirculardetails.aspx,2026-05-30T10:42:57.211183+00:00
2006-07-01,Master Circular on Non-Resident Ordinary Rupee (NRO) Account,,https://www.rbi.org.in/Scripts/BS_ViewMasCirculardetails.aspx?id=2949,https://www.rbi.org.in/Scripts/BS_ViewMasterCirculardetails.aspx,2026-05-30T10:42:57.211183+00:00
2006-07-01,Master Circular on Foreign Investments in India,,https://www.rbi.org.in/Scripts/BS_ViewMasCirculardetails.aspx?id=2948,https://www.rbi.org.in/Scripts/BS_ViewMasterCirculardetails.aspx,2026-05-30T10:42:57.211183+00:00
2006-07-01,Master Circular on Direct Investment by Residents in Joint Venture (JV)/Wholly Owned Subsidiary (WOS) abroad,,https://www.rbi.org.in/Scripts/BS_ViewMasCirculardetails.aspx?id=2947,https://www.rbi.org.in/Scripts/BS_ViewMasterCirculardetails.aspx,2026-05-30T10:42:57.211183+00:00
2006-07-01,Master Circular - Use of Hindi in banks,,https://www.rbi.org.in/Scripts/BS_ViewMasCirculardetails.aspx?id=2946,https://www.rbi.org.in/Scripts/BS_ViewMasterCirculardetails.aspx,2026-05-30T10:42:57.211183+00:00
2006-07-01,Master Circular- Loans and Advances – Statutory and Other Restrictions,,https://www.rbi.org.in/Scripts/BS_ViewMasCirculardetails.aspx?id=2945,https://www.rbi.org.in/Scripts/BS_ViewMasterCirculardetails.aspx,2026-05-30T10:42:57.211183+00:00
2006-07-01,Master Circular of instructions relating to deposits held in FCNR(B) Accounts,,https://www.rbi.org.in/Scripts/BS_ViewMasCirculardetails.aspx?id=2944,https://www.rbi.org.in/Scripts/BS_ViewMasterCirculardetails.aspx,2026-05-30T10:42:57.211183+00:00
2006-07-01,"Master Circular on Interest Rates on Rupee Deposits held in Domestic, Ordinary Non-Resident (NRO) and Non-Resident (External) (NRE) Accounts",,https://www.rbi.org.in/Scripts/BS_ViewMasCirculardetails.aspx?id=2943,https://www.rbi.org.in/Scripts/BS_ViewMasterCirculardetails.aspx,2026-05-30T10:42:57.211183+00:00
2006-07-01,Master Circular - Interest Rates on Advances,,https://www.rbi.org.in/Scripts/BS_ViewMasCirculardetails.aspx?id=2942,https://www.rbi.org.in/Scripts/BS_ViewMasterCirculardetails.aspx,2026-05-30T10:42:57.211183+00:00
2006-07-01,Master Circular on Branch Authorisation,,https://www.rbi.org.in/Scripts/BS_ViewMasCirculardetails.aspx?id=2941,https://www.rbi.org.in/Scripts/BS_ViewMasterCirculardetails.aspx,2026-05-30T10:42:57.211183+00:00
2006-07-01,Master Circular on Credit Card Operations of banks,,https://www.rbi.org.in/Scripts/BS_ViewMasCirculardetails.aspx?id=2940,https://www.rbi.org.in/Scripts/BS_ViewMasterCirculardetails.aspx,2026-05-30T10:42:57.211183+00:00
2006-07-01,Master Circular - Para-banking Activities,,https://www.rbi.org.in/Scripts/BS_ViewMasCirculardetails.aspx?id=2939,https://www.rbi.org.in/Scripts/BS_ViewMasterCirculardetails.aspx,2026-05-30T10:42:57.211183+00:00
2006-07-01,Master Circular on Export Credit in Foreign Currency,,https://www.rbi.org.in/Scripts/BS_ViewMasCirculardetails.aspx?id=2936,https://www.rbi.org.in/Scripts/BS_ViewMasterCirculardetails.aspx,2026-05-30T10:42:57.211183+00:00
2006-07-01,Master Circular on Rupee Export Credit,,https://www.rbi.org.in/Scripts/BS_ViewMasCirculardetails.aspx?id=2935,https://www.rbi.org.in/Scripts/BS_ViewMasterCirculardetails.aspx,2026-05-30T10:42:57.211183+00:00
2006-07-01,Master Circular - Exposure Norms for Financial Institutions,,https://www.rbi.org.in/Scripts/BS_ViewMasCirculardetails.aspx?id=2934,https://www.rbi.org.in/Scripts/BS_ViewMasterCirculardetails.aspx,2026-05-30T10:42:57.211183+00:00
2006-07-01,"Master Circular – Prudential norms for classification, valuation and operation of investment portfolio by FIs",,https://www.rbi.org.in/Scripts/BS_ViewMasCirculardetails.aspx?id=2933,https://www.rbi.org.in/Scripts/BS_ViewMasterCirculardetails.aspx,2026-05-30T10:42:57.211183+00:00
2006-07-01,Master Circular - Disclosure Norms for Financial Institutions,,https://www.rbi.org.in/Scripts/BS_ViewMasCirculardetails.aspx?id=2932,https://www.rbi.org.in/Scripts/BS_ViewMasterCirculardetails.aspx,2026-05-30T10:42:57.211183+00:00
2006-07-01,Master Circular- Resource Raising Norms for Financial Institutions,,https://www.rbi.org.in/Scripts/BS_ViewMasCirculardetails.aspx?id=2931,https://www.rbi.org.in/Scripts/BS_ViewMasterCirculardetails.aspx,2026-05-30T10:42:57.211183+00:00
2006-07-01,Master Circular on Prime Minister’s Rozgar Yojana (PMRY),,https://www.rbi.org.in/Scripts/BS_ViewMasCirculardetails.aspx?id=2930,https://www.rbi.org.in/Scripts/BS_ViewMasterCirculardetails.aspx,2026-05-30T10:42:57.211183+00:00
2006-02-23,Master Circular on Rates of Brokerage etc. for Relief/Savings Bonds,,https://www.rbi.org.in/Scripts/BS_ViewMasCirculardetails.aspx?id=2768,https://www.rbi.org.in/Scripts/BS_ViewMasterCirculardetails.aspx,2026-05-30T10:42:58.344301+00:00
2006-01-30,Master Circular – Disclosure in Balance Sheets,,https://www.rbi.org.in/Scripts/BS_ViewMasCirculardetails.aspx?id=2721,https://www.rbi.org.in/Scripts/BS_ViewMasterCirculardetails.aspx,2026-05-30T10:42:58.344301+00:00
2005-12-29,Master Circular on Investments by Primary (Urban) Co-operative Banks,,https://www.rbi.org.in/Scripts/BS_ViewMasCirculardetails.aspx?id=2675,https://www.rbi.org.in/Scripts/BS_ViewMasterCirculardetails.aspx,2026-05-30T10:42:58.344301+00:00
2005-12-16,Frauds – Classification and Reporting,,https://www.rbi.org.in/Scripts/BS_ViewMasCirculardetails.aspx?id=2676,https://www.rbi.org.in/Scripts/BS_ViewMasterCirculardetails.aspx,2026-05-30T10:42:58.344301+00:00
2005-11-08,Master Circular on Inspection & Audit Systems in Primary (Urban) Co-op. Banks,,https://www.rbi.org.in/Scripts/BS_ViewMasCirculardetails.aspx?id=2917,https://www.rbi.org.in/Scripts/BS_ViewMasterCirculardetails.aspx,2026-05-30T10:42:58.344301+00:00
2005-10-01,Master Circular- Export of Goods and Services,,https://www.rbi.org.in/Scripts/BS_ViewMasCirculardetails.aspx?id=2536,https://www.rbi.org.in/Scripts/BS_ViewMasterCirculardetails.aspx,2026-05-30T10:42:58.344301+00:00
2005-09-30,Detection and Impounding of Counterfeit Banknotes- Updated Master Circular (2005),,https://www.rbi.org.in/Scripts/BS_ViewMasCirculardetails.aspx?id=2527,https://www.rbi.org.in/Scripts/BS_ViewMasterCirculardetails.aspx,2026-05-30T10:42:58.344301+00:00
2005-09-30,Master Circular-Levy of Penal Interest for Delayed Reporting / Wrong Reporting / Non- Reporting of Currency Chest Transactions and Cases involving Shortages/Inclusion of Counterfeit Banknotes in Chest Balances,,https://www.rbi.org.in/Scripts/BS_ViewMasCirculardetails.aspx?id=2526,https://www.rbi.org.in/Scripts/BS_ViewMasterCirculardetails.aspx,2026-05-30T10:42:58.344301+00:00
2005-09-09,Master Circular - Frauds – Classification and Reporting,,https://www.rbi.org.in/Scripts/BS_ViewMasCirculardetails.aspx?id=2506,https://www.rbi.org.in/Scripts/BS_ViewMasterCirculardetails.aspx,2026-05-30T10:42:58.344301+00:00
2005-09-08,Master Circular on Branch Authorisation,,https://www.rbi.org.in/Scripts/BS_ViewMasCirculardetails.aspx?id=2504,https://www.rbi.org.in/Scripts/BS_ViewMasterCirculardetails.aspx,2026-05-30T10:42:58.344301+00:00
2005-09-05,Master Circular - Guarantees and Co-acceptances,,https://www.rbi.org.in/Scripts/BS_ViewMasCirculardetails.aspx?id=2500,https://www.rbi.org.in/Scripts/BS_ViewMasterCirculardetails.aspx,2026-05-30T10:42:58.344301+00:00
2005-08-24,Master Circular on Interest Rates on Rupee Deposits,,https://www.rbi.org.in/Scripts/BS_ViewMasCirculardetails.aspx?id=2468,https://www.rbi.org.in/Scripts/BS_ViewMasterCirculardetails.aspx,2026-05-30T10:42:58.344301+00:00
2005-08-18,Master Circular on Customer Service,,https://www.rbi.org.in/Scripts/BS_ViewMasCirculardetails.aspx?id=2453,https://www.rbi.org.in/Scripts/BS_ViewMasterCirculardetails.aspx,2026-05-30T10:42:58.344301+00:00
2005-08-13,"Master Circular – Prudential norms for classification, valuation and operation of investment portfolio by FIs",,https://www.rbi.org.in/Scripts/BS_ViewMasCirculardetails.aspx?id=2447,https://www.rbi.org.in/Scripts/BS_ViewMasterCirculardetails.aspx,2026-05-30T10:42:58.344301+00:00
2005-08-13,Master Circular - Disclosure Norms for Financial Institutions,,https://www.rbi.org.in/Scripts/BS_ViewMasCirculardetails.aspx?id=2446,https://www.rbi.org.in/Scripts/BS_ViewMasterCirculardetails.aspx,2026-05-30T10:42:58.344301+00:00
2005-08-13,Master Circular - Exposure Norms for the Financial Institutions,,https://www.rbi.org.in/Scripts/BS_ViewMasCirculardetails.aspx?id=2445,https://www.rbi.org.in/Scripts/BS_ViewMasterCirculardetails.aspx,2026-05-30T10:42:58.344301+00:00
2005-08-13,Master Circular- Resource Raising Norms for the Financial Institutions,,https://www.rbi.org.in/Scripts/BS_ViewMasCirculardetails.aspx?id=2444,https://www.rbi.org.in/Scripts/BS_ViewMasterCirculardetails.aspx,2026-05-30T10:42:58.344301+00:00
2005-08-11,Master Circular on Maintenance of Deposit Accounts,,https://www.rbi.org.in/Scripts/BS_ViewMasCirculardetails.aspx?id=2452,https://www.rbi.org.in/Scripts/BS_ViewMasterCirculardetails.aspx,2026-05-30T10:42:58.344301+00:00
2005-08-11,Master Circular on Board of Directors,,https://www.rbi.org.in/Scripts/BS_ViewMasCirculardetails.aspx?id=2451,https://www.rbi.org.in/Scripts/BS_ViewMasterCirculardetails.aspx,2026-05-30T10:42:58.344301+00:00
2005-08-11,Master Circular on Priority Sector Lending,,https://www.rbi.org.in/Scripts/BS_ViewMasCirculardetails.aspx?id=2432,https://www.rbi.org.in/Scripts/BS_ViewMasterCirculardetails.aspx,2026-05-30T10:42:58.344301+00:00
2005-08-11,"Master Circular on Scheme for Refinance Facilities to Primary (Urban) Co-operative Banks under Section 17 of the RBI Act, 1934 - Small/Tiny Cottage Industrial Units",,https://www.rbi.org.in/Scripts/BS_ViewMasCirculardetails.aspx?id=2431,https://www.rbi.org.in/Scripts/BS_ViewMasterCirculardetails.aspx,2026-05-30T10:42:58.344301+00:00
2005-08-11,Master Circular on Management of Advances,,https://www.rbi.org.in/Scripts/BS_ViewMasCirculardetails.aspx?id=2430,https://www.rbi.org.in/Scripts/BS_ViewMasterCirculardetails.aspx,2026-05-30T10:42:58.344301+00:00
2005-08-11,"Master Circular on Guarantees, Co-Acceptances & Letters of Credit",,https://www.rbi.org.in/Scripts/BS_ViewMasCirculardetails.aspx?id=2429,https://www.rbi.org.in/Scripts/BS_ViewMasterCirculardetails.aspx,2026-05-30T10:42:58.344301+00:00
2005-08-11,Master Circular on Exposure Norms and Statutory/Other Restrictions,,https://www.rbi.org.in/Scripts/BS_ViewMasCirculardetails.aspx?id=2428,https://www.rbi.org.in/Scripts/BS_ViewMasterCirculardetails.aspx,2026-05-30T10:42:58.344301+00:00
2005-08-11,Master Circular on Finance For Housing Schemes,,https://www.rbi.org.in/Scripts/BS_ViewMasCirculardetails.aspx?id=2427,https://www.rbi.org.in/Scripts/BS_ViewMasterCirculardetails.aspx,2026-05-30T10:42:58.344301+00:00
2005-08-11,"Master Circular – Foreign Contribution ( Regulation ) Act, 1976 - Obligations of banks",,https://www.rbi.org.in/Scripts/BS_ViewMasCirculardetails.aspx?id=2425,https://www.rbi.org.in/Scripts/BS_ViewMasterCirculardetails.aspx,2026-05-30T10:42:58.344301+00:00
2005-08-09,Master Circular - Use of Hindi in banks,,https://www.rbi.org.in/Scripts/BS_ViewMasCirculardetails.aspx?id=2475,https://www.rbi.org.in/Scripts/BS_ViewMasterCirculardetails.aspx,2026-05-30T10:42:58.344301+00:00
2005-08-03,Master Circular – Exposure Norms,,https://www.rbi.org.in/Scripts/BS_ViewMasCirculardetails.aspx?id=2410,https://www.rbi.org.in/Scripts/BS_ViewMasterCirculardetails.aspx,2026-05-30T10:42:58.344301+00:00
2005-07-30,Master Circular on Micro Credit,,https://www.rbi.org.in/Scripts/BS_ViewMasCirculardetails.aspx?id=2401,https://www.rbi.org.in/Scripts/BS_ViewMasterCirculardetails.aspx,2026-05-30T10:42:58.344301+00:00
2005-07-19,Master Circular-Cash Reserve Ratio (CRR) and Statutory Liquidity Ratio SLR),,https://www.rbi.org.in/Scripts/BS_ViewMasCirculardetails.aspx?id=2377,https://www.rbi.org.in/Scripts/BS_ViewMasterCirculardetails.aspx,2026-05-30T10:42:58.344301+00:00
2005-07-18,Master Circular - Lending to Priority Sector,,https://www.rbi.org.in/Scripts/BS_ViewMasCirculardetails.aspx?id=2378,https://www.rbi.org.in/Scripts/BS_ViewMasterCirculardetails.aspx,2026-05-30T10:42:58.344301+00:00
2005-07-15,"Section 23 of Banking Regulation Act, 1949 - Master Circular on Branch Licensing - Regional Rural Banks (RRBs)",,https://www.rbi.org.in/Scripts/BS_ViewMasCirculardetails.aspx?id=2394,https://www.rbi.org.in/Scripts/BS_ViewMasterCirculardetails.aspx,2026-05-30T10:42:58.344301+00:00
2005-07-14,Master Circular – Bank Finance to Non-Banking Financial Companies (NBFCs),,https://www.rbi.org.in/Scripts/BS_ViewMasCirculardetails.aspx?id=2374,https://www.rbi.org.in/Scripts/BS_ViewMasterCirculardetails.aspx,2026-05-30T10:42:58.344301+00:00
2005-07-14,Master Circular Priority Sector Lending- Special Programmes Swarna Jayanti Shahari Rozgar Yojana (SJSRY),,https://www.rbi.org.in/Scripts/BS_ViewMasCirculardetails.aspx?id=2373,https://www.rbi.org.in/Scripts/BS_ViewMasterCirculardetails.aspx,2026-05-30T10:42:58.344301+00:00
2005-07-12,Master Circular on Priority Sector Lending- Special Programmes- Swarnjayanti Gram Swarozgar Yojana (SGSY),,https://www.rbi.org.in/Scripts/BS_ViewMasCirculardetails.aspx?id=2357,https://www.rbi.org.in/Scripts/BS_ViewMasterCirculardetails.aspx,2026-05-30T10:42:58.344301+00:00
2005-07-12,"Master Circular – Prudential norms for classification, valuation and operation of investment portfolio by banks",,https://www.rbi.org.in/Scripts/BS_ViewMasCirculardetails.aspx?id=2356,https://www.rbi.org.in/Scripts/BS_ViewMasterCirculardetails.aspx,2026-05-30T10:42:58.344301+00:00
2005-07-12,Master Circular – Operational Guidelines to Primary Dealers,,https://www.rbi.org.in/Scripts/BS_ViewMasCirculardetails.aspx?id=2355,https://www.rbi.org.in/Scripts/BS_ViewMasterCirculardetails.aspx,2026-05-30T10:42:58.344301+00:00
2005-07-01,Master Circular-Priority Sector Lending - Credit facilities to Minority Communities,,https://www.rbi.org.in/Scripts/BS_ViewMasCirculardetails.aspx?id=2353,https://www.rbi.org.in/Scripts/BS_ViewMasterCirculardetails.aspx,2026-05-30T10:42:58.344301+00:00
2005-07-01,Master Circular - Priority Sector Lending- Special Programmes Scheme for Liberation and Rehabilitation of Scavengers (SLRS),,https://www.rbi.org.in/Scripts/BS_ViewMasCirculardetails.aspx?id=2352,https://www.rbi.org.in/Scripts/BS_ViewMasterCirculardetails.aspx,2026-05-30T10:42:58.344301+00:00
2005-07-01,Master Circular on Prime Minister’s Rozgar Yojana (PMRY),,https://www.rbi.org.in/Scripts/BS_ViewMasCirculardetails.aspx?id=2351,https://www.rbi.org.in/Scripts/BS_ViewMasterCirculardetails.aspx,2026-05-30T10:42:58.344301+00:00
2005-07-01,Master Circular - Lending to Small Scale Industries Sector,,https://www.rbi.org.in/Scripts/BS_ViewMasCirculardetails.aspx?id=2350,https://www.rbi.org.in/Scripts/BS_ViewMasterCirculardetails.aspx,2026-05-30T10:42:58.344301+00:00
2005-07-01,Master Circular – Housing Finance,,https://www.rbi.org.in/Scripts/BS_ViewMasCirculardetails.aspx?id=2349,https://www.rbi.org.in/Scripts/BS_ViewMasterCirculardetails.aspx,2026-05-30T10:42:58.344301+00:00
2005-07-01,Master Circular- Loans and Advances – Statutory and Other Restrictions,,https://www.rbi.org.in/Scripts/BS_ViewMasCirculardetails.aspx?id=2348,https://www.rbi.org.in/Scripts/BS_ViewMasterCirculardetails.aspx,2026-05-30T10:42:58.344301+00:00
2005-07-01,Master Circular of instructions relating to deposits held in FCNR(B) Accounts,,https://www.rbi.org.in/Scripts/BS_ViewMasCirculardetails.aspx?id=2346,https://www.rbi.org.in/Scripts/BS_ViewMasterCirculardetails.aspx,2026-05-30T10:42:58.344301+00:00
2005-07-01,"Master Circular – Prudential norms on Income Recognition, Asset Classification and Provisioning pertaining to Advances",,https://www.rbi.org.in/Scripts/BS_ViewMasCirculardetails.aspx?id=2345,https://www.rbi.org.in/Scripts/BS_ViewMasterCirculardetails.aspx,2026-05-30T10:42:58.344301+00:00
2005-07-01,Master Circular- Risk Management and Inter-Bank Dealings,,https://www.rbi.org.in/Scripts/BS_ViewMasCirculardetails.aspx?id=2344,https://www.rbi.org.in/Scripts/BS_ViewMasterCirculardetails.aspx,2026-05-30T10:42:58.344301+00:00
2005-07-01,Master Circular - Para-banking Activities,,https://www.rbi.org.in/Scripts/BS_ViewMasCirculardetails.aspx?id=2343,https://www.rbi.org.in/Scripts/BS_ViewMasterCirculardetails.aspx,2026-05-30T10:42:58.344301+00:00
2005-07-01,Master Circular on Guidelines for Issue of Certificates of Deposit,,https://www.rbi.org.in/Scripts/BS_ViewMasCirculardetails.aspx?id=2339,https://www.rbi.org.in/Scripts/BS_ViewMasterCirculardetails.aspx,2026-05-30T10:42:58.344301+00:00
2005-07-01,Master Circular on Guidelines for Issue of Commercial Paper,,https://www.rbi.org.in/Scripts/BS_ViewMasCirculardetails.aspx?id=2338,https://www.rbi.org.in/Scripts/BS_ViewMasterCirculardetails.aspx,2026-05-30T10:42:58.344301+00:00
2005-07-01,"Master Circular on Export Credit - Customer Service, Simplification of Procedures for Delivery and Reporting Requirements",,https://www.rbi.org.in/Scripts/BS_ViewMasCirculardetails.aspx?id=2337,https://www.rbi.org.in/Scripts/BS_ViewMasterCirculardetails.aspx,2026-05-30T10:42:58.344301+00:00
2005-07-01,Master Circular on Export Credit in Foreign Currency,,https://www.rbi.org.in/Scripts/BS_ViewMasCirculardetails.aspx?id=2336,https://www.rbi.org.in/Scripts/BS_ViewMasterCirculardetails.aspx,2026-05-30T10:42:58.344301+00:00
2005-07-01,Master Circular on Rupee Export Credit,,https://www.rbi.org.in/Scripts/BS_ViewMasCirculardetails.aspx?id=2335,https://www.rbi.org.in/Scripts/BS_ViewMasterCirculardetails.aspx,2026-05-30T10:42:58.344301+00:00
2005-07-01,Master Circular- External Commercial Borrowings and Trade Credits,,https://www.rbi.org.in/Scripts/BS_ViewMasCirculardetails.aspx?id=2334,https://www.rbi.org.in/Scripts/BS_ViewMasterCirculardetails.aspx,2026-05-30T10:42:58.344301+00:00
2005-07-01,Master Circular - Foreign Investments in India,,https://www.rbi.org.in/Scripts/BS_ViewMasCirculardetails.aspx?id=2331,https://www.rbi.org.in/Scripts/BS_ViewMasterCirculardetails.aspx,2026-05-30T10:42:58.344301+00:00
2005-07-01,Master Circular Priority Sector Lending-Credit facilities to Scheduled Castes (SCs) & Scheduled Tribes (STs),,https://www.rbi.org.in/Scripts/BS_ViewMasCirculardetails.aspx?id=2330,https://www.rbi.org.in/Scripts/BS_ViewMasterCirculardetails.aspx,2026-05-30T10:42:58.344301+00:00
2005-07-01,Master Circular - Guidelines for Relief Measures by Banks in areas affected by Natural Calamities,,https://www.rbi.org.in/Scripts/BS_ViewMasCirculardetails.aspx?id=2329,https://www.rbi.org.in/Scripts/BS_ViewMasterCirculardetails.aspx,2026-05-30T10:42:58.344301+00:00
2005-07-01,Master Circular - Interest Rates on Advances,,https://www.rbi.org.in/Scripts/BS_ViewMasCirculardetails.aspx?id=2328,https://www.rbi.org.in/Scripts/BS_ViewMasterCirculardetails.aspx,2026-05-30T10:42:58.344301+00:00
2005-07-01,Master Circular on Call/Notice Money Market Operations,,https://www.rbi.org.in/Scripts/BS_ViewMasCirculardetails.aspx?id=2325,https://www.rbi.org.in/Scripts/BS_ViewMasterCirculardetails.aspx,2026-05-30T10:42:58.344301+00:00
2005-07-01,Master Circular on Export Credit Refinance Facility,,https://www.rbi.org.in/Scripts/BS_ViewMasCirculardetails.aspx?id=2324,https://www.rbi.org.in/Scripts/BS_ViewMasterCirculardetails.aspx,2026-05-30T10:42:58.344301+00:00
2005-07-01,Master Circular – Non-Resident Ordinary Rupee (NRO) Account,,https://www.rbi.org.in/Scripts/BS_ViewMasCirculardetails.aspx?id=2322,https://www.rbi.org.in/Scripts/BS_ViewMasterCirculardetails.aspx,2026-05-30T10:42:58.344301+00:00
2005-07-01,Master Circular- Remittance facilities for Non-Resident Indians/Persons of Indian Origin/Foreign Nationals,,https://www.rbi.org.in/Scripts/BS_ViewMasCirculardetails.aspx?id=2321,https://www.rbi.org.in/Scripts/BS_ViewMasterCirculardetails.aspx,2026-05-30T10:42:58.344301+00:00
2005-07-01,Master Circular-Miscellaneous Remittances from India – Facilities for Residents,,https://www.rbi.org.in/Scripts/BS_ViewMasCirculardetails.aspx?id=2320,https://www.rbi.org.in/Scripts/BS_ViewMasterCirculardetails.aspx,2026-05-30T10:42:58.344301+00:00
2005-07-01,Master Circular - Direct Investment by Residents in Joint Venture (JV)/ Wholly Owned Subsidiary(WOS) abroad,,https://www.rbi.org.in/Scripts/BS_ViewMasCirculardetails.aspx?id=2319,https://www.rbi.org.in/Scripts/BS_ViewMasterCirculardetails.aspx,2026-05-30T10:42:58.344301+00:00
2005-07-01,"Master Circular on Interest Rates on Rupee Deposits held in Domestic, Ordinary Non-Resident (NRO) and Non-Resident (External) (NRE) Accounts",,https://www.rbi.org.in/Scripts/BS_ViewMasCirculardetails.aspx?id=2318,https://www.rbi.org.in/Scripts/BS_ViewMasterCirculardetails.aspx,2026-05-30T10:42:58.344301+00:00
2004-08-31,Master Circular on Detection and Impounding of Forged Notes (2004),,https://www.rbi.org.in/Scripts/BS_ViewMasCirculardetails.aspx?id=1919,https://www.rbi.org.in/Scripts/BS_ViewMasterCirculardetails.aspx,2026-05-30T10:42:59.421178+00:00
2004-07-01,Master Circular on Risk Management and Inter Bank Dealings,,https://www.rbi.org.in/Scripts/BS_ViewMasCirculardetails.aspx?id=1742,https://www.rbi.org.in/Scripts/BS_ViewMasterCirculardetails.aspx,2026-05-30T10:42:59.421178+00:00
2003-07-01,Risk Management and Inter-Bank Dealings,,https://www.rbi.org.in/Scripts/BS_ViewMasCirculardetails.aspx?id=1242,https://www.rbi.org.in/Scripts/BS_ViewMasterCirculardetails.aspx,2026-05-30T10:43:00.452145+00:00
2004-06-05,Master Circular on Debiting Clearing Settlement Accounts of member banks towards transactions not related with clearing or on unilateral basis,,https://www.rbi.org.in/Scripts/BS_ViewMasCirculardetails.aspx?id=1654,https://www.rbi.org.in/Scripts/BS_ViewMasterCirculardetails.aspx,2026-05-30T10:43:00.452145+00:00
2004-05-21,Master Circular on Branch Licensing - Regional Rural Banks (RRBs),,https://www.rbi.org.in/Scripts/BS_ViewMasCirculardetails.aspx?id=1636,https://www.rbi.org.in/Scripts/BS_ViewMasterCirculardetails.aspx,2026-05-30T10:43:00.452145+00:00
2004-04-21,Master Circular on Rates of Brokerage etc. for Relief / Savings Bonds,,https://www.rbi.org.in/Scripts/BS_ViewMasCirculardetails.aspx?id=1616,https://www.rbi.org.in/Scripts/BS_ViewMasterCirculardetails.aspx,2026-05-30T10:43:00.452145+00:00
2004-04-21,Master Circular on Appointment & delisting of Brokers for Relief / Savings Bonds,,https://www.rbi.org.in/Scripts/BS_ViewMasCirculardetails.aspx?id=1615,https://www.rbi.org.in/Scripts/BS_ViewMasterCirculardetails.aspx,2026-05-30T10:43:00.452145+00:00
2004-04-21,Master Circular on Nomination facilities for Relief / Savings Bond Holders,,https://www.rbi.org.in/Scripts/BS_ViewMasCirculardetails.aspx?id=1594,https://www.rbi.org.in/Scripts/BS_ViewMasterCirculardetails.aspx,2026-05-30T10:43:00.452145+00:00
2004-04-16,Master Circular ON Collection of Direct Taxes and Banker to Central Government Departments/Ministries,,https://www.rbi.org.in/Scripts/BS_ViewMasCirculardetails.aspx?id=1605,https://www.rbi.org.in/Scripts/BS_ViewMasterCirculardetails.aspx,2026-05-30T10:43:00.452145+00:00
2004-04-16,Master Circular on Payment of Dearness Allowance / Relief to Government Pensioners,,https://www.rbi.org.in/Scripts/BS_ViewMasCirculardetails.aspx?id=1603,https://www.rbi.org.in/Scripts/BS_ViewMasterCirculardetails.aspx,2026-05-30T10:43:00.452145+00:00
2004-04-16,Master Circular on Reserve Bank's Role as Banker to State Government,,https://www.rbi.org.in/Scripts/BS_ViewMasCirculardetails.aspx?id=1601,https://www.rbi.org.in/Scripts/BS_ViewMasterCirculardetails.aspx,2026-05-30T10:43:00.452145+00:00
2004-03-10,Master Circular on Credit Exposure and Statutory/ other Restrictions on Loans & Advances,,https://www.rbi.org.in/Scripts/BS_ViewMasCirculardetails.aspx?id=1536,https://www.rbi.org.in/Scripts/BS_ViewMasterCirculardetails.aspx,2026-05-30T10:43:00.452145+00:00
2004-03-05,Master Circular on Prime Minister’s Rozgar Yojana,,https://www.rbi.org.in/Scripts/BS_ViewMasCirculardetails.aspx?id=1526,https://www.rbi.org.in/Scripts/BS_ViewMasterCirculardetails.aspx,2026-05-30T10:43:00.452145+00:00
2004-03-03,Master Circular on Priority Sector Lending,,https://www.rbi.org.in/Scripts/BS_ViewMasCirculardetails.aspx?id=1532,https://www.rbi.org.in/Scripts/BS_ViewMasterCirculardetails.aspx,2026-05-30T10:43:00.452145+00:00
2004-03-01,Master Circular on Maintenance of Deposit Accounts,,https://www.rbi.org.in/Scripts/BS_ViewMasCirculardetails.aspx?id=1531,https://www.rbi.org.in/Scripts/BS_ViewMasterCirculardetails.aspx,2026-05-30T10:43:00.452145+00:00
